date_time,latitude,longitude,depth,magnitude,location,province
2025-09-30 23:59:00,11.08,124.06,7,3.8,010km N 67° E of City Of Bogo (Cebu),Cebu
2025-09-30 23:51:00,10.77,123.7,11,2.6,015km N 70° W of Tuburan (Cebu),Cebu
2025-09-30 23:49:00,11.18,123.99,30,2.0,015km N 03° E of City Of Bogo (Cebu),Cebu
2025-09-30 23:47:00,11.15,124.16,6,2.6,023km N 60° E of City Of Bogo (Cebu),Cebu
2025-09-30 23:42:00,11.12,124.03,31,2.2,010km N 31° E of City Of Bogo (Cebu),Cebu
2025-09-30 23:41:00,11.12,124.03,31,2.2,010km N 31° E of City Of Bogo (Cebu),Cebu
2025-09-30 23:35:00,11.24,123.92,26,3.4,023km N 17° W of City Of Bogo (Cebu),Cebu
2025-09-30 23:33:00,11.04,123.93,8,3.0,005km S 86° W of City Of Bogo (Cebu),Cebu
2025-09-30 23:32:00,11.06,124.06,7,2.2,009km N 77° E of City Of Bogo (Cebu),Cebu
2025-09-30 23:29:00,10.97,123.91,2,2.2,011km S 44° W of City Of Bogo (Cebu),Cebu
2025-09-30 23:25:00,11.13,124.03,7,2.6,011km N 30° E of City Of Bogo (Cebu),Cebu
2025-09-30 23:24:00,11.02,123.96,2,2.8,006km S 10° W of City Of Bogo (Cebu),Cebu
2025-09-30 23:12:00,11.05,123.95,80,3.4,004km N 81° W of City Of Bogo (Cebu),Cebu
2025-09-30 23:06:00,16.92,120.61,24,2.5,009km N 67° E of Alilem (Ilocos Sur),Ilocos Sur
2025-09-30 22:58:00,11.02,123.9,8,2.9,009km S 69° W of City Of Bogo (Cebu),Cebu
2025-09-30 22:52:00,11.0,124.09,5,3.2,013km S 66° E of City Of Bogo (Cebu),Cebu
2025-09-30 22:47:00,11.1,123.87,85,2.4,013km N 62° W of City Of Bogo (Cebu),Cebu
2025-09-30 22:39:00,10.98,124.0,3,3.8,005km N 32° W of Tabogon (Cebu),Cebu
2025-09-30 22:32:00,11.03,124.02,5,3.9,005km S 63° E of City Of Bogo (Cebu),Cebu
2025-09-30 22:28:00,10.81,124.14,28,2.8,013km S 74° E of Borbon (Cebu),Cebu
2025-09-30 22:24:00,11.03,124.02,4,4.0,004km S 68° E of City Of Bogo (Cebu),Cebu
2025-09-30 21:59:00,11.1,124.14,5,6.9,019km N 70° E of City Of Bogo (Cebu),Cebu
2025-09-30 21:42:00,9.11,123.17,2,3.1,004km N 65° W of Zamboanguita (Negros Oriental),Negros Oriental
2025-09-30 20:44:00,16.51,122.23,22,1.5,004km S 67° W of Dinapigue (Isabela),Isabela
2025-09-30 20:24:00,8.05,125.94,26,2.1,003km S 38° W of Veruela (Agusan Del Sur),Agusan Del Sur
2025-09-30 19:03:00,12.76,121.23,2,2.0,027km S 64° W of Bansud (Oriental Mindoro),Oriental Mindoro
2025-09-30 18:27:00,15.48,121.74,21,2.0,036km S 32° E of Baler (Aurora),Aurora
2025-09-30 18:11:00,4.65,127.9,45,3.4,285km S 71° E of Sarangani Island (Municipality Of Sarangani) (Davao Occidental),Davao Occidental
2025-09-30 17:32:00,8.1,126.27,147,1.8,014km S 20° W of City Of Bislig (Surigao Del Sur),Surigao Del Sur
2025-09-30 15:25:00,13.54,120.84,2,2.0,013km N 73° W of Puerto Galera (Oriental Mindoro),Oriental Mindoro
2025-09-30 13:03:00,9.88,126.58,17,2.6,048km N 77° E of General Luna (Surigao Del Norte),Surigao Del Norte
2025-09-30 12:47:00,15.4,121.94,4,3.1,053km N 15° E of Panukulan (Quezon),Quezon
2025-09-30 12:27:00,13.54,120.85,2,2.9,013km S 09° W of Tingloy (Batangas),Batangas
2025-09-30 12:21:00,13.83,119.86,22,2.1,028km S 85° W of Lubang (Occidental Mindoro),Occidental Mindoro
2025-09-30 06:56:00,12.73,125.18,6,2.3,022km N 17° E of Palapag (Northern Samar),Northern Samar
2025-09-30 06:53:00,15.11,119.76,28,1.7,032km S 80° W of Cabangan (Zambales),Zambales
2025-09-30 06:40:00,18.48,120.94,26,2.0,005km N 59° E of Adams (Ilocos Norte),Ilocos Norte
2025-09-30 06:31:00,11.52,124.39,6,2.4,005km S 13° W of Naval (Biliran),Biliran
2025-09-30 05:37:00,13.79,120.62,84,1.8,005km S 12° W of Calatagan (Batangas),Batangas
2025-09-30 04:53:00,13.18,124.96,9,3.0,072km N 14° W of Palapag (Northern Samar),Northern Samar
2025-09-30 03:58:00,12.82,125.33,13,2.7,038km N 37° E of Palapag (Northern Samar),Northern Samar
2025-09-30 03:54:00,12.95,124.47,32,1.7,032km S 71° E of Prieto Diaz (Sorsogon),Sorsogon
2025-09-30 03:51:00,14.78,123.99,35,1.7,083km N 14° W of Pandan (Catanduanes),Catanduanes
2025-09-30 03:49:00,12.88,125.4,3,3.3,048km N 40° E of Palapag (Northern Samar),Northern Samar
2025-09-30 03:47:00,13.34,120.58,14,1.7,013km N 07° W of Mamburao (Occidental Mindoro),Occidental Mindoro
2025-09-30 03:46:00,7.15,124.02,3,2.4,009km N 02° W of Datu Blah T. Sinsuat (Maguindanao Del Norte),Maguindanao Del Norte
2025-09-30 03:02:00,12.91,124.04,2,2.4,006km N 41° E of Casiguran (Sorsogon),Sorsogon
2025-09-30 03:01:00,6.49,127.03,22,3.0,089km S 46° E of Tarragona (Davao Oriental),Davao Oriental
2025-09-30 02:36:00,6.62,126.7,17,2.4,055km S 30° E of Tarragona (Davao Oriental),Davao Oriental
2025-09-30 02:20:00,7.71,122.17,9,1.5,003km N 75° E of Siocon (Zamboanga Del Norte),Zamboanga Del Norte
2025-09-30 02:17:00,7.09,124.06,13,1.7,005km N 65° E of Datu Blah T. Sinsuat (Maguindanao Del Norte),Maguindanao Del Norte
2025-09-30 02:15:00,13.64,120.52,178,1.7,024km S 31° W of Calatagan (Batangas),Batangas
2025-09-30 01:51:00,15.15,122.72,2,2.0,065km N 39° E of Jomalig (Quezon),Quezon
2025-09-30 01:41:00,13.64,120.57,101,3.2,022km S 17° W of Calatagan (Batangas),Batangas
2025-09-30 01:32:00,13.39,120.63,19,1.7,012km S 60° W of Abra De Ilog (Occidental Mindoro),Occidental Mindoro
2025-09-30 01:14:00,18.57,121.07,19,1.9,005km S 11° W of Claveria (Cagayan),Cagayan
2025-09-30 00:57:00,14.05,120.41,121,3.3,024km S 83° W of Nasugbu (Batangas),Batangas
2025-09-30 00:52:00,9.34,125.61,9,1.7,010km N 38° E of Santiago (Agusan Del Norte),Agusan Del Norte
2025-09-30 00:48:00,14.0,120.33,124,3.8,034km S 75° W of Nasugbu (Batangas),Batangas
2025-09-30 00:38:00,14.4,123.57,29,2.0,054km N 39° E of Siruma (Camarines Sur),Camarines Sur
2025-09-30 00:22:00,11.68,125.84,3,2.3,042km N 61° E of Maydolong (Eastern Samar),Eastern Samar
2025-09-30 00:18:00,18.66,120.71,15,3.8,014km N 37° W of Pagudpud (Ilocos Norte),Ilocos Norte
2025-09-30 00:14:00,5.72,125.89,146,3.0,034km S 52° E of Jose Abad Santos (Davao Occidental),Davao Occidental
2025-09-29 22:48:00,12.07,124.52,28,1.6,009km N 86° W of City Of Calbayog (Samar),Samar
2025-09-29 22:28:00,7.68,122.97,8,1.6,002km S 63° W of Diplahan (Zamboanga Sibugay),Zamboanga Sibugay
2025-09-29 22:09:00,12.53,123.55,3,1.9,008km N 40° E of Baleno (Masbate),Masbate
2025-09-29 21:06:00,7.47,122.09,5,1.8,014km S 26° W of Sirawai (Zamboanga Del Norte),Zamboanga Del Norte
2025-09-29 21:02:00,12.82,125.26,17,2.0,035km N 28° E of Palapag (Northern Samar),Northern Samar
2025-09-29 20:46:00,9.62,126.01,26,1.7,005km N 89° E of Socorro (Surigao Del Norte),Surigao Del Norte
2025-09-29 20:45:00,13.67,120.55,102,3.2,020km S 26° W of Calatagan (Batangas),Batangas
2025-09-29 20:23:00,7.14,123.99,9,2.8,009km N 24° W of Datu Blah T. Sinsuat (Maguindanao Del Norte),Maguindanao Del Norte
2025-09-29 20:21:00,10.51,125.05,5,2.7,014km S 42° E of Mahaplag (Leyte),Leyte
2025-09-29 20:11:00,7.92,122.09,6,3.0,014km N 28° W of Baliguian (Zamboanga Del Norte),Zamboanga Del Norte
2025-09-29 19:21:00,10.47,126.09,20,2.0,050km S 54° E of Homonhon Island (Guiuan) (Eastern Samar),Eastern Samar
2025-09-29 18:57:00,12.5,123.57,3,1.8,009km N 68° E of Baleno (Masbate),Masbate
2025-09-29 17:57:00,12.59,125.18,10,3.7,008km N 53° E of Palapag (Northern Samar),Northern Samar
2025-09-29 17:30:00,13.7,120.61,79,1.5,015km S 08° W of Calatagan (Batangas),Batangas
2025-09-29 16:40:00,12.78,125.26,7,2.1,030km N 31° E of Palapag (Northern Samar),Northern Samar
2025-09-29 16:39:00,13.0,125.4,20,1.3,059km N 32° E of Palapag (Northern Samar),Northern Samar
2025-09-29 16:30:00,13.72,120.6,82,1.4,014km S 17° W of Calatagan (Batangas),Batangas
2025-09-29 15:53:00,9.99,126.17,33,2.2,011km S 71° E of Burgos (Surigao Del Norte),Surigao Del Norte
2025-09-29 15:48:00,6.17,125.32,122,3.3,008km N 20° E of Alabel (Sarangani),Sarangani
2025-09-29 14:40:00,12.89,125.34,16,2.4,046km N 33° E of Palapag (Northern Samar),Northern Samar
2025-09-29 14:30:00,14.09,124.13,3,2.4,006km N 42° W of Pandan (Catanduanes),Catanduanes
2025-09-29 14:24:00,12.69,125.15,7,2.6,017km N 13° E of Palapag (Northern Samar),Northern Samar
2025-09-29 14:18:00,12.55,125.13,5,2.5,001km N 63° E of Palapag (Northern Samar),Northern Samar
2025-09-29 14:16:00,12.81,125.23,13,2.5,032km N 23° E of Palapag (Northern Samar),Northern Samar
2025-09-29 14:13:00,12.87,125.32,14,2.8,043km N 32° E of Palapag (Northern Samar),Northern Samar
2025-09-29 14:10:00,12.91,125.36,14,3.5,048km N 33° E of Palapag (Northern Samar),Northern Samar
2025-09-29 13:02:00,12.51,123.65,10,2.5,015km S 07° W of Monreal (Masbate),Masbate
2025-09-29 12:30:00,12.66,125.15,9,2.6,013km N 16° E of Palapag (Northern Samar),Northern Samar
2025-09-29 12:20:00,7.79,124.62,4,2.4,007km N 86° W of Amai Manabilang (Lanao Del Sur),Lanao Del Sur
2025-09-29 11:00:00,5.8,125.79,116,4.4,020km S 52° E of Jose Abad Santos (Davao Occidental),Davao Occidental
2025-09-29 10:21:00,12.91,125.37,9,3.6,049km N 35° E of Palapag (Northern Samar),Northern Samar
2025-09-29 09:06:00,6.72,125.11,11,2.3,006km S 54° W of Magsaysay (Davao Del Sur),Davao Del Sur
2025-09-29 09:00:00,9.05,126.51,21,1.8,027km N 70° E of Bayabas (Surigao Del Sur),Surigao Del Sur
2025-09-29 08:32:00,9.6,122.15,23,2.5,034km N 90° W of Hinoba-an (Negros Occidental),Negros Occidental
2025-09-29 07:43:00,10.44,123.13,2,2.1,012km N 60° W of City Of Canlaon (Negros Oriental),Negros Oriental
2025-09-29 06:45:00,6.44,126.77,33,2.1,076km S 28° E of Tarragona (Davao Oriental),Davao Oriental
2025-09-29 05:11:00,6.24,125.88,138,1.8,020km N 74° E of Don Marcelino (Davao Occidental),Davao Occidental
2025-09-29 04:32:00,8.66,126.14,34,2.0,006km N 61° E of Lianga (Surigao Del Sur),Surigao Del Sur
2025-09-29 04:30:00,8.82,123.28,23,1.5,024km N 36° W of City Of Dapitan (Zamboanga Del Norte),Zamboanga Del Norte
2025-09-29 04:26:00,17.52,122.96,33,2.5,073km N 73° E of Divilacan (Isabela),Isabela
2025-09-29 04:17:00,11.72,125.7,27,4.0,027km S 81° E of San Julian (Eastern Samar),Eastern Samar
2025-09-29 03:23:00,12.85,125.26,13,2.2,038km N 25° E of Palapag (Northern Samar),Northern Samar
2025-09-29 03:19:00,16.71,120.03,22,2.1,033km N 72° W of City Of San Fernando (La Union),La Union
2025-09-29 03:17:00,15.07,123.05,2,2.4,067km N 10° E of Tinaga Island (Vinzons) (Camarines Norte),Camarines Norte
2025-09-29 03:13:00,12.82,125.29,17,4.5,038km N 06° E of Mapanas (Northern Samar),Northern Samar
2025-09-29 02:46:00,8.26,126.59,30,2.0,030km N 80° E of City Of Bislig (Surigao Del Sur),Surigao Del Sur
2025-09-29 02:15:00,7.75,124.53,8,1.5,018km S 76° W of Amai Manabilang (Lanao Del Sur),Lanao Del Sur
2025-09-29 02:12:00,12.8,125.3,12,2.4,034km N 35° E of Palapag (Northern Samar),Northern Samar
2025-09-29 02:06:00,8.9,122.56,20,2.0,055km S 71° W of Siaton (Negros Oriental),Negros Oriental
2025-09-29 01:54:00,6.65,126.57,17,2.2,046km S 17° E of Tarragona (Davao Oriental),Davao Oriental
2025-09-29 01:45:00,7.73,126.61,37,2.2,018km N 17° E of Baganga (Davao Oriental),Davao Oriental
2025-09-29 01:18:00,8.54,121.49,32,2.4,108km N 42° W of Baliguian (Zamboanga Del Norte),Zamboanga Del Norte
2025-09-29 01:04:00,13.81,120.61,143,2.2,003km S 46° W of Calatagan (Batangas),Batangas
2025-09-29 00:55:00,10.74,125.58,69,2.6,016km N 89° W of Homonhon Island (Guiuan) (Eastern Samar),Eastern Samar
2025-09-29 00:32:00,9.32,125.92,14,2.4,006km S 35° W of Carrascal (Surigao Del Sur),Surigao Del Sur
2025-09-28 23:52:00,12.81,123.56,7,1.7,012km S 21° W of Donsol (Sorsogon),Sorsogon
2025-09-28 23:38:00,6.63,125.16,10,1.9,011km S 34° W of Matanao (Davao Del Sur),Davao Del Sur
2025-09-28 22:51:00,6.87,123.77,21,2.3,035km S 51° W of Datu Blah T. Sinsuat (Maguindanao Del Norte),Maguindanao Del Norte
2025-09-28 22:28:00,5.63,126.4,102,3.8,089km S 70° E of Jose Abad Santos (Davao Occidental),Davao Occidental
2025-09-28 22:17:00,14.16,119.8,11,2.0,048km N 46° W of Lubang (Occidental Mindoro),Occidental Mindoro
2025-09-28 22:15:00,12.77,123.52,35,1.2,017km S 29° W of Donsol (Sorsogon),Sorsogon
2025-09-28 22:13:00,10.91,124.94,35,1.5,003km N 35° W of La Paz (Leyte),Leyte
2025-09-28 22:07:00,10.74,124.97,6,2.4,004km S 83° W of Abuyog (Leyte),Leyte
2025-09-28 21:13:00,8.94,127.49,33,2.5,130km N 89° E of Cagwait (Surigao Del Sur),Surigao Del Sur
2025-09-28 19:31:00,7.64,124.57,2,1.9,016km S 89° W of Wao (Lanao Del Sur),Lanao Del Sur
2025-09-28 19:13:00,7.08,123.97,2,2.8,005km N 76° W of Datu Blah T. Sinsuat (Maguindanao Del Norte),Maguindanao Del Norte
2025-09-28 17:22:00,7.74,122.1,9,1.8,006km N 46° W of Siocon (Zamboanga Del Norte),Zamboanga Del Norte
2025-09-28 16:45:00,7.91,122.67,32,2.0,007km S 01° E of Tampilisan (Zamboanga Del Norte),Zamboanga Del Norte
2025-09-28 15:36:00,11.29,125.54,32,1.6,005km N 07° E of General Macarthur (Eastern Samar),Eastern Samar
2025-09-28 15:21:00,12.52,123.61,2,1.7,013km N 65° E of Baleno (Masbate),Masbate
2025-09-28 15:14:00,12.54,123.6,3,2.6,013km N 57° E of Baleno (Masbate),Masbate
2025-09-28 15:06:00,8.75,126.44,30,2.0,017km S 71° E of Marihatag (Surigao Del Sur),Surigao Del Sur
2025-09-28 14:57:00,12.54,123.55,7,2.4,010km N 37° E of Baleno (Masbate),Masbate
2025-09-28 14:20:00,10.01,126.14,33,1.4,007km S 82° E of Burgos (Surigao Del Norte),Surigao Del Norte
2025-09-28 14:06:00,9.78,126.12,33,1.5,004km S 79° W of General Luna (Surigao Del Norte),Surigao Del Norte
2025-09-28 13:15:00,14.15,120.48,105,1.8,018km N 64° W of Nasugbu (Batangas),Batangas
2025-09-28 12:22:00,9.31,126.76,8,3.4,063km N 86° E of Cortes (Surigao Del Sur),Surigao Del Sur
2025-09-28 11:40:00,9.9,124.55,13,1.7,005km N 38° E of Mabini (Bohol),Bohol
2025-09-28 10:22:00,12.81,125.28,12,2.8,035km N 32° E of Palapag (Northern Samar),Northern Samar
2025-09-28 09:07:00,12.29,120.76,8,2.5,029km S 49° W of Rizal (Occidental Mindoro),Occidental Mindoro
2025-09-28 09:06:00,12.54,123.54,8,1.9,009km N 32° E of Baleno (Masbate),Masbate
2025-09-28 08:29:00,12.52,123.58,4,2.5,010km N 58° E of Baleno (Masbate),Masbate
2025-09-28 08:18:00,9.3,123.21,5,3.0,004km N 65° W of Valencia (Negros Oriental),Negros Oriental
2025-09-28 07:37:00,8.05,122.97,4,2.5,012km S 21° E of Leon B. Postigo (Zamboanga Del Norte),Zamboanga Del Norte
2025-09-28 06:51:00,8.47,126.75,16,2.8,047km N 75° E of Hinatuan (Surigao Del Sur),Surigao Del Sur
2025-09-28 05:50:00,9.8,122.46,13,2.0,005km N 40° E of City Of Sipalay (Negros Occidental),Negros Occidental
2025-09-28 04:33:00,5.11,127.61,7,3.5,235km S 68° E of Jose Abad Santos (Davao Occidental),Davao Occidental
2025-09-28 04:02:00,8.78,126.54,24,2.3,027km S 85° E of Marihatag (Surigao Del Sur),Surigao Del Sur
2025-09-28 04:00:00,9.76,122.23,22,2.3,022km S 87° W of City Of Sipalay (Negros Occidental),Negros Occidental
2025-09-28 03:19:00,12.5,123.57,8,1.9,009km N 66° E of Baleno (Masbate),Masbate
2025-09-28 03:08:00,9.39,126.52,14,1.8,038km N 71° E of Cortes (Surigao Del Sur),Surigao Del Sur
2025-09-28 03:05:00,8.96,126.5,22,1.4,023km N 79° E of Cagwait (Surigao Del Sur),Surigao Del Sur
2025-09-28 01:14:00,8.38,124.44,24,1.6,017km S 80° E of Manticao (Misamis Oriental),Misamis Oriental
2025-09-28 01:13:00,18.52,120.82,24,1.4,002km S 86° E of Dumalneg (Ilocos Norte),Ilocos Norte
2025-09-28 00:59:00,10.05,126.13,12,2.3,007km N 58° E of Burgos (Surigao Del Norte),Surigao Del Norte
2025-09-28 00:53:00,9.8,123.91,10,2.4,003km N 35° E of Antequera (Bohol),Bohol
2025-09-28 00:45:00,10.39,125.12,17,1.7,009km S 89° W of Hinunangan (Southern Leyte),Southern Leyte
2025-09-28 00:38:00,7.89,122.91,26,1.9,014km S 30° E of Godod (Zamboanga Del Norte),Zamboanga Del Norte
2025-09-28 00:30:00,8.98,126.46,22,2.2,019km N 69° E of Cagwait (Surigao Del Sur),Surigao Del Sur
2025-09-28 00:15:00,9.38,126.26,17,2.5,013km N 34° E of Cortes (Surigao Del Sur),Surigao Del Sur
2025-09-27 23:30:00,10.45,123.14,1,3.0,024km N 83° E of City Of La Carlota (Negros Occidental),Negros Occidental
2025-09-27 23:27:00,6.57,126.43,15,2.6,041km S 76° E of Governor Generoso (Davao Oriental),Davao Oriental
2025-09-27 23:21:00,10.06,126.15,22,1.6,010km N 61° E of Burgos (Surigao Del Norte),Surigao Del Norte
2025-09-27 23:20:00,9.74,122.2,25,2.0,025km S 81° W of City Of Sipalay (Negros Occidental),Negros Occidental
2025-09-27 23:11:00,10.02,126.33,33,1.9,028km East of Burgos (Surigao Del Norte),Surigao Del Norte
2025-09-27 23:05:00,10.02,126.13,11,3.9,006km N 89° E of Burgos (Surigao Del Norte),Surigao Del Norte
2025-09-27 23:03:00,9.78,122.56,22,2.9,010km S 57° W of Candoni (Negros Occidental),Negros Occidental
2025-09-27 23:03:00,10.01,126.11,9,3.0,004km S 75° E of Burgos (Surigao Del Norte),Surigao Del Norte
2025-09-27 22:59:00,10.08,126.16,9,4.0,010km N 58° E of Burgos (Surigao Del Norte),Surigao Del Norte
2025-09-27 22:58:00,8.05,124.86,33,1.4,018km N 71° W of Lantapan (Bukidnon),Bukidnon
2025-09-27 21:52:00,7.68,126.48,74,2.4,013km S 13° E of Cateel (Davao Oriental),Davao Oriental
2025-09-27 21:47:00,8.77,122.68,15,2.7,050km S 50° W of Siaton (Negros Oriental),Negros Oriental
2025-09-27 21:35:00,5.68,126.45,57,3.1,093km S 74° E of Jose Abad Santos (Davao Occidental),Davao Occidental
2025-09-27 21:06:00,8.09,124.53,10,1.6,017km S 26° W of Talakag (Bukidnon),Bukidnon
2025-09-27 20:59:00,11.8,125.31,21,2.6,016km N 70° W of San Julian (Eastern Samar),Eastern Samar
2025-09-27 19:26:00,12.7,125.25,15,2.7,026km N 42° E of Palapag (Northern Samar),Northern Samar
2025-09-27 19:09:00,12.09,121.6,17,2.2,019km N 16° E of Caluya (Antique),Antique
2025-09-27 18:00:00,7.81,124.4,34,1.6,005km S 73° E of Ganassi (Lanao Del Sur),Lanao Del Sur
2025-09-27 17:25:00,18.76,121.0,2,2.1,019km N 28° W of Claveria (Cagayan),Cagayan
2025-09-27 17:24:00,7.09,126.8,25,2.5,032km S 66° E of Manay (Davao Oriental),Davao Oriental
2025-09-27 17:00:00,9.98,126.1,14,2.2,005km N 18° E of San Isidro (Surigao Del Norte),Surigao Del Norte
2025-09-27 15:16:00,8.22,124.55,12,2.2,006km S 77° W of Talakag (Bukidnon),Bukidnon
2025-09-27 13:39:00,12.52,123.56,6,2.3,008km N 51° E of Baleno (Masbate),Masbate
2025-09-27 13:10:00,7.98,126.58,41,1.7,019km S 71° E of Lingig (Surigao Del Sur),Surigao Del Sur
2025-09-27 13:03:00,14.16,119.38,8,2.4,087km N 68° W of Lubang (Occidental Mindoro),Occidental Mindoro
2025-09-27 12:32:00,13.06,124.33,32,2.0,015km N 80° E of Prieto Diaz (Sorsogon),Sorsogon
2025-09-27 12:03:00,13.73,120.57,99,1.8,014km S 31° W of Calatagan (Batangas),Batangas
2025-09-27 10:30:00,16.21,120.42,17,1.6,007km S 75° W of Rosario (La Union),La Union
2025-09-27 10:22:00,8.36,123.25,24,2.3,017km S 14° W of Katipunan (Zamboanga Del Norte),Zamboanga Del Norte
2025-09-27 09:16:00,8.41,123.3,15,2.2,011km S 11° E of Katipunan (Zamboanga Del Norte),Zamboanga Del Norte
2025-09-27 07:17:00,8.92,122.58,26,2.1,052km S 72° W of Siaton (Negros Oriental),Negros Oriental
2025-09-27 05:56:00,6.73,123.43,633,3.8,071km N 82° W of Lebak (Sultan Kudarat),Sultan Kudarat
2025-09-27 05:02:00,13.54,120.89,2,2.8,009km N 58° W of Puerto Galera (Oriental Mindoro),Oriental Mindoro
2025-09-27 03:36:00,6.37,125.74,24,1.7,015km S 74° E of Malita (Davao Occidental),Davao Occidental
2025-09-27 03:22:00,10.3,123.13,11,1.7,013km S 79° E of La Castellana (Negros Occidental),Negros Occidental
2025-09-27 03:20:00,8.97,126.04,21,2.0,003km N 11° E of San Miguel (Surigao Del Sur),Surigao Del Sur
2025-09-27 03:12:00,10.36,123.05,21,2.2,005km N 43° E of La Castellana (Negros Occidental),Negros Occidental
2025-09-27 03:11:00,12.54,124.79,10,2.4,005km N 58° E of Mondragon (Northern Samar),Northern Samar
2025-09-27 03:08:00,14.61,123.31,33,2.4,041km N 70° E of Tinaga Island (Vinzons) (Camarines Norte),Camarines Norte
2025-09-27 03:05:00,8.47,123.41,32,1.4,005km S 80° W of PiÑan (Zamboanga Del Norte),Zamboanga Del Norte
2025-09-27 03:03:00,8.93,126.65,19,2.1,038km N 89° E of Cagwait (Surigao Del Sur),Surigao Del Sur
2025-09-27 02:09:00,10.81,125.58,6,2.2,017km N 64° W of Homonhon Island (Guiuan) (Eastern Samar),Eastern Samar
2025-09-27 02:04:00,17.61,120.64,2,1.8,001km S 30° W of Tayum (Abra),Abra
2025-09-27 01:58:00,5.97,124.95,28,1.7,013km N 23° W of Maasim (Sarangani),Sarangani
2025-09-27 01:49:00,7.64,124.69,28,1.7,004km N 85° W of Wao (Lanao Del Sur),Lanao Del Sur
2025-09-27 01:36:00,7.68,124.56,5,3.1,019km N 75° W of Wao (Lanao Del Sur),Lanao Del Sur
2025-09-27 01:35:00,5.04,126.05,9,2.4,080km S 53° E of Sarangani Island (Municipality Of Sarangani) (Davao Occidental),Davao Occidental
2025-09-27 01:29:00,14.14,122.94,32,1.7,002km N 81° E of Talisay (Camarines Norte),Camarines Norte
2025-09-27 01:18:00,12.89,124.47,28,1.6,026km N 26° E of Biri (Northern Samar),Northern Samar
2025-09-27 01:07:00,12.86,124.49,34,1.6,024km N 35° E of Biri (Northern Samar),Northern Samar
2025-09-27 00:51:00,12.84,125.19,6,3.6,034km N 15° E of Palapag (Northern Samar),Northern Samar
2025-09-27 00:43:00,8.65,125.58,22,2.3,008km S 64° W of Esperanza (Agusan Del Sur),Agusan Del Sur
2025-09-27 00:25:00,12.58,125.57,15,2.3,036km N 53° E of Gamay (Northern Samar),Northern Samar
2025-09-26 23:57:00,9.62,125.8,10,3.6,009km N 52° E of Claver (Surigao Del Norte),Surigao Del Norte
2025-09-26 23:16:00,8.47,123.16,3,4.1,009km S 54° E of Manukan (Zamboanga Del Norte),Zamboanga Del Norte
2025-09-26 22:52:00,8.21,125.85,26,2.5,003km N 15° W of Loreto (Agusan Del Sur),Agusan Del Sur
2025-09-26 22:43:00,10.7,121.92,8,1.9,006km S 89° W of Hamtic (Antique),Antique
2025-09-26 22:12:00,7.57,126.13,22,2.7,012km S 26° E of Compostela (Davao De Oro),Davao De Oro
2025-09-26 21:13:00,10.73,121.84,13,4.3,011km S 79° W of San Jose De Buenavista (Antique),Antique
2025-09-26 20:08:00,14.09,122.78,33,1.3,009km S 39° W of Labo (Camarines Norte),Camarines Norte
2025-09-26 20:08:00,9.99,123.24,7,2.4,004km N 68° E of Jimalalud (Negros Oriental),Negros Oriental
2025-09-26 19:44:00,13.24,123.82,10,2.5,005km N 81° E of Santo Domingo (Albay),Albay
2025-09-26 19:20:00,13.72,120.74,25,1.5,016km N 66° W of Tingloy (Batangas),Batangas
2025-09-26 18:14:00,8.43,123.21,11,2.2,010km S 16° W of President Manuel A. Roxas (Zamboanga Del Norte),Zamboanga Del Norte
2025-09-26 17:29:00,13.57,120.67,6,1.9,015km N 22° W of Abra De Ilog (Occidental Mindoro),Occidental Mindoro
2025-09-26 16:48:00,9.62,126.21,35,2.0,018km S 17° E of General Luna (Surigao Del Norte),Surigao Del Norte
2025-09-26 14:27:00,13.85,120.58,156,3.1,006km N 73° W of Calatagan (Batangas),Batangas
2025-09-26 13:56:00,7.12,124.07,17,3.2,008km N 47° E of Datu Blah T. Sinsuat (Maguindanao Del Norte),Maguindanao Del Norte
2025-09-26 13:32:00,14.97,121.37,8,3.3,033km S 89° E of Doña Remedios Trinidad (Bulacan),Bulacan
2025-09-26 11:45:00,6.62,125.15,9,2.6,012km S 86° W of Kiblawan (Davao Del Sur),Davao Del Sur
2025-09-26 11:41:00,13.12,124.2,32,2.8,009km N 03° E of Prieto Diaz (Sorsogon),Sorsogon
2025-09-26 11:40:00,7.95,127.07,2,3.2,070km N 54° E of Baganga (Davao Oriental),Davao Oriental
2025-09-26 09:31:00,5.8,126.16,35,2.3,059km S 77° E of Jose Abad Santos (Davao Occidental),Davao Occidental
2025-09-26 09:04:00,12.33,123.54,33,1.8,010km S 66° W of City Of Masbate (Masbate),Masbate
2025-09-26 08:46:00,5.9,124.13,9,3.3,035km S 11° W of Palimbang (Sultan Kudarat),Sultan Kudarat
2025-09-26 07:33:00,5.63,125.96,53,2.6,047km S 48° E of Jose Abad Santos (Davao Occidental),Davao Occidental
2025-09-26 07:22:00,9.82,125.7,19,2.0,013km S 16° E of Cagdianao (Dinagat Islands),Dinagat Islands
2025-09-26 06:54:00,12.55,123.6,5,2.5,012km S 37° W of Monreal (Masbate),Masbate
2025-09-26 06:48:00,12.82,125.32,14,4.4,039km N 10° E of Mapanas (Northern Samar),Northern Samar
2025-09-26 06:38:00,12.49,123.58,5,1.8,009km N 79° E of Baleno (Masbate),Masbate
2025-09-26 06:25:00,14.61,119.77,8,2.8,051km S 42° W of San Antonio (Zambales),Zambales
2025-09-26 06:16:00,12.53,123.61,5,2.3,013km N 63° E of Baleno (Masbate),Masbate
2025-09-26 05:53:00,7.92,126.99,3,2.4,061km N 51° E of Baganga (Davao Oriental),Davao Oriental
2025-09-26 04:00:00,7.81,126.81,8,2.3,040km N 87° E of Cateel (Davao Oriental),Davao Oriental
2025-09-26 03:11:00,13.73,120.59,98,1.8,012km S 23° W of Calatagan (Batangas),Batangas
2025-09-26 01:59:00,15.7,120.72,19,3.0,006km N 50° W of Guimba (Nueva Ecija),Nueva Ecija
2025-09-26 01:58:00,6.58,125.25,14,3.7,004km S 15° W of Kiblawan (Davao Del Sur),Davao Del Sur
2025-09-26 01:49:00,8.98,126.3,24,2.0,002km N 63° E of Bayabas (Surigao Del Sur),Surigao Del Sur
2025-09-26 01:44:00,15.8,121.95,29,1.6,041km N 84° E of Baler (Aurora),Aurora
2025-09-26 01:30:00,15.74,121.9,14,1.5,036km S 87° E of Baler (Aurora),Aurora
2025-09-26 00:29:00,12.53,123.59,3,2.0,012km N 60° E of Baleno (Masbate),Masbate
2025-09-26 00:06:00,15.13,122.05,2,2.5,033km N 15° E of Burdeos (Quezon),Quezon
2025-09-25 23:57:00,12.53,123.56,7,3.8,009km N 48° E of Baleno (Masbate),Masbate
2025-09-25 22:44:00,6.96,126.64,163,2.3,024km S 66° E of Tarragona (Davao Oriental),Davao Oriental
2025-09-25 22:13:00,12.57,121.97,4,2.0,007km N 38° W of San Andres (Romblon),Romblon
2025-09-25 21:15:00,13.63,119.38,12,1.7,084km S 72° W of Lubang (Occidental Mindoro),Occidental Mindoro
2025-09-25 21:09:00,9.88,126.29,14,2.5,019km N 55° E of General Luna (Surigao Del Norte),Surigao Del Norte
2025-09-25 21:07:00,15.72,121.96,21,1.6,043km S 85° E of Baler (Aurora),Aurora
2025-09-25 20:47:00,9.23,122.15,9,1.8,054km S 40° W of Hinoba-an (Negros Occidental),Negros Occidental
2025-09-25 19:04:00,9.88,125.45,7,2.0,011km N 27° W of City Of Surigao (Surigao Del Norte),Surigao Del Norte
2025-09-25 17:12:00,16.38,122.17,12,1.9,005km S 80° W of Dilasag (Aurora),Aurora
2025-09-25 17:05:00,8.1,126.68,31,1.5,030km N 77° E of Lingig (Surigao Del Sur),Surigao Del Sur
2025-09-25 17:00:00,15.73,122.0,12,4.1,046km S 06° E of Dinalungan (Aurora),Aurora
2025-09-25 16:57:00,15.73,121.97,20,1.9,044km S 85° E of Baler (Aurora),Aurora
2025-09-25 16:35:00,18.4,120.97,9,1.9,010km S 47° E of Adams (Ilocos Norte),Ilocos Norte
2025-09-25 16:24:00,12.6,123.51,3,2.1,014km N 04° E of Baleno (Masbate),Masbate
2025-09-25 14:50:00,15.55,122.38,17,2.6,080km S 34° E of Dinalungan (Aurora),Aurora
2025-09-25 11:57:00,13.53,120.64,1,2.4,014km N 45° W of Abra De Ilog (Occidental Mindoro),Occidental Mindoro
2025-09-25 10:28:00,9.55,126.51,11,3.5,046km S 57° E of General Luna (Surigao Del Norte),Surigao Del Norte
2025-09-25 10:12:00,16.75,119.88,38,2.3,040km N 02° W of Bolinao (Pangasinan),Pangasinan
2025-09-25 09:10:00,10.08,125.1,14,2.0,010km N 59° E of Padre Burgos (Southern Leyte),Southern Leyte
2025-09-25 08:37:00,10.01,125.07,14,3.7,007km S 73° E of Padre Burgos (Southern Leyte),Southern Leyte
2025-09-25 07:11:00,13.4,120.29,8,1.8,019km S 85° W of Paluan (Occidental Mindoro),Occidental Mindoro
2025-09-25 06:57:00,7.82,121.98,10,2.9,021km N 55° W of Siocon (Zamboanga Del Norte),Zamboanga Del Norte
2025-09-25 05:28:00,5.71,127.0,35,3.5,151km S 82° E of Jose Abad Santos (Davao Occidental),Davao Occidental
2025-09-25 04:22:00,17.97,120.78,10,2.1,014km S 85° E of Banna (Ilocos Norte),Ilocos Norte
2025-09-25 03:57:00,8.49,125.74,29,2.0,001km S 22° W of San Luis (Agusan Del Sur),Agusan Del Sur
2025-09-25 03:56:00,16.96,119.85,24,3.6,058km N 78° W of Luna (La Union),La Union
2025-09-25 03:02:00,9.5,123.83,10,1.7,013km S 43° E of Panglao (Bohol),Bohol
2025-09-25 03:02:00,16.2,122.11,16,1.6,009km S 11° W of Casiguran (Aurora),Aurora
2025-09-25 01:51:00,9.04,126.49,23,1.9,024km N 70° E of Bayabas (Surigao Del Sur),Surigao Del Sur
2025-09-24 23:29:00,10.02,126.02,24,2.1,002km West of Santa Monica (Surigao Del Norte),Surigao Del Norte
2025-09-24 23:07:00,14.26,119.28,20,2.8,101km N 64° W of Lubang (Occidental Mindoro),Occidental Mindoro
2025-09-24 22:04:00,15.54,119.94,39,2.0,002km N 79° W of Masinloc (Zambales),Zambales
2025-09-24 18:18:00,8.71,126.85,7,2.6,068km N 56° E of Hinatuan (Surigao Del Sur),Surigao Del Sur
2025-09-24 17:46:00,10.26,126.25,12,3.0,033km N 36° E of Burgos (Surigao Del Norte),Surigao Del Norte
2025-09-24 16:19:00,5.38,126.31,70,2.8,093km S 83° E of Sarangani Island (Municipality Of Sarangani) (Davao Occidental),Davao Occidental
2025-09-24 16:09:00,13.68,120.62,87,1.6,017km S 05° W of Calatagan (Batangas),Batangas
2025-09-24 16:00:00,19.1,122.5,35,2.2,070km N 73° E of Camiguin Island (Calayan) (Cagayan),Cagayan
2025-09-24 15:12:00,13.68,120.25,12,2.2,004km S 01° E of Looc (Occidental Mindoro),Occidental Mindoro
2025-09-24 11:37:00,9.32,126.4,13,2.3,023km N 78° E of Cortes (Surigao Del Sur),Surigao Del Sur
2025-09-24 10:09:00,6.82,126.75,18,2.5,042km S 53° E of Tarragona (Davao Oriental),Davao Oriental
2025-09-24 07:32:00,10.5,126.78,28,3.6,093km N 56° E of Burgos (Surigao Del Norte),Surigao Del Norte
2025-09-24 07:08:00,14.13,120.42,78,2.0,024km N 74° W of Nasugbu (Batangas),Batangas
2025-09-24 06:44:00,7.19,124.0,5,3.2,014km N 09° W of Datu Blah T. Sinsuat (Maguindanao Del Norte),Maguindanao Del Norte
2025-09-24 06:03:00,3.24,126.71,45,4.1,280km S 31° E of Balut Island (Municipality Of Sarangani) (Davao Occidental),Davao Occidental
2025-09-24 05:47:00,6.48,125.85,154,3.1,028km N 74° E of Malita (Davao Occidental),Davao Occidental
2025-09-24 05:14:00,12.75,121.21,4,2.5,030km S 64° W of Bansud (Oriental Mindoro),Oriental Mindoro
2025-09-24 04:47:00,12.01,126.09,13,2.2,066km S 88° E of Dolores (Eastern Samar),Eastern Samar
2025-09-24 02:14:00,10.06,126.3,14,3.0,026km N 79° E of Burgos (Surigao Del Norte),Surigao Del Norte
2025-09-24 02:12:00,7.58,126.06,5,1.8,009km N 67° W of New Bataan (Davao De Oro),Davao De Oro
2025-09-24 02:09:00,9.76,126.73,21,2.3,063km S 87° E of General Luna (Surigao Del Norte),Surigao Del Norte
2025-09-24 02:05:00,9.88,126.18,25,2.1,009km N 81° E of Pilar (Surigao Del Norte),Surigao Del Norte
2025-09-24 01:57:00,9.56,126.49,18,2.5,046km N 47° E of Cortes (Surigao Del Sur),Surigao Del Sur
2025-09-24 01:19:00,5.79,127.66,53,3.4,193km S 44° E of Tarragona (Davao Oriental),Davao Oriental
2025-09-24 01:06:00,13.68,120.63,97,1.7,017km S 01° E of Calatagan (Batangas),Batangas
2025-09-24 00:41:00,7.87,124.63,7,2.6,011km N 30° W of Amai Manabilang (Lanao Del Sur),Lanao Del Sur
2025-09-23 23:57:00,4.94,127.52,134,4.1,235km S 75° E of Sarangani Island (Municipality Of Sarangani) (Davao Occidental),Davao Occidental
2025-09-23 23:39:00,6.5,126.98,51,3.9,085km S 44° E of Tarragona (Davao Oriental),Davao Oriental
2025-09-23 23:04:00,7.22,122.03,33,1.9,008km S 26° W of Sibuco (Zamboanga Del Norte),Zamboanga Del Norte
2025-09-23 22:39:00,9.76,126.32,14,1.9,018km S 83° E of General Luna (Surigao Del Norte),Surigao Del Norte
2025-09-23 22:18:00,10.99,125.78,14,2.5,008km S 56° E of Guiuan (Eastern Samar),Eastern Samar
2025-09-23 21:40:00,6.23,126.39,93,2.3,059km S 37° E of Governor Generoso (Davao Oriental),Davao Oriental
2025-09-23 21:15:00,9.29,126.05,17,2.0,007km N 11° W of Lanuza (Surigao Del Sur),Surigao Del Sur
2025-09-23 21:12:00,5.49,125.69,167,3.0,024km N 86° E of Sarangani Island (Municipality Of Sarangani) (Davao Occidental),Davao Occidental
2025-09-23 20:49:00,8.58,123.37,33,1.9,003km S 80° E of City Of Dipolog (Zamboanga Del Norte),Zamboanga Del Norte
2025-09-23 20:20:00,10.02,126.11,32,1.5,004km N 82° E of Burgos (Surigao Del Norte),Surigao Del Norte
2025-09-23 20:09:00,10.13,126.16,17,3.8,016km N 37° E of Burgos (Surigao Del Norte),Surigao Del Norte
2025-09-23 19:48:00,20.4,123.23,26,2.8,132km S 87° E of Basco (Batanes),Batanes
2025-09-23 17:09:00,7.82,122.73,26,1.4,003km N 54° W of Kabasalan (Zamboanga Sibugay),Zamboanga Sibugay
2025-09-23 14:36:00,7.5,125.65,38,2.0,005km S 43° E of Santo Tomas (Davao Del Norte),Davao Del Norte
2025-09-23 14:31:00,17.37,120.27,26,2.5,019km N 75° W of San Esteban (Ilocos Sur),Ilocos Sur
2025-09-23 13:56:00,15.91,120.73,26,2.4,006km N 75° E of Balungao (Pangasinan),Pangasinan
2025-09-23 11:42:00,13.88,120.43,205,2.6,022km N 76° W of Calatagan (Batangas),Batangas
2025-09-23 07:54:00,6.51,126.1,121,2.3,016km S 09° E of Governor Generoso (Davao Oriental),Davao Oriental
2025-09-23 07:46:00,7.14,124.03,11,3.2,008km N 07° E of Datu Blah T. Sinsuat (Maguindanao Del Norte),Maguindanao Del Norte
2025-09-23 07:20:00,7.09,123.98,1,2.0,005km N 67° W of Datu Blah T. Sinsuat (Maguindanao Del Norte),Maguindanao Del Norte
2025-09-23 07:17:00,9.66,126.68,14,3.0,058km S 77° E of General Luna (Surigao Del Norte),Surigao Del Norte
2025-09-23 06:14:00,9.45,126.24,24,2.3,020km N 15° E of Cortes (Surigao Del Sur),Surigao Del Sur
2025-09-23 05:34:00,7.8,124.55,4,2.3,015km N 83° W of Amai Manabilang (Lanao Del Sur),Lanao Del Sur
2025-09-23 05:22:00,16.54,120.67,7,3.1,008km N 30° E of Tublay (Benguet),Benguet
2025-09-23 04:32:00,19.65,121.27,20,4.5,048km N 27° W of Calayan (Cagayan),Cagayan
2025-09-23 04:18:00,10.13,126.17,14,2.3,016km N 41° E of Burgos (Surigao Del Norte),Surigao Del Norte
2025-09-23 03:48:00,5.42,127.27,16,2.7,190km S 44° E of Governor Generoso (Davao Oriental),Davao Oriental
2025-09-23 03:24:00,7.74,122.15,8,2.0,004km N 30° E of Siocon (Zamboanga Del Norte),Zamboanga Del Norte
2025-09-23 03:01:00,9.55,126.12,30,2.2,019km S 65° E of Socorro (Surigao Del Norte),Surigao Del Norte
2025-09-23 03:01:00,7.11,124.19,28,1.5,017km N 53° W of Datu Odin Sinsuat (Maguindanao Del Norte),Maguindanao Del Norte
2025-09-23 02:23:00,7.5,126.08,33,1.6,008km S 53° W of New Bataan (Davao De Oro),Davao De Oro
2025-09-23 02:20:00,9.29,126.52,8,1.7,036km N 87° E of Cortes (Surigao Del Sur),Surigao Del Sur
2025-09-23 02:06:00,9.33,126.25,16,2.1,009km N 46° E of Cortes (Surigao Del Sur),Surigao Del Sur
2025-09-23 02:05:00,7.7,124.76,24,1.7,005km S 12° E of Kalilangan (Bukidnon),Bukidnon
2025-09-23 02:05:00,7.5,126.05,35,1.4,012km S 61° W of New Bataan (Davao De Oro),Davao De Oro
2025-09-23 01:50:00,5.31,126.36,24,2.7,100km S 79° E of Sarangani Island (Municipality Of Sarangani) (Davao Occidental),Davao Occidental
2025-09-23 01:27:00,7.55,126.05,33,2.1,009km S 89° W of New Bataan (Davao De Oro),Davao De Oro
2025-09-23 01:14:00,8.77,126.26,24,2.2,005km N 59° E of San Agustin (Surigao Del Sur),Surigao Del Sur
2025-09-23 00:38:00,10.46,123.86,2,2.4,014km N 47° W of Consolacion (Cebu),Cebu
2025-09-23 00:06:00,7.71,122.16,9,1.5,003km N 75° E of Siocon (Zamboanga Del Norte),Zamboanga Del Norte
2025-09-22 23:20:00,6.02,125.96,42,2.0,035km S 56° E of Don Marcelino (Davao Occidental),Davao Occidental
2025-09-22 23:05:00,7.09,123.88,34,1.5,016km N 81° W of Datu Blah T. Sinsuat (Maguindanao Del Norte),Maguindanao Del Norte
2025-09-22 22:53:00,7.07,123.97,2,2.6,005km N 88° W of Datu Blah T. Sinsuat (Maguindanao Del Norte),Maguindanao Del Norte
2025-09-22 22:51:00,8.47,125.84,47,2.7,007km N 67° E of Talacogon (Agusan Del Sur),Agusan Del Sur
2025-09-22 22:40:00,7.08,124.0,3,2.2,002km N 60° W of Datu Blah T. Sinsuat (Maguindanao Del Norte),Maguindanao Del Norte
2025-09-22 22:32:00,7.14,123.99,1,3.3,008km N 22° W of Datu Blah T. Sinsuat (Maguindanao Del Norte),Maguindanao Del Norte
2025-09-22 22:27:00,7.1,123.99,2,3.1,005km N 50° W of Datu Blah T. Sinsuat (Maguindanao Del Norte),Maguindanao Del Norte
2025-09-22 22:06:00,7.05,123.95,1,2.8,008km S 75° W of Datu Blah T. Sinsuat (Maguindanao Del Norte),Maguindanao Del Norte
2025-09-22 22:00:00,7.06,123.96,1,2.6,007km S 85° W of Datu Blah T. Sinsuat (Maguindanao Del Norte),Maguindanao Del Norte
2025-09-22 21:47:00,7.63,121.99,19,2.2,018km S 61° W of Siocon (Zamboanga Del Norte),Zamboanga Del Norte
2025-09-22 18:49:00,6.01,125.46,72,2.4,020km N 76° E of Malapatan (Sarangani),Sarangani
2025-09-22 18:40:00,10.01,126.18,9,2.7,011km S 87° E of Burgos (Surigao Del Norte),Surigao Del Norte
2025-09-22 17:43:00,10.09,123.5,12,2.1,003km S 19° W of Barili (Cebu),Cebu
2025-09-22 17:15:00,8.22,126.05,1,2.6,007km N 52° E of Bunawan (Agusan Del Sur),Agusan Del Sur
2025-09-22 15:17:00,5.84,126.33,52,3.0,076km S 84° E of Jose Abad Santos (Davao Occidental),Davao Occidental
2025-09-22 14:21:00,11.25,124.6,7,2.7,007km S 43° W of Capoocan (Leyte),Leyte
2025-09-22 14:17:00,13.01,121.22,3,1.9,019km S 21° W of Victoria (Oriental Mindoro),Oriental Mindoro
2025-09-22 13:49:00,7.68,121.9,11,2.5,026km S 85° W of Siocon (Zamboanga Del Norte),Zamboanga Del Norte
2025-09-22 13:40:00,7.47,126.07,17,2.9,011km S 40° W of New Bataan (Davao De Oro),Davao De Oro
2025-09-22 11:26:00,7.72,125.68,4,2.8,006km S 58° W of San Isidro (Davao Del Norte),Davao Del Norte
2025-09-22 11:02:00,7.84,121.97,10,4.4,024km N 50° W of Siocon (Zamboanga Del Norte),Zamboanga Del Norte
2025-09-22 10:11:00,7.82,121.91,4,4.6,028km N 63° W of Siocon (Zamboanga Del Norte),Zamboanga Del Norte
2025-09-22 09:52:00,10.77,124.86,1,2.2,008km S 75° W of Javier (Leyte),Leyte
2025-09-22 08:10:00,12.53,123.53,9,2.3,008km N 29° E of Baleno (Masbate),Masbate
2025-09-22 08:04:00,6.55,126.36,32,2.6,034km S 71° E of Governor Generoso (Davao Oriental),Davao Oriental
2025-09-22 06:56:00,5.49,125.84,136,2.7,041km N 87° E of Sarangani Island (Municipality Of Sarangani) (Davao Occidental),Davao Occidental
2025-09-22 06:01:00,13.87,120.45,19,1.6,020km N 77° W of Calatagan (Batangas),Batangas
2025-09-22 05:22:00,14.29,119.21,32,2.6,110km N 64° W of Lubang (Occidental Mindoro),Occidental Mindoro
2025-09-22 03:56:00,7.97,122.33,25,1.6,009km S 79° W of Gutalac (Zamboanga Del Norte),Zamboanga Del Norte
2025-09-22 03:26:00,7.76,122.26,27,1.6,014km S 65° E of Baliguian (Zamboanga Del Norte),Zamboanga Del Norte
2025-09-22 02:22:00,5.68,127.17,88,2.6,162km S 48° E of Governor Generoso (Davao Oriental),Davao Oriental
2025-09-22 02:15:00,18.48,120.95,1,2.4,005km N 67° E of Adams (Ilocos Norte),Ilocos Norte
2025-09-22 02:12:00,12.31,125.22,11,2.9,003km N 43° W of Jipapad (Eastern Samar),Eastern Samar
2025-09-22 01:53:00,10.49,125.96,18,2.6,038km S 43° E of Homonhon Island (Guiuan) (Eastern Samar),Eastern Samar
2025-09-22 01:31:00,12.84,124.27,111,4.0,013km S 77° E of Barcelona (Sorsogon),Sorsogon
2025-09-22 01:13:00,13.79,123.1,35,1.5,007km N 15° W of Cabusao (Camarines Sur),Camarines Sur
2025-09-22 01:10:00,13.12,119.54,20,2.5,102km S 49° W of Looc (Occidental Mindoro),Occidental Mindoro
2025-09-22 00:58:00,8.72,126.39,27,1.9,013km S 48° E of Marihatag (Surigao Del Sur),Surigao Del Sur
2025-09-22 00:48:00,10.16,122.41,4,2.4,032km N 49° W of Cauayan (Negros Occidental),Negros Occidental
2025-09-21 22:36:00,5.92,127.62,28,3.7,180km S 46° E of Tarragona (Davao Oriental),Davao Oriental
2025-09-21 21:55:00,13.56,120.38,2,2.2,023km S 37° E of Looc (Occidental Mindoro),Occidental Mindoro
2025-09-21 21:51:00,13.46,120.11,11,2.3,033km S 28° W of Looc (Occidental Mindoro),Occidental Mindoro
2025-09-21 21:11:00,14.01,119.99,13,2.2,022km N 41° W of Lubang (Occidental Mindoro),Occidental Mindoro
2025-09-21 19:04:00,10.52,125.04,2,2.4,013km S 87° W of Silago (Southern Leyte),Southern Leyte
2025-09-21 18:42:00,17.54,120.68,6,3.1,004km N 82° W of Bucay (Abra),Abra
2025-09-21 18:02:00,16.47,122.33,7,2.6,010km S 49° E of Dinapigue (Isabela),Isabela
2025-09-21 17:46:00,16.52,121.06,3,3.1,003km S 59° E of Ambaguio (Nueva Vizcaya),Nueva Vizcaya
2025-09-21 17:02:00,14.37,120.37,112,2.3,015km S 60° W of Mariveles (Bataan),Bataan
2025-09-21 16:25:00,12.9,124.34,99,4.0,022km S 45° E of Prieto Diaz (Sorsogon),Sorsogon
2025-09-21 15:39:00,10.77,122.35,3,2.7,003km N 77° E of Tubungan (Iloilo),Iloilo
2025-09-21 15:05:00,10.52,126.66,19,3.3,084km N 49° E of Burgos (Surigao Del Norte),Surigao Del Norte
2025-09-21 13:21:00,9.92,125.99,10,2.0,005km S 27° W of San Benito (Surigao Del Norte),Surigao Del Norte
2025-09-21 13:12:00,12.62,124.91,40,2.3,007km N 13° W of Pambujan (Northern Samar),Northern Samar
2025-09-21 11:49:00,15.39,119.9,29,2.6,010km N 51° W of Iba (Zambales),Zambales
2025-09-21 09:15:00,10.14,125.1,11,2.0,003km S 51° W of Liloan (Southern Leyte),Southern Leyte
2025-09-21 08:40:00,7.76,122.28,19,1.4,015km S 70° E of Baliguian (Zamboanga Del Norte),Zamboanga Del Norte
2025-09-21 08:27:00,7.74,126.08,21,2.4,008km N 05° W of Compostela (Davao De Oro),Davao De Oro
2025-09-21 07:50:00,8.22,126.53,30,1.8,023km N 87° E of City Of Bislig (Surigao Del Sur),Surigao Del Sur
2025-09-21 05:37:00,9.35,126.22,34,2.3,009km N 21° E of Cortes (Surigao Del Sur),Surigao Del Sur
2025-09-21 05:03:00,9.91,123.9,33,1.2,004km N 56° E of Calape (Bohol),Bohol
2025-09-21 04:20:00,9.53,122.45,29,2.4,008km S 14° W of Hinoba-an (Negros Occidental),Negros Occidental
2025-09-21 04:03:00,7.89,122.12,32,2.8,010km N 18° W of Baliguian (Zamboanga Del Norte),Zamboanga Del Norte
2025-09-21 04:03:00,14.01,120.43,84,2.9,023km S 73° W of Nasugbu (Batangas),Batangas
2025-09-21 03:45:00,11.55,125.27,36,1.6,019km S 68° W of City Of Borongan (Eastern Samar),Eastern Samar
2025-09-21 03:39:00,10.0,126.07,23,2.3,002km S 05° W of Burgos (Surigao Del Norte),Surigao Del Norte
2025-09-21 02:54:00,4.76,124.07,476,3.9,149km S 24° W of Kiamba (Sarangani),Sarangani
2025-09-21 02:28:00,17.64,120.44,3,2.0,004km S 88° E of Santo Domingo (Ilocos Sur),Ilocos Sur
2025-09-21 02:18:00,8.95,122.84,7,2.3,025km S 59° W of Siaton (Negros Oriental),Negros Oriental
2025-09-21 02:10:00,15.35,119.53,33,1.6,042km S 77° W of Palauig (Zambales),Zambales
2025-09-21 02:03:00,9.71,126.08,20,2.3,006km S 31° E of Dapa (Surigao Del Norte),Surigao Del Norte
2025-09-21 01:56:00,8.93,122.81,11,2.3,028km S 59° W of Siaton (Negros Oriental),Negros Oriental
2025-09-21 01:18:00,9.7,125.93,34,1.3,010km N 22° W of Socorro (Surigao Del Norte),Surigao Del Norte
2025-09-21 01:17:00,5.99,126.27,29,2.2,068km S 70° E of Don Marcelino (Davao Occidental),Davao Occidental
2025-09-21 01:04:00,9.67,126.72,30,3.0,063km S 79° E of General Luna (Surigao Del Norte),Surigao Del Norte
2025-09-21 00:56:00,16.93,119.99,17,3.2,043km N 78° W of Luna (La Union),La Union
2025-09-21 00:48:00,13.59,120.89,9,2.0,008km S 16° E of Tingloy (Batangas),Batangas
2025-09-21 00:48:00,7.08,124.01,2,2.1,002km N 25° W of Datu Blah T. Sinsuat (Maguindanao Del Norte),Maguindanao Del Norte
2025-09-21 00:44:00,15.38,119.62,12,2.9,032km S 79° W of Palauig (Zambales),Zambales
2025-09-21 00:41:00,12.55,123.53,6,2.6,009km N 20° E of Baleno (Masbate),Masbate
2025-09-21 00:27:00,8.54,122.47,17,1.9,053km N 07° W of Labason (Zamboanga Del Norte),Zamboanga Del Norte
2025-09-21 00:08:00,7.08,124.14,33,2.0,008km N 14° W of Upi (Maguindanao Del Norte),Maguindanao Del Norte
2025-09-20 23:50:00,17.4,120.41,16,1.5,007km S 69° W of Narvacan (Ilocos Sur),Ilocos Sur
2025-09-20 23:33:00,13.95,119.88,9,3.0,028km N 68° W of Lubang (Occidental Mindoro),Occidental Mindoro
2025-09-20 23:09:00,8.53,122.43,29,2.5,052km N 12° W of Labason (Zamboanga Del Norte),Zamboanga Del Norte
2025-09-20 22:52:00,8.38,122.43,29,1.5,036km N 17° W of Labason (Zamboanga Del Norte),Zamboanga Del Norte
2025-09-20 22:50:00,8.55,122.45,10,2.9,055km N 09° W of Labason (Zamboanga Del Norte),Zamboanga Del Norte
2025-09-20 22:47:00,8.55,122.42,27,3.7,055km N 13° W of Labason (Zamboanga Del Norte),Zamboanga Del Norte
2025-09-20 22:43:00,8.55,122.45,15,2.7,053km N 28° W of Liloy (Zamboanga Del Norte),Zamboanga Del Norte
2025-09-20 22:32:00,8.55,122.36,32,2.2,056km N 18° W of Labason (Zamboanga Del Norte),Zamboanga Del Norte
2025-09-20 22:24:00,11.35,124.61,21,1.9,007km N 31° W of Capoocan (Leyte),Leyte
2025-09-20 22:22:00,13.88,120.54,66,1.5,012km N 62° W of Calatagan (Batangas),Batangas
2025-09-20 22:03:00,7.62,124.76,34,1.2,005km S 59° E of Wao (Lanao Del Sur),Lanao Del Sur
2025-09-20 20:11:00,18.33,120.76,1,2.3,015km S 87° E of Pasuquin (Ilocos Norte),Ilocos Norte
2025-09-20 15:43:00,13.76,120.59,104,1.5,009km S 30° W of Calatagan (Batangas),Batangas
2025-09-20 14:26:00,9.27,126.08,10,2.7,005km N 34° E of Lanuza (Surigao Del Sur),Surigao Del Sur
2025-09-20 13:32:00,6.46,126.24,18,4.2,029km S 41° E of Governor Generoso (Davao Oriental),Davao Oriental
2025-09-20 11:31:00,13.57,123.7,14,2.1,013km N 07° E of Tiwi (Albay),Albay
2025-09-20 10:44:00,13.68,120.59,118,2.1,018km S 13° W of Calatagan (Batangas),Batangas
2025-09-20 10:39:00,3.15,126.87,12,4.0,298km S 33° E of Balut Island (Municipality Of Sarangani) (Davao Occidental),Davao Occidental
2025-09-20 06:54:00,12.23,124.87,57,2.2,010km N 12° W of Matuguinao (Samar),Samar
2025-09-20 06:19:00,9.87,126.48,24,2.3,037km N 75° E of General Luna (Surigao Del Norte),Surigao Del Norte
2025-09-20 06:18:00,9.86,126.56,65,1.7,045km N 79° E of General Luna (Surigao Del Norte),Surigao Del Norte
2025-09-20 05:27:00,17.82,120.81,9,2.8,011km N 04° W of Tineg (Abra),Abra
2025-09-20 05:13:00,13.19,120.93,33,1.3,026km N 62° E of Santa Cruz (Occidental Mindoro),Occidental Mindoro
2025-09-20 05:09:00,12.96,121.4,35,1.6,008km S 83° W of Gloria (Oriental Mindoro),Oriental Mindoro
2025-09-20 04:43:00,13.59,120.66,100,2.5,018km N 25° W of Abra De Ilog (Occidental Mindoro),Occidental Mindoro
2025-09-20 04:39:00,18.96,120.99,4,1.9,029km S 54° W of Dalupiri Island (Calayan) (Cagayan),Cagayan
2025-09-20 02:39:00,9.96,126.27,10,2.7,020km N 82° E of San Isidro (Surigao Del Norte),Surigao Del Norte
2025-09-20 02:35:00,13.19,124.18,32,1.4,005km N 81° E of Rapu-rapu (Albay),Albay
2025-09-20 02:23:00,13.47,123.91,69,2.0,023km N 57° E of City Of Tabaco (Albay),Albay
2025-09-20 02:08:00,12.99,124.54,12,2.6,038km S 82° E of Prieto Diaz (Sorsogon),Sorsogon
2025-09-20 02:06:00,4.39,126.56,120,3.5,170km S 48° E of Balut Island (Municipality Of Sarangani) (Davao Occidental),Davao Occidental
2025-09-20 01:57:00,9.64,126.17,29,2.4,016km S 06° E of General Luna (Surigao Del Norte),Surigao Del Norte
2025-09-20 01:45:00,9.5,125.93,20,2.3,014km S 18° W of Socorro (Surigao Del Norte),Surigao Del Norte
2025-09-20 01:38:00,9.42,125.93,1,2.3,006km N 17° W of Carrascal (Surigao Del Sur),Surigao Del Sur
2025-09-20 01:30:00,9.4,125.94,11,3.5,004km N 21° W of Carrascal (Surigao Del Sur),Surigao Del Sur
2025-09-20 01:26:00,16.9,119.91,21,3.2,050km N 84° W of Luna (La Union),La Union
2025-09-20 01:17:00,15.64,120.03,27,1.5,011km N 81° E of Candelaria (Zambales),Zambales
2025-09-20 00:40:00,16.91,119.99,18,2.4,042km N 81° W of Luna (La Union),La Union
2025-09-20 00:37:00,4.37,125.69,106,3.5,119km S 15° E of Balut Island (Municipality Of Sarangani) (Davao Occidental),Davao Occidental
2025-09-20 00:21:00,9.44,125.28,3,2.2,024km S 34° W of Malimono (Surigao Del Norte),Surigao Del Norte
2025-09-20 00:19:00,12.89,123.1,21,2.1,016km S 84° W of Claveria (Masbate),Masbate
2025-09-20 00:07:00,12.8,123.04,6,2.9,025km S 65° W of Claveria (Masbate),Masbate
2025-09-19 23:49:00,13.53,120.21,4,1.7,021km S 12° W of Looc (Occidental Mindoro),Occidental Mindoro
2025-09-19 23:38:00,8.15,126.67,26,1.7,031km N 67° E of Lingig (Surigao Del Sur),Surigao Del Sur
2025-09-19 23:30:00,8.08,124.78,33,1.4,026km S 48° E of Talakag (Bukidnon),Bukidnon
2025-09-19 22:58:00,6.44,126.15,24,2.3,025km S 20° E of Governor Generoso (Davao Oriental),Davao Oriental
2025-09-19 22:43:00,7.72,126.86,29,2.1,037km N 65° E of Baganga (Davao Oriental),Davao Oriental
2025-09-19 22:42:00,17.02,119.63,12,2.9,075km N 22° W of Bolinao (Pangasinan),Pangasinan
2025-09-19 22:16:00,6.73,126.85,151,2.4,057km S 51° E of Tarragona (Davao Oriental),Davao Oriental
2025-09-19 22:04:00,10.23,125.91,33,1.6,027km N 32° W of Santa Monica (Surigao Del Norte),Surigao Del Norte
2025-09-19 21:23:00,13.24,120.82,33,2.2,020km N 31° E of Santa Cruz (Occidental Mindoro),Occidental Mindoro
2025-09-19 21:10:00,15.12,122.09,1,2.4,033km N 22° E of Burdeos (Quezon),Quezon
2025-09-19 20:14:00,15.11,121.95,12,2.5,023km N 39° E of Panukulan (Quezon),Quezon
2025-09-19 19:52:00,7.31,127.02,27,3.4,050km S 87° E of Caraga (Davao Oriental),Davao Oriental
2025-09-19 19:41:00,9.98,126.11,22,3.0,005km N 33° E of San Isidro (Surigao Del Norte),Surigao Del Norte
2025-09-19 19:11:00,9.91,126.56,7,2.7,047km N 72° E of General Luna (Surigao Del Norte),Surigao Del Norte
2025-09-19 18:28:00,15.0,121.91,32,1.5,012km N 53° E of Panukulan (Quezon),Quezon
2025-09-19 18:16:00,13.18,124.16,5,2.9,004km S 71° E of Rapu-rapu (Albay),Albay
2025-09-19 18:08:00,13.29,120.31,15,2.8,022km S 50° W of Paluan (Occidental Mindoro),Occidental Mindoro
2025-09-19 17:56:00,15.11,122.07,4,3.9,032km N 20° E of Burdeos (Quezon),Quezon
2025-09-19 17:46:00,15.03,121.85,24,1.8,011km N 21° E of Panukulan (Quezon),Quezon
2025-09-19 17:31:00,12.5,124.64,34,1.6,000km South of Catarman (Northern Samar),Northern Samar
2025-09-19 17:25:00,18.55,120.75,32,2.0,002km N 55° W of Bangui (Ilocos Norte),Ilocos Norte
2025-09-19 16:43:00,18.13,120.58,23,3.0,006km S 19° W of San Nicolas (Ilocos Norte),Ilocos Norte
2025-09-19 16:03:00,9.9,125.59,2,1.9,006km S 15° W of Dinagat (Dinagat Islands),Dinagat Islands
2025-09-19 15:58:00,16.22,122.1,41,1.7,007km S 17° W of Casiguran (Aurora),Aurora
2025-09-19 14:52:00,12.24,121.27,5,3.3,012km S 40° W of Bulalacao (Oriental Mindoro),Oriental Mindoro
2025-09-19 13:11:00,9.86,126.2,3,2.5,009km N 29° E of General Luna (Surigao Del Norte),Surigao Del Norte
2025-09-19 11:09:00,10.95,123.24,74,1.6,008km S 88° W of City Of Cadiz (Negros Occidental),Negros Occidental
2025-09-19 09:21:00,12.95,124.74,8,2.8,047km N 25° W of Pambujan (Northern Samar),Northern Samar
2025-09-19 09:01:00,13.7,120.98,30,1.6,007km S 36° E of Mabini (Batangas),Batangas
2025-09-19 08:03:00,8.04,126.29,36,1.4,014km S 89° W of Lingig (Surigao Del Sur),Surigao Del Sur
2025-09-19 07:23:00,13.89,120.54,84,1.8,012km N 58° W of Calatagan (Batangas),Batangas
2025-09-19 07:18:00,6.81,125.81,40,3.3,025km S 67° W of Lupon (Davao Oriental),Davao Oriental
2025-09-19 06:32:00,16.9,119.91,17,2.5,050km N 84° W of Luna (La Union),La Union
2025-09-19 06:30:00,16.21,122.36,9,2.7,026km S 38° E of Dilasag (Aurora),Aurora
2025-09-19 06:02:00,16.96,119.91,18,3.6,051km N 77° W of Luna (La Union),La Union
2025-09-19 05:42:00,7.69,127.13,20,3.0,064km N 78° E of Baganga (Davao Oriental),Davao Oriental
2025-09-19 05:03:00,16.91,119.92,15,3.6,050km N 83° W of Luna (La Union),La Union
2025-09-19 04:46:00,20.0,121.48,32,3.0,055km S 48° W of Sabtang (Batanes),Batanes
2025-09-19 04:30:00,13.67,120.62,97,2.2,018km S 04° W of Calatagan (Batangas),Batangas
2025-09-19 04:30:00,16.93,119.86,25,2.3,056km N 81° W of Luna (La Union),La Union
2025-09-19 04:25:00,17.06,121.53,158,3.2,011km N 72° W of San Manuel (Isabela),Isabela
2025-09-19 04:22:00,8.46,126.64,19,2.6,035km N 73° E of Hinatuan (Surigao Del Sur),Surigao Del Sur
2025-09-19 03:56:00,16.91,119.91,22,2.2,050km N 83° W of Luna (La Union),La Union
2025-09-19 03:52:00,16.95,119.9,20,5.5,052km N 78° W of Luna (La Union),La Union
2025-09-19 03:43:00,15.07,122.12,4,2.0,030km N 34° E of Burdeos (Quezon),Quezon
2025-09-19 03:35:00,2.65,126.94,98,4.3,349km S 29° E of Balut Island (Municipality Of Sarangani) (Davao Occidental),Davao Occidental
2025-09-19 03:21:00,11.93,125.87,9,3.1,043km S 74° E of Dolores (Eastern Samar),Eastern Samar
2025-09-19 01:23:00,12.98,121.41,32,1.5,007km N 80° W of Gloria (Oriental Mindoro),Oriental Mindoro
2025-09-19 00:37:00,10.93,122.95,32,1.7,007km N 34° W of Enrique B. Magalona (Negros Occidental),Negros Occidental
2025-09-19 00:34:00,5.3,126.66,15,2.9,131km S 59° E of Jose Abad Santos (Davao Occidental),Davao Occidental
2025-09-19 00:33:00,6.98,121.94,18,1.9,038km S 22° W of Sibuco (Zamboanga Del Norte),Zamboanga Del Norte
2025-09-18 23:57:00,9.74,125.74,125,2.7,016km N 18° E of Gigaquit (Surigao Del Norte),Surigao Del Norte
2025-09-18 23:54:00,8.0,126.66,23,1.9,028km S 82° E of Lingig (Surigao Del Sur),Surigao Del Sur
2025-09-18 23:47:00,15.76,121.07,22,1.3,006km N 31° W of Rizal (Nueva Ecija),Nueva Ecija
2025-09-18 23:25:00,7.99,126.93,13,4.2,057km N 67° E of Cateel (Davao Oriental),Davao Oriental
2025-09-18 23:01:00,6.49,126.71,33,2.3,068km S 25° E of Tarragona (Davao Oriental),Davao Oriental
2025-09-18 22:53:00,12.5,125.26,4,3.8,002km N 16° E of Mapanas (Northern Samar),Northern Samar
2025-09-18 22:44:00,17.98,122.18,17,2.6,035km N 73° E of Baggao (Cagayan),Cagayan
2025-09-18 22:32:00,7.76,127.09,7,3.5,062km N 71° E of Baganga (Davao Oriental),Davao Oriental
2025-09-18 22:05:00,13.78,124.18,17,1.5,017km S 55° W of Viga (Catanduanes),Catanduanes
2025-09-18 21:57:00,6.37,125.96,127,2.5,033km S 21° W of Governor Generoso (Davao Oriental),Davao Oriental
2025-09-18 21:37:00,19.0,121.06,13,2.3,019km S 53° W of Dalupiri Island (Calayan) (Cagayan),Cagayan
2025-09-18 21:22:00,15.41,120.11,33,1.5,016km N 35° E of Botolan (Zambales),Zambales
2025-09-18 21:20:00,17.93,121.09,12,1.8,014km S 42° W of Kabugao (Apayao),Apayao
2025-09-18 21:06:00,5.79,124.93,19,1.6,011km S 43° W of Maasim (Sarangani),Sarangani
2025-09-18 21:01:00,9.88,126.04,33,1.7,007km N 71° W of Pilar (Surigao Del Norte),Surigao Del Norte
2025-09-18 20:43:00,7.76,127.11,13,4.1,064km N 71° E of Baganga (Davao Oriental),Davao Oriental
2025-09-18 20:41:00,6.12,124.31,516,3.4,016km S 53° E of Palimbang (Sultan Kudarat),Sultan Kudarat
2025-09-18 19:57:00,13.26,120.6,15,1.3,004km N 05° E of Mamburao (Occidental Mindoro),Occidental Mindoro
2025-09-18 19:12:00,12.99,124.65,3,3.3,046km N 42° E of Biri (Northern Samar),Northern Samar
2025-09-18 19:05:00,15.2,120.1,19,1.6,006km N 50° E of Cabangan (Zambales),Zambales
2025-09-18 18:29:00,8.67,126.63,31,1.5,039km S 69° E of Marihatag (Surigao Del Sur),Surigao Del Sur
2025-09-18 18:06:00,10.59,125.48,73,1.6,027km N 23° W of Loreto (Dinagat Islands),Dinagat Islands
2025-09-18 17:38:00,7.5,125.99,32,1.5,008km S 85° E of Mawab (Davao De Oro),Davao De Oro
2025-09-18 16:54:00,9.3,125.23,4,2.5,031km N 10° E of Magsaysay (Misamis Oriental),Misamis Oriental
2025-09-18 16:38:00,8.84,127.12,53,2.0,090km S 84° E of Cagwait (Surigao Del Sur),Surigao Del Sur
2025-09-18 16:36:00,14.05,120.45,110,1.5,020km S 81° W of Nasugbu (Batangas),Batangas
2025-09-18 15:56:00,15.67,121.06,20,1.6,006km S 47° W of Rizal (Nueva Ecija),Nueva Ecija
2025-09-18 15:45:00,15.71,121.12,10,2.5,002km N 76° E of Rizal (Nueva Ecija),Nueva Ecija
2025-09-18 15:21:00,18.63,120.92,12,3.3,016km N 62° E of Pagudpud (Ilocos Norte),Ilocos Norte
2025-09-18 15:06:00,5.04,125.33,33,2.3,042km S 14° W of Balut Island (Municipality Of Sarangani) (Davao Occidental),Davao Occidental
2025-09-18 14:59:00,7.42,124.42,7,2.5,009km S 54° E of Barira (Maguindanao Del Norte),Maguindanao Del Norte
2025-09-18 14:38:00,18.77,120.52,11,2.6,032km N 24° W of Burgos (Ilocos Norte),Ilocos Norte
2025-09-18 14:32:00,13.98,120.39,65,3.0,029km S 69° W of Nasugbu (Batangas),Batangas
2025-09-18 12:03:00,13.54,120.24,9,2.6,020km S 02° W of Looc (Occidental Mindoro),Occidental Mindoro
2025-09-18 11:47:00,4.36,128.15,112,4.8,322km S 67° E of Sarangani Island (Municipality Of Sarangani) (Davao Occidental),Davao Occidental
2025-09-18 11:37:00,9.12,126.82,3,3.7,061km N 74° E of Bayabas (Surigao Del Sur),Surigao Del Sur
2025-09-18 10:54:00,17.66,120.57,15,1.9,009km N 37° W of Bangued (Abra),Abra
2025-09-18 10:58:00,13.27,119.93,31,1.8,061km S 35° W of Looc (Occidental Mindoro),Occidental Mindoro
2025-09-18 10:43:00,15.35,119.84,31,1.8,012km S 39° W of Palauig (Zambales),Zambales
2025-09-18 10:42:00,9.36,122.58,15,2.4,009km S 53° W of Basay (Negros Oriental),Negros Oriental
2025-09-18 09:39:00,13.52,120.28,3,2.4,022km S 10° E of Looc (Occidental Mindoro),Occidental Mindoro
2025-09-18 09:18:00,8.45,125.72,61,2.7,007km N 84° W of Talacogon (Agusan Del Sur),Agusan Del Sur
2025-09-18 08:25:00,9.02,126.42,34,2.1,016km N 70° E of Bayabas (Surigao Del Sur),Surigao Del Sur
2025-09-18 07:57:00,7.77,127.09,11,2.5,062km N 69° E of Baganga (Davao Oriental),Davao Oriental
2025-09-18 07:50:00,7.04,123.99,9,2.6,004km S 47° W of Datu Blah T. Sinsuat (Maguindanao Del Norte),Maguindanao Del Norte
2025-09-18 07:45:00,7.07,123.97,2,4.2,005km N 88° W of Datu Blah T. Sinsuat (Maguindanao Del Norte),Maguindanao Del Norte
2025-09-18 06:51:00,5.15,126.41,15,3.5,109km S 71° E of Sarangani Island (Municipality Of Sarangani) (Davao Occidental),Davao Occidental
2025-09-18 05:57:00,13.99,120.49,196,3.4,018km S 58° W of Nasugbu (Batangas),Batangas
2025-09-18 05:42:00,12.15,125.46,26,1.7,006km S 56° W of San Policarpo (Eastern Samar),Eastern Samar
2025-09-18 04:55:00,15.42,121.3,12,1.8,011km N 69° W of Dingalan (Aurora),Aurora
2025-09-18 04:06:00,15.72,122.0,6,2.2,047km S 85° E of Baler (Aurora),Aurora
2025-09-18 03:36:00,5.89,126.39,67,3.8,083km S 88° E of Jose Abad Santos (Davao Occidental),Davao Occidental
2025-09-18 03:30:00,10.49,123.13,2,1.4,016km S 37° E of Murcia (Negros Occidental),Negros Occidental
2025-09-18 03:21:00,15.43,120.22,7,1.8,026km N 54° E of Botolan (Zambales),Zambales
2025-09-18 02:51:00,13.72,120.61,93,2.2,013km S 10° W of Calatagan (Batangas),Batangas
2025-09-18 02:11:00,7.86,126.63,26,4.1,021km N 69° E of Cateel (Davao Oriental),Davao Oriental
2025-09-18 02:02:00,13.22,124.02,35,1.9,012km N 74° W of Rapu-rapu (Albay),Albay
2025-09-18 01:40:00,17.68,120.51,30,2.5,009km S 84° E of Magsingal (Ilocos Sur),Ilocos Sur
2025-09-18 01:26:00,5.16,126.49,1,3.5,118km S 73° E of Sarangani Island (Municipality Of Sarangani) (Davao Occidental),Davao Occidental
2025-09-18 01:17:00,10.61,124.63,32,1.4,017km S 79° E of Tudela (Cebu),Cebu
2025-09-18 01:05:00,9.03,126.51,20,1.8,025km N 73° E of Bayabas (Surigao Del Sur),Surigao Del Sur
2025-09-18 01:00:00,17.86,120.09,2,2.4,039km N 80° W of Cabugao (Ilocos Sur),Ilocos Sur
2025-09-18 00:16:00,13.55,120.67,130,2.2,013km N 28° W of Abra De Ilog (Occidental Mindoro),Occidental Mindoro
2025-09-17 23:43:00,18.36,122.28,2,3.7,018km S 52° E of Santa Ana (Cagayan),Cagayan
2025-09-17 23:35:00,13.76,120.55,82,2.3,012km S 48° W of Calatagan (Batangas),Batangas
2025-09-17 23:01:00,18.23,122.08,8,3.0,009km S 71° E of Gonzaga (Cagayan),Cagayan
2025-09-17 22:32:00,8.02,126.52,27,1.8,012km S 82° E of Lingig (Surigao Del Sur),Surigao Del Sur
2025-09-17 22:25:00,4.92,126.57,51,3.6,136km S 63° E of Sarangani Island (Municipality Of Sarangani) (Davao Occidental),Davao Occidental
2025-09-17 22:08:00,8.81,126.56,20,3.0,029km N 89° E of Marihatag (Surigao Del Sur),Surigao Del Sur
2025-09-17 21:09:00,13.53,120.26,6,1.7,021km S 03° E of Looc (Occidental Mindoro),Occidental Mindoro
2025-09-17 21:02:00,13.53,120.3,3,2.3,022km S 14° E of Looc (Occidental Mindoro),Occidental Mindoro
2025-09-17 20:54:00,13.46,120.13,14,2.3,032km S 24° W of Looc (Occidental Mindoro),Occidental Mindoro
2025-09-17 20:51:00,13.42,120.1,9,3.0,037km S 25° W of Looc (Occidental Mindoro),Occidental Mindoro
2025-09-17 20:42:00,9.7,122.28,29,2.3,019km S 66° W of City Of Sipalay (Negros Occidental),Negros Occidental
2025-09-17 20:19:00,8.79,126.55,6,2.1,028km S 89° E of Marihatag (Surigao Del Sur),Surigao Del Sur
2025-09-17 20:04:00,7.77,127.09,6,2.2,063km N 69° E of Baganga (Davao Oriental),Davao Oriental
2025-09-17 19:52:00,8.26,126.58,91,3.7,029km S 66° E of Hinatuan (Surigao Del Sur),Surigao Del Sur
2025-09-17 19:05:00,20.19,121.26,33,4.0,066km S 76° W of Sabtang (Batanes),Batanes
2025-09-17 17:50:00,9.36,126.26,15,2.2,012km N 38° E of Cortes (Surigao Del Sur),Surigao Del Sur
2025-09-17 17:19:00,15.68,121.11,18,1.9,003km S 13° E of Rizal (Nueva Ecija),Nueva Ecija
2025-09-17 16:47:00,12.84,122.98,5,2.7,030km S 76° W of Claveria (Masbate),Masbate
2025-09-17 16:43:00,6.55,126.99,25,4.3,081km S 47° E of Tarragona (Davao Oriental),Davao Oriental
2025-09-17 16:41:00,13.75,120.58,96,2.2,010km S 31° W of Calatagan (Batangas),Batangas
2025-09-17 15:12:00,17.57,120.8,10,3.9,010km N 69° E of Bucay (Abra),Abra
2025-09-17 14:42:00,5.14,126.25,35,3.3,093km S 67° E of Sarangani Island (Municipality Of Sarangani) (Davao Occidental),Davao Occidental
2025-09-17 14:14:00,13.65,120.62,88,2.1,020km S 03° W of Calatagan (Batangas),Batangas
2025-09-17 14:11:00,7.55,126.44,115,2.4,014km S 81° W of Baganga (Davao Oriental),Davao Oriental
2025-09-17 13:05:00,9.82,125.96,29,2.3,006km S 16° W of Del Carmen (Surigao Del Norte),Surigao Del Norte
2025-09-17 11:40:00,6.84,123.97,26,2.3,020km S 86° W of South Upi (Maguindanao Del Sur),Maguindanao Del Sur
2025-09-17 11:27:00,9.8,125.94,26,2.0,009km S 22° W of Del Carmen (Surigao Del Norte),Surigao Del Norte
2025-09-17 10:39:00,13.85,120.55,66,1.4,009km N 75° W of Calatagan (Batangas),Batangas
2025-09-17 10:38:00,13.86,120.56,60,2.0,009km N 71° W of Calatagan (Batangas),Batangas
2025-09-17 10:31:00,9.57,126.23,15,2.4,025km S 18° E of General Luna (Surigao Del Norte),Surigao Del Norte
2025-09-17 09:51:00,5.59,126.87,13,3.5,140km S 75° E of Jose Abad Santos (Davao Occidental),Davao Occidental
2025-09-17 09:42:00,5.72,125.96,57,2.8,041km S 58° E of Jose Abad Santos (Davao Occidental),Davao Occidental
2025-09-17 09:37:00,10.96,123.85,18,2.0,017km S 54° W of City Of Bogo (Cebu),Cebu
2025-09-17 09:06:00,13.64,120.57,32,1.4,022km S 17° W of Calatagan (Batangas),Batangas
2025-09-17 06:01:00,5.42,127.07,84,3.8,167km S 71° E of Jose Abad Santos (Davao Occidental),Davao Occidental
2025-09-17 05:25:00,12.98,124.35,29,1.9,018km S 69° E of Prieto Diaz (Sorsogon),Sorsogon
2025-09-17 05:05:00,13.4,120.88,23,1.8,013km S 36° W of Puerto Galera (Oriental Mindoro),Oriental Mindoro
2025-09-17 04:59:00,13.8,120.61,108,1.8,004km S 36° W of Calatagan (Batangas),Batangas
2025-09-17 03:51:00,9.14,126.77,9,2.3,057km N 71° E of Bayabas (Surigao Del Sur),Surigao Del Sur
2025-09-17 03:00:00,18.42,120.76,28,1.6,012km S 25° W of Dumalneg (Ilocos Norte),Ilocos Norte
2025-09-17 02:56:00,9.2,126.23,20,1.6,010km S 26° E of Cortes (Surigao Del Sur),Surigao Del Sur
2025-09-17 02:54:00,17.58,122.19,14,3.5,022km N 13° W of Maconacon (Isabela),Isabela
2025-09-17 02:51:00,5.99,126.31,66,3.5,072km S 71° E of Don Marcelino (Davao Occidental),Davao Occidental
2025-09-17 02:47:00,9.1,126.33,45,2.0,014km N 49° E of Tago (Surigao Del Sur),Surigao Del Sur
2025-09-17 02:00:00,13.68,120.57,91,2.1,018km S 23° W of Calatagan (Batangas),Batangas
2025-09-17 01:58:00,15.13,120.24,78,1.5,019km N 68° E of San Felipe (Zambales),Zambales
2025-09-17 01:51:00,15.09,123.63,17,2.6,100km N 47° E of Tinaga Island (Vinzons) (Camarines Norte),Camarines Norte
2025-09-17 01:28:00,9.12,126.63,8,2.4,042km N 66° E of Bayabas (Surigao Del Sur),Surigao Del Sur
2025-09-17 01:19:00,12.85,123.03,20,1.6,024km S 76° W of Claveria (Masbate),Masbate
2025-09-17 01:09:00,12.84,123.03,7,2.5,024km S 73° W of Claveria (Masbate),Masbate
2025-09-17 00:34:00,8.29,125.94,33,2.1,012km S 33° W of Rosario (Agusan Del Sur),Agusan Del Sur
2025-09-17 00:31:00,6.34,126.62,30,2.0,070km S 61° E of Governor Generoso (Davao Oriental),Davao Oriental
2025-09-17 00:19:00,17.61,122.36,33,3.5,028km N 27° E of Maconacon (Isabela),Isabela
2025-09-17 00:18:00,14.28,121.82,19,2.4,003km N 09° W of Cagbalete Island (Mauban) (Quezon),Quezon
2025-09-17 00:14:00,19.73,121.35,32,2.6,053km N 14° W of Calayan (Cagayan),Cagayan
2025-09-16 23:38:00,13.58,121.31,7,2.1,013km S 54° E of Lobo (Batangas),Batangas
2025-09-16 22:34:00,18.52,121.11,23,1.4,010km S 18° E of Claveria (Cagayan),Cagayan
2025-09-16 22:31:00,20.07,121.3,29,3.0,067km S 64° W of Sabtang (Batanes),Batanes
2025-09-16 22:22:00,18.47,120.99,21,1.6,010km S 04° W of Santa Praxedes (Cagayan),Cagayan
2025-09-16 21:42:00,13.41,120.16,13,2.3,035km S 17° W of Looc (Occidental Mindoro),Occidental Mindoro
2025-09-16 21:16:00,5.99,124.11,20,2.4,026km S 20° W of Palimbang (Sultan Kudarat),Sultan Kudarat
2025-09-16 20:26:00,8.04,125.91,33,1.4,006km S 53° W of Veruela (Agusan Del Sur),Agusan Del Sur
2025-09-16 19:09:00,13.31,124.85,1,2.7,065km S 53° E of Baras (Catanduanes),Catanduanes
2025-09-16 18:29:00,8.75,126.36,27,3.5,009km S 52° E of Marihatag (Surigao Del Sur),Surigao Del Sur
2025-09-16 17:50:00,12.84,123.06,6,1.9,021km S 71° W of Claveria (Masbate),Masbate
2025-09-16 17:41:00,12.98,121.41,35,1.7,006km N 85° W of Gloria (Oriental Mindoro),Oriental Mindoro
2025-09-16 17:31:00,11.37,125.01,33,1.4,012km N 33° W of Basey (Samar),Samar
2025-09-16 16:32:00,10.09,126.11,7,2.7,008km N 25° E of Burgos (Surigao Del Norte),Surigao Del Norte
2025-09-16 15:58:00,3.7,125.97,26,3.5,199km S 18° E of Balut Island (Municipality Of Sarangani) (Davao Occidental),Davao Occidental
2025-09-16 14:07:00,14.21,120.09,33,1.7,039km N 06° W of Lubang (Occidental Mindoro),Occidental Mindoro
2025-09-16 13:57:00,13.84,120.6,9,1.6,004km N 84° W of Calatagan (Batangas),Batangas
2025-09-16 13:39:00,10.46,123.11,2,2.7,014km N 54° W of City Of Canlaon (Negros Oriental),Negros Oriental
2025-09-16 13:32:00,5.67,126.62,27,2.6,111km S 76° E of Jose Abad Santos (Davao Occidental),Davao Occidental
2025-09-16 12:56:00,13.52,120.36,2,2.0,016km N 44° W of Paluan (Occidental Mindoro),Occidental Mindoro
2025-09-16 12:52:00,11.55,124.39,7,2.8,002km S 35° W of Naval (Biliran),Biliran
2025-09-16 12:48:00,10.04,126.18,11,3.5,012km N 81° E of Burgos (Surigao Del Norte),Surigao Del Norte
2025-09-16 12:39:00,10.48,123.12,1,1.9,016km S 31° E of Murcia (Negros Occidental),Negros Occidental
2025-09-16 11:41:00,17.65,120.42,19,2.1,002km N 61° E of Santo Domingo (Ilocos Sur),Ilocos Sur
2025-09-16 10:32:00,12.42,125.32,19,1.9,004km N 29° E of Gamay (Northern Samar),Northern Samar
2025-09-16 10:12:00,5.44,126.21,24,3.2,082km S 50° E of Jose Abad Santos (Davao Occidental),Davao Occidental
2025-09-16 07:20:00,8.65,126.24,30,1.4,011km S 13° E of San Agustin (Surigao Del Sur),Surigao Del Sur
2025-09-16 07:06:00,8.74,126.5,15,3.4,023km S 74° E of Marihatag (Surigao Del Sur),Surigao Del Sur
2025-09-16 06:56:00,8.75,126.62,6,2.4,035km S 81° E of Marihatag (Surigao Del Sur),Surigao Del Sur
2025-09-16 06:54:00,8.74,126.57,13,2.2,030km S 77° E of Marihatag (Surigao Del Sur),Surigao Del Sur
2025-09-16 06:43:00,10.5,125.35,145,2.6,020km N 54° E of Hinunangan (Southern Leyte),Southern Leyte
2025-09-16 06:43:00,14.14,120.43,115,2.1,023km N 72° W of Nasugbu (Batangas),Batangas
2025-09-16 06:12:00,9.97,126.33,11,2.4,027km N 83° E of San Isidro (Surigao Del Norte),Surigao Del Norte
2025-09-16 05:11:00,9.83,125.42,25,1.8,006km N 05° W of San Francisco (Surigao Del Norte),Surigao Del Norte
2025-09-16 04:18:00,13.78,120.82,14,1.4,013km N 75° W of Mabini (Batangas),Batangas
2025-09-16 03:50:00,5.87,126.03,112,2.7,043km S 83° E of Jose Abad Santos (Davao Occidental),Davao Occidental
2025-09-16 02:49:00,7.93,126.42,31,1.9,008km N 33° E of Boston (Davao Oriental),Davao Oriental
2025-09-16 02:46:00,13.76,120.69,199,2.2,010km S 38° E of Calatagan (Batangas),Batangas
2025-09-16 02:46:00,18.08,120.65,7,1.5,005km S 67° W of Dingras (Ilocos Norte),Ilocos Norte
2025-09-16 02:45:00,8.72,126.54,27,1.5,028km S 72° E of Marihatag (Surigao Del Sur),Surigao Del Sur
2025-09-16 02:41:00,12.97,121.38,32,1.5,009km S 17° W of Socorro (Oriental Mindoro),Oriental Mindoro
2025-09-16 02:39:00,9.31,125.65,29,1.9,011km N 65° E of Santiago (Agusan Del Norte),Agusan Del Norte
2025-09-16 02:24:00,12.98,121.42,36,1.4,006km N 81° W of Gloria (Oriental Mindoro),Oriental Mindoro
2025-09-16 02:08:00,13.77,120.61,106,2.3,008km S 21° W of Calatagan (Batangas),Batangas
2025-09-16 02:01:00,19.23,119.86,39,4.1,115km N 46° W of Burgos (Ilocos Norte),Ilocos Norte
2025-09-16 01:58:00,8.99,126.48,23,3.4,021km N 69° E of Cagwait (Surigao Del Sur),Surigao Del Sur
2025-09-16 01:57:00,20.78,121.32,26,2.0,055km S 89° W of Itbayat (Batanes),Batanes
2025-09-16 01:53:00,10.31,123.12,12,1.9,012km S 80° E of La Castellana (Negros Occidental),Negros Occidental
2025-09-16 01:50:00,10.31,125.27,32,1.6,005km N 23° E of Anahawan (Southern Leyte),Southern Leyte
2025-09-16 01:40:00,13.33,120.76,9,1.7,013km S 15° E of Abra De Ilog (Occidental Mindoro),Occidental Mindoro
2025-09-16 01:32:00,7.15,126.9,16,2.3,040km S 81° E of Manay (Davao Oriental),Davao Oriental
2025-09-16 01:04:00,10.86,122.9,12,2.0,011km N 53° W of City Of Silay (Negros Occidental),Negros Occidental
2025-09-16 00:54:00,15.35,121.39,12,1.2,004km S 03° W of Dingalan (Aurora),Aurora
2025-09-16 00:45:00,8.75,126.83,17,2.4,059km S 84° E of Marihatag (Surigao Del Sur),Surigao Del Sur
2025-09-16 00:35:00,16.68,119.94,34,1.3,032km N 10° E of Bolinao (Pangasinan),Pangasinan
2025-09-16 00:16:00,18.32,121.76,12,1.7,008km N 62° W of Buguey (Cagayan),Cagayan
2025-09-16 00:13:00,9.09,125.85,150,2.1,023km S 34° W of Madrid (Surigao Del Sur),Surigao Del Sur
2025-09-16 00:06:00,13.47,123.2,5,1.7,008km N 89° W of Bula (Camarines Sur),Camarines Sur
2025-09-16 00:04:00,14.74,120.0,21,1.8,025km S 23° W of San Antonio (Zambales),Zambales
2025-09-15 23:42:00,12.61,123.51,36,1.8,017km S 76° W of Monreal (Masbate),Masbate
2025-09-15 23:22:00,13.8,120.7,34,1.5,008km S 66° E of Calatagan (Batangas),Batangas
2025-09-15 23:20:00,7.08,123.93,32,1.8,010km N 81° W of Datu Blah T. Sinsuat (Maguindanao Del Norte),Maguindanao Del Norte
2025-09-15 23:07:00,19.01,121.13,27,2.3,013km S 39° W of Dalupiri Island (Calayan) (Cagayan),Cagayan
2025-09-15 23:06:00,10.46,123.12,6,2.1,018km S 29° E of Murcia (Negros Occidental),Negros Occidental
2025-09-15 22:58:00,10.32,123.02,24,1.2,000km S 71° W of La Castellana (Negros Occidental),Negros Occidental
2025-09-15 22:07:00,7.54,126.02,10,2.0,009km S 36° E of Nabunturan (Davao De Oro),Davao De Oro
2025-09-15 21:55:00,12.79,124.75,47,2.2,030km N 01° W of Mondragon (Northern Samar),Northern Samar
2025-09-15 21:53:00,20.0,121.29,23,3.4,071km S 59° W of Sabtang (Batanes),Batanes
2025-09-15 21:16:00,6.45,125.78,53,2.1,020km N 80° E of Malita (Davao Occidental),Davao Occidental
2025-09-15 21:05:00,13.7,120.02,14,1.8,020km S 32° W of Lubang (Occidental Mindoro),Occidental Mindoro
2025-09-15 20:32:00,8.12,126.74,19,1.5,037km N 76° E of Lingig (Surigao Del Sur),Surigao Del Sur
2025-09-15 20:17:00,8.14,126.74,20,1.7,037km N 73° E of Lingig (Surigao Del Sur),Surigao Del Sur
2025-09-15 19:59:00,18.56,120.8,14,2.7,004km N 14° W of Dumalneg (Ilocos Norte),Ilocos Norte
2025-09-15 19:43:00,8.41,126.03,118,1.5,004km N 39° E of Rosario (Agusan Del Sur),Agusan Del Sur
2025-09-15 19:26:00,9.6,123.81,39,1.9,006km S 59° W of Dauis (Bohol),Bohol
2025-09-15 18:36:00,9.58,126.55,16,2.7,049km S 62° E of General Luna (Surigao Del Norte),Surigao Del Norte
2025-09-15 17:04:00,10.22,123.05,33,2.0,007km N 80° E of Isabela (Negros Occidental),Negros Occidental
2025-09-15 15:44:00,9.96,126.14,34,1.7,006km N 66° E of San Isidro (Surigao Del Norte),Surigao Del Norte
2025-09-15 13:00:00,6.41,126.84,178,2.6,083km S 31° E of Tarragona (Davao Oriental),Davao Oriental
2025-09-15 12:41:00,13.01,121.33,16,2.3,009km S 61° W of Socorro (Oriental Mindoro),Oriental Mindoro
2025-09-15 11:56:00,10.45,123.13,2,2.4,020km S 30° E of Murcia (Negros Occidental),Negros Occidental
2025-09-15 11:34:00,10.46,123.1,5,2.3,018km S 22° E of Murcia (Negros Occidental),Negros Occidental
2025-09-15 11:29:00,10.47,123.09,5,1.8,016km S 20° E of Murcia (Negros Occidental),Negros Occidental
2025-09-15 11:26:00,10.46,123.13,1,2.4,019km S 31° E of Murcia (Negros Occidental),Negros Occidental
2025-09-15 11:21:00,10.46,123.12,5,2.1,018km S 27° E of Murcia (Negros Occidental),Negros Occidental
2025-09-15 11:18:00,10.46,123.12,2,2.0,019km S 28° E of Murcia (Negros Occidental),Negros Occidental
2025-09-15 11:15:00,10.46,123.13,1,2.4,020km S 32° E of Murcia (Negros Occidental),Negros Occidental
2025-09-15 11:03:00,13.39,120.42,22,1.8,006km S 56° W of Paluan (Occidental Mindoro),Occidental Mindoro
2025-09-15 10:06:00,10.46,123.12,1,2.9,018km S 29° E of Murcia (Negros Occidental),Negros Occidental
2025-09-15 10:05:00,10.46,123.12,1,2.7,018km S 28° E of Murcia (Negros Occidental),Negros Occidental
2025-09-15 10:04:00,10.46,123.11,5,2.5,018km S 25° E of Murcia (Negros Occidental),Negros Occidental
2025-09-15 10:03:00,10.46,123.12,,2.5,018km S 29° E of Murcia (Negros Occidental),Negros Occidental
2025-09-15 10:02:00,10.46,123.12,2,2.7,018km S 28° E of Murcia (Negros Occidental),Negros Occidental
2025-09-15 07:52:00,18.97,121.23,8,2.3,015km S 11° E of Dalupiri Island (Calayan) (Cagayan),Cagayan
2025-09-15 07:32:00,13.73,120.6,131,2.5,012km S 19° W of Calatagan (Batangas),Batangas
2025-09-15 06:41:00,12.95,121.41,27,1.7,007km S 73° W of Gloria (Oriental Mindoro),Oriental Mindoro
2025-09-15 06:34:00,13.55,120.7,7,1.7,012km N 14° W of Abra De Ilog (Occidental Mindoro),Occidental Mindoro
2025-09-15 06:24:00,12.88,121.28,3,4.3,020km N 86° W of Bansud (Oriental Mindoro),Oriental Mindoro
2025-09-15 06:17:00,16.89,121.5,19,2.1,004km S 19° E of Alfonso Lista (Ifugao),Ifugao
2025-09-15 05:59:00,16.9,121.51,10,2.4,003km S 46° E of Alfonso Lista (Ifugao),Ifugao
2025-09-15 05:39:00,10.46,123.11,2,2.2,018km S 28° E of Murcia (Negros Occidental),Negros Occidental
2025-09-15 05:16:00,6.52,125.89,20,2.4,027km S 55° W of Governor Generoso (Davao Oriental),Davao Oriental
2025-09-15 04:52:00,9.49,122.74,21,2.0,013km N 28° W of City Of Bayawan (Negros Oriental),Negros Oriental
2025-09-15 04:46:00,13.0,121.33,18,1.5,010km S 51° W of Socorro (Oriental Mindoro),Oriental Mindoro
2025-09-15 04:33:00,10.47,123.12,7,3.6,017km S 30° E of Murcia (Negros Occidental),Negros Occidental
2025-09-15 04:14:00,10.47,123.13,6,2.5,018km S 32° E of Murcia (Negros Occidental),Negros Occidental
2025-09-15 03:59:00,18.39,121.29,22,1.8,010km S 35° W of Pamplona (Cagayan),Cagayan
2025-09-15 03:27:00,10.52,126.73,3,3.7,091km N 52° E of Burgos (Surigao Del Norte),Surigao Del Norte
2025-09-15 03:21:00,12.92,121.4,28,1.6,009km N 44° W of Bansud (Oriental Mindoro),Oriental Mindoro
2025-09-15 03:16:00,16.96,120.47,17,1.6,003km N 41° E of Tagudin (Ilocos Sur),Ilocos Sur
2025-09-15 03:07:00,12.94,121.39,29,1.8,013km S 05° W of Socorro (Oriental Mindoro),Oriental Mindoro
2025-09-15 03:02:00,12.9,121.28,3,2.6,020km N 77° W of Bansud (Oriental Mindoro),Oriental Mindoro
2025-09-15 03:00:00,8.98,126.52,24,2.1,024km N 74° E of Cagwait (Surigao Del Sur),Surigao Del Sur
2025-09-15 02:57:00,12.95,121.17,4,4.7,032km N 73° W of Bansud (Oriental Mindoro),Oriental Mindoro
2025-09-15 01:57:00,8.02,126.42,20,1.4,002km S 28° E of Lingig (Surigao Del Sur),Surigao Del Sur
2025-09-15 01:44:00,11.66,124.33,6,2.0,004km S 55° W of Kawayan (Biliran),Biliran
2025-09-15 01:42:00,10.46,123.12,2,2.8,018km S 29° E of Murcia (Negros Occidental),Negros Occidental
2025-09-15 01:37:00,10.47,123.12,3,2.1,018km S 30° E of Murcia (Negros Occidental),Negros Occidental
2025-09-15 01:31:00,10.48,123.11,7,3.4,016km S 30° E of Murcia (Negros Occidental),Negros Occidental
2025-09-15 01:28:00,12.62,123.49,5,2.8,016km N 39° E of Aroroy (Masbate),Masbate
2025-09-15 01:01:00,7.72,126.69,21,1.8,021km N 42° E of Baganga (Davao Oriental),Davao Oriental
2025-09-15 01:00:00,6.19,126.24,123,2.2,055km S 19° E of Governor Generoso (Davao Oriental),Davao Oriental
2025-09-15 00:39:00,17.65,120.48,25,1.5,008km S 56° E of Magsingal (Ilocos Sur),Ilocos Sur
2025-09-14 22:48:00,12.85,123.04,11,2.5,023km S 75° W of Claveria (Masbate),Masbate
2025-09-14 22:12:00,17.81,120.68,28,1.8,011km N 16° W of Lagayan (Abra),Abra
2025-09-14 22:09:00,9.46,125.87,131,2.2,013km N 40° W of Carrascal (Surigao Del Sur),Surigao Del Sur
2025-09-14 21:54:00,6.54,125.95,28,2.3,018km S 48° W of Governor Generoso (Davao Oriental),Davao Oriental
2025-09-14 21:52:00,13.57,120.61,30,1.3,019km N 42° W of Abra De Ilog (Occidental Mindoro),Occidental Mindoro
2025-09-14 21:50:00,16.36,120.68,3,1.9,001km N 36° E of Itogon (Benguet),Benguet
2025-09-14 20:32:00,10.27,125.67,94,2.2,014km S 43° E of Loreto (Dinagat Islands),Dinagat Islands
2025-09-14 20:09:00,7.66,127.19,17,2.6,070km N 83° E of Baganga (Davao Oriental),Davao Oriental
2025-09-14 20:08:00,17.7,121.05,14,1.6,012km N 70° E of Lacub (Abra),Abra
2025-09-14 19:57:00,7.85,126.32,3,2.3,006km S 66° W of Boston (Davao Oriental),Davao Oriental
2025-09-14 19:45:00,13.16,124.72,13,2.2,059km N 77° E of Prieto Diaz (Sorsogon),Sorsogon
2025-09-14 18:45:00,9.81,123.92,12,1.9,004km N 38° E of Antequera (Bohol),Bohol
2025-09-14 18:18:00,9.33,126.32,30,1.8,015km N 67° E of Cortes (Surigao Del Sur),Surigao Del Sur
2025-09-14 17:03:00,21.86,121.39,77,3.3,128km N 22° W of Itbayat (Batanes),Batanes
2025-09-14 16:11:00,10.45,123.13,3,3.1,020km S 28° E of Murcia (Negros Occidental),Negros Occidental
2025-09-14 14:59:00,10.3,123.1,12,2.6,005km N 46° E of Moises Padilla (Negros Occidental),Negros Occidental
2025-09-14 14:45:00,12.96,123.12,6,2.3,015km N 65° W of Claveria (Masbate),Masbate
2025-09-14 14:44:00,18.66,121.46,40,1.3,023km S 24° E of Fuga Island (Aparri) (Cagayan),Cagayan
2025-09-14 12:49:00,9.45,126.16,25,2.0,020km N 11° W of Cortes (Surigao Del Sur),Surigao Del Sur
2025-09-14 12:06:00,10.19,125.95,24,2.5,022km N 27° W of Santa Monica (Surigao Del Norte),Surigao Del Norte
2025-09-14 11:55:00,20.17,121.85,33,2.6,018km S 07° W of Sabtang (Batanes),Batanes
2025-09-14 10:59:00,12.81,122.95,5,1.9,034km S 72° W of Claveria (Masbate),Masbate
2025-09-14 10:01:00,10.51,126.69,7,3.8,087km N 51° E of Burgos (Surigao Del Norte),Surigao Del Norte
2025-09-14 09:56:00,8.42,123.36,33,1.8,012km S 56° W of PiÑan (Zamboanga Del Norte),Zamboanga Del Norte
2025-09-14 09:10:00,6.6,125.52,37,2.2,007km N 41° E of Santa Maria (Davao Occidental),Davao Occidental
2025-09-14 08:43:00,18.95,120.98,11,3.3,029km S 54° W of Dalupiri Island (Calayan) (Cagayan),Cagayan
2025-09-14 07:56:00,8.8,125.8,34,2.0,011km N 32° E of City Of Bayugan (Agusan Del Sur),Agusan Del Sur
2025-09-14 07:25:00,13.89,120.53,62,1.2,013km N 58° W of Calatagan (Batangas),Batangas
2025-09-14 07:19:00,11.87,124.14,5,2.0,019km N 36° E of Esperanza (Masbate),Masbate
2025-09-14 06:50:00,10.19,126.16,8,2.6,021km N 25° E of Burgos (Surigao Del Norte),Surigao Del Norte
2025-09-14 06:45:00,12.82,123.0,14,4.5,028km S 70° W of Claveria (Masbate),Masbate
2025-09-14 06:08:00,10.45,123.11,4,2.0,019km S 25° E of Murcia (Negros Occidental),Negros Occidental
2025-09-14 06:06:00,10.44,123.11,3,1.2,019km S 23° E of Murcia (Negros Occidental),Negros Occidental
2025-09-14 06:04:00,10.45,123.12,2,1.3,019km S 27° E of Murcia (Negros Occidental),Negros Occidental
2025-09-14 06:02:00,19.29,121.13,3,2.6,022km N 21° W of Dalupiri Island (Calayan) (Cagayan),Cagayan
2025-09-14 05:48:00,10.44,123.11,5,2.0,020km S 23° E of Murcia (Negros Occidental),Negros Occidental
2025-09-14 05:32:00,10.45,126.63,9,3.4,078km N 52° E of Burgos (Surigao Del Norte),Surigao Del Norte
2025-09-14 05:30:00,10.44,123.12,6,4.6,020km S 25° E of Murcia (Negros Occidental),Negros Occidental
2025-09-14 04:44:00,18.26,120.81,49,2.0,013km N 03° W of Carasi (Ilocos Norte),Ilocos Norte
2025-09-14 04:38:00,13.75,120.61,71,1.5,009km S 16° W of Calatagan (Batangas),Batangas
2025-09-14 03:51:00,18.74,120.07,23,3.7,066km N 67° W of Burgos (Ilocos Norte),Ilocos Norte
2025-09-14 03:36:00,13.12,124.16,9,2.0,008km S 25° E of Rapu-rapu (Albay),Albay
2025-09-14 03:36:00,10.15,125.94,30,1.6,018km N 37° W of Santa Monica (Surigao Del Norte),Surigao Del Norte
2025-09-14 03:34:00,10.45,123.13,4,2.3,020km S 29° E of Murcia (Negros Occidental),Negros Occidental
2025-09-14 03:15:00,5.15,123.2,598,3.3,160km S 43° W of Palimbang (Sultan Kudarat),Sultan Kudarat
2025-09-14 02:39:00,15.09,119.83,2,2.5,025km S 72° W of Cabangan (Zambales),Zambales
2025-09-14 01:57:00,8.74,126.13,18,1.8,011km S 86° W of San Agustin (Surigao Del Sur),Surigao Del Sur
2025-09-14 01:53:00,8.27,126.18,29,2.0,016km N 67° W of City Of Bislig (Surigao Del Sur),Surigao Del Sur
2025-09-14 01:39:00,6.52,124.51,9,1.5,006km S 73° W of Bagumbayan (Sultan Kudarat),Sultan Kudarat
2025-09-14 01:24:00,9.53,126.35,13,1.6,033km N 31° E of Cortes (Surigao Del Sur),Surigao Del Sur
2025-09-14 01:22:00,8.63,125.61,28,2.1,012km S 06° E of Las Nieves (Agusan Del Norte),Agusan Del Norte
2025-09-14 01:20:00,7.81,122.64,33,1.2,006km N 64° E of Ipil (Zamboanga Sibugay),Zamboanga Sibugay
2025-09-14 01:03:00,13.74,120.63,108,1.9,010km S 02° W of Calatagan (Batangas),Batangas
2025-09-14 00:26:00,13.91,122.82,36,1.5,011km N 14° E of Ragay (Camarines Sur),Camarines Sur
2025-09-14 00:17:00,13.69,120.59,89,2.1,017km S 17° W of Calatagan (Batangas),Batangas
2025-09-14 00:14:00,8.24,127.34,30,2.4,105km N 78° E of Lingig (Surigao Del Sur),Surigao Del Sur
2025-09-14 00:08:00,4.75,123.28,625,4.4,190km S 32° W of Palimbang (Sultan Kudarat),Sultan Kudarat
2025-09-13 23:48:00,9.22,126.23,30,1.4,008km S 36° E of Cortes (Surigao Del Sur),Surigao Del Sur
2025-09-13 23:14:00,13.6,122.98,10,2.1,011km N 83° W of Pamplona (Camarines Sur),Camarines Sur
2025-09-13 22:45:00,12.81,121.19,26,1.8,030km S 79° W of Bansud (Oriental Mindoro),Oriental Mindoro
2025-09-13 22:19:00,13.7,120.68,103,1.7,015km S 20° E of Calatagan (Batangas),Batangas
2025-09-13 22:10:00,18.54,120.94,4,2.6,006km S 69° W of Santa Praxedes (Cagayan),Cagayan
2025-09-13 22:10:00,17.81,120.63,34,1.3,012km S 17° W of Nueva Era (Ilocos Norte),Ilocos Norte
2025-09-13 22:08:00,13.91,120.51,75,1.5,016km N 55° W of Calatagan (Batangas),Batangas
2025-09-13 21:26:00,18.39,121.06,35,1.6,018km S 66° E of Adams (Ilocos Norte),Ilocos Norte
2025-09-13 20:57:00,14.34,120.39,97,1.4,016km S 45° W of Mariveles (Bataan),Bataan
2025-09-13 20:52:00,17.12,122.18,21,2.8,026km S 28° W of Divilacan (Isabela),Isabela
2025-09-13 20:32:00,13.67,120.61,158,1.4,018km S 09° W of Calatagan (Batangas),Batangas
2025-09-13 19:49:00,17.62,120.73,20,2.1,001km N 52° W of Lagangilang (Abra),Abra
2025-09-13 17:28:00,14.05,120.47,121,1.6,018km S 82° W of Nasugbu (Batangas),Batangas
2025-09-13 16:44:00,9.25,126.39,18,2.2,022km S 83° E of Cortes (Surigao Del Sur),Surigao Del Sur
2025-09-13 16:21:00,8.82,126.28,32,1.6,003km N 38° W of Marihatag (Surigao Del Sur),Surigao Del Sur
2025-09-13 15:53:00,17.47,120.36,25,2.6,008km S 80° W of Santa (Ilocos Sur),Ilocos Sur
2025-09-13 15:49:00,13.65,120.63,97,1.4,020km S 02° W of Calatagan (Batangas),Batangas
2025-09-13 14:42:00,12.54,123.56,5,1.4,010km N 45° E of Baleno (Masbate),Masbate
2025-09-13 14:11:00,8.36,126.03,12,1.5,004km S 45° E of Rosario (Agusan Del Sur),Agusan Del Sur
2025-09-13 14:01:00,18.14,120.49,32,1.6,010km N 17° W of Paoay (Ilocos Norte),Ilocos Norte
2025-09-13 14:01:00,9.73,122.44,11,1.5,005km S 16° E of City Of Sipalay (Negros Occidental),Negros Occidental
2025-09-13 13:32:00,15.47,121.29,11,1.7,005km N 67° W of Gabaldon (Nueva Ecija),Nueva Ecija
2025-09-13 12:57:00,13.45,119.97,23,2.0,043km S 46° W of Looc (Occidental Mindoro),Occidental Mindoro
2025-09-13 12:02:00,8.77,127.08,7,3.4,086km S 87° E of Marihatag (Surigao Del Sur),Surigao Del Sur
2025-09-13 11:05:00,8.73,126.56,8,2.0,030km S 75° E of Marihatag (Surigao Del Sur),Surigao Del Sur
2025-09-13 10:41:00,5.94,126.95,105,4.0,125km S 51° E of Governor Generoso (Davao Oriental),Davao Oriental
2025-09-13 09:36:00,7.6,125.9,8,3.0,008km S 85° W of Nabunturan (Davao De Oro),Davao De Oro
2025-09-13 08:07:00,9.22,124.02,12,2.1,041km N 87° E of Maria (Siquijor),Siquijor
2025-09-13 07:49:00,6.96,125.75,53,2.4,014km S 16° E of Island Garden City Of Samal (Davao Del Norte),Davao Del Norte
2025-09-13 07:49:00,12.51,123.68,6,2.3,009km S 43° W of San Jacinto (Masbate),Masbate
2025-09-13 07:32:00,10.34,126.09,31,1.6,036km N 02° E of Burgos (Surigao Del Norte),Surigao Del Norte
2025-09-13 07:05:00,18.84,120.95,6,1.7,030km N 28° W of Claveria (Cagayan),Cagayan
2025-09-13 06:57:00,9.24,126.9,15,2.3,074km N 66° E of Bayabas (Surigao Del Sur),Surigao Del Sur
2025-09-13 06:57:00,9.24,126.9,15,2.3,074km N 66° E of Bayabas (Surigao Del Sur),Surigao Del Sur
2025-09-13 06:36:00,5.38,124.99,4,1.9,048km S 86° W of Balut Island (Municipality Of Sarangani) (Davao Occidental),Davao Occidental
2025-09-13 05:41:00,8.73,126.37,19,2.0,011km S 48° E of Marihatag (Surigao Del Sur),Surigao Del Sur
2025-09-13 05:10:00,9.59,126.5,17,2.2,043km S 60° E of General Luna (Surigao Del Norte),Surigao Del Norte
2025-09-13 04:56:00,18.51,120.68,35,1.4,003km S 81° E of Burgos (Ilocos Norte),Ilocos Norte
2025-09-13 04:16:00,8.44,125.94,31,2.2,009km N 49° W of Rosario (Agusan Del Sur),Agusan Del Sur
2025-09-13 04:07:00,15.51,119.1,15,3.2,087km N 84° W of Palauig (Zambales),Zambales
2025-09-13 04:05:00,16.81,121.48,22,1.5,007km N 57° W of Ramon (Isabela),Isabela
2025-09-13 03:32:00,13.68,120.61,102,1.5,017km S 09° W of Calatagan (Batangas),Batangas
2025-09-13 03:31:00,17.45,120.53,20,2.2,001km N 39° E of Nagbukel (Ilocos Sur),Ilocos Sur
2025-09-13 03:28:00,9.76,123.71,16,2.0,011km S 61° W of Loon (Bohol),Bohol
2025-09-13 03:06:00,17.45,120.38,12,2.5,011km S 03° W of Caoayan (Ilocos Sur),Ilocos Sur
2025-09-13 02:59:00,15.7,121.98,17,1.6,045km S 82° E of Baler (Aurora),Aurora
2025-09-13 02:51:00,9.65,122.18,18,2.4,030km S 65° W of City Of Sipalay (Negros Occidental),Negros Occidental
2025-09-13 02:37:00,16.78,120.12,31,1.4,025km N 74° W of Bacnotan (La Union),La Union
2025-09-13 02:34:00,14.12,120.51,144,1.7,014km N 70° W of Nasugbu (Batangas),Batangas
2025-09-13 02:22:00,9.66,126.3,21,1.8,020km S 48° E of General Luna (Surigao Del Norte),Surigao Del Norte
2025-09-13 01:29:00,12.96,121.01,32,1.8,028km N 62° E of Sablayan (Occidental Mindoro),Occidental Mindoro
2025-09-13 01:19:00,7.76,124.15,5,1.8,002km S 78° W of Tubaran (Lanao Del Sur),Lanao Del Sur
2025-09-13 01:13:00,8.19,127.38,25,2.8,108km N 81° E of Lingig (Surigao Del Sur),Surigao Del Sur
2025-09-13 01:04:00,7.56,126.76,24,1.6,022km S 85° E of Baganga (Davao Oriental),Davao Oriental
2025-09-13 01:03:00,8.0,125.92,32,1.4,009km S 25° W of Veruela (Agusan Del Sur),Agusan Del Sur
2025-09-13 00:52:00,13.77,120.64,12,1.3,007km S 05° E of Calatagan (Batangas),Batangas
2025-09-13 00:05:00,8.89,126.68,10,1.8,042km S 85° E of Cagwait (Surigao Del Sur),Surigao Del Sur
2025-09-12 23:34:00,9.5,125.86,20,2.2,016km S 59° E of Claver (Surigao Del Norte),Surigao Del Norte
2025-09-12 23:13:00,7.12,124.73,36,2.1,005km N 20° W of Datu Montawal (Maguindanao Del Sur),Maguindanao Del Sur
2025-09-12 22:33:00,12.98,124.34,24,1.8,017km S 69° E of Prieto Diaz (Sorsogon),Sorsogon
2025-09-12 22:30:00,10.67,124.96,2,2.0,007km N 06° W of Mahaplag (Leyte),Leyte
2025-09-12 22:25:00,11.92,125.67,35,1.7,024km S 57° E of Dolores (Eastern Samar),Eastern Samar
2025-09-12 22:19:00,9.39,126.19,17,2.3,013km N 04° W of Cortes (Surigao Del Sur),Surigao Del Sur
2025-09-12 22:17:00,15.69,122.0,8,3.3,048km S 81° E of Baler (Aurora),Aurora
2025-09-12 20:37:00,8.68,126.7,2,2.6,046km S 74° E of Marihatag (Surigao Del Sur),Surigao Del Sur
2025-09-12 20:26:00,18.74,120.77,21,1.8,020km N 05° W of Pagudpud (Ilocos Norte),Ilocos Norte
2025-09-12 20:24:00,6.36,126.04,121,2.2,033km S 06° W of Governor Generoso (Davao Oriental),Davao Oriental
2025-09-12 20:09:00,6.11,126.27,159,2.2,064km S 81° E of Don Marcelino (Davao Occidental),Davao Occidental
2025-09-12 19:50:00,10.01,123.21,19,2.2,003km N 21° E of Jimalalud (Negros Oriental),Negros Oriental
2025-09-12 17:46:00,7.95,126.23,8,2.1,019km N 61° W of Boston (Davao Oriental),Davao Oriental
2025-09-12 16:31:00,12.71,120.8,29,1.4,015km S 08° E of Sablayan (Occidental Mindoro),Occidental Mindoro
2025-09-12 15:49:00,10.1,126.28,4,3.3,024km N 67° E of Burgos (Surigao Del Norte),Surigao Del Norte
2025-09-12 14:38:00,8.24,125.83,21,2.7,005km S 35° E of La Paz (Agusan Del Sur),Agusan Del Sur
2025-09-12 13:37:00,16.69,121.0,9,1.9,007km N 80° E of Tinoc (Ifugao),Ifugao
2025-09-12 12:01:00,10.0,123.2,25,2.2,002km N 08° W of Jimalalud (Negros Oriental),Negros Oriental
2025-09-12 10:33:00,13.54,120.77,33,1.4,012km N 26° E of Abra De Ilog (Occidental Mindoro),Occidental Mindoro
2025-09-12 08:21:00,17.95,122.34,23,2.5,050km N 83° E of Baggao (Cagayan),Cagayan
2025-09-12 08:10:00,13.97,120.48,122,2.3,023km N 46° W of Calatagan (Batangas),Batangas
2025-09-12 07:18:00,14.04,124.04,3,2.6,011km N 58° W of Caramoran (Catanduanes),Catanduanes
2025-09-12 05:45:00,10.11,125.7,54,2.2,012km N 66° E of Basilisa (Dinagat Islands),Dinagat Islands
2025-09-12 05:41:00,11.23,124.63,7,2.4,007km S 16° W of Capoocan (Leyte),Leyte
2025-09-12 05:26:00,6.44,126.43,26,3.2,047km S 59° E of Governor Generoso (Davao Oriental),Davao Oriental
2025-09-12 05:16:00,17.75,120.68,25,2.1,004km N 44° W of Lagayan (Abra),Abra
2025-09-12 05:02:00,7.31,126.55,146,3.7,002km S 41° W of Caraga (Davao Oriental),Davao Oriental
2025-09-12 04:55:00,9.59,126.56,15,3.8,050km S 64° E of General Luna (Surigao Del Norte),Surigao Del Norte
2025-09-12 04:54:00,14.14,121.16,33,2.1,003km N 28° E of City Of Santo Tomas (Batangas),Batangas
2025-09-12 04:31:00,7.98,126.45,21,2.0,008km S 28° E of Lingig (Surigao Del Sur),Surigao Del Sur
2025-09-12 03:55:00,16.34,120.1,1,2.1,017km N 72° E of Anda (Pangasinan),Pangasinan
2025-09-12 03:55:00,18.51,121.51,10,2.4,009km N 37° E of Abulug (Cagayan),Cagayan
2025-09-12 03:51:00,8.36,123.23,40,1.9,017km N 47° E of Siayan (Zamboanga Del Norte),Zamboanga Del Norte
2025-09-12 03:49:00,14.81,123.8,33,2.3,094km N 25° W of Pandan (Catanduanes),Catanduanes
2025-09-12 03:45:00,8.73,125.64,30,2.7,004km S 85° E of Las Nieves (Agusan Del Norte),Agusan Del Norte
2025-09-12 03:04:00,6.08,126.16,143,2.3,054km S 76° E of Don Marcelino (Davao Occidental),Davao Occidental
2025-09-12 02:41:00,6.89,127.04,14,2.8,065km S 57° E of Manay (Davao Oriental),Davao Oriental
2025-09-12 01:17:00,15.72,121.96,8,2.5,043km S 84° E of Baler (Aurora),Aurora
2025-09-12 00:43:00,16.48,122.12,12,2.2,017km S 74° W of Dinapigue (Isabela),Isabela
2025-09-12 00:25:00,13.58,123.69,11,1.8,014km N 04° E of Tiwi (Albay),Albay
2025-09-11 23:37:00,5.41,126.62,146,2.9,121km S 63° E of Jose Abad Santos (Davao Occidental),Davao Occidental
2025-09-11 23:15:00,15.26,119.87,20,2.6,013km S 58° W of Iba (Zambales),Zambales
2025-09-11 22:31:00,10.16,125.45,46,2.3,010km S 70° W of Libjo (Dinagat Islands),Dinagat Islands
2025-09-11 22:29:00,11.14,125.63,16,3.0,004km S 71° W of Salcedo (Eastern Samar),Eastern Samar
2025-09-11 22:14:00,14.73,119.95,25,1.7,028km S 31° W of San Antonio (Zambales),Zambales
2025-09-11 21:57:00,8.8,123.45,9,2.1,019km N 11° E of City Of Dapitan (Zamboanga Del Norte),Zamboanga Del Norte
2025-09-11 21:46:00,6.69,125.97,31,2.5,012km N 69° W of Governor Generoso (Davao Oriental),Davao Oriental
2025-09-11 20:43:00,13.6,120.64,130,1.6,020km N 30° W of Abra De Ilog (Occidental Mindoro),Occidental Mindoro
2025-09-11 19:44:00,18.1,120.54,53,2.8,005km N 21° E of Paoay (Ilocos Norte),Ilocos Norte
2025-09-11 19:09:00,15.71,121.96,7,3.1,043km S 82° E of Baler (Aurora),Aurora
2025-09-11 18:44:00,5.73,125.78,119,3.1,025km S 36° E of Jose Abad Santos (Davao Occidental),Davao Occidental
2025-09-11 16:55:00,15.74,121.97,4,2.4,044km S 87° E of Baler (Aurora),Aurora
2025-09-11 16:44:00,15.71,122.01,9,2.2,048km S 84° E of Baler (Aurora),Aurora
2025-09-11 16:35:00,15.71,121.96,13,2.0,043km S 83° E of Baler (Aurora),Aurora
2025-09-11 16:34:00,15.73,121.91,13,2.0,037km S 84° E of Baler (Aurora),Aurora
2025-09-11 16:06:00,11.41,125.13,82,2.6,015km N 25° E of Basey (Samar),Samar
2025-09-11 15:24:00,15.73,121.96,5,2.1,043km S 86° E of Baler (Aurora),Aurora
2025-09-11 15:21:00,7.45,127.11,4,3.0,061km N 77° E of Caraga (Davao Oriental),Davao Oriental
2025-09-11 15:14:00,15.71,121.98,9,3.4,045km S 84° E of Baler (Aurora),Aurora
2025-09-11 14:35:00,9.44,126.46,11,2.6,035km N 59° E of Cortes (Surigao Del Sur),Surigao Del Sur
2025-09-11 14:09:00,15.24,119.89,26,4.5,013km S 46° W of Iba (Zambales),Zambales
2025-09-11 12:47:00,18.41,120.92,7,2.5,007km S 22° E of Adams (Ilocos Norte),Ilocos Norte
2025-09-11 12:23:00,10.15,123.74,30,1.4,003km S 68° E of San Fernando (Cebu),Cebu
2025-09-11 11:58:00,8.4,124.31,10,3.0,002km N 87° E of Manticao (Misamis Oriental),Misamis Oriental
2025-09-11 10:24:00,14.55,119.88,16,2.4,044km S 71° W of Morong (Bataan),Bataan
2025-09-11 10:12:00,6.6,126.43,40,2.6,040km S 81° E of Governor Generoso (Davao Oriental),Davao Oriental
2025-09-11 08:18:00,11.08,125.79,12,2.8,016km S 60° E of Salcedo (Eastern Samar),Eastern Samar
2025-09-11 07:05:00,12.56,125.9,34,2.4,059km N 46° E of San Policarpo (Eastern Samar),Eastern Samar
2025-09-11 06:25:00,18.07,120.87,10,2.5,009km S 31° E of Carasi (Ilocos Norte),Ilocos Norte
2025-09-11 05:26:00,9.68,125.96,30,2.7,007km N 03° W of Socorro (Surigao Del Norte),Surigao Del Norte
2025-09-11 05:08:00,19.07,121.38,5,2.2,019km S 79° E of Dalupiri Island (Calayan) (Cagayan),Cagayan
2025-09-11 04:50:00,16.18,121.98,30,1.5,005km N 31° E of Dinalungan (Aurora),Aurora
2025-09-11 04:21:00,7.84,126.97,10,1.7,053km N 57° E of Baganga (Davao Oriental),Davao Oriental
2025-09-11 04:10:00,15.82,120.55,32,1.6,004km S 48° E of Alcala (Pangasinan),Pangasinan
2025-09-11 04:08:00,6.48,125.89,23,2.5,027km S 46° W of Governor Generoso (Davao Oriental),Davao Oriental
2025-09-11 04:04:00,15.78,120.66,24,2.1,001km N 49° W of Cuyapo (Nueva Ecija),Nueva Ecija
2025-09-11 04:03:00,15.81,120.69,5,3.1,005km N 35° E of Cuyapo (Nueva Ecija),Nueva Ecija
2025-09-11 03:46:00,16.37,122.19,17,2.2,003km S 39° W of Dilasag (Aurora),Aurora
2025-09-11 03:40:00,15.79,120.65,26,1.9,001km N 54° W of Cuyapo (Nueva Ecija),Nueva Ecija
2025-09-11 03:28:00,16.37,120.43,4,2.2,003km N 37° E of Tubao (La Union),La Union
2025-09-11 03:22:00,2.72,126.67,35,4.0,329km S 25° E of Balut Island (Municipality Of Sarangani) (Davao Occidental),Davao Occidental
2025-09-11 03:18:00,13.08,124.06,35,1.5,012km N 21° E of City Of Sorsogon (Sorsogon),Sorsogon
2025-09-11 03:06:00,13.92,120.5,74,1.8,017km N 56° W of Calatagan (Batangas),Batangas
2025-09-11 02:55:00,7.61,126.12,32,1.7,007km N 14° W of New Bataan (Davao De Oro),Davao De Oro
2025-09-11 02:25:00,13.88,120.5,74,1.8,015km N 69° W of Calatagan (Batangas),Batangas
2025-09-11 02:22:00,13.51,120.6,6,1.8,016km N 63° W of Abra De Ilog (Occidental Mindoro),Occidental Mindoro
2025-09-11 00:29:00,9.45,126.93,5,3.6,082km N 77° E of Cortes (Surigao Del Sur),Surigao Del Sur
2025-09-10 23:23:00,15.82,120.69,8,2.5,005km N 33° E of Cuyapo (Nueva Ecija),Nueva Ecija
2025-09-10 23:16:00,5.36,126.35,2,3.1,098km S 83° E of Sarangani Island (Municipality Of Sarangani) (Davao Occidental),Davao Occidental
2025-09-10 21:57:00,13.89,120.56,80,1.5,010km N 48° W of Calatagan (Batangas),Batangas
2025-09-10 21:50:00,14.36,123.56,30,1.8,050km N 42° E of Siruma (Camarines Sur),Camarines Sur
2025-09-10 21:33:00,10.88,122.32,9,2.5,012km North of Tubungan (Iloilo),Iloilo
2025-09-10 21:21:00,7.35,126.69,25,1.9,014km N 79° E of Caraga (Davao Oriental),Davao Oriental
2025-09-10 19:59:00,5.87,125.81,136,2.2,018km S 77° E of Jose Abad Santos (Davao Occidental),Davao Occidental
2025-09-10 19:14:00,13.23,120.89,44,1.5,024km N 48° E of Santa Cruz (Occidental Mindoro),Occidental Mindoro
2025-09-10 18:45:00,14.23,120.26,71,3.1,033km S 47° W of Mariveles (Bataan),Bataan
2025-09-10 17:01:00,13.77,120.52,80,3.3,014km S 61° W of Calatagan (Batangas),Batangas
2025-09-10 16:29:00,9.83,124.93,12,2.4,018km S 58° W of Limasawa (Southern Leyte),Southern Leyte
2025-09-10 15:52:00,7.62,124.73,4,2.8,003km S 20° E of Wao (Lanao Del Sur),Lanao Del Sur
2025-09-10 13:30:00,13.39,120.62,3,2.3,013km S 64° W of Abra De Ilog (Occidental Mindoro),Occidental Mindoro
2025-09-10 13:04:00,13.53,120.69,2,2.8,010km N 26° W of Abra De Ilog (Occidental Mindoro),Occidental Mindoro
2025-09-10 12:57:00,13.38,120.61,2,2.0,014km S 61° W of Abra De Ilog (Occidental Mindoro),Occidental Mindoro
2025-09-10 11:56:00,8.95,122.61,20,2.3,048km S 75° W of Siaton (Negros Oriental),Negros Oriental
2025-09-10 11:10:00,12.45,124.83,29,1.3,011km S 47° E of Mondragon (Northern Samar),Northern Samar
2025-09-10 11:03:00,7.91,126.62,87,2.2,022km N 55° E of Cateel (Davao Oriental),Davao Oriental
2025-09-10 08:40:00,12.74,123.57,27,1.8,015km N 44° W of Monreal (Masbate),Masbate
2025-09-10 08:34:00,20.15,121.34,32,3.2,060km S 70° W of Sabtang (Batanes),Batanes
2025-09-10 08:14:00,13.52,124.96,4,3.6,065km S 76° E of Baras (Catanduanes),Catanduanes
2025-09-10 08:06:00,13.43,120.46,32,1.4,002km N 24° W of Paluan (Occidental Mindoro),Occidental Mindoro
2025-09-10 06:14:00,18.19,120.69,6,2.1,003km N 45° W of Piddig (Ilocos Norte),Ilocos Norte
2025-09-10 06:05:00,11.36,125.53,24,2.7,007km S 21° W of Llorente (Eastern Samar),Eastern Samar
2025-09-10 05:52:00,8.34,125.9,11,2.7,012km N 58° E of La Paz (Agusan Del Sur),Agusan Del Sur
2025-09-10 05:06:00,5.75,126.21,114,2.6,065km S 74° E of Jose Abad Santos (Davao Occidental),Davao Occidental
2025-09-10 04:44:00,5.72,126.45,34,1.9,092km S 76° E of Jose Abad Santos (Davao Occidental),Davao Occidental
2025-09-10 04:42:00,15.25,121.99,17,2.4,040km N 29° E of Panukulan (Quezon),Quezon
2025-09-10 04:20:00,8.96,122.38,32,1.9,057km S 30° W of Basay (Negros Oriental),Negros Oriental
2025-09-10 03:46:00,8.99,126.5,25,1.8,023km N 69° E of Cagwait (Surigao Del Sur),Surigao Del Sur
2025-09-10 03:43:00,8.91,126.48,15,1.6,019km S 86° E of Cagwait (Surigao Del Sur),Surigao Del Sur
2025-09-10 03:35:00,8.96,126.4,23,4.1,012km N 67° E of Cagwait (Surigao Del Sur),Surigao Del Sur
2025-09-10 03:21:00,18.65,121.19,3,1.7,012km N 64° E of Claveria (Cagayan),Cagayan
2025-09-10 03:09:00,13.34,120.72,33,1.4,012km S 03° W of Abra De Ilog (Occidental Mindoro),Occidental Mindoro
2025-09-10 02:57:00,6.61,126.41,27,3.4,037km S 82° E of Governor Generoso (Davao Oriental),Davao Oriental
2025-09-10 02:52:00,13.38,120.7,14,1.6,008km S 22° W of Abra De Ilog (Occidental Mindoro),Occidental Mindoro
2025-09-10 02:42:00,14.09,119.48,14,1.9,074km N 70° W of Lubang (Occidental Mindoro),Occidental Mindoro
2025-09-10 02:36:00,8.33,125.62,50,1.7,021km N 74° W of La Paz (Agusan Del Sur),Agusan Del Sur
2025-09-10 02:10:00,10.42,125.06,3,1.4,010km N 64° E of Sogod (Southern Leyte),Southern Leyte
2025-09-10 01:59:00,17.72,120.1,14,1.9,031km N 64° W of Santa Catalina (Ilocos Sur),Ilocos Sur
2025-09-10 01:56:00,11.66,122.35,23,1.4,005km N 71° E of Malinao (Aklan),Aklan
2025-09-10 01:55:00,11.59,122.24,13,1.7,010km N 47° W of Madalag (Aklan),Aklan
2025-09-10 01:37:00,16.98,120.82,5,2.6,001km S 08° W of Tadian (Mountain Province),Mountain Province
2025-09-10 01:13:00,18.43,120.74,19,2.3,012km S 13° W of Bangui (Ilocos Norte),Ilocos Norte
2025-09-10 01:06:00,13.48,120.4,31,2.3,010km N 47° W of Paluan (Occidental Mindoro),Occidental Mindoro
2025-09-10 00:52:00,9.3,126.48,15,1.8,032km N 86° E of Cortes (Surigao Del Sur),Surigao Del Sur
2025-09-10 00:17:00,13.38,120.72,13,1.7,007km S 08° W of Abra De Ilog (Occidental Mindoro),Occidental Mindoro
2025-09-09 23:57:00,8.71,124.72,26,1.4,007km S 58° W of Balingasag (Misamis Oriental),Misamis Oriental
2025-09-09 23:51:00,17.21,120.63,10,2.6,007km N 19° E of Gregorio Del Pilar (Ilocos Sur),Ilocos Sur
2025-09-09 23:33:00,8.21,127.38,38,2.2,109km N 80° E of Lingig (Surigao Del Sur),Surigao Del Sur
2025-09-09 20:29:00,13.73,122.84,2,2.1,010km S 49° W of Lupi (Camarines Sur),Camarines Sur
2025-09-09 20:20:00,13.01,124.45,35,1.6,028km S 82° E of Prieto Diaz (Sorsogon),Sorsogon
2025-09-09 20:15:00,14.15,119.71,21,2.0,055km N 54° W of Lubang (Occidental Mindoro),Occidental Mindoro
2025-09-09 19:36:00,8.66,126.59,24,2.1,036km S 64° E of Marihatag (Surigao Del Sur),Surigao Del Sur
2025-09-09 19:34:00,9.38,125.98,107,2.1,004km N 65° E of Carrascal (Surigao Del Sur),Surigao Del Sur
2025-09-09 19:15:00,10.97,125.42,80,4.0,017km S 11° W of Giporlos (Eastern Samar),Eastern Samar
2025-09-09 19:05:00,7.61,122.06,6,2.2,010km N 71° W of Sirawai (Zamboanga Del Norte),Zamboanga Del Norte
2025-09-09 17:49:00,10.31,124.05,31,1.4,011km S 28° E of Liloan (Cebu),Cebu
2025-09-09 17:23:00,10.42,123.17,6,1.9,006km N 52° W of City Of Canlaon (Negros Oriental),Negros Oriental
2025-09-09 14:56:00,11.26,125.43,28,4.8,012km N 82° W of General Macarthur (Eastern Samar),Eastern Samar
2025-09-09 14:32:00,9.36,125.9,35,1.7,005km S 83° W of Carrascal (Surigao Del Sur),Surigao Del Sur
2025-09-09 11:31:00,17.23,120.33,20,2.9,014km N 58° W of City Of Candon (Ilocos Sur),Ilocos Sur
2025-09-09 09:48:00,17.57,120.6,8,2.4,001km N 80° E of Pidigan (Abra),Abra
2025-09-09 09:45:00,17.71,120.64,19,2.1,003km N 55° W of Danglas (Abra),Abra
2025-09-09 09:00:00,13.7,122.88,2,2.2,011km S 18° W of Lupi (Camarines Sur),Camarines Sur
2025-09-09 08:28:00,9.54,126.47,18,2.0,042km N 46° E of Cortes (Surigao Del Sur),Surigao Del Sur
2025-09-09 08:16:00,9.91,125.55,36,1.7,008km S 52° W of Dinagat (Dinagat Islands),Dinagat Islands
2025-09-09 08:13:00,9.56,126.48,15,2.8,043km S 56° E of General Luna (Surigao Del Norte),Surigao Del Norte
2025-09-09 08:01:00,12.79,123.42,8,2.2,023km S 55° E of Claveria (Masbate),Masbate
2025-09-09 07:23:00,7.89,126.25,4,1.7,014km N 83° W of Boston (Davao Oriental),Davao Oriental
2025-09-09 07:08:00,13.08,120.94,4,1.9,024km S 88° E of Santa Cruz (Occidental Mindoro),Occidental Mindoro
2025-09-09 06:54:00,5.67,125.09,64,2.3,021km S 39° W of Glan (Sarangani),Sarangani
2025-09-09 05:44:00,8.11,126.99,15,1.7,064km N 83° E of Lingig (Surigao Del Sur),Surigao Del Sur
2025-09-09 05:19:00,18.42,121.37,5,1.8,005km S 31° E of Pamplona (Cagayan),Cagayan
2025-09-09 04:52:00,10.02,126.68,18,2.8,063km N 65° E of General Luna (Surigao Del Norte),Surigao Del Norte
2025-09-09 04:48:00,18.56,121.42,3,2.1,014km N 39° E of Pamplona (Cagayan),Cagayan
2025-09-09 04:45:00,6.61,125.95,2,2.4,014km S 68° W of Governor Generoso (Davao Oriental),Davao Oriental
2025-09-09 04:36:00,6.22,126.97,46,3.1,109km S 32° E of Tarragona (Davao Oriental),Davao Oriental
2025-09-09 04:18:00,8.85,126.42,29,3.2,014km N 68° E of Marihatag (Surigao Del Sur),Surigao Del Sur
2025-09-09 04:00:00,16.77,119.9,28,1.4,042km N 02° E of Bolinao (Pangasinan),Pangasinan
2025-09-09 03:30:00,12.63,122.15,13,2.0,007km N 10° E of San Agustin (Romblon),Romblon
2025-09-09 03:07:00,8.38,126.69,11,1.4,039km N 88° E of Hinatuan (Surigao Del Sur),Surigao Del Sur
2025-09-09 03:04:00,15.94,122.13,27,1.4,029km S 40° E of Dinalungan (Aurora),Aurora
2025-09-09 02:52:00,9.93,125.57,123,5.3,005km S 58° W of Dinagat (Dinagat Islands),Dinagat Islands
2025-09-09 02:41:00,8.48,125.81,32,1.8,005km N 36° E of Talacogon (Agusan Del Sur),Agusan Del Sur
2025-09-09 02:22:00,4.89,123.21,608,4.3,182km S 37° W of Palimbang (Sultan Kudarat),Sultan Kudarat
2025-09-09 02:16:00,10.27,124.86,5,2.0,009km S 78° E of Matalom (Leyte),Leyte
2025-09-09 02:08:00,17.78,120.72,30,1.7,006km N 12° E of Lagayan (Abra),Abra
2025-09-09 01:50:00,18.63,121.41,3,2.8,020km N 23° E of Pamplona (Cagayan),Cagayan
2025-09-09 01:27:00,6.46,125.98,37,2.6,024km S 24° W of Governor Generoso (Davao Oriental),Davao Oriental
2025-09-09 01:19:00,7.55,122.12,20,1.8,004km S 31° W of Sirawai (Zamboanga Del Norte),Zamboanga Del Norte
2025-09-09 00:42:00,17.64,120.55,9,2.7,008km N 14° W of Langiden (Abra),Abra
2025-09-09 00:34:00,7.23,125.64,27,1.9,008km S 32° W of City Of Panabo (Davao Del Norte),Davao Del Norte
2025-09-09 00:31:00,9.87,122.25,21,2.0,023km N 60° W of City Of Sipalay (Negros Occidental),Negros Occidental
2025-09-09 00:31:00,18.8,121.34,2,2.4,007km S 28° W of Fuga Island (Aparri) (Cagayan),Cagayan
2025-09-09 00:16:00,5.78,126.17,125,3.7,060km S 76° E of Jose Abad Santos (Davao Occidental),Davao Occidental
2025-09-08 23:31:00,13.86,120.43,72,2.8,022km N 83° W of Calatagan (Batangas),Batangas
2025-09-08 23:13:00,8.31,126.67,9,1.7,037km S 81° E of Hinatuan (Surigao Del Sur),Surigao Del Sur
2025-09-08 22:50:00,6.4,126.78,106,2.6,081km S 27° E of Tarragona (Davao Oriental),Davao Oriental
2025-09-08 22:11:00,6.12,125.94,91,3.1,029km S 72° E of Don Marcelino (Davao Occidental),Davao Occidental
2025-09-08 21:03:00,17.12,119.14,13,2.9,114km N 45° W of Bolinao (Pangasinan),Pangasinan
2025-09-08 20:51:00,5.85,125.98,172,4.8,037km S 80° E of Jose Abad Santos (Davao Occidental),Davao Occidental
2025-09-08 20:26:00,6.4,126.93,33,1.8,089km S 36° E of Tarragona (Davao Oriental),Davao Oriental
2025-09-08 19:54:00,12.2,125.08,29,2.1,016km S 19° E of Las Navas (Northern Samar),Northern Samar
2025-09-08 19:14:00,13.74,122.87,3,2.3,007km S 36° W of Lupi (Camarines Sur),Camarines Sur
2025-09-08 18:10:00,17.16,121.54,14,2.7,009km N 65° W of Roxas (Isabela),Isabela
2025-09-08 16:55:00,16.39,122.04,4,3.2,015km N 35° W of Casiguran (Aurora),Aurora
2025-09-08 16:42:00,6.5,125.92,24,2.5,023km S 45° W of Governor Generoso (Davao Oriental),Davao Oriental
2025-09-08 16:23:00,6.49,125.9,27,2.7,026km S 47° W of Governor Generoso (Davao Oriental),Davao Oriental
2025-09-08 15:23:00,12.54,125.35,5,2.1,012km N 56° E of Mapanas (Northern Samar),Northern Samar
2025-09-08 14:17:00,5.82,125.72,130,2.1,013km S 51° E of Jose Abad Santos (Davao Occidental),Davao Occidental
2025-09-08 14:00:00,15.33,122.02,22,1.9,049km N 27° E of Panukulan (Quezon),Quezon
2025-09-08 10:49:00,6.9,125.54,45,1.5,016km N 61° E of Santa Cruz (Davao Del Sur),Davao Del Sur
2025-09-08 10:32:00,17.63,120.6,5,2.4,004km N 35° W of Bangued (Abra),Abra
2025-09-08 10:23:00,6.49,125.9,24,2.7,026km S 46° W of Governor Generoso (Davao Oriental),Davao Oriental
2025-09-08 09:59:00,15.72,121.94,11,1.5,041km S 85° E of Baler (Aurora),Aurora
2025-09-08 09:57:00,18.06,120.78,7,1.5,004km S 07° E of Solsona (Ilocos Norte),Ilocos Norte
2025-09-08 09:47:00,9.18,125.66,26,1.5,014km N 62° E of City Of Cabadbaran (Agusan Del Norte),Agusan Del Norte
2025-09-08 09:09:00,8.97,126.4,42,2.1,013km N 90° E of Bayabas (Surigao Del Sur),Surigao Del Sur
2025-09-08 08:32:00,6.47,125.96,38,3.2,024km S 32° W of Governor Generoso (Davao Oriental),Davao Oriental
2025-09-08 08:20:00,6.75,125.17,13,3.0,002km S 66° E of Magsaysay (Davao Del Sur),Davao Del Sur
2025-09-08 07:44:00,13.6,120.64,115,2.2,019km N 30° W of Abra De Ilog (Occidental Mindoro),Occidental Mindoro
2025-09-08 06:52:00,17.65,120.56,6,2.1,008km N 49° W of Bangued (Abra),Abra
2025-09-08 05:22:00,6.51,125.88,22,2.6,026km S 53° W of Governor Generoso (Davao Oriental),Davao Oriental
2025-09-08 04:57:00,15.06,119.91,9,2.8,018km S 89° W of San Felipe (Zambales),Zambales
2025-09-08 03:47:00,7.06,126.01,42,2.0,011km N 02° E of Banaybanay (Davao Oriental),Davao Oriental
2025-09-08 03:42:00,13.67,120.66,91,1.6,019km S 10° E of Calatagan (Batangas),Batangas
2025-09-08 03:27:00,8.75,126.52,14,1.5,025km S 77° E of Marihatag (Surigao Del Sur),Surigao Del Sur
2025-09-08 03:08:00,12.16,120.94,34,1.2,025km S 33° W of San Jose (Occidental Mindoro),Occidental Mindoro
2025-09-08 02:33:00,12.75,123.44,33,1.4,027km N 11° E of Aroroy (Masbate),Masbate
2025-09-08 02:31:00,12.34,120.89,33,1.4,015km S 31° W of Rizal (Occidental Mindoro),Occidental Mindoro
2025-09-08 02:17:00,12.51,120.73,2,2.1,024km S 74° W of Calintaan (Occidental Mindoro),Occidental Mindoro
2025-09-08 01:59:00,8.21,126.45,32,1.3,015km S 87° E of City Of Bislig (Surigao Del Sur),Surigao Del Sur
2025-09-08 01:21:00,9.51,126.05,13,2.2,015km S 36° E of Socorro (Surigao Del Norte),Surigao Del Norte
2025-09-08 01:09:00,10.19,127.02,33,2.1,105km N 80° E of Burgos (Surigao Del Norte),Surigao Del Norte
2025-09-08 01:06:00,12.3,120.93,32,1.4,016km S 67° W of San Jose (Occidental Mindoro),Occidental Mindoro
2025-09-08 00:43:00,13.31,121.42,12,1.7,018km N 07° W of Pola (Oriental Mindoro),Oriental Mindoro
2025-09-08 00:36:00,8.05,123.42,31,1.6,004km N 72° E of Sominot (Zamboanga Del Sur),Zamboanga Del Sur
2025-09-08 00:30:00,18.78,121.36,6,2.5,008km S 09° W of Fuga Island (Aparri) (Cagayan),Cagayan
2025-09-07 23:59:00,9.46,126.19,23,1.6,021km N 01° W of Cortes (Surigao Del Sur),Surigao Del Sur
2025-09-07 23:58:00,14.98,122.63,4,2.0,044km N 46° E of Jomalig (Quezon),Quezon
2025-09-07 23:52:00,18.7,121.3,5,2.8,017km N 23° E of Sanchez-mira (Cagayan),Cagayan
2025-09-07 23:48:00,10.9,124.85,31,1.5,009km S 30° W of Burauen (Leyte),Leyte
2025-09-07 23:36:00,3.46,126.5,54,4.6,247km S 29° E of Balut Island (Municipality Of Sarangani) (Davao Occidental),Davao Occidental
2025-09-07 23:17:00,7.39,127.36,4,4.0,088km N 85° E of Caraga (Davao Oriental),Davao Oriental
2025-09-07 22:53:00,18.94,121.27,14,2.5,015km N 46° W of Fuga Island (Aparri) (Cagayan),Cagayan
2025-09-07 22:53:00,17.64,120.49,9,2.0,010km N 47° W of Langiden (Abra),Abra
2025-09-07 22:47:00,8.95,126.57,25,1.7,030km N 84° E of Cagwait (Surigao Del Sur),Surigao Del Sur
2025-09-07 22:08:00,6.5,125.93,25,2.6,036km N 75° E of Malita (Davao Occidental),Davao Occidental
2025-09-07 21:00:00,9.8,126.49,14,2.6,035km N 84° E of General Luna (Surigao Del Norte),Surigao Del Norte
2025-09-07 20:14:00,9.24,126.42,11,1.7,025km S 82° E of Cortes (Surigao Del Sur),Surigao Del Sur
2025-09-07 19:40:00,13.75,120.59,87,1.4,010km S 24° W of Calatagan (Batangas),Batangas
2025-09-07 18:25:00,8.12,126.74,18,1.5,037km N 77° E of Lingig (Surigao Del Sur),Surigao Del Sur
2025-09-07 18:18:00,9.29,126.26,17,2.1,008km N 76° E of Cortes (Surigao Del Sur),Surigao Del Sur
2025-09-07 18:04:00,18.8,121.06,12,2.6,022km N 07° W of Claveria (Cagayan),Cagayan
2025-09-07 17:45:00,19.94,121.78,24,2.6,045km S 12° W of Sabtang (Batanes),Batanes
2025-09-07 15:29:00,9.26,127.13,3,5.1,098km N 71° E of Bayabas (Surigao Del Sur),Surigao Del Sur
2025-09-07 15:21:00,9.48,125.98,26,1.6,013km N 17° E of Carrascal (Surigao Del Sur),Surigao Del Sur
2025-09-07 15:16:00,12.47,123.08,32,1.9,035km S 83° W of Aroroy (Masbate),Masbate
2025-09-07 15:13:00,16.38,122.26,10,2.3,006km S 74° E of Dilasag (Aurora),Aurora
2025-09-07 13:35:00,6.66,126.59,43,2.5,046km S 21° E of Tarragona (Davao Oriental),Davao Oriental
2025-09-07 13:29:00,18.37,121.81,9,1.9,009km N 18° W of Buguey (Cagayan),Cagayan
2025-09-07 13:09:00,17.99,120.28,21,3.0,022km N 72° W of Badoc (Ilocos Norte),Ilocos Norte
2025-09-07 12:11:00,10.26,123.76,26,1.9,004km N 76° W of Minglanilla (Cebu),Cebu
2025-09-07 11:55:00,17.68,120.56,5,2.9,011km N 33° W of Bangued (Abra),Abra
2025-09-07 11:46:00,5.35,126.01,3,2.5,062km S 78° E of Sarangani Island (Municipality Of Sarangani) (Davao Occidental),Davao Occidental
2025-09-07 10:49:00,13.6,120.4,32,1.4,021km S 51° E of Looc (Occidental Mindoro),Occidental Mindoro
2025-09-07 09:26:00,6.3,125.62,58,2.2,012km S 04° E of Malita (Davao Occidental),Davao Occidental
2025-09-07 09:15:00,13.2,120.9,47,2.9,023km N 57° E of Santa Cruz (Occidental Mindoro),Occidental Mindoro
2025-09-07 08:01:00,11.69,124.29,8,2.5,007km N 83° W of Kawayan (Biliran),Biliran
2025-09-07 07:53:00,8.21,123.38,27,1.3,007km N 35° E of Dumingag (Zamboanga Del Sur),Zamboanga Del Sur
2025-09-07 06:26:00,7.41,124.94,4,2.7,009km S 03° W of Damulog (Bukidnon),Bukidnon
2025-09-07 06:15:00,15.99,120.19,81,1.9,005km N 38° W of Bugallon (Pangasinan),Pangasinan
2025-09-07 05:12:00,11.92,124.09,4,2.0,006km N 45° E of Pio V. Corpus (Masbate),Masbate
2025-09-07 05:05:00,7.5,122.11,4,3.2,010km S 20° W of Sirawai (Zamboanga Del Norte),Zamboanga Del Norte
2025-09-07 05:01:00,8.78,126.55,26,2.0,027km S 85° E of Marihatag (Surigao Del Sur),Surigao Del Sur
2025-09-07 04:52:00,16.48,120.26,70,2.2,010km N 62° W of Caba (La Union),La Union
2025-09-07 04:09:00,8.82,126.44,21,1.6,016km N 81° E of Marihatag (Surigao Del Sur),Surigao Del Sur
2025-09-07 04:06:00,8.08,126.69,22,1.7,031km N 81° E of Lingig (Surigao Del Sur),Surigao Del Sur
2025-09-07 03:59:00,12.5,120.7,3,2.0,027km S 72° W of Calintaan (Occidental Mindoro),Occidental Mindoro
2025-09-07 03:46:00,9.73,125.77,71,1.8,017km N 27° E of Gigaquit (Surigao Del Norte),Surigao Del Norte
2025-09-07 03:42:00,7.73,127.0,26,2.3,051km N 71° E of Baganga (Davao Oriental),Davao Oriental
2025-09-07 03:39:00,7.99,126.76,31,2.0,039km S 82° E of Lingig (Surigao Del Sur),Surigao Del Sur
2025-09-07 03:36:00,13.88,120.57,176,2.4,009km N 49° W of Calatagan (Batangas),Batangas
2025-09-07 03:27:00,12.1,124.01,12,1.9,011km N 10° E of Cataingan (Masbate),Masbate
2025-09-07 03:27:00,10.9,125.26,35,1.6,026km S 78° E of Dulag (Leyte),Leyte
2025-09-07 03:05:00,10.3,125.87,22,2.8,032km S 78° E of Loreto (Dinagat Islands),Dinagat Islands
2025-09-07 03:00:00,13.19,124.1,8,2.5,003km S 88° W of Rapu-rapu (Albay),Albay
2025-09-07 02:54:00,4.53,125.74,50,2.9,104km S 20° E of Balut Island (Municipality Of Sarangani) (Davao Occidental),Davao Occidental
2025-09-07 02:14:00,6.41,125.88,56,2.5,030km S 89° E of Malita (Davao Occidental),Davao Occidental
2025-09-07 02:10:00,15.87,121.93,5,2.3,030km S 06° W of Dinalungan (Aurora),Aurora
2025-09-07 01:44:00,19.1,121.09,18,2.4,012km S 84° W of Dalupiri Island (Calayan) (Cagayan),Cagayan
2025-09-07 00:56:00,13.83,120.51,65,1.4,014km N 90° W of Calatagan (Batangas),Batangas
2025-09-07 00:43:00,10.21,125.88,23,2.0,027km N 39° W of Santa Monica (Surigao Del Norte),Surigao Del Norte
2025-09-07 00:33:00,8.96,126.27,67,1.8,002km S 59° W of Bayabas (Surigao Del Sur),Surigao Del Sur
2025-09-07 00:22:00,16.77,121.42,19,1.5,012km N 23° W of Cordon (Isabela),Isabela
2025-09-06 23:36:00,8.19,126.59,32,1.4,025km N 50° E of Lingig (Surigao Del Sur),Surigao Del Sur
2025-09-06 23:21:00,12.98,125.96,26,2.1,094km N 54° E of Mapanas (Northern Samar),Northern Samar
2025-09-06 23:01:00,9.13,126.52,30,1.5,031km N 55° E of Bayabas (Surigao Del Sur),Surigao Del Sur
2025-09-06 22:48:00,6.25,126.17,125,2.3,046km S 13° E of Governor Generoso (Davao Oriental),Davao Oriental
2025-09-06 21:56:00,20.88,119.82,32,3.8,211km N 87° W of Itbayat (Batanes),Batanes
2025-09-06 21:17:00,7.99,126.68,30,1.7,030km S 79° E of Lingig (Surigao Del Sur),Surigao Del Sur
2025-09-06 20:55:00,17.65,120.51,6,2.8,010km N 33° W of Langiden (Abra),Abra
2025-09-06 20:26:00,8.25,126.77,8,2.2,046km N 59° E of Lingig (Surigao Del Sur),Surigao Del Sur
2025-09-06 19:59:00,4.57,126.22,116,3.1,128km S 44° E of Balut Island (Municipality Of Sarangani) (Davao Occidental),Davao Occidental
2025-09-06 19:30:00,5.72,125.23,19,1.7,011km S 17° E of Glan (Sarangani),Sarangani
2025-09-06 18:53:00,17.65,121.09,15,1.5,012km N 43° E of Malibcong (Abra),Abra
2025-09-06 18:14:00,17.36,120.3,25,1.6,015km N 76° W of San Esteban (Ilocos Sur),Ilocos Sur
2025-09-06 18:08:00,8.7,126.44,31,2.2,019km S 54° E of Marihatag (Surigao Del Sur),Surigao Del Sur
2025-09-06 17:15:00,14.27,120.34,108,2.8,025km S 41° W of Mariveles (Bataan),Bataan
2025-09-06 17:05:00,9.36,126.28,17,1.8,013km N 44° E of Cortes (Surigao Del Sur),Surigao Del Sur
2025-09-06 16:42:00,6.28,126.87,19,2.6,097km S 65° E of Governor Generoso (Davao Oriental),Davao Oriental
2025-09-06 16:11:00,13.15,124.21,11,2.5,010km S 66° E of Rapu-rapu (Albay),Albay
2025-09-06 15:36:00,9.02,125.59,47,2.1,004km S 01° W of Remedios T. Romualdez (Agusan Del Norte),Agusan Del Norte
2025-09-06 15:31:00,9.36,126.68,9,3.5,054km N 80° E of Cortes (Surigao Del Sur),Surigao Del Sur
2025-09-06 14:58:00,5.77,127.1,125,2.5,150km S 49° E of Governor Generoso (Davao Oriental),Davao Oriental
2025-09-06 14:45:00,11.29,124.27,34,1.7,011km S 81° W of Tabango (Leyte),Leyte
2025-09-06 13:09:00,5.02,126.15,46,3.3,090km S 56° E of Sarangani Island (Municipality Of Sarangani) (Davao Occidental),Davao Occidental
2025-09-06 12:40:00,9.52,126.34,2,2.0,031km N 32° E of Cortes (Surigao Del Sur),Surigao Del Sur
2025-09-06 12:13:00,13.87,124.13,54,1.6,013km S 03° W of Caramoran (Catanduanes),Catanduanes
2025-09-06 12:13:00,9.55,125.83,33,1.4,011km S 74° E of Claver (Surigao Del Norte),Surigao Del Norte
2025-09-06 11:25:00,9.99,124.65,33,1.6,018km S 36° E of President Carlos P. Garcia (Bohol),Bohol
2025-09-06 11:24:00,10.63,125.98,4,2.0,031km S 65° E of Homonhon Island (Guiuan) (Eastern Samar),Eastern Samar
2025-09-06 10:56:00,15.5,119.38,8,2.5,057km N 83° W of Palauig (Zambales),Zambales
2025-09-06 07:39:00,8.78,126.99,7,3.3,076km S 88° E of Marihatag (Surigao Del Sur),Surigao Del Sur
2025-09-06 07:18:00,10.51,123.74,19,1.8,002km N 87° E of Balamban (Cebu),Cebu
2025-09-06 07:16:00,14.99,124.67,32,4.7,118km N 27° E of Pandan (Catanduanes),Catanduanes
2025-09-06 06:18:00,18.09,121.37,23,2.1,015km S 19° W of Flora (Apayao),Apayao
2025-09-06 06:16:00,18.36,120.93,16,1.8,012km S 15° E of Adams (Ilocos Norte),Ilocos Norte
2025-09-06 06:10:00,6.35,126.16,36,2.7,034km S 16° E of Governor Generoso (Davao Oriental),Davao Oriental
2025-09-06 06:09:00,5.77,127.09,33,1.9,149km S 49° E of Governor Generoso (Davao Oriental),Davao Oriental
2025-09-06 05:49:00,8.98,126.47,20,2.2,020km N 70° E of Cagwait (Surigao Del Sur),Surigao Del Sur
2025-09-06 03:28:00,10.22,125.89,24,3.0,028km N 37° W of Santa Monica (Surigao Del Norte),Surigao Del Norte
2025-09-06 02:54:00,17.65,120.63,28,1.5,004km N 37° W of Tayum (Abra),Abra
2025-09-06 02:45:00,8.06,122.93,20,2.3,012km N 55° E of Godod (Zamboanga Del Norte),Zamboanga Del Norte
2025-09-06 02:40:00,17.62,120.44,10,2.4,004km S 64° E of Santo Domingo (Ilocos Sur),Ilocos Sur
2025-09-06 02:17:00,13.45,123.51,34,1.4,002km N 18° W of Buhi (Camarines Sur),Camarines Sur
2025-09-06 02:15:00,13.49,123.58,8,2.1,009km N 47° E of Buhi (Camarines Sur),Camarines Sur
2025-09-06 02:03:00,9.65,126.62,22,2.5,053km S 74° E of General Luna (Surigao Del Norte),Surigao Del Norte
2025-09-06 01:54:00,9.53,126.49,1,1.7,043km N 50° E of Cortes (Surigao Del Sur),Surigao Del Sur
2025-09-06 01:53:00,13.44,123.48,31,1.8,004km N 82° W of Buhi (Camarines Sur),Camarines Sur
2025-09-06 01:42:00,6.42,125.93,59,2.5,030km S 31° W of Governor Generoso (Davao Oriental),Davao Oriental
2025-09-06 00:46:00,10.31,125.91,14,1.9,036km N 24° W of Santa Monica (Surigao Del Norte),Surigao Del Norte
2025-09-06 00:22:00,13.27,123.72,8,2.7,006km S 19° W of Malilipot (Albay),Albay
2025-09-06 00:20:00,7.94,126.36,10,2.0,008km N 12° W of Boston (Davao Oriental),Davao Oriental
2025-09-05 23:53:00,9.63,126.6,22,2.8,052km S 71° E of General Luna (Surigao Del Norte),Surigao Del Norte
2025-09-05 23:40:00,6.48,125.92,27,2.5,026km S 40° W of Governor Generoso (Davao Oriental),Davao Oriental
2025-09-05 23:39:00,6.33,125.93,79,3.4,030km N 61° E of Don Marcelino (Davao Occidental),Davao Occidental
2025-09-05 22:50:00,6.35,126.35,120,3.9,046km S 42° E of Governor Generoso (Davao Oriental),Davao Oriental
2025-09-05 21:25:00,7.37,126.56,43,2.8,005km N 07° W of Caraga (Davao Oriental),Davao Oriental
2025-09-05 21:12:00,13.23,121.22,29,1.5,009km N 46° W of Victoria (Oriental Mindoro),Oriental Mindoro
2025-09-05 21:11:00,13.78,119.89,4,2.0,027km S 72° W of Lubang (Occidental Mindoro),Occidental Mindoro
2025-09-05 21:08:00,7.48,125.63,33,1.5,006km S 08° E of Santo Tomas (Davao Del Norte),Davao Del Norte
2025-09-05 19:48:00,12.18,125.15,31,1.7,010km N 77° W of Maslog (Eastern Samar),Eastern Samar
2025-09-05 18:58:00,17.68,120.56,9,1.8,011km S 80° W of Danglas (Abra),Abra
2025-09-05 17:56:00,7.43,126.0,2,2.5,012km S 43° E of Mawab (Davao De Oro),Davao De Oro
2025-09-05 17:42:00,11.8,125.7,32,1.7,027km S 87° E of Sulat (Eastern Samar),Eastern Samar
2025-09-05 17:34:00,7.49,126.23,24,1.9,012km S 60° E of New Bataan (Davao De Oro),Davao De Oro
2025-09-05 17:06:00,18.53,120.77,33,1.4,001km S 52° E of Bangui (Ilocos Norte),Ilocos Norte
2025-09-05 16:40:00,17.76,120.58,8,2.7,012km N 48° W of Danglas (Abra),Abra
2025-09-05 16:07:00,17.73,120.59,8,3.4,009km N 61° W of Danglas (Abra),Abra
2025-09-05 14:49:00,10.01,126.11,32,2.2,004km S 82° E of Burgos (Surigao Del Norte),Surigao Del Norte
2025-09-05 14:48:00,13.56,121.2,3,2.1,009km S 04° W of Lobo (Batangas),Batangas
2025-09-05 14:09:00,8.79,126.47,14,2.7,019km S 88° E of Marihatag (Surigao Del Sur),Surigao Del Sur
2025-09-05 13:10:00,12.5,124.88,24,2.1,005km S 08° E of San Roque (Northern Samar),Northern Samar
2025-09-05 12:20:00,8.78,127.08,2,2.6,086km S 89° E of Marihatag (Surigao Del Sur),Surigao Del Sur
2025-09-05 12:07:00,14.94,120.03,25,2.3,007km S 81° W of San Antonio (Zambales),Zambales
2025-09-05 12:05:00,8.76,126.92,12,2.0,069km S 86° E of Marihatag (Surigao Del Sur),Surigao Del Sur
2025-09-05 11:16:00,9.49,126.41,17,2.1,034km N 44° E of Cortes (Surigao Del Sur),Surigao Del Sur
2025-09-05 11:07:00,8.79,126.92,10,2.7,069km S 89° E of Marihatag (Surigao Del Sur),Surigao Del Sur
2025-09-05 10:56:00,12.25,125.43,17,2.5,007km S 71° E of Arteche (Eastern Samar),Eastern Samar
2025-09-05 10:34:00,14.1,120.46,112,1.3,019km N 81° W of Nasugbu (Batangas),Batangas
2025-09-05 06:06:00,9.58,126.49,13,2.6,043km S 59° E of General Luna (Surigao Del Norte),Surigao Del Norte
2025-09-05 06:04:00,18.61,120.8,41,1.7,006km N 17° E of Pagudpud (Ilocos Norte),Ilocos Norte
2025-09-05 05:56:00,14.92,122.58,2,2.4,037km N 48° E of Jomalig (Quezon),Quezon
2025-09-05 05:51:00,7.34,126.05,28,2.1,008km N 73° W of Maragusan (Davao De Oro),Davao De Oro
2025-09-05 05:31:00,7.29,122.0,10,3.5,008km West of Sibuco (Zamboanga Del Norte),Zamboanga Del Norte
2025-09-05 05:20:00,13.83,120.78,21,1.5,012km S 18° W of City Of Calaca (Batangas),Batangas
2025-09-05 05:18:00,9.83,122.02,3,3.0,046km N 81° W of City Of Sipalay (Negros Occidental),Negros Occidental
2025-09-05 04:35:00,17.23,119.86,22,2.3,063km N 84° W of City Of Candon (Ilocos Sur),Ilocos Sur
2025-09-05 04:21:00,6.78,123.83,34,1.5,031km N 59° W of Lebak (Sultan Kudarat),Sultan Kudarat
2025-09-05 04:19:00,17.66,120.52,6,3.0,010km S 74° E of Magsingal (Ilocos Sur),Ilocos Sur
2025-09-05 03:51:00,6.45,126.02,51,3.2,023km S 13° W of Governor Generoso (Davao Oriental),Davao Oriental
2025-09-05 03:51:00,17.78,120.65,33,2.1,009km N 41° W of Lagayan (Abra),Abra
2025-09-05 02:52:00,13.65,122.75,36,1.5,019km S 13° W of Ragay (Camarines Sur),Camarines Sur
2025-09-05 02:32:00,13.68,122.84,2,3.0,015km S 33° W of Lupi (Camarines Sur),Camarines Sur
2025-09-05 02:29:00,15.63,120.27,21,1.5,012km N 85° W of Mayantoc (Tarlac),Tarlac
2025-09-05 02:25:00,9.77,124.47,6,1.8,002km N 54° W of Guindulman (Bohol),Bohol
2025-09-05 02:21:00,17.78,120.64,34,1.5,010km N 15° W of Danglas (Abra),Abra
2025-09-05 02:17:00,7.69,121.97,20,3.0,022km N 60° W of Sirawai (Zamboanga Del Norte),Zamboanga Del Norte
2025-09-05 02:09:00,13.91,120.52,61,1.8,015km N 53° W of Calatagan (Batangas),Batangas
2025-09-05 02:02:00,14.42,120.28,89,2.7,023km S 85° W of Mariveles (Bataan),Bataan
2025-09-05 01:56:00,11.26,124.61,5,2.2,005km S 46° W of Capoocan (Leyte),Leyte
2025-09-05 01:54:00,7.03,127.41,2,3.2,098km S 78° E of Manay (Davao Oriental),Davao Oriental
2025-09-05 01:49:00,8.07,126.5,25,1.7,011km N 71° E of Lingig (Surigao Del Sur),Surigao Del Sur
2025-09-05 01:38:00,9.47,126.21,21,1.7,021km N 04° E of Cortes (Surigao Del Sur),Surigao Del Sur
2025-09-05 00:44:00,17.55,120.45,38,1.6,007km S 68° E of City Of Vigan (Ilocos Sur),Ilocos Sur
2025-09-05 00:41:00,17.62,120.51,29,1.6,008km N 50° W of Langiden (Abra),Abra
2025-09-05 00:38:00,17.77,120.31,4,3.4,015km N 81° W of San Juan (Ilocos Sur),Ilocos Sur
2025-09-05 00:28:00,19.21,121.18,8,2.7,012km N 13° W of Dalupiri Island (Calayan) (Cagayan),Cagayan
2025-09-05 00:09:00,9.46,126.91,9,3.0,081km N 75° E of Cortes (Surigao Del Sur),Surigao Del Sur
2025-09-04 23:54:00,13.18,124.57,1,3.0,044km N 70° E of Prieto Diaz (Sorsogon),Sorsogon
2025-09-04 23:48:00,12.55,124.73,30,2.0,005km N 34° W of Mondragon (Northern Samar),Northern Samar
2025-09-04 23:41:00,13.76,122.79,33,1.4,007km S 01° W of Ragay (Camarines Sur),Camarines Sur
2025-09-04 23:25:00,14.26,120.42,122,2.0,021km S 22° W of Mariveles (Bataan),Bataan
2025-09-04 23:23:00,19.08,120.93,2,2.6,029km S 83° W of Dalupiri Island (Calayan) (Cagayan),Cagayan
2025-09-04 23:20:00,7.02,124.01,13,2.3,005km S 12° W of Datu Blah T. Sinsuat (Maguindanao Del Norte),Maguindanao Del Norte
2025-09-04 23:20:00,6.75,123.78,19,2.4,034km N 69° W of Lebak (Sultan Kudarat),Sultan Kudarat
2025-09-04 23:10:00,17.79,120.65,33,2.2,011km N 12° W of Danglas (Abra),Abra
2025-09-04 23:09:00,9.78,124.52,2,3.1,004km N 65° E of Guindulman (Bohol),Bohol
2025-09-04 22:44:00,17.67,120.53,9,2.0,011km N 17° W of Langiden (Abra),Abra
2025-09-04 22:44:00,12.45,123.64,4,1.9,009km N 12° E of City Of Masbate (Masbate),Masbate
2025-09-04 22:42:00,17.68,120.56,11,1.8,011km N 36° W of Bangued (Abra),Abra
2025-09-04 22:06:00,17.68,120.56,6,2.0,011km S 82° W of Danglas (Abra),Abra
2025-09-04 22:06:00,9.5,126.37,11,2.2,032km N 38° E of Cortes (Surigao Del Sur),Surigao Del Sur
2025-09-04 22:03:00,17.53,120.47,33,1.6,005km S 78° W of San Quintin (Abra),Abra
2025-09-04 22:01:00,18.85,121.06,23,2.0,027km N 06° W of Claveria (Cagayan),Cagayan
2025-09-04 21:47:00,6.49,125.86,25,1.8,029km N 72° E of Malita (Davao Occidental),Davao Occidental
2025-09-04 21:37:00,17.71,120.59,7,2.3,009km N 78° W of Danglas (Abra),Abra
2025-09-04 21:35:00,17.73,120.58,9,2.3,013km N 83° W of Lagayan (Abra),Abra
2025-09-04 21:30:00,9.58,126.48,29,1.4,043km S 58° E of General Luna (Surigao Del Norte),Surigao Del Norte
2025-09-04 21:29:00,11.86,125.47,24,2.4,007km S 45° E of Taft (Eastern Samar),Eastern Samar
2025-09-04 21:16:00,13.11,121.0,3,3.4,031km S 76° W of Victoria (Oriental Mindoro),Oriental Mindoro
2025-09-04 21:15:00,17.64,120.49,2,2.8,011km N 48° W of Langiden (Abra),Abra
2025-09-04 20:57:00,17.28,122.89,30,2.2,055km N 64° E of Palanan (Isabela),Isabela
2025-09-04 20:46:00,17.71,120.59,10,2.4,009km N 80° W of Danglas (Abra),Abra
2025-09-04 20:39:00,17.7,120.57,6,3.1,011km N 86° W of Danglas (Abra),Abra
2025-09-04 20:37:00,17.8,120.65,34,1.3,011km N 36° W of Lagayan (Abra),Abra
2025-09-04 20:33:00,17.63,120.52,3,2.4,008km N 42° W of Langiden (Abra),Abra
2025-09-04 20:32:00,17.67,120.55,5,2.3,013km S 78° W of Danglas (Abra),Abra
2025-09-04 20:31:00,17.77,120.64,33,1.7,009km N 47° W of Lagayan (Abra),Abra
2025-09-04 20:09:00,11.14,124.05,33,2.0,010km N 80° E of Medellin (Cebu),Cebu
2025-09-04 20:00:00,17.64,120.52,10,4.3,008km N 34° W of Langiden (Abra),Abra
2025-09-04 19:55:00,8.89,126.29,31,2.1,003km S 26° W of Cagwait (Surigao Del Sur),Surigao Del Sur
2025-09-04 19:46:00,17.69,120.56,4,2.6,012km N 29° W of Bangued (Abra),Abra
2025-09-04 19:41:00,15.43,119.63,11,2.9,030km S 89° W of Palauig (Zambales),Zambales
2025-09-04 19:41:00,9.52,126.47,22,2.2,040km N 49° E of Cortes (Surigao Del Sur),Surigao Del Sur
2025-09-04 19:34:00,10.2,126.08,4,1.9,021km N 03° E of Burgos (Surigao Del Norte),Surigao Del Norte
2025-09-04 19:20:00,6.69,125.23,2,2.8,002km S 47° E of Matanao (Davao Del Sur),Davao Del Sur
2025-09-04 18:37:00,9.76,126.38,22,1.7,024km S 84° E of General Luna (Surigao Del Norte),Surigao Del Norte
2025-09-04 18:22:00,9.53,126.56,24,2.2,049km N 55° E of Cortes (Surigao Del Sur),Surigao Del Sur
2025-09-04 18:03:00,9.4,125.43,30,1.6,011km N 57° W of Jabonga (Agusan Del Norte),Agusan Del Norte
2025-09-04 18:01:00,9.49,126.06,8,1.8,018km S 36° E of Socorro (Surigao Del Norte),Surigao Del Norte
2025-09-04 17:51:00,9.58,126.72,9,3.3,065km S 70° E of General Luna (Surigao Del Norte),Surigao Del Norte
2025-09-04 17:21:00,13.7,122.88,1,2.5,011km S 18° W of Lupi (Camarines Sur),Camarines Sur
2025-09-04 17:21:00,9.54,126.23,30,2.0,028km S 17° E of General Luna (Surigao Del Norte),Surigao Del Norte
2025-09-04 17:17:00,9.52,126.57,7,2.5,050km N 57° E of Cortes (Surigao Del Sur),Surigao Del Sur
2025-09-04 17:13:00,9.5,126.48,23,2.2,041km N 51° E of Cortes (Surigao Del Sur),Surigao Del Sur
2025-09-04 17:09:00,9.6,126.63,14,3.6,056km S 69° E of General Luna (Surigao Del Norte),Surigao Del Norte
2025-09-04 16:33:00,9.49,126.32,8,1.8,028km N 31° E of Cortes (Surigao Del Sur),Surigao Del Sur
2025-09-04 15:52:00,6.4,125.87,64,3.1,036km S 38° W of Governor Generoso (Davao Oriental),Davao Oriental
2025-09-04 15:39:00,8.09,122.08,28,3.7,032km N 14° W of Baliguian (Zamboanga Del Norte),Zamboanga Del Norte
2025-09-04 15:37:00,9.51,126.49,26,1.7,041km N 51° E of Cortes (Surigao Del Sur),Surigao Del Sur
2025-09-04 15:28:00,7.77,126.07,1,2.3,006km S 15° E of Monkayo (Davao De Oro),Davao De Oro
2025-09-04 13:24:00,8.91,125.7,7,1.9,010km N 02° E of Sibagat (Agusan Del Sur),Agusan Del Sur
2025-09-04 13:08:00,13.78,122.72,33,1.5,020km S 87° W of Lupi (Camarines Sur),Camarines Sur
2025-09-04 13:07:00,13.67,120.71,30,1.7,017km N 87° W of Tingloy (Batangas),Batangas
2025-09-04 12:47:00,18.0,121.22,10,3.0,005km S 56° E of Kabugao (Apayao),Apayao
2025-09-04 12:39:00,7.91,126.41,15,2.5,006km N 38° E of Boston (Davao Oriental),Davao Oriental
2025-09-04 11:55:00,13.56,120.64,2,3.5,016km N 36° W of Abra De Ilog (Occidental Mindoro),Occidental Mindoro
2025-09-04 10:21:00,13.58,122.85,1,1.8,024km S 17° W of Lupi (Camarines Sur),Camarines Sur
2025-09-04 10:04:00,13.67,122.78,4,1.8,020km S 47° W of Lupi (Camarines Sur),Camarines Sur
2025-09-04 09:58:00,10.04,125.15,22,3.1,002km S 34° W of San Francisco (Southern Leyte),Southern Leyte
2025-09-04 09:52:00,13.75,122.86,2,2.1,008km S 51° W of Lupi (Camarines Sur),Camarines Sur
2025-09-04 09:37:00,15.62,121.57,28,1.6,012km S 24° E of San Luis (Aurora),Aurora
2025-09-04 09:28:00,9.81,126.03,21,1.7,007km N 25° W of Dapa (Surigao Del Norte),Surigao Del Norte
2025-09-04 09:01:00,2.91,125.82,121,4.6,280km S 09° E of Balut Island (Municipality Of Sarangani) (Davao Occidental),Davao Occidental
2025-09-04 08:43:00,10.01,125.14,8,3.6,006km S 25° W of San Francisco (Southern Leyte),Southern Leyte
2025-09-04 07:50:00,9.46,126.42,9,3.0,046km S 39° E of General Luna (Surigao Del Norte),Surigao Del Norte
2025-09-04 07:04:00,9.6,126.61,16,4.3,053km S 68° E of General Luna (Surigao Del Norte),Surigao Del Norte
2025-09-04 06:45:00,9.61,126.65,15,4.8,057km S 71° E of General Luna (Surigao Del Norte),Surigao Del Norte
2025-09-04 04:36:00,13.73,120.59,98,2.2,012km S 22° W of Calatagan (Batangas),Batangas
2025-09-04 04:18:00,15.76,120.22,3,2.4,009km S 69° W of Mangatarem (Pangasinan),Pangasinan
2025-09-04 03:58:00,6.35,125.89,68,2.7,027km N 51° E of Don Marcelino (Davao Occidental),Davao Occidental
2025-09-04 03:55:00,10.15,126.21,14,4.1,020km N 46° E of Burgos (Surigao Del Norte),Surigao Del Norte
2025-09-04 03:29:00,8.66,126.45,19,2.8,022km S 47° E of Marihatag (Surigao Del Sur),Surigao Del Sur
2025-09-04 03:24:00,12.84,124.87,39,3.6,032km N 11° W of Pambujan (Northern Samar),Northern Samar
2025-09-04 03:11:00,15.14,120.02,62,2.6,005km S 59° W of Cabangan (Zambales),Zambales
2025-09-04 03:04:00,15.03,121.68,5,2.2,017km N 54° W of Panukulan (Quezon),Quezon
2025-09-04 02:14:00,17.4,121.36,19,2.7,014km S 57° W of City Of Tabuk (Kalinga),Kalinga
2025-09-04 01:47:00,8.85,126.39,26,3.0,011km N 59° E of Marihatag (Surigao Del Sur),Surigao Del Sur
2025-09-04 01:34:00,9.51,125.15,104,1.8,030km S 67° W of Malimono (Surigao Del Norte),Surigao Del Norte
2025-09-04 01:19:00,13.58,120.65,102,2.0,017km N 28° W of Abra De Ilog (Occidental Mindoro),Occidental Mindoro
2025-09-04 01:09:00,5.88,125.06,10,2.3,007km N 71° E of Maasim (Sarangani),Sarangani
2025-09-04 00:05:00,11.16,122.39,26,2.5,015km N 40° W of Lambunao (Iloilo),Iloilo
2025-09-03 23:25:00,11.16,122.38,26,4.0,016km N 42° W of Lambunao (Iloilo),Iloilo
2025-09-03 23:16:00,18.0,120.23,24,2.9,027km N 72° W of Badoc (Ilocos Norte),Ilocos Norte
2025-09-03 23:16:00,11.13,122.36,26,2.7,015km N 55° W of Lambunao (Iloilo),Iloilo
2025-09-03 20:38:00,5.74,125.83,100,2.0,028km S 48° E of Jose Abad Santos (Davao Occidental),Davao Occidental
2025-09-03 19:57:00,19.97,121.47,33,2.1,058km S 47° W of Sabtang (Batanes),Batanes
2025-09-03 19:57:00,9.78,123.87,6,2.6,006km N 38° E of Maribojoc (Bohol),Bohol
2025-09-03 19:10:00,13.68,120.61,66,1.4,017km S 08° W of Calatagan (Batangas),Batangas
2025-09-03 19:09:00,13.65,120.67,98,1.4,021km S 11° E of Calatagan (Batangas),Batangas
2025-09-03 16:34:00,8.08,126.43,47,2.5,005km N 29° E of Lingig (Surigao Del Sur),Surigao Del Sur
2025-09-03 15:20:00,8.31,126.53,33,1.7,021km S 72° E of Hinatuan (Surigao Del Sur),Surigao Del Sur
2025-09-03 12:44:00,8.73,126.43,30,1.5,016km S 62° E of Marihatag (Surigao Del Sur),Surigao Del Sur
2025-09-03 12:04:00,16.28,121.45,9,2.1,017km S 77° E of Kasibu (Nueva Vizcaya),Nueva Vizcaya
2025-09-03 11:53:00,17.64,121.0,2,2.0,006km S 60° E of Lacub (Abra),Abra
2025-09-03 11:09:00,11.7,122.28,21,2.0,003km S 46° W of Makato (Aklan),Aklan
2025-09-03 11:01:00,17.25,120.62,22,3.0,004km N 74° E of San Emilio (Ilocos Sur),Ilocos Sur
2025-09-03 10:23:00,13.57,120.7,150,3.1,014km N 13° W of Abra De Ilog (Occidental Mindoro),Occidental Mindoro
2025-09-03 10:00:00,5.97,126.15,111,3.3,057km S 64° E of Don Marcelino (Davao Occidental),Davao Occidental
2025-09-03 09:28:00,13.92,120.53,90,1.3,015km N 48° W of Calatagan (Batangas),Batangas
2025-09-03 08:15:00,7.75,122.1,17,2.3,006km N 39° W of Siocon (Zamboanga Del Norte),Zamboanga Del Norte
2025-09-03 07:13:00,9.85,122.57,4,1.8,009km N 78° W of Candoni (Negros Occidental),Negros Occidental
2025-09-03 07:11:00,13.12,124.14,4,3.0,008km S 10° E of Rapu-rapu (Albay),Albay
2025-09-03 07:08:00,19.12,121.21,6,2.4,002km N 07° E of Dalupiri Island (Calayan) (Cagayan),Cagayan
2025-09-03 05:42:00,7.68,126.02,35,1.7,005km S 57° E of Montevista (Davao De Oro),Davao De Oro
2025-09-03 05:41:00,8.88,126.37,2,1.2,008km S 58° E of Cagwait (Surigao Del Sur),Surigao Del Sur
2025-09-03 05:03:00,10.96,124.89,32,1.8,002km S 20° W of Burauen (Leyte),Leyte
2025-09-03 04:58:00,6.23,125.65,147,2.0,006km N 57° W of Don Marcelino (Davao Occidental),Davao Occidental
2025-09-03 04:51:00,8.2,125.88,10,1.9,003km N 38° E of Loreto (Agusan Del Sur),Agusan Del Sur
2025-09-03 04:48:00,13.23,120.34,7,1.5,025km S 34° W of Paluan (Occidental Mindoro),Occidental Mindoro
2025-09-03 04:18:00,11.2,125.56,24,2.6,005km S 23° E of General Macarthur (Eastern Samar),Eastern Samar
2025-09-03 04:18:00,5.99,124.84,21,1.3,022km N 51° W of Maasim (Sarangani),Sarangani
2025-09-03 04:17:00,10.34,126.23,16,2.4,039km N 25° E of Burgos (Surigao Del Norte),Surigao Del Norte
2025-09-03 04:06:00,5.45,125.65,108,2.0,020km S 82° E of Sarangani Island (Municipality Of Sarangani) (Davao Occidental),Davao Occidental
2025-09-03 03:54:00,9.08,126.29,34,2.6,012km N 02° E of Bayabas (Surigao Del Sur),Surigao Del Sur
2025-09-03 03:41:00,9.9,125.83,29,1.4,016km N 78° W of Del Carmen (Surigao Del Norte),Surigao Del Norte
2025-09-03 03:33:00,8.01,126.94,12,1.5,058km N 65° E of Cateel (Davao Oriental),Davao Oriental
2025-09-03 03:20:00,11.25,125.59,28,4.0,006km N 83° E of General Macarthur (Eastern Samar),Eastern Samar
2025-09-03 03:17:00,11.79,125.3,2,1.9,017km N 78° W of San Julian (Eastern Samar),Eastern Samar
2025-09-03 03:14:00,8.87,126.39,30,1.6,011km S 63° E of Cagwait (Surigao Del Sur),Surigao Del Sur
2025-09-03 03:10:00,9.53,126.03,8,2.0,012km S 38° E of Socorro (Surigao Del Norte),Surigao Del Norte
2025-09-03 03:06:00,7.69,126.06,4,2.5,004km N 58° W of Compostela (Davao De Oro),Davao De Oro
2025-09-03 03:00:00,11.38,125.38,29,1.4,018km S 55° W of Balangkayan (Eastern Samar),Eastern Samar
2025-09-03 02:28:00,9.4,126.31,41,2.4,019km N 43° E of Cortes (Surigao Del Sur),Surigao Del Sur
2025-09-03 02:21:00,4.57,126.11,33,2.4,120km S 39° E of Balut Island (Municipality Of Sarangani) (Davao Occidental),Davao Occidental
2025-09-03 02:02:00,16.09,119.98,33,1.5,005km N 59° E of Mabini (Pangasinan),Pangasinan
2025-09-03 01:39:00,8.76,126.87,3,1.7,063km S 86° E of Marihatag (Surigao Del Sur),Surigao Del Sur
2025-09-03 01:10:00,6.96,125.17,34,1.5,009km S 89° E of Makilala (Cotabato),Cotabato
2025-09-03 00:41:00,8.74,126.58,25,2.2,032km S 78° E of Marihatag (Surigao Del Sur),Surigao Del Sur
2025-09-03 00:35:00,5.76,125.95,90,2.5,038km S 63° E of Jose Abad Santos (Davao Occidental),Davao Occidental
2025-09-03 00:33:00,8.85,126.24,31,1.7,009km N 50° W of Marihatag (Surigao Del Sur),Surigao Del Sur
2025-09-03 00:27:00,7.96,126.35,29,1.8,011km N 16° W of Boston (Davao Oriental),Davao Oriental
2025-09-03 00:25:00,7.67,126.26,120,1.8,019km N 89° E of Compostela (Davao De Oro),Davao De Oro
2025-09-03 00:22:00,7.83,124.44,31,1.7,008km S 61° E of Lumba-bayabao (Lanao Del Sur),Lanao Del Sur
2025-09-03 00:05:00,13.55,122.82,27,1.5,025km N 81° W of Pasacao (Camarines Sur),Camarines Sur
2025-09-02 23:50:00,16.1,120.15,12,2.3,007km N 58° E of Sual (Pangasinan),Pangasinan
2025-09-02 23:39:00,7.65,124.68,31,1.4,005km N 75° W of Wao (Lanao Del Sur),Lanao Del Sur
2025-09-02 23:07:00,13.25,120.72,32,1.8,014km N 79° E of Mamburao (Occidental Mindoro),Occidental Mindoro
2025-09-02 22:53:00,13.73,122.78,34,1.6,010km S 07° W of Ragay (Camarines Sur),Camarines Sur
2025-09-02 22:39:00,8.04,124.24,34,1.8,003km N 04° E of Piagapo (Lanao Del Sur),Lanao Del Sur
2025-09-02 22:39:00,8.04,124.25,34,1.4,003km N 17° E of Piagapo (Lanao Del Sur),Lanao Del Sur
2025-09-02 22:05:00,13.73,120.63,88,1.4,011km S 02° W of Calatagan (Batangas),Batangas
2025-09-02 21:59:00,5.25,126.08,44,2.7,072km S 70° E of Sarangani Island (Municipality Of Sarangani) (Davao Occidental),Davao Occidental
2025-09-02 21:58:00,10.05,126.15,28,2.2,009km N 69° E of Burgos (Surigao Del Norte),Surigao Del Norte
2025-09-02 21:54:00,5.32,126.14,57,2.0,076km S 77° E of Sarangani Island (Municipality Of Sarangani) (Davao Occidental),Davao Occidental
2025-09-02 21:50:00,12.4,120.47,25,2.1,053km N 33° E of Coron (Palawan),Palawan
2025-09-02 21:44:00,5.9,126.06,34,2.4,046km S 89° E of Jose Abad Santos (Davao Occidental),Davao Occidental
2025-09-02 21:32:00,13.53,120.96,27,1.3,004km N 17° E of Puerto Galera (Oriental Mindoro),Oriental Mindoro
2025-09-02 21:32:00,9.03,126.34,32,1.5,010km N 43° E of Bayabas (Surigao Del Sur),Surigao Del Sur
2025-09-02 21:29:00,13.68,122.85,4,3.0,014km S 30° W of Lupi (Camarines Sur),Camarines Sur
2025-09-02 20:41:00,13.94,120.48,185,2.1,021km N 54° W of Calatagan (Batangas),Batangas
2025-09-02 20:34:00,13.76,122.72,33,1.2,011km S 49° W of Ragay (Camarines Sur),Camarines Sur
2025-09-02 20:31:00,5.54,125.44,109,2.8,008km N 25° W of Sarangani Island (Municipality Of Sarangani) (Davao Occidental),Davao Occidental
2025-09-02 20:21:00,13.77,122.86,2,2.3,006km S 68° W of Lupi (Camarines Sur),Camarines Sur
2025-09-02 20:12:00,13.68,122.85,2,3.2,014km S 29° W of Lupi (Camarines Sur),Camarines Sur
2025-09-02 18:40:00,19.06,120.38,8,3.3,067km N 25° W of Burgos (Ilocos Norte),Ilocos Norte
2025-09-02 18:25:00,8.22,124.52,33,1.5,009km S 83° W of Talakag (Bukidnon),Bukidnon
2025-09-02 16:55:00,18.2,120.57,33,1.5,002km N 87° W of City Of Laoag (Ilocos Norte),Ilocos Norte
2025-09-02 16:30:00,8.68,126.94,14,2.5,072km S 79° E of Marihatag (Surigao Del Sur),Surigao Del Sur
2025-09-02 16:27:00,12.31,125.06,32,2.1,004km S 40° E of Las Navas (Northern Samar),Northern Samar
2025-09-02 15:09:00,9.61,122.0,30,4.0,051km S 69° W of City Of Sipalay (Negros Occidental),Negros Occidental
2025-09-02 14:59:00,19.1,120.3,3,2.5,074km N 29° W of Burgos (Ilocos Norte),Ilocos Norte
2025-09-02 14:06:00,18.58,120.6,9,2.3,009km N 29° W of Burgos (Ilocos Norte),Ilocos Norte
2025-09-02 13:11:00,13.79,123.88,20,1.7,003km N 43° E of Caramoan (Camarines Sur),Camarines Sur
2025-09-02 12:56:00,13.61,120.36,1,1.8,017km S 43° E of Looc (Occidental Mindoro),Occidental Mindoro
2025-09-02 12:41:00,19.03,120.36,8,2.4,065km N 28° W of Burgos (Ilocos Norte),Ilocos Norte
2025-09-02 12:40:00,18.61,120.73,3,1.8,008km N 49° W of Pagudpud (Ilocos Norte),Ilocos Norte
2025-09-02 12:24:00,6.08,123.98,2,2.2,030km S 70° W of Palimbang (Sultan Kudarat),Sultan Kudarat
2025-09-02 11:14:00,13.58,120.69,5,1.8,015km N 16° W of Abra De Ilog (Occidental Mindoro),Occidental Mindoro
2025-09-02 11:10:00,13.08,121.17,6,1.9,016km S 49° W of Victoria (Oriental Mindoro),Oriental Mindoro
2025-09-02 10:51:00,19.08,120.32,15,2.5,072km N 29° W of Burgos (Ilocos Norte),Ilocos Norte
2025-09-02 10:41:00,19.13,120.33,11,2.9,076km N 26° W of Burgos (Ilocos Norte),Ilocos Norte
2025-09-02 10:29:00,19.09,120.5,3,5.1,066km N 14° W of Burgos (Ilocos Norte),Ilocos Norte
2025-09-02 10:20:00,10.02,121.73,25,4.0,050km S 26° W of Anini-y (Antique),Antique
2025-09-02 10:08:00,8.63,126.47,45,2.0,027km S 46° E of Marihatag (Surigao Del Sur),Surigao Del Sur
2025-09-02 09:07:00,12.5,125.35,32,2.1,011km N 76° E of Mapanas (Northern Samar),Northern Samar
2025-09-02 07:42:00,13.42,120.72,66,1.8,003km S 11° W of Abra De Ilog (Occidental Mindoro),Occidental Mindoro
2025-09-02 07:14:00,14.02,120.5,115,1.4,015km S 69° W of Nasugbu (Batangas),Batangas
2025-09-02 06:33:00,11.8,125.82,8,2.7,040km S 87° E of Sulat (Eastern Samar),Eastern Samar
2025-09-02 05:27:00,2.58,127.07,158,4.1,363km S 30° E of Balut Island (Municipality Of Sarangani) (Davao Occidental),Davao Occidental
2025-09-02 05:18:00,8.64,126.6,26,2.0,038km S 62° E of Marihatag (Surigao Del Sur),Surigao Del Sur
2025-09-02 04:19:00,8.19,126.96,4,2.9,062km N 75° E of Lingig (Surigao Del Sur),Surigao Del Sur
2025-09-02 04:15:00,7.48,125.64,50,2.1,006km S 24° E of Santo Tomas (Davao Del Norte),Davao Del Norte
2025-09-02 03:55:00,14.07,123.98,28,1.5,018km N 60° W of Caramoran (Catanduanes),Catanduanes
2025-09-02 03:53:00,7.51,124.66,9,2.4,004km N 86° W of Banisilan (Cotabato),Cotabato
2025-09-02 03:47:00,17.61,120.98,33,1.2,004km N 34° W of Malibcong (Abra),Abra
2025-09-02 03:15:00,16.39,120.17,24,1.4,019km S 89° W of Aringay (La Union),La Union
2025-09-02 02:49:00,14.2,123.98,16,1.7,027km N 49° W of Pandan (Catanduanes),Catanduanes
2025-09-02 02:41:00,13.7,122.86,3,2.9,011km S 33° W of Lupi (Camarines Sur),Camarines Sur
2025-09-02 02:23:00,9.52,123.87,33,1.5,012km S 24° W of Baclayon (Bohol),Bohol
2025-09-02 01:44:00,15.45,121.8,1,1.5,042km S 37° E of Baler (Aurora),Aurora
2025-09-02 01:32:00,19.97,121.71,26,2.3,044km S 23° W of Sabtang (Batanes),Batanes
2025-09-02 01:29:00,13.7,120.52,83,2.0,019km S 39° W of Calatagan (Batangas),Batangas
2025-09-02 00:47:00,5.23,125.08,27,3.4,043km S 61° W of Balut Island (Municipality Of Sarangani) (Davao Occidental),Davao Occidental
2025-09-02 00:35:00,6.26,126.08,137,2.8,043km N 81° E of Don Marcelino (Davao Occidental),Davao Occidental
2025-09-02 00:13:00,13.66,121.0,33,1.4,012km S 36° E of Mabini (Batangas),Batangas
2025-09-01 23:52:00,15.63,119.97,34,1.2,004km N 87° E of Candelaria (Zambales),Zambales
2025-09-01 23:45:00,18.52,120.89,5,3.2,006km N 11° W of Adams (Ilocos Norte),Ilocos Norte
2025-09-01 23:26:00,8.17,126.99,4,2.3,065km N 78° E of Lingig (Surigao Del Sur),Surigao Del Sur
2025-09-01 23:24:00,8.21,127.03,2,2.8,071km N 75° E of Lingig (Surigao Del Sur),Surigao Del Sur
2025-09-01 23:23:00,10.35,126.04,21,1.6,037km N 06° W of Burgos (Surigao Del Norte),Surigao Del Norte
2025-09-01 22:53:00,8.8,126.32,31,2.1,002km S 85° E of Marihatag (Surigao Del Sur),Surigao Del Sur
2025-09-01 22:06:00,12.3,124.46,4,1.8,017km S 54° E of San Isidro (Northern Samar),Northern Samar
2025-09-01 21:56:00,16.83,120.14,20,1.6,026km S 83° W of Luna (La Union),La Union
2025-09-01 21:20:00,15.07,120.35,36,1.6,023km N 63° E of San Marcelino (Zambales),Zambales
2025-09-01 20:17:00,8.3,126.77,8,1.9,048km S 81° E of Hinatuan (Surigao Del Sur),Surigao Del Sur
2025-09-01 19:21:00,8.04,124.89,18,2.4,015km N 72° W of Lantapan (Bukidnon),Bukidnon
2025-09-01 18:38:00,5.22,126.38,48,2.7,105km S 74° E of Sarangani Island (Municipality Of Sarangani) (Davao Occidental),Davao Occidental
2025-09-01 18:18:00,10.29,123.12,10,2.3,006km N 65° E of Moises Padilla (Negros Occidental),Negros Occidental
2025-09-01 17:25:00,8.77,126.95,15,2.6,071km S 87° E of Marihatag (Surigao Del Sur),Surigao Del Sur
2025-09-01 16:38:00,13.67,122.77,34,1.6,017km S 06° W of Ragay (Camarines Sur),Camarines Sur
2025-09-01 16:23:00,13.79,122.88,2,1.8,004km N 87° W of Lupi (Camarines Sur),Camarines Sur
2025-09-01 16:14:00,12.48,123.65,4,1.6,012km N 14° E of City Of Masbate (Masbate),Masbate
2025-09-01 15:10:00,12.49,122.27,1,2.1,009km S 01° W of Romblon (Romblon),Romblon
2025-09-01 14:32:00,13.72,122.86,10,2.4,010km S 32° W of Lupi (Camarines Sur),Camarines Sur
2025-09-01 14:01:00,7.17,124.6,5,3.5,007km S 73° E of Midsayap (Cotabato),Cotabato
2025-09-01 12:13:00,9.34,125.56,2,2.2,009km N 01° E of Santiago (Agusan Del Norte),Agusan Del Norte
2025-09-01 11:18:00,15.48,119.97,27,2.7,006km S 09° E of Masinloc (Zambales),Zambales
2025-09-01 10:38:00,13.54,120.8,34,1.6,014km N 38° E of Abra De Ilog (Occidental Mindoro),Occidental Mindoro
2025-09-01 10:25:00,9.95,123.76,34,1.5,013km N 62° W of Calape (Bohol),Bohol
2025-09-01 10:02:00,13.18,120.66,19,1.9,009km S 54° E of Mamburao (Occidental Mindoro),Occidental Mindoro
2025-09-01 09:05:00,10.47,126.52,2,3.1,070km N 44° E of Burgos (Surigao Del Norte),Surigao Del Norte
2025-09-01 08:28:00,11.41,125.3,13,1.9,024km S 74° W of Balangkayan (Eastern Samar),Eastern Samar
2025-09-01 08:15:00,8.82,126.23,34,1.8,008km N 77° W of Marihatag (Surigao Del Sur),Surigao Del Sur
2025-09-01 06:26:00,13.52,123.56,32,1.5,010km S 24° E of Sagñay (Camarines Sur),Camarines Sur
2025-09-01 06:08:00,8.1,125.66,23,1.8,024km S 68° W of Loreto (Agusan Del Sur),Agusan Del Sur
2025-09-01 05:18:00,13.74,120.57,5,1.2,013km S 34° W of Calatagan (Batangas),Batangas
2025-09-01 04:58:00,13.72,122.85,3,3.3,011km S 41° W of Lupi (Camarines Sur),Camarines Sur
2025-09-01 04:52:00,13.55,120.34,7,1.7,021km S 27° E of Looc (Occidental Mindoro),Occidental Mindoro
2025-09-01 04:49:00,6.39,126.11,17,2.3,029km S 09° E of Governor Generoso (Davao Oriental),Davao Oriental
2025-09-01 04:17:00,13.34,120.19,10,3.2,031km S 74° W of Paluan (Occidental Mindoro),Occidental Mindoro
2025-09-01 03:36:00,17.2,120.23,25,2.0,023km N 82° W of City Of Candon (Ilocos Sur),Ilocos Sur
2025-09-01 03:29:00,10.29,121.89,17,2.7,016km S 15° W of Anini-y (Antique),Antique
2025-09-01 02:59:00,12.89,124.47,66,2.0,026km N 27° E of Biri (Northern Samar),Northern Samar
2025-09-01 02:57:00,4.82,128.35,33,4.0,324km S 68° E of Jose Abad Santos (Davao Occidental),Davao Occidental
2025-09-01 01:46:00,13.88,120.61,93,1.7,006km N 28° W of Calatagan (Batangas),Batangas
2025-09-01 01:26:00,17.68,122.43,10,2.5,038km N 32° E of Maconacon (Isabela),Isabela
2025-09-01 01:03:00,20.06,121.33,46,2.7,065km S 62° W of Sabtang (Batanes),Batanes
2025-09-01 01:00:00,6.24,127.58,110,2.3,154km S 54° E of Tarragona (Davao Oriental),Davao Oriental
2025-09-01 00:15:00,9.12,126.48,24,1.9,027km N 52° E of Bayabas (Surigao Del Sur),Surigao Del Sur
2025-09-01 00:00:00,5.46,126.42,39,3.2,099km S 60° E of Jose Abad Santos (Davao Occidental),Davao Occidental
