date_time,latitude,longitude,depth,magnitude,location,province
2025-10-31 23:57:00,10.91,123.8,5,4.0,025km S 52° W of City Of Bogo (Cebu),Cebu
2025-10-31 23:45:00,11.0,123.94,2,3.0,006km S 41° W of City Of Bogo (Cebu),Cebu
2025-10-31 23:44:00,11.03,124.06,4,1.4,009km S 79° E of City Of Bogo (Cebu),Cebu
2025-10-31 23:39:00,9.3,126.15,31,1.8,005km N 57° W of Cortes (Surigao Del Sur),Surigao Del Sur
2025-10-31 23:32:00,9.59,126.16,31,1.7,021km S 01° W of General Luna (Surigao Del Norte),Surigao Del Norte
2025-10-31 23:30:00,9.55,126.16,19,3.3,026km S 01° E of General Luna (Surigao Del Norte),Surigao Del Norte
2025-10-31 23:23:00,8.9,126.66,9,1.8,039km S 86° E of Cagwait (Surigao Del Sur),Surigao Del Sur
2025-10-31 23:20:00,11.08,124.12,29,1.6,016km N 78° E of City Of Bogo (Cebu),Cebu
2025-10-31 23:18:00,9.99,122.3,19,2.5,028km N 31° W of City Of Sipalay (Negros Occidental),Negros Occidental
2025-10-31 23:14:00,6.23,127.38,5,3.3,143km S 41° E of Manay (Davao Oriental),Davao Oriental
2025-10-31 22:52:00,7.51,126.77,29,1.8,042km N 37° E of Manay (Davao Oriental),Davao Oriental
2025-10-31 22:26:00,6.22,127.45,16,3.1,149km S 43° E of Manay (Davao Oriental),Davao Oriental
2025-10-31 22:11:00,13.69,120.67,103,2.3,017km S 16° E of Calatagan (Batangas),Batangas
2025-10-31 22:11:00,17.99,119.94,15,2.7,057km N 84° W of Badoc (Ilocos Norte),Ilocos Norte
2025-10-31 21:56:00,12.27,125.51,13,3.5,010km N 02° E of San Policarpo (Eastern Samar),Eastern Samar
2025-10-31 21:48:00,10.99,124.05,9,2.1,010km S 53° E of City Of Bogo (Cebu),Cebu
2025-10-31 21:27:00,6.45,125.79,126,2.1,021km N 78° E of Malita (Davao Occidental),Davao Occidental
2025-10-31 21:13:00,6.19,127.37,15,4.2,145km S 39° E of Manay (Davao Oriental),Davao Oriental
2025-10-31 20:53:00,7.88,126.29,43,1.6,010km N 83° W of Boston (Davao Oriental),Davao Oriental
2025-10-31 20:42:00,16.26,121.44,4,2.1,017km S 69° E of Kasibu (Nueva Vizcaya),Nueva Vizcaya
2025-10-31 20:20:00,9.31,126.26,28,1.5,010km N 67° E of Cortes (Surigao Del Sur),Surigao Del Sur
2025-10-31 19:35:00,13.21,120.27,21,1.7,031km S 42° W of Paluan (Occidental Mindoro),Occidental Mindoro
2025-10-31 19:34:00,6.94,126.75,26,2.3,038km S 38° E of Manay (Davao Oriental),Davao Oriental
2025-10-31 18:45:00,7.9,126.59,14,1.7,019km N 50° E of Cateel (Davao Oriental),Davao Oriental
2025-10-31 18:31:00,12.19,125.39,9,2.8,008km N 45° W of Oras (Eastern Samar),Eastern Samar
2025-10-31 18:14:00,6.97,123.74,27,3.6,033km S 72° W of Datu Blah T. Sinsuat (Maguindanao Del Norte),Maguindanao Del Norte
2025-10-31 18:10:00,11.12,124.13,9,2.3,018km N 65° E of City Of Bogo (Cebu),Cebu
2025-10-31 17:49:00,7.18,125.64,53,2.8,012km S 18° W of City Of Panabo (Davao Del Norte),Davao Del Norte
2025-10-31 17:33:00,12.17,125.42,10,2.6,010km S 87° W of San Policarpo (Eastern Samar),Eastern Samar
2025-10-31 17:28:00,7.43,127.21,26,3.1,077km N 74° E of Manay (Davao Oriental),Davao Oriental
2025-10-31 17:00:00,12.46,125.82,14,3.5,045km N 48° E of San Policarpo (Eastern Samar),Eastern Samar
2025-10-31 16:57:00,12.36,125.64,16,4.5,025km N 36° E of San Policarpo (Eastern Samar),Eastern Samar
2025-10-31 16:30:00,9.25,126.56,10,2.0,040km S 85° E of Cortes (Surigao Del Sur),Surigao Del Sur
2025-10-31 16:03:00,7.41,127.49,15,3.2,106km N 78° E of Manay (Davao Oriental),Davao Oriental
2025-10-31 15:37:00,9.64,126.1,15,3.3,017km S 23° W of General Luna (Surigao Del Norte),Surigao Del Norte
2025-10-31 15:20:00,11.32,123.86,1,2.4,033km N 23° W of City Of Bogo (Cebu),Cebu
2025-10-31 15:10:00,11.0,124.02,1,2.2,007km S 43° E of City Of Bogo (Cebu),Cebu
2025-10-31 14:07:00,7.41,126.72,11,2.3,029km N 43° E of Manay (Davao Oriental),Davao Oriental
2025-10-31 13:40:00,9.62,126.23,33,1.4,019km S 25° E of General Luna (Surigao Del Norte),Surigao Del Norte
2025-10-31 13:19:00,7.99,126.39,17,1.9,006km S 22° W of Lingig (Surigao Del Sur),Surigao Del Sur
2025-10-31 12:44:00,11.01,123.96,34,1.8,004km S 33° W of City Of Bogo (Cebu),Cebu
2025-10-31 12:26:00,10.93,123.94,9,2.0,014km S 19° W of City Of Bogo (Cebu),Cebu
2025-10-31 12:06:00,10.93,123.94,7,3.2,014km S 20° W of City Of Bogo (Cebu),Cebu
2025-10-31 12:06:00,4.78,126.12,33,4.3,104km S 48° E of Balut Island (Municipality Of Sarangani) (Davao Occidental),Davao Occidental
2025-10-31 11:42:00,11.22,124.14,27,1.9,026km N 42° E of City Of Bogo (Cebu),Cebu
2025-10-31 11:17:00,9.86,123.97,9,2.1,012km N 42° E of Antequera (Bohol),Bohol
2025-10-31 10:55:00,11.45,124.48,1,1.7,002km S 33° E of Biliran (Biliran),Biliran
2025-10-31 10:46:00,6.19,124.64,4,2.1,009km S 64° W of Lake Sebu (South Cotabato),South Cotabato
2025-10-31 10:38:00,11.01,123.94,2,1.9,006km S 48° W of City Of Bogo (Cebu),Cebu
2025-10-31 10:29:00,8.8,126.33,27,2.0,004km S 83° E of Marihatag (Surigao Del Sur),Surigao Del Sur
2025-10-31 10:27:00,11.2,123.94,9,2.3,018km N 13° W of City Of Bogo (Cebu),Cebu
2025-10-31 10:23:00,11.01,124.03,2,2.4,007km S 57° E of City Of Bogo (Cebu),Cebu
2025-10-31 10:08:00,8.8,126.46,30,3.2,018km N 90° E of Marihatag (Surigao Del Sur),Surigao Del Sur
2025-10-31 09:51:00,8.13,126.65,23,2.3,028km N 70° E of Lingig (Surigao Del Sur),Surigao Del Sur
2025-10-31 09:40:00,7.57,126.77,26,2.2,047km N 32° E of Manay (Davao Oriental),Davao Oriental
2025-10-31 09:27:00,14.15,120.38,106,1.6,028km N 73° W of Nasugbu (Batangas),Batangas
2025-10-31 09:27:00,7.3,126.85,18,3.7,036km N 74° E of Manay (Davao Oriental),Davao Oriental
2025-10-31 08:45:00,12.55,124.95,18,2.4,002km S 66° E of Pambujan (Northern Samar),Northern Samar
2025-10-31 08:40:00,11.08,124.18,3,2.0,022km N 81° E of City Of Bogo (Cebu),Cebu
2025-10-31 08:33:00,9.01,126.44,16,1.7,019km N 57° E of Cagwait (Surigao Del Sur),Surigao Del Sur
2025-10-31 08:12:00,8.08,122.14,28,2.4,030km N 01° W of Baliguian (Zamboanga Del Norte),Zamboanga Del Norte
2025-10-31 07:48:00,9.67,126.19,34,1.5,013km S 16° E of General Luna (Surigao Del Norte),Surigao Del Norte
2025-10-31 07:08:00,11.23,124.07,20,1.9,023km N 26° E of City Of Bogo (Cebu),Cebu
2025-10-31 06:43:00,10.86,123.66,11,2.9,017km N 83° E of City Of Escalante (Negros Occidental),Negros Occidental
2025-10-31 06:39:00,7.13,126.94,20,2.4,045km S 78° E of Manay (Davao Oriental),Davao Oriental
2025-10-31 06:20:00,16.95,120.48,12,1.4,005km N 61° E of Tagudin (Ilocos Sur),Ilocos Sur
2025-10-31 06:18:00,6.94,125.73,35,1.9,016km S 07° E of Island Garden City Of Samal (Davao Del Norte),Davao Del Norte
2025-10-31 06:14:00,5.38,126.65,39,3.5,131km S 86° E of Sarangani Island (Municipality Of Sarangani) (Davao Occidental),Davao Occidental
2025-10-31 05:46:00,10.87,123.75,20,2.3,031km S 52° W of City Of Bogo (Cebu),Cebu
2025-10-31 05:33:00,10.98,124.01,20,1.9,009km S 23° E of City Of Bogo (Cebu),Cebu
2025-10-31 05:18:00,7.11,126.96,27,2.0,048km S 76° E of Manay (Davao Oriental),Davao Oriental
2025-10-31 04:45:00,13.89,120.28,54,1.5,020km N 10° E of Looc (Occidental Mindoro),Occidental Mindoro
2025-10-31 04:28:00,10.78,124.12,22,1.8,033km S 27° E of City Of Bogo (Cebu),Cebu
2025-10-31 04:11:00,2.61,125.85,121,4.4,313km S 09° E of Balut Island (Municipality Of Sarangani) (Davao Occidental),Davao Occidental
2025-10-31 04:08:00,9.32,126.14,27,2.1,008km N 48° W of Cortes (Surigao Del Sur),Surigao Del Sur
2025-10-31 03:37:00,11.11,123.98,7,2.4,007km N 01° W of City Of Bogo (Cebu),Cebu
2025-10-31 03:28:00,9.66,126.15,31,2.3,014km S 02° W of General Luna (Surigao Del Norte),Surigao Del Norte
2025-10-31 03:26:00,10.94,123.92,5,2.0,014km S 27° W of City Of Bogo (Cebu),Cebu
2025-10-31 03:26:00,11.1,124.15,32,1.4,019km N 73° E of City Of Bogo (Cebu),Cebu
2025-10-31 03:24:00,16.96,120.14,32,2.4,027km N 65° W of Luna (La Union),La Union
2025-10-31 03:09:00,5.67,127.23,127,3.1,168km S 50° E of Governor Generoso (Davao Oriental),Davao Oriental
2025-10-31 02:49:00,8.99,126.48,25,2.4,021km N 69° E of Cagwait (Surigao Del Sur),Surigao Del Sur
2025-10-31 02:00:00,10.96,123.92,3,2.0,012km S 34° W of City Of Bogo (Cebu),Cebu
2025-10-31 01:55:00,11.15,123.97,11,2.0,012km N 06° W of City Of Bogo (Cebu),Cebu
2025-10-31 01:43:00,11.05,123.99,7,2.2,001km East of City Of Bogo (Cebu),Cebu
2025-10-31 01:38:00,8.03,124.44,5,2.0,006km S 33° E of Tagoloan Ii (Lanao Del Sur),Lanao Del Sur
2025-10-31 01:33:00,7.15,127.01,16,3.2,052km S 82° E of Manay (Davao Oriental),Davao Oriental
2025-10-31 01:29:00,10.59,126.31,28,2.3,068km N 22° E of Burgos (Surigao Del Norte),Surigao Del Norte
2025-10-31 01:24:00,18.11,119.69,15,3.2,084km N 84° W of Currimao (Ilocos Norte),Ilocos Norte
2025-10-31 01:15:00,18.45,120.9,1,2.0,001km S 11° E of Adams (Ilocos Norte),Ilocos Norte
2025-10-31 01:13:00,16.31,120.13,58,2.1,019km N 84° E of Anda (Pangasinan),Pangasinan
2025-10-31 01:01:00,16.01,119.8,13,2.1,008km S 51° W of Burgos (Pangasinan),Pangasinan
2025-10-31 00:45:00,10.94,123.97,1,2.3,011km S 07° W of City Of Bogo (Cebu),Cebu
2025-10-31 00:36:00,8.13,127.24,8,3.4,091km N 84° E of Lingig (Surigao Del Sur),Surigao Del Sur
2025-10-31 00:21:00,9.59,126.16,32,2.0,021km S 01° E of General Luna (Surigao Del Norte),Surigao Del Norte
2025-10-30 23:47:00,16.11,119.91,12,2.4,005km N 31° W of Mabini (Pangasinan),Pangasinan
2025-10-30 23:34:00,7.16,127.19,32,2.4,072km S 85° E of Manay (Davao Oriental),Davao Oriental
2025-10-30 23:25:00,7.29,127.06,18,2.9,058km N 81° E of Manay (Davao Oriental),Davao Oriental
2025-10-30 23:04:00,11.11,124.11,8,1.7,016km N 64° E of City Of Bogo (Cebu),Cebu
2025-10-30 22:44:00,11.16,124.12,5,2.2,020km N 50° E of City Of Bogo (Cebu),Cebu
2025-10-30 22:41:00,9.64,126.18,31,2.0,016km S 09° E of General Luna (Surigao Del Norte),Surigao Del Norte
2025-10-30 22:40:00,17.8,120.55,26,2.7,010km N 87° E of Cabugao (Ilocos Sur),Ilocos Sur
2025-10-30 22:40:00,8.02,126.54,66,2.2,014km S 81° E of Lingig (Surigao Del Sur),Surigao Del Sur
2025-10-30 22:37:00,9.6,126.15,36,1.8,020km S 02° W of General Luna (Surigao Del Norte),Surigao Del Norte
2025-10-30 22:36:00,13.08,124.14,87,2.2,007km N 54° W of Prieto Diaz (Sorsogon),Sorsogon
2025-10-30 22:16:00,6.19,127.42,37,2.2,149km S 41° E of Manay (Davao Oriental),Davao Oriental
2025-10-30 22:01:00,7.14,127.05,22,3.1,057km S 82° E of Manay (Davao Oriental),Davao Oriental
2025-10-30 21:57:00,7.17,127.21,8,3.9,074km S 87° E of Manay (Davao Oriental),Davao Oriental
2025-10-30 21:49:00,7.36,127.36,3,2.9,092km N 79° E of Manay (Davao Oriental),Davao Oriental
2025-10-30 21:44:00,9.59,126.29,32,1.8,026km S 34° E of General Luna (Surigao Del Norte),Surigao Del Norte
2025-10-30 21:31:00,7.36,127.34,1,3.4,089km N 79° E of Manay (Davao Oriental),Davao Oriental
2025-10-30 21:31:00,9.27,126.55,1,1.6,039km S 89° E of Cortes (Surigao Del Sur),Surigao Del Sur
2025-10-30 21:23:00,7.92,126.83,20,2.5,044km N 71° E of Cateel (Davao Oriental),Davao Oriental
2025-10-30 21:13:00,11.14,124.07,33,1.3,014km N 43° E of City Of Bogo (Cebu),Cebu
2025-10-30 21:10:00,13.89,120.55,85,2.0,011km N 55° W of Calatagan (Batangas),Batangas
2025-10-30 21:01:00,7.46,126.72,22,3.5,034km N 36° E of Manay (Davao Oriental),Davao Oriental
2025-10-30 20:48:00,8.16,127.02,7,2.1,068km N 78° E of Lingig (Surigao Del Sur),Surigao Del Sur
2025-10-30 20:43:00,7.1,123.67,25,1.9,039km N 85° W of Datu Blah T. Sinsuat (Maguindanao Del Norte),Maguindanao Del Norte
2025-10-30 20:42:00,7.78,122.09,32,2.4,007km S 67° W of Baliguian (Zamboanga Del Norte),Zamboanga Del Norte
2025-10-30 20:32:00,8.15,127.18,6,3.4,086km N 82° E of Lingig (Surigao Del Sur),Surigao Del Sur
2025-10-30 20:13:00,11.11,124.1,4,2.5,015km N 63° E of City Of Bogo (Cebu),Cebu
2025-10-30 19:49:00,11.03,124.03,28,1.5,005km S 76° E of City Of Bogo (Cebu),Cebu
2025-10-30 19:31:00,11.2,124.12,6,2.0,023km N 42° E of City Of Bogo (Cebu),Cebu
2025-10-30 19:25:00,15.93,121.95,7,2.0,024km S 02° W of Dinalungan (Aurora),Aurora
2025-10-30 19:21:00,10.93,123.94,1,2.2,013km S 18° W of City Of Bogo (Cebu),Cebu
2025-10-30 19:16:00,10.93,123.78,3,2.1,026km S 59° W of City Of Bogo (Cebu),Cebu
2025-10-30 19:06:00,13.69,123.14,32,1.6,005km S 37° E of Cabusao (Camarines Sur),Camarines Sur
2025-10-30 19:05:00,9.64,126.19,34,1.9,017km S 13° E of General Luna (Surigao Del Norte),Surigao Del Norte
2025-10-30 19:04:00,6.1,126.74,35,2.1,096km S 51° E of Governor Generoso (Davao Oriental),Davao Oriental
2025-10-30 18:42:00,11.15,123.96,20,2.1,012km N 09° W of City Of Bogo (Cebu),Cebu
2025-10-30 18:37:00,10.87,123.97,5,2.1,020km S 03° W of City Of Bogo (Cebu),Cebu
2025-10-30 18:01:00,11.12,124.18,6,2.5,023km N 69° E of City Of Bogo (Cebu),Cebu
2025-10-30 17:54:00,7.08,127.16,6,2.2,070km S 78° E of Manay (Davao Oriental),Davao Oriental
2025-10-30 17:42:00,15.91,121.86,16,1.9,027km S 22° W of Dinalungan (Aurora),Aurora
2025-10-30 17:40:00,9.68,126.01,10,2.1,019km S 55° W of General Luna (Surigao Del Norte),Surigao Del Norte
2025-10-30 17:40:00,15.92,121.92,1,2.2,025km S 10° W of Dinalungan (Aurora),Aurora
2025-10-30 17:40:00,11.13,124.18,9,1.8,024km N 66° E of City Of Bogo (Cebu),Cebu
2025-10-30 17:26:00,11.2,124.14,3,3.3,024km N 48° E of City Of Bogo (Cebu),Cebu
2025-10-30 16:52:00,11.13,124.1,28,2.2,016km N 56° E of City Of Bogo (Cebu),Cebu
2025-10-30 16:15:00,13.94,119.86,80,2.2,030km N 73° W of Lubang (Occidental Mindoro),Occidental Mindoro
2025-10-30 16:12:00,7.61,126.62,26,2.6,045km N 11° E of Manay (Davao Oriental),Davao Oriental
2025-10-30 15:32:00,9.68,126.22,29,2.2,014km S 30° E of General Luna (Surigao Del Norte),Surigao Del Norte
2025-10-30 15:31:00,9.67,126.17,26,2.3,013km S 06° E of General Luna (Surigao Del Norte),Surigao Del Norte
2025-10-30 15:30:00,11.12,124.08,9,2.2,014km N 52° E of City Of Bogo (Cebu),Cebu
2025-10-30 13:04:00,7.36,126.84,4,2.3,037km N 63° E of Manay (Davao Oriental),Davao Oriental
2025-10-30 13:02:00,7.28,126.81,21,2.4,031km N 76° E of Manay (Davao Oriental),Davao Oriental
2025-10-30 12:58:00,9.6,126.19,35,1.5,021km S 10° E of General Luna (Surigao Del Norte),Surigao Del Norte
2025-10-30 12:54:00,7.87,126.13,32,1.5,010km N 60° E of Monkayo (Davao De Oro),Davao De Oro
2025-10-30 12:37:00,10.35,125.16,2,2.7,006km S 42° W of Hinunangan (Southern Leyte),Southern Leyte
2025-10-30 12:18:00,11.13,123.89,6,1.8,014km N 46° W of City Of Bogo (Cebu),Cebu
2025-10-30 12:04:00,11.03,124.0,28,1.9,003km S 46° E of City Of Bogo (Cebu),Cebu
2025-10-30 12:01:00,10.94,123.98,5,2.5,012km S 01° E of City Of Bogo (Cebu),Cebu
2025-10-30 11:40:00,11.0,124.03,5,2.6,008km S 50° E of City Of Bogo (Cebu),Cebu
2025-10-30 10:55:00,7.49,126.74,30,1.9,038km N 36° E of Manay (Davao Oriental),Davao Oriental
2025-10-30 10:39:00,9.8,126.14,23,1.8,002km N 45° W of General Luna (Surigao Del Norte),Surigao Del Norte
2025-10-30 10:37:00,11.13,124.18,8,2.2,024km N 66° E of City Of Bogo (Cebu),Cebu
2025-10-30 10:32:00,9.65,126.21,33,2.0,015km S 23° E of General Luna (Surigao Del Norte),Surigao Del Norte
2025-10-30 10:06:00,9.88,124.21,20,1.5,007km N 11° E of Carmen (Bohol),Bohol
2025-10-30 09:47:00,16.93,120.6,112,2.5,009km N 54° E of Alilem (Ilocos Sur),Ilocos Sur
2025-10-30 09:46:00,10.97,123.98,5,2.2,009km S 01° E of City Of Bogo (Cebu),Cebu
2025-10-30 09:07:00,4.75,125.32,37,3.5,074km S 08° W of Balut Island (Municipality Of Sarangani) (Davao Occidental),Davao Occidental
2025-10-30 08:18:00,10.8,122.83,33,1.6,013km S 81° E of Dumangas (Iloilo),Iloilo
2025-10-30 08:17:00,11.17,123.99,28,1.8,013km N 04° E of City Of Bogo (Cebu),Cebu
2025-10-30 08:02:00,11.18,124.01,11,2.0,015km N 13° E of City Of Bogo (Cebu),Cebu
2025-10-30 07:48:00,10.75,123.77,6,2.3,007km N 73° W of Tuburan (Cebu),Cebu
2025-10-30 07:21:00,10.8,123.73,8,2.8,021km N 59° W of Tabuelan (Cebu),Cebu
2025-10-30 07:05:00,11.06,124.05,2,2.1,008km N 76° E of City Of Bogo (Cebu),Cebu
2025-10-30 07:02:00,12.97,124.52,12,3.4,036km S 78° E of Prieto Diaz (Sorsogon),Sorsogon
2025-10-30 06:01:00,11.09,123.96,13,2.0,006km N 23° W of City Of Bogo (Cebu),Cebu
2025-10-30 05:37:00,11.29,125.6,11,1.8,007km S 19° W of Hernani (Eastern Samar),Eastern Samar
2025-10-30 05:30:00,12.99,124.51,12,2.0,035km S 80° E of Prieto Diaz (Sorsogon),Sorsogon
2025-10-30 05:29:00,11.02,123.96,3,2.3,003km S 40° W of City Of Bogo (Cebu),Cebu
2025-10-30 05:28:00,12.47,124.62,30,2.2,004km S 27° W of Catarman (Northern Samar),Northern Samar
2025-10-30 05:23:00,10.91,123.81,8,2.0,024km S 50° W of City Of Bogo (Cebu),Cebu
2025-10-30 04:46:00,7.16,126.63,20,2.6,011km S 64° E of Manay (Davao Oriental),Davao Oriental
2025-10-30 04:10:00,7.5,126.73,27,2.5,021km S 67° E of Baganga (Davao Oriental),Davao Oriental
2025-10-30 04:09:00,13.28,120.76,29,1.9,019km S 10° E of Abra De Ilog (Occidental Mindoro),Occidental Mindoro
2025-10-30 04:07:00,8.9,126.36,40,2.8,007km S 70° E of Cagwait (Surigao Del Sur),Surigao Del Sur
2025-10-30 03:43:00,9.69,126.19,18,2.4,011km S 19° E of General Luna (Surigao Del Norte),Surigao Del Norte
2025-10-30 03:39:00,8.94,126.48,24,2.3,020km N 84° E of Cagwait (Surigao Del Sur),Surigao Del Sur
2025-10-30 03:34:00,10.41,125.96,35,1.7,042km N 83° E of Loreto (Dinagat Islands),Dinagat Islands
2025-10-30 03:32:00,11.09,123.95,6,2.2,006km N 33° W of City Of Bogo (Cebu),Cebu
2025-10-30 03:28:00,13.68,120.63,102,1.6,017km S 02° W of Calatagan (Batangas),Batangas
2025-10-30 03:21:00,7.15,126.79,30,2.4,028km S 76° E of Manay (Davao Oriental),Davao Oriental
2025-10-30 03:13:00,7.02,126.75,27,2.4,032km S 47° E of Manay (Davao Oriental),Davao Oriental
2025-10-30 02:51:00,7.32,126.92,22,2.5,044km N 74° E of Manay (Davao Oriental),Davao Oriental
2025-10-30 02:43:00,11.12,124.12,6,2.0,018km N 61° E of City Of Bogo (Cebu),Cebu
2025-10-30 02:25:00,11.15,124.15,5,2.2,022km N 57° E of City Of Bogo (Cebu),Cebu
2025-10-30 02:16:00,10.99,123.95,3,2.8,007km S 23° W of City Of Bogo (Cebu),Cebu
2025-10-30 02:16:00,18.61,120.7,5,2.2,012km N 30° E of Burgos (Ilocos Norte),Ilocos Norte
2025-10-30 02:02:00,11.05,124.08,6,2.3,011km N 88° E of City Of Bogo (Cebu),Cebu
2025-10-30 01:52:00,3.82,124.2,439,4.8,223km S 37° W of Balut Island (Municipality Of Sarangani) (Davao Occidental),Davao Occidental
2025-10-30 01:34:00,8.93,126.45,18,3.1,016km N 85° E of Cagwait (Surigao Del Sur),Surigao Del Sur
2025-10-30 01:18:00,10.9,123.83,11,2.0,023km S 45° W of City Of Bogo (Cebu),Cebu
2025-10-30 00:25:00,11.15,124.18,6,2.4,025km N 61° E of City Of Bogo (Cebu),Cebu
2025-10-30 00:07:00,9.65,126.1,22,2.3,015km S 22° W of General Luna (Surigao Del Norte),Surigao Del Norte
2025-10-30 00:01:00,8.51,124.63,7,3.1,004km N 21° W of City Of Cagayan De Oro (Misamis Oriental),Misamis Oriental
2025-10-29 23:42:00,11.13,124.07,7,2.5,014km N 50° E of City Of Bogo (Cebu),Cebu
2025-10-29 23:10:00,13.45,121.59,32,1.5,027km N 90° W of Boac (Marinduque),Marinduque
2025-10-29 23:00:00,13.51,120.77,33,1.4,009km N 30° E of Abra De Ilog (Occidental Mindoro),Occidental Mindoro
2025-10-29 22:48:00,6.23,126.21,43,2.7,050km S 18° E of Governor Generoso (Davao Oriental),Davao Oriental
2025-10-29 22:46:00,13.67,120.58,90,1.5,019km S 16° W of Calatagan (Batangas),Batangas
2025-10-29 22:39:00,11.17,124.04,33,1.5,015km N 26° E of City Of Bogo (Cebu),Cebu
2025-10-29 22:12:00,10.9,123.82,5,3.9,022km S 47° W of City Of Bogo (Cebu),Cebu
2025-10-29 22:07:00,11.03,124.03,1,3.6,006km S 74° E of City Of Bogo (Cebu),Cebu
2025-10-29 22:04:00,7.44,126.73,36,3.4,033km N 39° E of Manay (Davao Oriental),Davao Oriental
2025-10-29 22:01:00,10.91,123.97,4,2.7,015km S 03° W of City Of Bogo (Cebu),Cebu
2025-10-29 21:49:00,11.01,124.0,6,1.8,004km S 26° E of City Of Bogo (Cebu),Cebu
2025-10-29 21:47:00,11.06,124.05,4,2.4,008km N 80° E of City Of Bogo (Cebu),Cebu
2025-10-29 21:40:00,13.83,120.58,77,1.4,005km S 84° W of Calatagan (Batangas),Batangas
2025-10-29 21:39:00,11.25,124.27,6,2.0,014km N 74° W of Villaba (Leyte),Leyte
2025-10-29 21:30:00,11.16,124.13,8,1.9,021km N 53° E of City Of Bogo (Cebu),Cebu
2025-10-29 21:23:00,12.46,125.1,25,2.1,010km S 10° W of Palapag (Northern Samar),Northern Samar
2025-10-29 20:52:00,11.14,124.02,32,2.0,012km N 24° E of City Of Bogo (Cebu),Cebu
2025-10-29 20:51:00,11.11,124.16,7,1.5,020km N 70° E of City Of Bogo (Cebu),Cebu
2025-10-29 20:21:00,9.11,122.57,8,3.4,034km S 13° W of Basay (Negros Oriental),Negros Oriental
2025-10-29 20:16:00,13.29,121.78,9,2.0,008km S 65° W of Gasan (Marinduque),Marinduque
2025-10-29 20:08:00,14.65,120.09,27,2.0,019km S 80° W of Morong (Bataan),Bataan
2025-10-29 19:56:00,9.65,126.23,19,3.1,017km S 28° E of General Luna (Surigao Del Norte),Surigao Del Norte
2025-10-29 19:54:00,9.55,126.11,5,2.0,026km S 12° W of General Luna (Surigao Del Norte),Surigao Del Norte
2025-10-29 19:44:00,9.6,126.2,24,2.2,020km S 12° E of General Luna (Surigao Del Norte),Surigao Del Norte
2025-10-29 19:30:00,11.38,124.03,33,1.3,037km N 09° E of City Of Bogo (Cebu),Cebu
2025-10-29 19:21:00,11.07,124.06,3,2.4,009km N 73° E of City Of Bogo (Cebu),Cebu
2025-10-29 19:15:00,9.67,126.12,15,2.7,013km S 17° W of General Luna (Surigao Del Norte),Surigao Del Norte
2025-10-29 19:09:00,5.15,126.35,52,2.9,104km S 70° E of Sarangani Island (Municipality Of Sarangani) (Davao Occidental),Davao Occidental
2025-10-29 19:06:00,8.45,126.6,23,2.6,061km S 32° E of Cagwait (Surigao Del Sur),Surigao Del Sur
2025-10-29 18:28:00,7.04,126.98,28,2.5,052km S 69° E of Manay (Davao Oriental),Davao Oriental
2025-10-29 18:21:00,10.98,123.95,1,2.5,008km S 22° W of City Of Bogo (Cebu),Cebu
2025-10-29 18:14:00,9.83,126.16,27,2.0,005km N 07° E of General Luna (Surigao Del Norte),Surigao Del Norte
2025-10-29 17:55:00,13.53,120.62,89,1.6,015km N 53° W of Abra De Ilog (Occidental Mindoro),Occidental Mindoro
2025-10-29 17:48:00,10.9,123.96,1,2.1,016km S 09° W of City Of Bogo (Cebu),Cebu
2025-10-29 17:37:00,7.18,127.02,20,2.3,053km S 87° E of Manay (Davao Oriental),Davao Oriental
2025-10-29 17:22:00,9.64,126.17,33,2.1,016km S 05° E of General Luna (Surigao Del Norte),Surigao Del Norte
2025-10-29 17:07:00,7.06,127.02,10,2.4,056km S 73° E of Manay (Davao Oriental),Davao Oriental
2025-10-29 16:59:00,7.06,126.99,15,2.9,052km S 71° E of Manay (Davao Oriental),Davao Oriental
2025-10-29 16:22:00,9.7,126.26,29,2.1,015km S 50° E of General Luna (Surigao Del Norte),Surigao Del Norte
2025-10-29 16:15:00,11.01,124.07,2,2.0,011km S 68° E of City Of Bogo (Cebu),Cebu
2025-10-29 16:08:00,10.69,124.16,9,1.6,016km S 78° E of Catmon (Cebu),Cebu
2025-10-29 16:01:00,10.89,123.93,2,2.6,018km S 18° W of City Of Bogo (Cebu),Cebu
2025-10-29 15:45:00,9.62,126.05,35,1.6,021km S 34° W of General Luna (Surigao Del Norte),Surigao Del Norte
2025-10-29 15:33:00,7.25,126.84,13,2.1,033km N 83° E of Manay (Davao Oriental),Davao Oriental
2025-10-29 15:28:00,9.71,126.6,10,2.0,049km S 80° E of General Luna (Surigao Del Norte),Surigao Del Norte
2025-10-29 15:26:00,9.05,126.21,54,2.2,018km N 33° W of Cagwait (Surigao Del Sur),Surigao Del Sur
2025-10-29 15:18:00,18.65,120.67,6,2.6,016km N 09° E of Burgos (Ilocos Norte),Ilocos Norte
2025-10-29 15:20:00,7.52,127.1,19,2.3,070km N 61° E of Manay (Davao Oriental),Davao Oriental
2025-10-29 14:25:00,10.9,123.98,1,2.0,016km South of City Of Bogo (Cebu),Cebu
2025-10-29 14:16:00,10.12,125.73,35,1.5,015km N 68° E of Basilisa (Dinagat Islands),Dinagat Islands
2025-10-29 13:39:00,13.34,121.69,7,2.0,021km S 54° W of Boac (Marinduque),Marinduque
2025-10-29 12:24:00,9.01,126.6,11,2.2,034km N 72° E of Cagwait (Surigao Del Sur),Surigao Del Sur
2025-10-29 11:48:00,9.63,126.21,33,1.5,017km S 18° E of General Luna (Surigao Del Norte),Surigao Del Norte
2025-10-29 11:43:00,13.79,120.84,5,2.2,012km N 68° W of Mabini (Batangas),Batangas
2025-10-29 11:33:00,5.9,125.68,75,2.7,005km S 76° E of Jose Abad Santos (Davao Occidental),Davao Occidental
2025-10-29 10:54:00,10.74,123.66,14,1.4,016km N 80° E of Toboso (Negros Occidental),Negros Occidental
2025-10-29 09:29:00,9.6,126.17,30,1.5,021km S 04° E of General Luna (Surigao Del Norte),Surigao Del Norte
2025-10-29 09:02:00,14.01,120.53,114,1.5,013km S 77° W of Lian (Batangas),Batangas
2025-10-29 08:26:00,10.81,123.72,2,2.2,015km N 50° W of Tuburan (Cebu),Cebu
2025-10-29 08:09:00,5.67,124.06,550,3.9,061km S 14° W of Palimbang (Sultan Kudarat),Sultan Kudarat
2025-10-29 07:53:00,10.79,123.78,11,2.8,008km N 35° W of Tuburan (Cebu),Cebu
2025-10-29 07:40:00,10.79,123.76,7,2.6,010km N 44° W of Tuburan (Cebu),Cebu
2025-10-29 07:28:00,9.54,126.44,6,2.5,041km S 49° E of General Luna (Surigao Del Norte),Surigao Del Norte
2025-10-29 07:04:00,8.9,126.45,21,2.2,017km S 84° E of Cagwait (Surigao Del Sur),Surigao Del Sur
2025-10-29 07:01:00,8.95,126.38,19,4.6,009km N 67° E of Cagwait (Surigao Del Sur),Surigao Del Sur
2025-10-29 07:01:00,8.96,126.49,24,2.8,021km N 79° E of Cagwait (Surigao Del Sur),Surigao Del Sur
2025-10-29 06:34:00,8.38,126.14,129,2.5,022km N 85° W of Hinatuan (Surigao Del Sur),Surigao Del Sur
2025-10-29 06:24:00,7.27,127.25,16,3.0,079km N 85° E of Manay (Davao Oriental),Davao Oriental
2025-10-29 06:03:00,11.19,124.04,33,1.6,017km N 21° E of City Of Bogo (Cebu),Cebu
2025-10-29 06:01:00,9.68,126.13,21,2.2,012km S 13° W of General Luna (Surigao Del Norte),Surigao Del Norte
2025-10-29 05:57:00,11.03,124.06,4,2.4,009km S 79° E of City Of Bogo (Cebu),Cebu
2025-10-29 05:27:00,15.43,121.8,12,1.7,044km S 35° E of Baler (Aurora),Aurora
2025-10-29 05:19:00,11.05,124.07,3,2.6,010km N 89° E of City Of Bogo (Cebu),Cebu
2025-10-29 05:00:00,7.11,126.88,9,3.4,040km S 73° E of Manay (Davao Oriental),Davao Oriental
2025-10-29 04:56:00,9.64,126.18,32,2.3,017km S 11° E of General Luna (Surigao Del Norte),Surigao Del Norte
2025-10-29 04:55:00,8.06,126.24,25,2.1,020km N 82° E of Trento (Agusan Del Sur),Agusan Del Sur
2025-10-29 04:34:00,10.97,123.94,6,2.5,009km S 27° W of City Of Bogo (Cebu),Cebu
2025-10-29 04:21:00,11.11,123.98,18,1.4,007km N 01° E of City Of Bogo (Cebu),Cebu
2025-10-29 04:17:00,11.23,124.18,5,2.2,030km N 46° E of City Of Bogo (Cebu),Cebu
2025-10-29 04:10:00,10.84,123.71,7,2.4,017km N 83° W of Tabuelan (Cebu),Cebu
2025-10-29 04:08:00,9.6,126.24,31,1.6,022km S 23° E of General Luna (Surigao Del Norte),Surigao Del Norte
2025-10-29 03:47:00,11.02,124.03,6,3.4,007km S 58° E of City Of Bogo (Cebu),Cebu
2025-10-29 03:33:00,17.99,120.63,25,1.8,003km N 60° W of Banna (Ilocos Norte),Ilocos Norte
2025-10-29 03:20:00,10.94,124.0,16,2.4,012km S 09° E of City Of Bogo (Cebu),Cebu
2025-10-29 03:16:00,7.83,126.48,21,2.1,005km N 29° E of Cateel (Davao Oriental),Davao Oriental
2025-10-29 03:11:00,11.2,124.36,16,1.9,004km S 79° W of Villaba (Leyte),Leyte
2025-10-29 03:10:00,13.53,120.77,1,3.1,010km N 29° E of Abra De Ilog (Occidental Mindoro),Occidental Mindoro
2025-10-29 02:15:00,15.44,121.77,4,3.1,042km S 33° E of Baler (Aurora),Aurora
2025-10-29 02:13:00,15.45,121.77,2,3.3,041km S 33° E of Baler (Aurora),Aurora
2025-10-29 01:20:00,9.67,125.99,31,2.2,022km S 55° W of General Luna (Surigao Del Norte),Surigao Del Norte
2025-10-29 01:19:00,11.07,123.96,21,1.8,003km N 34° W of City Of Bogo (Cebu),Cebu
2025-10-29 00:54:00,15.81,121.36,3,4.1,013km N 84° W of Maria Aurora (Aurora),Aurora
2025-10-29 00:52:00,9.63,126.26,32,1.9,020km S 33° E of General Luna (Surigao Del Norte),Surigao Del Norte
2025-10-29 00:24:00,15.44,121.79,3,3.3,042km S 35° E of Baler (Aurora),Aurora
2025-10-29 00:15:00,11.21,123.91,7,1.9,020km N 24° W of City Of Bogo (Cebu),Cebu
2025-10-29 00:07:00,6.89,126.8,25,2.3,046km S 39° E of Manay (Davao Oriental),Davao Oriental
2025-10-28 23:39:00,15.07,121.5,30,2.4,037km S 19° E of Dingalan (Aurora),Aurora
2025-10-28 23:11:00,7.25,127.27,28,3.4,081km N 87° E of Manay (Davao Oriental),Davao Oriental
2025-10-28 22:32:00,10.92,123.91,5,2.4,017km S 29° W of City Of Bogo (Cebu),Cebu
2025-10-28 22:28:00,12.75,125.18,5,2.3,024km N 17° E of Palapag (Northern Samar),Northern Samar
2025-10-28 22:27:00,11.0,124.07,35,1.6,012km S 64° E of City Of Bogo (Cebu),Cebu
2025-10-28 22:17:00,10.87,123.95,7,2.6,020km S 09° W of City Of Bogo (Cebu),Cebu
2025-10-28 22:02:00,8.0,126.64,21,1.9,025km S 81° E of Lingig (Surigao Del Sur),Surigao Del Sur
2025-10-28 21:49:00,7.37,123.18,7,1.6,016km S 06° E of Vincenzo A. Sagun (Zamboanga Del Sur),Zamboanga Del Sur
2025-10-28 21:49:00,11.15,124.02,31,2.4,012km N 21° E of City Of Bogo (Cebu),Cebu
2025-10-28 21:35:00,17.64,122.31,10,2.1,029km N 16° E of Maconacon (Isabela),Isabela
2025-10-28 21:21:00,17.71,122.51,33,3.0,047km N 39° E of Maconacon (Isabela),Isabela
2025-10-28 21:10:00,7.38,126.69,18,3.1,025km N 41° E of Manay (Davao Oriental),Davao Oriental
2025-10-28 20:55:00,9.66,126.11,29,2.3,014km S 21° W of General Luna (Surigao Del Norte),Surigao Del Norte
2025-10-28 20:48:00,11.14,124.2,1,2.3,026km N 67° E of City Of Bogo (Cebu),Cebu
2025-10-28 20:42:00,9.64,126.21,34,1.7,017km S 21° E of General Luna (Surigao Del Norte),Surigao Del Norte
2025-10-28 20:27:00,10.93,123.97,1,2.3,013km S 03° W of City Of Bogo (Cebu),Cebu
2025-10-28 19:52:00,7.6,126.59,20,2.0,043km N 08° E of Manay (Davao Oriental),Davao Oriental
2025-10-28 19:46:00,7.13,124.29,53,1.5,009km N 78° W of Kabuntalan (Maguindanao Del Norte),Maguindanao Del Norte
2025-10-28 19:44:00,6.62,126.92,149,2.7,078km S 32° E of Manay (Davao Oriental),Davao Oriental
2025-10-28 19:32:00,4.32,125.53,11,3.1,122km S 06° E of Balut Island (Municipality Of Sarangani) (Davao Occidental),Davao Occidental
2025-10-28 19:26:00,9.74,122.34,12,2.7,010km S 72° W of City Of Sipalay (Negros Occidental),Negros Occidental
2025-10-28 19:19:00,8.65,124.52,35,2.0,010km N 04° W of City Of El Salvador (Misamis Oriental),Misamis Oriental
2025-10-28 19:08:00,11.1,124.01,30,1.7,012km N 25° E of City Of Bogo (Cebu),Cebu
2025-10-28 19:05:00,11.14,124.15,11,1.7,022km N 61° E of City Of Bogo (Cebu),Cebu
2025-10-28 19:03:00,11.82,125.58,8,2.6,013km N 88° E of Sulat (Eastern Samar),Eastern Samar
2025-10-28 18:37:00,5.35,124.97,31,2.7,050km S 83° W of Balut Island (Municipality Of Sarangani) (Davao Occidental),Davao Occidental
2025-10-28 18:33:00,7.18,123.26,19,3.2,030km S 11° W of Pitogo (Zamboanga Del Sur),Zamboanga Del Sur
2025-10-28 18:32:00,6.88,126.28,32,1.6,011km S 43° E of City Of Mati (Davao Oriental),Davao Oriental
2025-10-28 18:28:00,9.69,126.31,26,3.1,019km S 58° E of General Luna (Surigao Del Norte),Surigao Del Norte
2025-10-28 18:14:00,14.91,121.88,18,1.9,008km S 70° E of Panukulan (Quezon),Quezon
2025-10-28 17:44:00,9.26,125.66,16,2.2,011km S 89° E of Santiago (Agusan Del Norte),Agusan Del Norte
2025-10-28 17:09:00,8.9,126.4,30,2.6,011km S 76° E of Cagwait (Surigao Del Sur),Surigao Del Sur
2025-10-28 16:48:00,9.65,126.29,33,1.3,021km S 44° E of General Luna (Surigao Del Norte),Surigao Del Norte
2025-10-28 15:21:00,17.05,120.5,12,1.9,007km S 54° E of Santa Cruz (Ilocos Sur),Ilocos Sur
2025-10-28 15:19:00,7.49,123.24,20,1.5,008km S 67° E of Vincenzo A. Sagun (Zamboanga Del Sur),Zamboanga Del Sur
2025-10-28 14:54:00,8.72,126.37,32,2.0,023km S 20° E of Cagwait (Surigao Del Sur),Surigao Del Sur
2025-10-28 14:54:00,11.04,123.96,2,2.6,002km S 75° W of City Of Bogo (Cebu),Cebu
2025-10-28 14:49:00,15.48,119.93,34,1.7,006km N 19° E of Palauig (Zambales),Zambales
2025-10-28 14:49:00,7.35,127.12,22,2.5,066km N 76° E of Manay (Davao Oriental),Davao Oriental
2025-10-28 14:30:00,7.4,127.33,12,3.8,090km N 77° E of Manay (Davao Oriental),Davao Oriental
2025-10-28 14:11:00,7.23,126.91,22,2.6,042km N 86° E of Manay (Davao Oriental),Davao Oriental
2025-10-28 14:09:00,9.45,125.56,19,2.2,002km West of Kitcharao (Agusan Del Norte),Agusan Del Norte
2025-10-28 13:55:00,9.4,125.53,2,3.3,008km S 38° W of Alegria (Surigao Del Norte),Surigao Del Norte
2025-10-28 13:12:00,14.12,121.28,2,1.9,009km S 42° E of Los Baños (Laguna),Laguna
2025-10-28 12:42:00,7.36,127.02,19,2.3,056km N 72° E of Manay (Davao Oriental),Davao Oriental
2025-10-28 12:34:00,14.09,121.26,4,3.5,010km S 24° E of Los Baños (Laguna),Laguna
2025-10-28 12:31:00,7.42,127.04,22,2.2,060km N 67° E of Manay (Davao Oriental),Davao Oriental
2025-10-28 12:20:00,13.76,122.26,5,2.7,012km N 52° E of General Luna (Quezon),Quezon
2025-10-28 11:31:00,14.16,121.21,43,2.1,002km S 22° W of Los Baños (Laguna),Laguna
2025-10-28 11:28:00,14.15,121.19,32,1.5,004km S 50° W of Los Baños (Laguna),Laguna
2025-10-28 11:12:00,10.75,123.81,29,1.9,003km N 45° W of Tuburan (Cebu),Cebu
2025-10-28 09:09:00,11.18,124.15,12,2.1,024km N 50° E of City Of Bogo (Cebu),Cebu
2025-10-28 08:08:00,11.05,123.98,27,2.0,001km N 45° E of City Of Bogo (Cebu),Cebu
2025-10-28 08:04:00,11.14,124.07,26,2.0,015km N 44° E of City Of Bogo (Cebu),Cebu
2025-10-28 06:10:00,10.18,124.92,28,1.9,009km N 75° W of Malitbog (Southern Leyte),Southern Leyte
2025-10-28 05:36:00,10.99,124.03,2,2.5,009km S 38° E of City Of Bogo (Cebu),Cebu
2025-10-28 05:18:00,10.9,123.89,2,1.8,019km S 33° W of City Of Bogo (Cebu),Cebu
2025-10-28 04:38:00,18.47,120.82,4,2.0,011km S 21° E of Pagudpud (Ilocos Norte),Ilocos Norte
2025-10-28 03:59:00,11.16,124.18,17,2.0,025km N 60° E of City Of Bogo (Cebu),Cebu
2025-10-28 03:55:00,11.22,124.21,10,1.9,031km N 52° E of City Of Bogo (Cebu),Cebu
2025-10-28 03:52:00,11.3,124.13,36,1.8,033km N 30° E of City Of Bogo (Cebu),Cebu
2025-10-28 03:50:00,9.54,125.66,43,2.1,007km S 16° E of Bacuag (Surigao Del Norte),Surigao Del Norte
2025-10-28 03:33:00,9.8,125.47,32,1.8,002km N 69° W of City Of Surigao (Surigao Del Norte),Surigao Del Norte
2025-10-28 03:31:00,7.15,126.69,31,2.0,018km S 68° E of Manay (Davao Oriental),Davao Oriental
2025-10-28 03:26:00,11.04,124.09,6,2.6,012km S 87° E of City Of Bogo (Cebu),Cebu
2025-10-28 03:20:00,10.9,123.89,4,2.3,019km S 30° W of City Of Bogo (Cebu),Cebu
2025-10-28 03:16:00,9.68,126.27,32,1.8,017km S 47° E of General Luna (Surigao Del Norte),Surigao Del Norte
2025-10-28 03:06:00,11.16,123.99,21,1.9,013km N 03° E of City Of Bogo (Cebu),Cebu
2025-10-28 03:02:00,10.91,123.92,7,2.5,016km S 26° W of City Of Bogo (Cebu),Cebu
2025-10-28 02:40:00,6.92,127.45,12,3.0,106km S 72° E of Manay (Davao Oriental),Davao Oriental
2025-10-28 02:29:00,9.65,126.21,33,1.7,016km S 23° E of General Luna (Surigao Del Norte),Surigao Del Norte
2025-10-28 02:00:00,11.11,124.04,31,2.2,009km N 43° E of City Of Bogo (Cebu),Cebu
2025-10-28 01:53:00,8.7,126.19,28,1.9,026km S 26° W of Cagwait (Surigao Del Sur),Surigao Del Sur
2025-10-28 01:49:00,7.45,126.72,1,2.5,033km N 37° E of Manay (Davao Oriental),Davao Oriental
2025-10-28 01:43:00,11.16,124.1,33,1.9,018km N 47° E of City Of Bogo (Cebu),Cebu
2025-10-28 01:41:00,9.85,122.44,27,1.8,009km N 07° E of City Of Sipalay (Negros Occidental),Negros Occidental
2025-10-28 01:40:00,12.24,123.84,3,2.2,005km N 24° W of Dimasalang (Masbate),Masbate
2025-10-28 01:35:00,13.0,121.25,5,2.0,018km S 71° W of Socorro (Oriental Mindoro),Oriental Mindoro
2025-10-28 01:30:00,7.13,126.74,28,1.9,023km S 69° E of Manay (Davao Oriental),Davao Oriental
2025-10-28 01:10:00,9.07,126.49,35,1.8,026km N 51° E of Cagwait (Surigao Del Sur),Surigao Del Sur
2025-10-28 01:09:00,18.45,120.98,8,2.4,009km S 80° E of Adams (Ilocos Norte),Ilocos Norte
2025-10-28 01:03:00,5.28,126.49,101,4.0,115km S 79° E of Sarangani Island (Municipality Of Sarangani) (Davao Occidental),Davao Occidental
2025-10-28 00:58:00,9.51,126.1,44,1.7,031km S 12° W of General Luna (Surigao Del Norte),Surigao Del Norte
2025-10-28 00:52:00,11.15,123.92,4,3.0,012km N 29° W of City Of Bogo (Cebu),Cebu
2025-10-28 00:10:00,9.59,126.19,35,1.9,022km S 10° E of General Luna (Surigao Del Norte),Surigao Del Norte
2025-10-27 23:22:00,11.07,124.09,11,1.6,012km N 79° E of City Of Bogo (Cebu),Cebu
2025-10-27 23:19:00,11.38,124.31,12,2.0,008km S 23° W of Cabucgayan (Biliran),Biliran
2025-10-27 23:17:00,10.98,123.92,3,1.9,010km S 41° W of City Of Bogo (Cebu),Cebu
2025-10-27 23:13:00,9.6,126.7,6,2.2,063km S 71° E of General Luna (Surigao Del Norte),Surigao Del Norte
2025-10-27 22:50:00,15.44,119.85,22,2.1,007km N 82° W of Palauig (Zambales),Zambales
2025-10-27 22:39:00,7.13,126.89,32,2.5,040km S 77° E of Manay (Davao Oriental),Davao Oriental
2025-10-27 22:37:00,11.21,124.08,25,1.8,020km N 31° E of City Of Bogo (Cebu),Cebu
2025-10-27 22:27:00,7.24,126.85,15,2.5,034km N 85° E of Manay (Davao Oriental),Davao Oriental
2025-10-27 22:07:00,15.52,119.98,19,2.7,003km S 69° E of Masinloc (Zambales),Zambales
2025-10-27 22:06:00,7.46,127.31,9,2.9,089km N 72° E of Manay (Davao Oriental),Davao Oriental
2025-10-27 21:52:00,9.67,126.27,33,1.6,018km S 45° E of General Luna (Surigao Del Norte),Surigao Del Norte
2025-10-27 21:25:00,14.09,122.85,32,1.9,006km N 14° W of San Lorenzo Ruiz (Camarines Norte),Camarines Norte
2025-10-27 21:09:00,9.73,126.29,20,2.0,015km S 69° E of General Luna (Surigao Del Norte),Surigao Del Norte
2025-10-27 20:57:00,6.11,126.44,102,2.1,073km S 34° E of Governor Generoso (Davao Oriental),Davao Oriental
2025-10-27 20:51:00,10.96,124.07,9,1.9,013km S 46° E of City Of Bogo (Cebu),Cebu
2025-10-27 20:49:00,8.83,126.4,43,2.0,012km N 70° E of Marihatag (Surigao Del Sur),Surigao Del Sur
2025-10-27 20:38:00,10.79,123.76,9,2.1,010km N 48° W of Tuburan (Cebu),Cebu
2025-10-27 20:37:00,7.49,126.19,3,2.0,009km S 45° E of New Bataan (Davao De Oro),Davao De Oro
2025-10-27 20:34:00,8.58,126.47,29,1.4,027km N 33° E of Hinatuan (Surigao Del Sur),Surigao Del Sur
2025-10-27 20:11:00,7.5,126.7,18,1.8,037km N 29° E of Manay (Davao Oriental),Davao Oriental
2025-10-27 19:59:00,9.68,126.09,30,1.5,013km S 31° W of General Luna (Surigao Del Norte),Surigao Del Norte
2025-10-27 19:53:00,11.13,124.11,10,1.7,017km N 58° E of City Of Bogo (Cebu),Cebu
2025-10-27 19:41:00,7.36,126.8,9,2.2,034km N 60° E of Manay (Davao Oriental),Davao Oriental
2025-10-27 19:29:00,14.06,122.85,33,1.5,003km N 37° W of San Lorenzo Ruiz (Camarines Norte),Camarines Norte
2025-10-27 19:29:00,14.04,122.79,34,1.5,009km N 87° W of San Lorenzo Ruiz (Camarines Norte),Camarines Norte
2025-10-27 19:24:00,9.66,126.23,30,2.5,016km S 29° E of General Luna (Surigao Del Norte),Surigao Del Norte
2025-10-27 18:59:00,9.73,126.21,34,1.8,009km S 48° E of General Luna (Surigao Del Norte),Surigao Del Norte
2025-10-27 18:46:00,16.19,120.85,25,2.6,010km N 72° W of Santa Fe (Nueva Vizcaya),Nueva Vizcaya
2025-10-27 18:35:00,9.66,126.25,35,1.8,017km S 37° E of General Luna (Surigao Del Norte),Surigao Del Norte
2025-10-27 18:25:00,13.94,122.89,1,2.1,011km S 11° E of San Lorenzo Ruiz (Camarines Norte),Camarines Norte
2025-10-27 18:07:00,13.34,121.7,18,1.9,019km S 52° W of Boac (Marinduque),Marinduque
2025-10-27 17:57:00,7.03,126.79,20,2.4,034km S 54° E of Manay (Davao Oriental),Davao Oriental
2025-10-27 17:23:00,9.56,125.91,3,1.8,009km S 43° W of Socorro (Surigao Del Norte),Surigao Del Norte
2025-10-27 17:10:00,8.79,125.86,16,2.5,014km N 54° E of City Of Bayugan (Agusan Del Sur),Agusan Del Sur
2025-10-27 17:03:00,11.01,123.96,1,2.7,005km S 31° W of City Of Bogo (Cebu),Cebu
2025-10-27 16:40:00,13.34,121.64,5,2.8,025km S 61° W of Boac (Marinduque),Marinduque
2025-10-27 16:38:00,9.21,126.27,7,2.1,033km N 07° W of Cagwait (Surigao Del Sur),Surigao Del Sur
2025-10-27 16:38:00,7.2,127.05,34,2.7,056km S 89° E of Manay (Davao Oriental),Davao Oriental
2025-10-27 16:35:00,11.19,124.08,9,2.4,019km N 35° E of City Of Bogo (Cebu),Cebu
2025-10-27 16:23:00,8.01,126.27,29,2.3,015km S 80° W of Lingig (Surigao Del Sur),Surigao Del Sur
2025-10-27 15:45:00,13.59,120.66,158,2.3,018km N 23° W of Abra De Ilog (Occidental Mindoro),Occidental Mindoro
2025-10-27 15:44:00,10.88,123.95,1,2.2,019km S 11° W of City Of Bogo (Cebu),Cebu
2025-10-27 14:58:00,9.51,125.89,83,2.5,015km S 33° W of Socorro (Surigao Del Norte),Surigao Del Norte
2025-10-27 14:55:00,18.44,120.84,11,2.0,006km S 69° W of Adams (Ilocos Norte),Ilocos Norte
2025-10-27 14:27:00,7.22,126.76,20,2.2,024km N 87° E of Manay (Davao Oriental),Davao Oriental
2025-10-27 14:12:00,11.38,124.11,30,2.3,040km N 20° E of City Of Bogo (Cebu),Cebu
2025-10-27 13:53:00,9.9,126.05,32,1.6,018km N 44° W of General Luna (Surigao Del Norte),Surigao Del Norte
2025-10-27 13:18:00,9.65,126.13,29,1.8,014km S 11° W of General Luna (Surigao Del Norte),Surigao Del Norte
2025-10-27 12:49:00,10.97,123.99,4,2.8,008km S 07° E of City Of Bogo (Cebu),Cebu
2025-10-27 12:44:00,7.29,127.04,8,2.8,056km N 81° E of Manay (Davao Oriental),Davao Oriental
2025-10-27 12:28:00,10.99,123.99,21,1.5,006km S 10° E of City Of Bogo (Cebu),Cebu
2025-10-27 12:19:00,11.11,124.03,8,2.3,009km N 40° E of City Of Bogo (Cebu),Cebu
2025-10-27 12:07:00,9.64,126.2,35,2.0,016km S 16° E of General Luna (Surigao Del Norte),Surigao Del Norte
2025-10-27 12:01:00,7.39,126.74,12,2.5,029km N 48° E of Manay (Davao Oriental),Davao Oriental
2025-10-27 12:00:00,11.96,124.45,1,1.9,004km N 09° E of Santo Niño (Samar),Samar
2025-10-27 11:45:00,11.32,123.99,1,2.5,030km N 01° E of City Of Bogo (Cebu),Cebu
2025-10-27 11:31:00,5.4,127.34,33,2.8,196km S 73° E of Jose Abad Santos (Davao Occidental),Davao Occidental
2025-10-27 11:21:00,11.66,124.07,28,1.9,009km S 22° E of Esperanza (Masbate),Masbate
2025-10-27 11:20:00,11.08,124.31,33,2.3,009km N 67° W of Palompon (Leyte),Leyte
2025-10-27 11:14:00,9.62,126.19,32,2.0,019km S 11° E of General Luna (Surigao Del Norte),Surigao Del Norte
2025-10-27 10:57:00,8.8,126.4,27,3.1,017km S 39° E of Cagwait (Surigao Del Sur),Surigao Del Sur
2025-10-27 10:39:00,5.49,126.53,26,3.5,101km S 67° E of Jose Abad Santos (Davao Occidental),Davao Occidental
2025-10-27 10:27:00,5.17,126.94,74,3.0,165km S 60° E of Jose Abad Santos (Davao Occidental),Davao Occidental
2025-10-27 10:26:00,9.17,125.77,36,1.6,023km S 64° W of Madrid (Surigao Del Sur),Surigao Del Sur
2025-10-27 10:05:00,11.02,124.08,1,2.4,012km S 73° E of City Of Bogo (Cebu),Cebu
2025-10-27 10:04:00,6.12,126.22,120,2.7,059km S 81° E of Don Marcelino (Davao Occidental),Davao Occidental
2025-10-27 09:31:00,7.14,126.73,22,2.6,023km S 69° E of Manay (Davao Oriental),Davao Oriental
2025-10-27 09:26:00,8.85,126.5,31,2.5,023km S 72° E of Cagwait (Surigao Del Sur),Surigao Del Sur
2025-10-27 09:08:00,8.98,126.31,38,4.2,007km N 08° E of Cagwait (Surigao Del Sur),Surigao Del Sur
2025-10-27 09:00:00,16.45,120.64,26,2.0,011km N 20° W of Itogon (Benguet),Benguet
2025-10-27 08:52:00,16.39,120.68,6,1.8,004km N 02° W of Itogon (Benguet),Benguet
2025-10-27 08:32:00,18.77,120.5,8,2.9,032km N 27° W of Burgos (Ilocos Norte),Ilocos Norte
2025-10-27 08:25:00,7.4,127.02,11,2.9,057km N 69° E of Manay (Davao Oriental),Davao Oriental
2025-10-27 08:21:00,16.4,120.6,19,1.4,010km N 63° W of Itogon (Benguet),Benguet
2025-10-27 08:20:00,16.47,120.81,33,1.4,018km N 51° E of Itogon (Benguet),Benguet
2025-10-27 07:28:00,7.1,125.43,11,2.1,020km N 79° W of City Of Davao,
2025-10-27 06:38:00,7.13,126.72,142,2.8,028km S 37° E of Caraga (Davao Oriental),Davao Oriental
2025-10-27 06:24:00,10.98,124.06,34,1.5,011km S 49° E of City Of Bogo (Cebu),Cebu
2025-10-27 05:50:00,11.03,124.03,17,2.2,006km S 75° E of City Of Bogo (Cebu),Cebu
2025-10-27 05:26:00,7.21,126.96,13,2.9,047km S 90° E of Manay (Davao Oriental),Davao Oriental
2025-10-27 05:11:00,7.04,126.18,25,3.4,010km N 24° W of City Of Mati (Davao Oriental),Davao Oriental
2025-10-27 04:27:00,15.67,120.66,16,2.9,005km N 18° E of Pura (Tarlac),Tarlac
2025-10-27 04:21:00,7.39,126.84,24,2.5,039km N 59° E of Manay (Davao Oriental),Davao Oriental
2025-10-27 03:15:00,7.09,127.04,9,3.5,057km S 76° E of Manay (Davao Oriental),Davao Oriental
2025-10-27 03:10:00,12.66,121.09,9,1.9,019km N 57° E of Calintaan (Occidental Mindoro),Occidental Mindoro
2025-10-27 03:03:00,11.26,124.06,19,2.2,025km N 20° E of City Of Bogo (Cebu),Cebu
2025-10-27 02:57:00,6.96,126.73,27,3.6,034km S 37° E of Manay (Davao Oriental),Davao Oriental
2025-10-27 02:50:00,7.29,126.94,20,3.3,045km N 79° E of Manay (Davao Oriental),Davao Oriental
2025-10-27 02:48:00,11.05,124.03,8,3.2,005km N 86° E of City Of Bogo (Cebu),Cebu
2025-10-27 02:45:00,4.94,127.66,162,3.7,251km S 65° E of Jose Abad Santos (Davao Occidental),Davao Occidental
2025-10-27 02:32:00,12.09,120.68,33,1.8,051km S 55° W of San Jose (Occidental Mindoro),Occidental Mindoro
2025-10-27 02:26:00,8.72,124.63,38,1.7,016km N 62° W of Jasaan (Misamis Oriental),Misamis Oriental
2025-10-27 02:14:00,10.77,123.84,1,1.7,034km S 27° W of City Of Bogo (Cebu),Cebu
2025-10-27 02:14:00,16.8,121.51,19,1.5,004km N 59° W of Ramon (Isabela),Isabela
2025-10-27 02:02:00,9.92,124.2,27,1.9,012km N 84° E of Sagbayan (Bohol),Bohol
2025-10-27 01:50:00,7.42,127.1,9,3.6,067km N 69° E of Manay (Davao Oriental),Davao Oriental
2025-10-27 01:34:00,8.35,126.83,1,2.1,055km S 88° E of Hinatuan (Surigao Del Sur),Surigao Del Sur
2025-10-27 00:50:00,11.09,124.22,29,1.8,027km N 80° E of City Of Bogo (Cebu),Cebu
2025-10-27 00:25:00,7.28,126.87,30,1.9,037km N 78° E of Manay (Davao Oriental),Davao Oriental
2025-10-27 00:17:00,10.2,125.25,4,3.0,008km S 06° W of Anahawan (Southern Leyte),Southern Leyte
2025-10-27 00:06:00,15.32,120.08,34,1.4,007km N 56° E of Botolan (Zambales),Zambales
2025-10-26 23:49:00,13.0,124.54,15,2.1,038km S 83° E of Prieto Diaz (Sorsogon),Sorsogon
2025-10-26 23:37:00,14.87,119.43,17,3.9,072km S 83° W of San Antonio (Zambales),Zambales
2025-10-26 23:21:00,13.82,120.4,71,3.4,025km S 87° W of Calatagan (Batangas),Batangas
2025-10-26 23:12:00,11.17,123.96,6,2.1,013km N 11° W of City Of Bogo (Cebu),Cebu
2025-10-26 23:03:00,11.16,123.95,1,2.6,017km N 09° W of City Of Bogo (Cebu),Cebu
2025-10-26 22:48:00,10.93,123.94,2,2.2,014km S 19° W of City Of Bogo (Cebu),Cebu
2025-10-26 22:48:00,10.9,123.98,5,2.0,016km S 01° W of City Of Bogo (Cebu),Cebu
2025-10-26 22:33:00,10.91,123.9,1,2.4,017km S 31° W of City Of Bogo (Cebu),Cebu
2025-10-26 22:22:00,10.98,122.56,32,1.6,002km S 79° E of Badiangan (Iloilo),Iloilo
2025-10-26 22:10:00,6.66,127.07,2,3.4,085km S 44° E of Manay (Davao Oriental),Davao Oriental
2025-10-26 22:05:00,5.59,127.2,102,4.2,172km S 47° E of Governor Generoso (Davao Oriental),Davao Oriental
2025-10-26 22:04:00,9.47,126.14,16,2.1,022km N 15° W of Cortes (Surigao Del Sur),Surigao Del Sur
2025-10-26 22:02:00,11.12,124.03,7,1.6,010km N 36° E of City Of Bogo (Cebu),Cebu
2025-10-26 21:42:00,9.7,126.02,14,2.3,017km S 59° W of General Luna (Surigao Del Norte),Surigao Del Norte
2025-10-26 21:42:00,14.97,121.7,19,1.9,013km N 72° W of Panukulan (Quezon),Quezon
2025-10-26 21:28:00,7.35,127.08,7,2.4,061km N 75° E of Manay (Davao Oriental),Davao Oriental
2025-10-26 21:10:00,18.22,120.86,59,1.4,009km N 22° E of Carasi (Ilocos Norte),Ilocos Norte
2025-10-26 21:04:00,10.98,124.09,33,2.1,014km S 59° E of City Of Bogo (Cebu),Cebu
2025-10-26 20:56:00,6.01,127.15,92,3.0,139km S 59° E of Governor Generoso (Davao Oriental),Davao Oriental
2025-10-26 20:55:00,13.15,124.11,35,1.6,005km S 22° W of Rapu-rapu (Albay),Albay
2025-10-26 20:39:00,10.39,126.23,5,2.5,045km N 23° E of Burgos (Surigao Del Norte),Surigao Del Norte
2025-10-26 20:22:00,4.04,125.92,141,3.8,162km S 20° E of Balut Island (Municipality Of Sarangani) (Davao Occidental),Davao Occidental
2025-10-26 19:57:00,2.46,126.36,33,4.3,342km S 18° E of Balut Island (Municipality Of Sarangani) (Davao Occidental),Davao Occidental
2025-10-26 19:56:00,5.88,127.34,14,2.9,163km S 37° E of Tarragona (Davao Oriental),Davao Oriental
2025-10-26 19:54:00,7.23,126.99,5,2.6,050km N 87° E of Manay (Davao Oriental),Davao Oriental
2025-10-26 19:40:00,11.23,124.15,9,1.4,027km N 43° E of City Of Bogo (Cebu),Cebu
2025-10-26 19:02:00,9.48,123.91,32,1.9,015km S 18° W of Alburquerque (Bohol),Bohol
2025-10-26 18:56:00,11.05,124.02,1,1.8,005km N 83° E of City Of Bogo (Cebu),Cebu
2025-10-26 18:48:00,11.74,125.7,9,2.6,027km S 88° E of San Julian (Eastern Samar),Eastern Samar
2025-10-26 18:46:00,5.76,126.66,15,3.3,114km S 81° E of Jose Abad Santos (Davao Occidental),Davao Occidental
2025-10-26 18:41:00,6.12,126.32,8,3.5,070km S 83° E of Don Marcelino (Davao Occidental),Davao Occidental
2025-10-26 18:25:00,5.74,126.83,9,3.4,128km S 40° E of Governor Generoso (Davao Oriental),Davao Oriental
2025-10-26 18:17:00,9.81,126.11,21,1.8,006km N 57° W of General Luna (Surigao Del Norte),Surigao Del Norte
2025-10-26 18:12:00,11.73,125.33,24,3.4,013km S 79° W of San Julian (Eastern Samar),Eastern Samar
2025-10-26 18:02:00,8.32,124.96,14,1.9,002km S 52° W of Sumilao (Bukidnon),Bukidnon
2025-10-26 18:00:00,10.38,126.23,3,2.7,043km N 24° E of Burgos (Surigao Del Norte),Surigao Del Norte
2025-10-26 17:53:00,11.13,124.13,5,3.0,019km N 60° E of City Of Bogo (Cebu),Cebu
2025-10-26 17:45:00,13.2,124.74,2,3.2,062km N 73° E of Prieto Diaz (Sorsogon),Sorsogon
2025-10-26 17:45:00,9.59,126.17,28,1.8,022km S 05° E of General Luna (Surigao Del Norte),Surigao Del Norte
2025-10-26 17:29:00,10.02,126.48,13,3.4,045km N 59° E of General Luna (Surigao Del Norte),Surigao Del Norte
2025-10-26 17:23:00,10.11,126.51,12,2.8,053km N 47° E of General Luna (Surigao Del Norte),Surigao Del Norte
2025-10-26 17:07:00,8.9,126.52,20,2.5,024km S 85° E of Cagwait (Surigao Del Sur),Surigao Del Sur
2025-10-26 17:04:00,10.99,123.96,1,2.4,008km S 20° W of City Of Bogo (Cebu),Cebu
2025-10-26 17:03:00,15.63,120.0,24,2.4,007km N 88° E of Candelaria (Zambales),Zambales
2025-10-26 17:02:00,11.15,124.67,1,2.7,012km S 75° E of Kananga (Leyte),Leyte
2025-10-26 16:09:00,9.59,126.23,32,1.5,023km S 20° E of General Luna (Surigao Del Norte),Surigao Del Norte
2025-10-26 15:55:00,10.37,126.15,1,2.5,040km N 12° E of Burgos (Surigao Del Norte),Surigao Del Norte
2025-10-26 15:41:00,7.32,126.71,6,2.9,022km N 56° E of Manay (Davao Oriental),Davao Oriental
2025-10-26 15:37:00,12.89,121.31,20,1.5,020km S 29° W of Socorro (Oriental Mindoro),Oriental Mindoro
2025-10-26 15:14:00,13.55,121.11,28,1.9,004km N 64° E of Verde Island (Batangas City) (Batangas),Batangas
2025-10-26 15:07:00,11.09,124.19,9,2.2,023km N 78° E of City Of Bogo (Cebu),Cebu
2025-10-26 14:40:00,15.09,119.83,19,2.3,026km S 71° W of Cabangan (Zambales),Zambales
2025-10-26 14:11:00,11.29,124.0,29,1.6,028km N 04° E of City Of Bogo (Cebu),Cebu
2025-10-26 13:41:00,6.61,126.15,136,3.3,014km S 43° E of Governor Generoso (Davao Oriental),Davao Oriental
2025-10-26 11:58:00,11.1,123.94,2,3.0,008km N 35° W of City Of Bogo (Cebu),Cebu
2025-10-26 11:57:00,8.81,126.31,25,1.6,012km S 03° E of Cagwait (Surigao Del Sur),Surigao Del Sur
2025-10-26 11:52:00,8.07,126.59,20,1.6,020km N 79° E of Lingig (Surigao Del Sur),Surigao Del Sur
2025-10-26 11:30:00,10.54,126.4,1,3.0,068km N 32° E of Burgos (Surigao Del Norte),Surigao Del Norte
2025-10-26 11:23:00,10.88,123.95,6,3.0,019km S 11° W of City Of Bogo (Cebu),Cebu
2025-10-26 11:22:00,8.97,126.54,27,2.0,027km N 77° E of Cagwait (Surigao Del Sur),Surigao Del Sur
2025-10-26 11:21:00,11.01,124.06,2,2.3,010km S 67° E of City Of Bogo (Cebu),Cebu
2025-10-26 11:14:00,11.25,124.2,9,2.2,019km S 71° W of Tabango (Leyte),Leyte
2025-10-26 10:46:00,11.1,124.05,28,2.0,010km N 53° E of City Of Bogo (Cebu),Cebu
2025-10-26 10:24:00,10.2,124.02,36,1.3,010km S 55° E of Cordova (Cebu),Cebu
2025-10-26 10:16:00,11.05,124.3,26,2.5,009km N 87° W of Palompon (Leyte),Leyte
2025-10-26 09:53:00,13.59,120.69,103,1.8,016km N 14° W of Abra De Ilog (Occidental Mindoro),Occidental Mindoro
2025-10-26 09:03:00,8.81,126.48,22,2.4,023km S 59° E of Cagwait (Surigao Del Sur),Surigao Del Sur
2025-10-26 08:52:00,9.6,126.23,32,2.0,022km S 21° E of General Luna (Surigao Del Norte),Surigao Del Norte
2025-10-26 08:47:00,7.11,127.08,16,3.6,060km S 79° E of Manay (Davao Oriental),Davao Oriental
2025-10-26 08:37:00,11.1,123.95,4,2.2,007km N 25° W of City Of Bogo (Cebu),Cebu
2025-10-26 08:32:00,11.16,123.97,27,2.2,012km N 04° W of City Of Bogo (Cebu),Cebu
2025-10-26 08:32:00,13.86,120.05,34,1.7,007km N 87° W of Lubang (Occidental Mindoro),Occidental Mindoro
2025-10-26 08:25:00,7.07,127.18,3,4.9,073km S 78° E of Manay (Davao Oriental),Davao Oriental
2025-10-26 08:21:00,6.63,126.43,11,3.1,043km S 33° E of City Of Mati (Davao Oriental),Davao Oriental
2025-10-26 07:57:00,10.99,123.94,3,2.3,007km S 35° W of City Of Bogo (Cebu),Cebu
2025-10-26 07:32:00,11.1,124.02,27,1.7,008km N 34° E of City Of Bogo (Cebu),Cebu
2025-10-26 07:31:00,9.33,126.28,32,2.4,012km N 56° E of Cortes (Surigao Del Sur),Surigao Del Sur
2025-10-26 07:31:00,9.33,126.28,32,2.4,012km N 56° E of Cortes (Surigao Del Sur),Surigao Del Sur
2025-10-26 07:28:00,7.13,127.5,25,3.1,106km S 85° E of Manay (Davao Oriental),Davao Oriental
2025-10-26 07:24:00,16.18,119.84,49,2.4,002km N 87° W of Bani (Pangasinan),Pangasinan
2025-10-26 07:04:00,7.71,122.15,14,2.0,001km N 81° E of Siocon (Zamboanga Del Norte),Zamboanga Del Norte
2025-10-26 06:54:00,9.64,126.11,6,2.0,016km S 17° W of General Luna (Surigao Del Norte),Surigao Del Norte
2025-10-26 06:44:00,9.6,126.19,13,2.6,020km S 11° E of General Luna (Surigao Del Norte),Surigao Del Norte
2025-10-26 06:42:00,11.13,123.96,1,3.2,010km N 13° W of City Of Bogo (Cebu),Cebu
2025-10-26 06:32:00,8.85,126.54,33,2.4,028km S 73° E of Cagwait (Surigao Del Sur),Surigao Del Sur
2025-10-26 06:29:00,11.11,123.94,33,1.8,008km N 32° W of City Of Bogo (Cebu),Cebu
2025-10-26 05:36:00,8.78,126.47,24,2.0,024km S 51° E of Cagwait (Surigao Del Sur),Surigao Del Sur
2025-10-26 05:30:00,7.1,126.36,33,1.9,023km S 59° W of Manay (Davao Oriental),Davao Oriental
2025-10-26 05:21:00,11.03,124.04,1,2.1,007km S 76° E of City Of Bogo (Cebu),Cebu
2025-10-26 05:08:00,12.8,124.94,18,2.3,027km N 17° W of Laoang (Northern Samar),Northern Samar
2025-10-26 05:07:00,11.24,124.08,8,2.1,024km N 27° E of City Of Bogo (Cebu),Cebu
2025-10-26 05:02:00,9.6,126.17,33,1.8,020km S 05° E of General Luna (Surigao Del Norte),Surigao Del Norte
2025-10-26 04:59:00,7.14,126.85,29,2.2,035km S 78° E of Manay (Davao Oriental),Davao Oriental
2025-10-26 04:51:00,11.01,123.95,28,2.1,005km S 33° W of City Of Bogo (Cebu),Cebu
2025-10-26 04:39:00,11.06,123.99,10,2.0,002km N 55° E of City Of Bogo (Cebu),Cebu
2025-10-26 04:36:00,11.21,124.03,31,1.9,019km N 19° E of City Of Bogo (Cebu),Cebu
2025-10-26 04:27:00,11.15,123.97,10,1.8,011km N 08° W of City Of Bogo (Cebu),Cebu
2025-10-26 04:09:00,11.2,123.95,20,2.1,017km N 10° W of City Of Bogo (Cebu),Cebu
2025-10-26 04:08:00,6.04,125.07,23,1.4,022km N 22° E of Maasim (Sarangani),Sarangani
2025-10-26 03:43:00,10.9,123.95,1,2.4,017km S 11° W of City Of Bogo (Cebu),Cebu
2025-10-26 03:38:00,10.89,123.9,6,2.2,020km S 27° W of City Of Bogo (Cebu),Cebu
2025-10-26 03:38:00,10.89,123.9,6,2.2,020km S 27° W of City Of Bogo (Cebu),Cebu
2025-10-26 03:16:00,11.12,123.93,29,1.9,010km N 31° W of City Of Bogo (Cebu),Cebu
2025-10-26 03:03:00,10.97,123.94,36,1.9,009km S 25° W of City Of Bogo (Cebu),Cebu
2025-10-26 03:01:00,10.95,123.98,6,2.9,011km S 02° E of City Of Bogo (Cebu),Cebu
2025-10-26 02:23:00,13.35,120.6,12,1.8,014km N 03° E of Mamburao (Occidental Mindoro),Occidental Mindoro
2025-10-26 02:23:00,11.01,123.97,13,2.2,004km S 15° W of City Of Bogo (Cebu),Cebu
2025-10-26 02:02:00,9.51,126.25,33,1.8,031km S 18° E of General Luna (Surigao Del Norte),Surigao Del Norte
2025-10-26 01:52:00,17.68,120.45,1,2.1,003km S 82° E of Magsingal (Ilocos Sur),Ilocos Sur
2025-10-26 01:44:00,9.67,122.14,10,2.8,034km S 70° W of City Of Sipalay (Negros Occidental),Negros Occidental
2025-10-26 01:21:00,11.07,124.09,2,2.7,012km N 79° E of City Of Bogo (Cebu),Cebu
2025-10-26 01:04:00,11.12,123.98,28,1.8,008km N 02° E of City Of Bogo (Cebu),Cebu
2025-10-26 00:55:00,8.9,126.49,7,2.1,021km S 84° E of Cagwait (Surigao Del Sur),Surigao Del Sur
2025-10-26 00:41:00,8.13,122.37,32,2.3,017km N 13° W of Gutalac (Zamboanga Del Norte),Zamboanga Del Norte
2025-10-26 00:24:00,9.88,125.4,10,2.6,012km N 13° W of San Francisco (Surigao Del Norte),Surigao Del Norte
2025-10-26 00:20:00,10.92,123.88,6,3.0,018km S 38° W of City Of Bogo (Cebu),Cebu
2025-10-26 00:15:00,9.87,126.05,17,2.1,006km N 81° W of Pilar (Surigao Del Norte),Surigao Del Norte
2025-10-26 00:06:00,8.86,127.29,36,2.7,109km S 87° E of Cagwait (Surigao Del Sur),Surigao Del Sur
2025-10-26 00:03:00,11.16,124.11,1,2.0,019km N 48° E of City Of Bogo (Cebu),Cebu
2025-10-25 23:54:00,18.72,120.15,18,2.9,057km N 66° W of Burgos (Ilocos Norte),Ilocos Norte
2025-10-25 23:35:00,11.08,124.19,2,2.0,023km N 81° E of City Of Bogo (Cebu),Cebu
2025-10-25 23:26:00,9.89,125.67,46,1.4,004km S 03° E of Cagdianao (Dinagat Islands),Dinagat Islands
2025-10-25 23:19:00,7.23,126.82,11,2.4,031km N 86° E of Manay (Davao Oriental),Davao Oriental
2025-10-25 23:10:00,11.15,123.97,29,2.0,011km N 05° W of City Of Bogo (Cebu),Cebu
2025-10-25 23:06:00,8.76,126.63,17,2.6,040km S 64° E of Cagwait (Surigao Del Sur),Surigao Del Sur
2025-10-25 23:00:00,13.5,120.51,35,1.6,011km N 29° E of Paluan (Occidental Mindoro),Occidental Mindoro
2025-10-25 22:52:00,10.91,123.95,16,2.0,015km S 12° W of City Of Bogo (Cebu),Cebu
2025-10-25 22:47:00,10.96,123.94,11,2.1,010km S 26° W of City Of Bogo (Cebu),Cebu
2025-10-25 22:28:00,11.02,123.97,3,3.1,004km S 25° W of City Of Bogo (Cebu),Cebu
2025-10-25 22:07:00,9.64,126.24,30,1.4,018km S 31° E of General Luna (Surigao Del Norte),Surigao Del Norte
2025-10-25 21:50:00,13.57,120.6,5,1.8,019km N 46° W of Abra De Ilog (Occidental Mindoro),Occidental Mindoro
2025-10-25 21:45:00,11.02,123.99,20,2.6,003km S 15° E of City Of Bogo (Cebu),Cebu
2025-10-25 21:39:00,16.94,119.94,14,2.8,048km N 79° W of Luna (La Union),La Union
2025-10-25 21:31:00,8.08,126.51,24,1.8,012km N 67° E of Lingig (Surigao Del Sur),Surigao Del Sur
2025-10-25 21:20:00,11.04,123.97,24,1.9,001km S 56° W of City Of Bogo (Cebu),Cebu
2025-10-25 21:18:00,11.22,124.14,2,2.3,026km N 43° E of City Of Bogo (Cebu),Cebu
2025-10-25 21:18:00,9.59,126.05,22,1.9,024km S 29° W of General Luna (Surigao Del Norte),Surigao Del Norte
2025-10-25 21:10:00,10.98,123.97,30,1.9,007km S 06° W of City Of Bogo (Cebu),Cebu
2025-10-25 21:08:00,11.05,124.03,30,1.8,006km N 81° E of City Of Bogo (Cebu),Cebu
2025-10-25 20:58:00,15.36,119.18,22,2.5,079km S 84° W of Palauig (Zambales),Zambales
2025-10-25 20:49:00,11.11,123.9,32,1.8,011km N 49° W of City Of Bogo (Cebu),Cebu
2025-10-25 20:46:00,6.91,126.06,44,2.1,005km N 75° E of Lupon (Davao Oriental),Davao Oriental
2025-10-25 20:43:00,9.96,126.15,32,1.4,020km N 02° W of General Luna (Surigao Del Norte),Surigao Del Norte
2025-10-25 20:29:00,11.01,124.06,9,3.0,010km S 64° E of City Of Bogo (Cebu),Cebu
2025-10-25 19:52:00,11.07,123.95,8,2.1,004km N 58° W of City Of Bogo (Cebu),Cebu
2025-10-25 19:50:00,9.66,126.26,27,2.7,017km S 41° E of General Luna (Surigao Del Norte),Surigao Del Norte
2025-10-25 19:47:00,11.1,123.96,29,1.7,006km N 18° W of City Of Bogo (Cebu),Cebu
2025-10-25 19:29:00,11.28,123.97,8,2.5,026km N 02° W of City Of Bogo (Cebu),Cebu
2025-10-25 19:23:00,7.02,126.85,20,2.2,041km S 58° E of Manay (Davao Oriental),Davao Oriental
2025-10-25 19:22:00,9.67,126.17,32,2.1,013km S 08° E of General Luna (Surigao Del Norte),Surigao Del Norte
2025-10-25 19:14:00,8.34,126.65,33,1.7,035km S 85° E of Hinatuan (Surigao Del Sur),Surigao Del Sur
2025-10-25 19:12:00,9.63,126.11,34,2.3,018km S 16° W of General Luna (Surigao Del Norte),Surigao Del Norte
2025-10-25 19:02:00,11.07,123.96,11,2.3,003km N 34° W of City Of Bogo (Cebu),Cebu
2025-10-25 19:02:00,7.87,126.39,11,2.0,011km N 41° W of Cateel (Davao Oriental),Davao Oriental
2025-10-25 18:50:00,9.65,126.1,23,3.0,016km S 23° W of General Luna (Surigao Del Norte),Surigao Del Norte
2025-10-25 18:42:00,4.57,127.03,14,3.4,200km S 60° E of Sarangani Island (Municipality Of Sarangani) (Davao Occidental),Davao Occidental
2025-10-25 17:58:00,11.16,124.09,20,2.2,017km N 43° E of City Of Bogo (Cebu),Cebu
2025-10-25 17:34:00,10.71,126.66,30,3.0,103km S 88° E of Homonhon Island (Guiuan) (Eastern Samar),Eastern Samar
2025-10-25 16:49:00,11.09,124.09,3,3.2,013km N 69° E of City Of Bogo (Cebu),Cebu
2025-10-25 15:43:00,7.32,126.8,11,3.4,031km N 67° E of Manay (Davao Oriental),Davao Oriental
2025-10-25 15:31:00,9.54,126.15,24,1.7,027km S 01° W of General Luna (Surigao Del Norte),Surigao Del Norte
2025-10-25 14:54:00,12.9,124.02,10,2.5,004km N 25° E of Casiguran (Sorsogon),Sorsogon
2025-10-25 14:34:00,12.99,121.22,4,4.3,022km S 71° W of Socorro (Oriental Mindoro),Oriental Mindoro
2025-10-25 14:16:00,10.72,125.52,21,2.2,023km S 84° W of Homonhon Island (Guiuan) (Eastern Samar),Eastern Samar
2025-10-25 14:16:00,10.64,125.72,18,2.5,035km N 26° E of Loreto (Dinagat Islands),Dinagat Islands
2025-10-25 14:15:00,7.29,126.64,22,2.4,014km N 53° E of Manay (Davao Oriental),Davao Oriental
2025-10-25 14:11:00,12.89,124.03,9,2.8,003km N 37° E of Casiguran (Sorsogon),Sorsogon
2025-10-25 13:43:00,11.04,124.04,5,3.5,007km S 84° E of City Of Bogo (Cebu),Cebu
2025-10-25 12:51:00,8.82,126.37,26,1.6,014km S 35° E of Cagwait (Surigao Del Sur),Surigao Del Sur
2025-10-25 12:51:00,10.95,123.89,1,1.9,014km S 43° W of City Of Bogo (Cebu),Cebu
2025-10-25 12:40:00,10.91,123.89,4,2.4,018km S 32° W of City Of Bogo (Cebu),Cebu
2025-10-25 12:39:00,9.58,126.22,21,1.7,023km S 18° E of General Luna (Surigao Del Norte),Surigao Del Norte
2025-10-25 12:25:00,15.02,120.02,45,2.7,007km S 48° W of San Felipe (Zambales),Zambales
2025-10-25 12:00:00,7.39,126.52,12,2.1,020km N 07° W of Manay (Davao Oriental),Davao Oriental
2025-10-25 11:43:00,7.19,126.57,24,2.6,004km S 58° E of Manay (Davao Oriental),Davao Oriental
2025-10-25 10:42:00,7.2,126.67,44,1.9,015km S 86° E of Manay (Davao Oriental),Davao Oriental
2025-10-25 09:56:00,9.64,126.25,32,1.5,019km S 35° E of General Luna (Surigao Del Norte),Surigao Del Norte
2025-10-25 08:43:00,7.43,126.66,21,3.1,028km N 28° E of Manay (Davao Oriental),Davao Oriental
2025-10-25 08:40:00,15.92,120.01,17,2.1,016km S 62° E of Dasol (Pangasinan),Pangasinan
2025-10-25 08:13:00,9.66,126.26,29,2.8,017km S 39° E of General Luna (Surigao Del Norte),Surigao Del Norte
2025-10-25 08:06:00,9.65,126.16,27,2.4,014km S 01° W of General Luna (Surigao Del Norte),Surigao Del Norte
2025-10-25 07:54:00,7.75,126.36,5,2.1,011km S 67° W of Cateel (Davao Oriental),Davao Oriental
2025-10-25 07:48:00,11.04,123.99,31,2.1,002km S 53° E of City Of Bogo (Cebu),Cebu
2025-10-25 07:34:00,7.18,126.97,14,3.8,048km S 86° E of Manay (Davao Oriental),Davao Oriental
2025-10-25 07:07:00,7.33,126.72,3,2.3,024km N 56° E of Manay (Davao Oriental),Davao Oriental
2025-10-25 06:23:00,10.99,123.92,5,2.3,009km S 45° W of City Of Bogo (Cebu),Cebu
2025-10-25 05:57:00,9.63,126.16,27,2.4,017km S 01° E of General Luna (Surigao Del Norte),Surigao Del Norte
2025-10-25 05:50:00,13.12,120.77,30,1.8,007km N 53° E of Santa Cruz (Occidental Mindoro),Occidental Mindoro
2025-10-25 05:43:00,9.63,126.12,12,3.0,017km S 12° W of General Luna (Surigao Del Norte),Surigao Del Norte
2025-10-25 05:34:00,19.55,122.28,2,3.3,039km N 84° E of Babuyan Island (Calayan) (Cagayan),Cagayan
2025-10-25 05:28:00,7.96,126.99,11,2.5,062km N 73° E of Cateel (Davao Oriental),Davao Oriental
2025-10-25 05:01:00,7.37,126.68,13,2.5,024km N 42° E of Manay (Davao Oriental),Davao Oriental
2025-10-25 04:53:00,7.2,126.9,1,2.7,040km S 88° E of Manay (Davao Oriental),Davao Oriental
2025-10-25 04:45:00,7.19,126.81,30,3.0,030km S 86° E of Manay (Davao Oriental),Davao Oriental
2025-10-25 04:42:00,10.82,125.85,36,2.8,016km N 58° E of Homonhon Island (Guiuan) (Eastern Samar),Eastern Samar
2025-10-25 04:37:00,7.18,127.56,15,4.4,112km S 88° E of Manay (Davao Oriental),Davao Oriental
2025-10-25 04:35:00,13.77,120.76,30,1.4,016km S 65° E of Calatagan (Batangas),Batangas
2025-10-25 04:34:00,13.42,123.47,20,1.9,005km S 77° W of Buhi (Camarines Sur),Camarines Sur
2025-10-25 04:34:00,7.17,125.43,46,2.7,029km S 65° W of City Of Panabo (Davao Del Norte),Davao Del Norte
2025-10-25 04:21:00,7.23,126.83,24,2.4,032km N 86° E of Manay (Davao Oriental),Davao Oriental
2025-10-25 04:13:00,11.11,123.94,3,2.2,009km N 31° W of City Of Bogo (Cebu),Cebu
2025-10-25 04:08:00,15.98,119.75,29,2.9,014km S 85° W of Dasol (Pangasinan),Pangasinan
2025-10-25 03:50:00,7.26,127.46,23,3.4,102km N 87° E of Manay (Davao Oriental),Davao Oriental
2025-10-25 03:39:00,10.44,125.24,5,1.9,007km N 42° E of Hinunangan (Southern Leyte),Southern Leyte
2025-10-25 03:20:00,12.72,123.44,6,2.2,026km N 71° W of Monreal (Masbate),Masbate
2025-10-25 03:03:00,10.95,123.99,3,2.1,011km S 04° E of City Of Bogo (Cebu),Cebu
2025-10-25 02:50:00,10.3,123.14,1,1.6,008km N 65° E of Moises Padilla (Negros Occidental),Negros Occidental
2025-10-25 02:49:00,13.58,120.81,8,1.4,011km S 39° W of Tingloy (Batangas),Batangas
2025-10-25 02:47:00,9.55,126.41,32,1.8,038km S 48° E of General Luna (Surigao Del Norte),Surigao Del Norte
2025-10-25 02:37:00,10.92,123.9,4,2.2,016km S 30° W of City Of Bogo (Cebu),Cebu
2025-10-25 02:34:00,5.99,127.12,30,2.7,138km S 58° E of Governor Generoso (Davao Oriental),Davao Oriental
2025-10-25 02:28:00,11.15,124.11,4,3.1,018km N 53° E of City Of Bogo (Cebu),Cebu
2025-10-25 02:23:00,10.96,123.97,33,1.9,010km S 06° W of City Of Bogo (Cebu),Cebu
2025-10-25 02:22:00,8.83,126.35,28,2.0,011km S 28° E of Cagwait (Surigao Del Sur),Surigao Del Sur
2025-10-25 02:20:00,7.62,126.68,23,2.3,014km N 71° E of Baganga (Davao Oriental),Davao Oriental
2025-10-25 02:18:00,10.94,123.99,5,3.5,012km S 04° E of City Of Bogo (Cebu),Cebu
2025-10-25 02:00:00,12.84,124.07,35,1.9,008km S 74° W of Barcelona (Sorsogon),Sorsogon
2025-10-25 01:58:00,9.92,126.44,10,2.2,034km N 64° E of General Luna (Surigao Del Norte),Surigao Del Norte
2025-10-25 01:56:00,9.78,126.52,11,2.2,039km N 90° E of General Luna (Surigao Del Norte),Surigao Del Norte
2025-10-25 01:55:00,11.2,124.23,8,1.6,032km N 57° E of City Of Bogo (Cebu),Cebu
2025-10-25 01:41:00,13.74,120.56,71,2.1,013km S 40° W of Calatagan (Batangas),Batangas
2025-10-25 01:35:00,10.95,123.89,3,2.6,014km S 40° W of City Of Bogo (Cebu),Cebu
2025-10-25 01:34:00,9.6,126.19,32,1.7,021km S 09° E of General Luna (Surigao Del Norte),Surigao Del Norte
2025-10-25 01:34:00,13.53,120.14,17,3.1,024km S 30° W of Looc (Occidental Mindoro),Occidental Mindoro
2025-10-25 01:33:00,9.66,126.29,26,2.3,020km S 47° E of General Luna (Surigao Del Norte),Surigao Del Norte
2025-10-25 01:28:00,13.71,120.53,129,2.4,018km S 40° W of Calatagan (Batangas),Batangas
2025-10-25 01:25:00,16.55,121.05,10,1.9,003km N 51° E of Ambaguio (Nueva Vizcaya),Nueva Vizcaya
2025-10-25 01:18:00,11.01,124.08,33,1.8,011km S 70° E of City Of Bogo (Cebu),Cebu
2025-10-25 01:16:00,11.01,123.8,7,2.3,020km S 78° W of City Of Bogo (Cebu),Cebu
2025-10-25 01:03:00,12.56,120.66,1,2.6,030km S 88° W of Calintaan (Occidental Mindoro),Occidental Mindoro
2025-10-25 00:59:00,10.97,123.91,6,2.3,012km S 43° W of City Of Bogo (Cebu),Cebu
2025-10-25 00:34:00,10.99,124.03,5,3.7,008km S 37° E of City Of Bogo (Cebu),Cebu
2025-10-25 00:17:00,10.01,126.48,3,2.4,044km N 55° E of General Luna (Surigao Del Norte),Surigao Del Norte
2025-10-25 00:05:00,7.88,126.79,26,4.8,038km N 75° E of Cateel (Davao Oriental),Davao Oriental
2025-10-24 23:40:00,13.04,121.2,31,1.4,017km S 30° W of Victoria (Oriental Mindoro),Oriental Mindoro
2025-10-24 23:31:00,11.19,123.95,12,1.9,016km N 11° W of City Of Bogo (Cebu),Cebu
2025-10-24 23:30:00,11.27,123.89,5,2.3,026km N 23° W of City Of Bogo (Cebu),Cebu
2025-10-24 23:17:00,8.32,125.96,35,2.1,008km S 33° W of Rosario (Agusan Del Sur),Agusan Del Sur
2025-10-24 23:18:00,11.0,123.99,11,2.1,005km S 12° E of City Of Bogo (Cebu),Cebu
2025-10-24 22:55:00,9.71,126.22,32,1.4,011km S 40° E of General Luna (Surigao Del Norte),Surigao Del Norte
2025-10-24 22:51:00,7.2,127.49,23,3.8,105km S 90° E of Manay (Davao Oriental),Davao Oriental
2025-10-24 22:37:00,10.3,123.12,9,2.5,012km S 76° E of La Castellana (Negros Occidental),Negros Occidental
2025-10-24 22:23:00,11.03,123.98,33,1.8,002km S 19° E of City Of Bogo (Cebu),Cebu
2025-10-24 22:18:00,7.34,126.73,18,3.0,025km N 56° E of Manay (Davao Oriental),Davao Oriental
2025-10-24 22:12:00,10.98,123.99,2,3.0,007km S 09° E of City Of Bogo (Cebu),Cebu
2025-10-24 21:59:00,10.99,123.99,9,4.6,007km S 12° E of City Of Bogo (Cebu),Cebu
2025-10-24 21:39:00,8.78,126.42,25,2.0,014km S 80° E of Marihatag (Surigao Del Sur),Surigao Del Sur
2025-10-24 21:37:00,13.69,120.55,114,2.9,018km S 30° W of Calatagan (Batangas),Batangas
2025-10-24 21:22:00,11.15,124.03,34,1.8,013km N 25° E of City Of Bogo (Cebu),Cebu
2025-10-24 21:19:00,9.44,123.88,10,3.2,020km S 23° W of Alburquerque (Bohol),Bohol
2025-10-24 21:13:00,17.62,121.03,3,1.7,006km N 24° E of Malibcong (Abra),Abra
2025-10-24 21:01:00,9.64,126.14,28,2.2,016km S 07° W of General Luna (Surigao Del Norte),Surigao Del Norte
2025-10-24 20:54:00,10.97,123.94,11,2.2,010km S 29° W of City Of Bogo (Cebu),Cebu
2025-10-24 20:41:00,9.65,126.18,37,2.0,014km S 09° E of General Luna (Surigao Del Norte),Surigao Del Norte
2025-10-24 20:41:00,9.6,126.17,33,1.2,021km S 04° E of General Luna (Surigao Del Norte),Surigao Del Norte
2025-10-24 20:40:00,11.21,124.11,37,2.4,023km N 38° E of City Of Bogo (Cebu),Cebu
2025-10-24 20:37:00,11.93,124.94,34,1.7,014km S 68° E of San Jorge (Samar),Samar
2025-10-24 20:29:00,11.13,124.1,34,1.3,016km N 56° E of City Of Bogo (Cebu),Cebu
2025-10-24 20:28:00,10.83,123.9,4,2.1,025km S 20° W of City Of Bogo (Cebu),Cebu
2025-10-24 19:50:00,9.63,126.17,34,1.5,017km S 05° E of General Luna (Surigao Del Norte),Surigao Del Norte
2025-10-24 19:40:00,9.62,126.74,3,2.6,067km S 75° E of General Luna (Surigao Del Norte),Surigao Del Norte
2025-10-24 19:16:00,8.56,125.4,136,2.0,020km S 56° W of Esperanza (Agusan Del Sur),Agusan Del Sur
2025-10-24 19:06:00,8.86,126.41,21,2.7,013km S 61° E of Cagwait (Surigao Del Sur),Surigao Del Sur
2025-10-24 18:50:00,5.79,125.9,141,2.6,032km S 64° E of Jose Abad Santos (Davao Occidental),Davao Occidental
2025-10-24 18:39:00,8.05,126.69,49,1.7,031km N 87° E of Lingig (Surigao Del Sur),Surigao Del Sur
2025-10-24 18:24:00,18.6,121.58,90,2.1,021km N 37° E of Abulug (Cagayan),Cagayan
2025-10-24 18:01:00,11.24,124.21,13,1.7,033km N 49° E of City Of Bogo (Cebu),Cebu
2025-10-24 17:53:00,5.97,126.72,6,2.8,105km S 44° E of Governor Generoso (Davao Oriental),Davao Oriental
2025-10-24 17:25:00,8.8,126.58,22,2.1,033km S 67° E of Cagwait (Surigao Del Sur),Surigao Del Sur
2025-10-24 17:23:00,8.83,126.46,27,2.2,020km S 59° E of Cagwait (Surigao Del Sur),Surigao Del Sur
2025-10-24 17:13:00,9.61,126.32,34,2.2,026km S 43° E of General Luna (Surigao Del Norte),Surigao Del Norte
2025-10-24 15:52:00,7.31,127.04,16,3.7,056km N 79° E of Manay (Davao Oriental),Davao Oriental
2025-10-24 15:47:00,8.17,122.96,32,1.6,005km N 61° E of Leon B. Postigo (Zamboanga Del Norte),Zamboanga Del Norte
2025-10-24 15:47:00,8.32,125.6,1,1.7,022km N 74° W of La Paz (Agusan Del Sur),Agusan Del Sur
2025-10-24 15:45:00,7.22,127.41,25,3.6,096km N 90° E of Manay (Davao Oriental),Davao Oriental
2025-10-24 15:34:00,5.62,126.31,65,3.1,080km S 66° E of Jose Abad Santos (Davao Occidental),Davao Occidental
2025-10-24 15:23:00,9.67,126.38,8,2.7,028km S 63° E of General Luna (Surigao Del Norte),Surigao Del Norte
2025-10-24 15:06:00,9.68,126.12,27,2.4,012km S 20° W of General Luna (Surigao Del Norte),Surigao Del Norte
2025-10-24 14:59:00,11.02,124.09,32,2.3,012km S 74° E of City Of Bogo (Cebu),Cebu
2025-10-24 14:43:00,11.11,124.05,22,2.4,011km N 50° E of City Of Bogo (Cebu),Cebu
2025-10-24 14:36:00,8.01,126.45,33,1.6,006km S 51° E of Lingig (Surigao Del Sur),Surigao Del Sur
2025-10-24 13:02:00,8.15,126.82,23,2.2,047km N 75° E of Lingig (Surigao Del Sur),Surigao Del Sur
2025-10-24 12:48:00,9.73,126.01,16,2.3,017km S 69° W of General Luna (Surigao Del Norte),Surigao Del Norte
2025-10-24 12:37:00,7.3,127.02,23,3.9,054km N 79° E of Manay (Davao Oriental),Davao Oriental
2025-10-24 12:20:00,7.54,127.24,19,4.5,086km N 65° E of Manay (Davao Oriental),Davao Oriental
2025-10-24 12:11:00,13.99,124.33,27,1.7,007km N 40° E of Bagamanoc (Catanduanes),Catanduanes
2025-10-24 11:50:00,7.14,127.16,17,2.7,069km S 84° E of Manay (Davao Oriental),Davao Oriental
2025-10-24 10:55:00,6.03,127.12,56,3.6,145km S 26° E of Manay (Davao Oriental),Davao Oriental
2025-10-24 10:23:00,12.38,123.77,17,1.9,005km S 08° W of Batuan (Masbate),Masbate
2025-10-24 10:03:00,7.33,126.65,18,2.6,018km N 44° E of Manay (Davao Oriental),Davao Oriental
2025-10-24 09:59:00,7.06,127.61,26,2.4,120km S 82° E of Manay (Davao Oriental),Davao Oriental
2025-10-24 09:57:00,9.64,126.16,33,1.6,016km S 02° E of General Luna (Surigao Del Norte),Surigao Del Norte
2025-10-24 09:33:00,9.66,126.12,29,2.6,014km S 18° W of General Luna (Surigao Del Norte),Surigao Del Norte
2025-10-24 09:33:00,6.26,124.84,32,2.6,006km N 16° E of T'boli (South Cotabato),South Cotabato
2025-10-24 09:00:00,10.98,123.78,5,3.1,023km S 71° W of City Of Bogo (Cebu),Cebu
2025-10-24 08:43:00,9.65,126.19,34,1.9,015km S 12° E of General Luna (Surigao Del Norte),Surigao Del Norte
2025-10-24 08:06:00,11.14,124.17,33,1.8,024km N 64° E of City Of Bogo (Cebu),Cebu
2025-10-24 07:24:00,10.94,123.95,4,3.0,012km S 15° W of City Of Bogo (Cebu),Cebu
2025-10-24 07:24:00,15.02,119.89,71,1.7,020km S 77° W of San Felipe (Zambales),Zambales
2025-10-24 07:21:00,16.12,119.95,33,2.1,005km N 09° E of Mabini (Pangasinan),Pangasinan
2025-10-24 07:18:00,7.27,126.53,7,3.1,006km N 10° W of Manay (Davao Oriental),Davao Oriental
2025-10-24 07:17:00,7.24,126.52,10,2.1,004km N 28° W of Manay (Davao Oriental),Davao Oriental
2025-10-24 06:35:00,13.98,120.18,25,1.5,014km N 24° E of Lubang (Occidental Mindoro),Occidental Mindoro
2025-10-24 06:21:00,11.1,123.9,26,2.3,010km N 55° W of City Of Bogo (Cebu),Cebu
2025-10-24 06:14:00,5.67,127.31,71,4.8,175km S 51° E of Governor Generoso (Davao Oriental),Davao Oriental
2025-10-24 05:36:00,13.36,120.52,29,1.8,009km S 44° E of Paluan (Occidental Mindoro),Occidental Mindoro
2025-10-24 05:34:00,7.2,126.9,22,3.3,039km S 89° E of Manay (Davao Oriental),Davao Oriental
2025-10-24 05:24:00,11.25,124.28,1,2.3,013km N 73° W of Villaba (Leyte),Leyte
2025-10-24 05:19:00,9.64,126.22,33,1.5,017km S 25° E of General Luna (Surigao Del Norte),Surigao Del Norte
2025-10-24 05:02:00,7.14,127.06,13,4.2,057km S 85° E of Manay (Davao Oriental),Davao Oriental
2025-10-24 04:57:00,9.44,126.28,34,2.4,040km S 20° E of General Luna (Surigao Del Norte),Surigao Del Norte
2025-10-24 04:56:00,7.24,126.74,19,2.1,023km N 82° E of Manay (Davao Oriental),Davao Oriental
2025-10-24 04:47:00,6.42,126.35,30,3.1,040km S 50° E of Governor Generoso (Davao Oriental),Davao Oriental
2025-10-24 04:12:00,12.1,120.51,11,2.3,035km N 71° E of Coron (Palawan),Palawan
2025-10-24 04:03:00,14.24,120.34,87,2.0,027km S 38° W of Mariveles (Bataan),Bataan
2025-10-24 03:58:00,9.51,126.02,18,1.8,013km S 27° E of Socorro (Surigao Del Norte),Surigao Del Norte
2025-10-24 03:56:00,8.83,126.62,13,2.5,037km S 75° E of Cagwait (Surigao Del Sur),Surigao Del Sur
2025-10-24 03:38:00,11.0,123.97,2,3.4,005km S 07° W of City Of Bogo (Cebu),Cebu
2025-10-24 03:31:00,9.63,126.12,12,3.6,018km S 12° W of General Luna (Surigao Del Norte),Surigao Del Norte
2025-10-24 03:01:00,11.15,123.88,2,2.2,016km N 44° W of City Of Bogo (Cebu),Cebu
2025-10-24 02:56:00,9.67,126.22,21,3.1,014km S 30° E of General Luna (Surigao Del Norte),Surigao Del Norte
2025-10-24 02:53:00,19.28,121.33,5,2.4,016km N 81° W of Calayan (Cagayan),Cagayan
2025-10-24 02:50:00,11.11,124.1,7,1.8,015km N 62° E of City Of Bogo (Cebu),Cebu
2025-10-24 02:17:00,7.21,127.49,29,3.2,105km N 90° E of Manay (Davao Oriental),Davao Oriental
2025-10-24 02:09:00,10.88,123.94,8,2.0,018km S 14° W of City Of Bogo (Cebu),Cebu
2025-10-24 02:06:00,11.16,124.16,6,2.3,023km N 58° E of City Of Bogo (Cebu),Cebu
2025-10-24 02:02:00,11.09,124.06,7,2.4,010km N 63° E of City Of Bogo (Cebu),Cebu
2025-10-24 01:58:00,9.65,126.26,22,3.9,018km S 36° E of General Luna (Surigao Del Norte),Surigao Del Norte
2025-10-24 01:44:00,8.84,126.49,33,2.1,022km S 66° E of Cagwait (Surigao Del Sur),Surigao Del Sur
2025-10-24 01:39:00,7.38,126.71,32,2.1,026km N 44° E of Manay (Davao Oriental),Davao Oriental
2025-10-24 01:38:00,9.59,126.18,33,1.6,022km S 07° E of General Luna (Surigao Del Norte),Surigao Del Norte
2025-10-24 01:31:00,10.65,124.23,22,1.9,017km N 87° W of San Francisco (Cebu),Cebu
2025-10-24 01:23:00,9.59,126.13,20,2.4,022km S 08° W of General Luna (Surigao Del Norte),Surigao Del Norte
2025-10-24 01:20:00,13.08,123.39,1,2.4,009km N 60° W of Pio Duran (Albay),Albay
2025-10-24 01:07:00,11.1,123.97,1,1.9,006km N 08° W of City Of Bogo (Cebu),Cebu
2025-10-24 01:01:00,10.84,123.42,9,2.3,009km West of City Of Escalante (Negros Occidental),Negros Occidental
2025-10-24 00:58:00,8.95,126.51,27,2.9,023km N 82° E of Cagwait (Surigao Del Sur),Surigao Del Sur
2025-10-24 00:53:00,8.18,126.75,12,1.8,041km N 68° E of Lingig (Surigao Del Sur),Surigao Del Sur
2025-10-24 00:52:00,8.5,126.17,12,2.9,005km N 09° E of Tagbina (Surigao Del Sur),Surigao Del Sur
2025-10-24 00:33:00,7.22,126.74,27,2.5,022km N 87° E of Manay (Davao Oriental),Davao Oriental
2025-10-24 00:32:00,10.96,123.96,22,2.3,010km S 12° W of City Of Bogo (Cebu),Cebu
2025-10-24 00:23:00,7.12,126.84,29,2.4,034km S 74° E of Manay (Davao Oriental),Davao Oriental
2025-10-23 23:50:00,19.13,121.29,12,2.8,009km N 76° E of Dalupiri Island (Calayan) (Cagayan),Cagayan
2025-10-23 23:48:00,10.59,124.83,7,1.7,010km S 18° E of City Of Baybay (Leyte),Leyte
2025-10-23 23:38:00,11.14,124.02,7,2.2,011km N 24° E of City Of Bogo (Cebu),Cebu
2025-10-23 23:34:00,10.93,123.85,3,2.6,021km S 40° W of City Of Bogo (Cebu),Cebu
2025-10-23 23:28:00,18.54,120.79,18,2.0,002km S 20° E of Pagudpud (Ilocos Norte),Ilocos Norte
2025-10-23 23:26:00,8.19,126.94,9,3.2,060km N 74° E of Lingig (Surigao Del Sur),Surigao Del Sur
2025-10-23 23:19:00,10.98,123.94,4,3.2,009km S 29° W of City Of Bogo (Cebu),Cebu
2025-10-23 23:13:00,9.55,125.99,7,2.1,031km S 36° W of General Luna (Surigao Del Norte),Surigao Del Norte
2025-10-23 23:05:00,10.56,124.83,5,2.2,012km N 55° E of Inopacan (Leyte),Leyte
2025-10-23 23:01:00,11.03,124.09,2,2.3,012km S 79° E of City Of Bogo (Cebu),Cebu
2025-10-23 22:52:00,7.17,126.92,14,3.4,042km S 84° E of Manay (Davao Oriental),Davao Oriental
2025-10-23 22:47:00,7.4,126.94,9,2.8,049km N 65° E of Manay (Davao Oriental),Davao Oriental
2025-10-23 22:45:00,11.25,123.85,6,2.5,026km N 32° W of City Of Bogo (Cebu),Cebu
2025-10-23 22:38:00,11.22,123.85,6,3.0,024km N 37° W of City Of Bogo (Cebu),Cebu
2025-10-23 22:38:00,11.22,123.85,6,3.0,024km N 37° W of City Of Bogo (Cebu),Cebu
2025-10-23 22:32:00,11.11,123.96,3,3.2,007km N 14° W of City Of Bogo (Cebu),Cebu
2025-10-23 22:16:00,9.69,126.27,27,2.2,016km S 48° E of General Luna (Surigao Del Norte),Surigao Del Norte
2025-10-23 21:10:00,6.96,126.73,14,3.1,035km S 37° E of Manay (Davao Oriental),Davao Oriental
2025-10-23 21:01:00,15.89,119.23,25,2.5,066km S 68° W of Agno (Pangasinan),Pangasinan
2025-10-23 20:53:00,10.9,123.85,3,3.0,022km S 41° W of City Of Bogo (Cebu),Cebu
2025-10-23 20:15:00,11.13,124.07,4,1.9,013km N 49° E of City Of Bogo (Cebu),Cebu
2025-10-23 20:15:00,9.73,125.82,22,2.0,020km N 42° E of Gigaquit (Surigao Del Norte),Surigao Del Norte
2025-10-23 19:29:00,12.22,119.79,36,2.4,019km N 59° W of Busuanga (Palawan),Palawan
2025-10-23 19:14:00,7.16,127.42,29,2.8,098km S 87° E of Manay (Davao Oriental),Davao Oriental
2025-10-23 18:33:00,8.78,126.33,27,2.1,015km S 11° E of Cagwait (Surigao Del Sur),Surigao Del Sur
2025-10-23 17:53:00,9.73,126.4,28,2.3,027km S 78° E of General Luna (Surigao Del Norte),Surigao Del Norte
2025-10-23 17:28:00,5.77,126.36,108,2.6,080km S 79° E of Jose Abad Santos (Davao Occidental),Davao Occidental
2025-10-23 17:18:00,15.06,120.01,33,1.5,007km N 89° W of San Felipe (Zambales),Zambales
2025-10-23 16:56:00,7.25,126.59,20,2.3,007km N 47° E of Manay (Davao Oriental),Davao Oriental
2025-10-23 16:25:00,13.29,120.15,20,2.4,037km S 67° W of Paluan (Occidental Mindoro),Occidental Mindoro
2025-10-23 15:25:00,10.98,123.98,3,3.0,008km S 02° E of City Of Bogo (Cebu),Cebu
2025-10-23 15:05:00,9.0,126.48,24,2.2,022km N 67° E of Cagwait (Surigao Del Sur),Surigao Del Sur
2025-10-23 14:24:00,7.21,126.74,21,4.3,023km S 89° E of Manay (Davao Oriental),Davao Oriental
2025-10-23 13:08:00,10.6,124.25,25,2.0,016km S 72° W of San Francisco (Cebu),Cebu
2025-10-23 13:01:00,10.98,123.95,6,2.6,008km S 19° W of City Of Bogo (Cebu),Cebu
2025-10-23 12:55:00,6.44,124.05,18,2.6,012km South of Kalamansig (Sultan Kudarat),Sultan Kudarat
2025-10-23 12:01:00,16.54,120.64,22,1.6,017km S 55° W of Atok (Benguet),Benguet
2025-10-23 11:56:00,11.13,124.15,5,2.0,020km N 63° E of City Of Bogo (Cebu),Cebu
2025-10-23 11:46:00,9.59,126.2,33,1.2,022km S 13° E of General Luna (Surigao Del Norte),Surigao Del Norte
2025-10-23 11:24:00,14.26,120.37,120,2.0,024km S 33° W of Mariveles (Bataan),Bataan
2025-10-23 11:17:00,6.97,127.66,27,3.1,126km S 78° E of Manay (Davao Oriental),Davao Oriental
2025-10-23 11:11:00,11.09,124.02,33,1.5,006km N 40° E of City Of Bogo (Cebu),Cebu
2025-10-23 10:35:00,11.16,123.96,10,2.0,012km N 10° W of City Of Bogo (Cebu),Cebu
2025-10-23 10:20:00,9.67,126.22,32,1.8,014km S 28° E of General Luna (Surigao Del Norte),Surigao Del Norte
2025-10-23 10:10:00,7.22,126.8,26,2.3,029km N 89° E of Manay (Davao Oriental),Davao Oriental
2025-10-23 10:08:00,18.45,120.76,19,2.0,020km N 48° E of Pasuquin (Ilocos Norte),Ilocos Norte
2025-10-23 10:06:00,10.99,124.13,26,2.3,017km S 69° E of City Of Bogo (Cebu),Cebu
2025-10-23 09:22:00,10.92,123.96,7,2.7,015km S 09° W of City Of Bogo (Cebu),Cebu
2025-10-23 08:50:00,6.59,125.29,2,3.0,005km S 43° E of Kiblawan (Davao Del Sur),Davao Del Sur
2025-10-23 08:50:00,11.17,123.99,32,1.9,013km N 07° E of City Of Bogo (Cebu),Cebu
2025-10-23 08:48:00,11.01,123.96,16,2.0,005km S 32° W of City Of Bogo (Cebu),Cebu
2025-10-23 08:36:00,9.63,126.18,32,1.4,017km S 08° E of General Luna (Surigao Del Norte),Surigao Del Norte
2025-10-23 08:24:00,6.6,126.48,31,2.3,045km S 82° E of Governor Generoso (Davao Oriental),Davao Oriental
2025-10-23 08:22:00,15.03,119.79,33,1.5,031km S 84° W of San Felipe (Zambales),Zambales
2025-10-23 07:51:00,10.29,126.46,12,2.8,066km N 30° E of General Luna (Surigao Del Norte),Surigao Del Norte
2025-10-23 07:45:00,9.61,126.26,31,1.8,023km S 32° E of General Luna (Surigao Del Norte),Surigao Del Norte
2025-10-23 07:43:00,9.63,126.19,32,1.6,017km S 13° E of General Luna (Surigao Del Norte),Surigao Del Norte
2025-10-23 07:25:00,10.89,123.97,4,2.3,017km S 05° W of City Of Bogo (Cebu),Cebu
2025-10-23 07:12:00,8.98,126.86,2,2.4,062km N 84° E of Cagwait (Surigao Del Sur),Surigao Del Sur
2025-10-23 07:11:00,9.67,126.23,34,1.8,015km S 31° E of General Luna (Surigao Del Norte),Surigao Del Norte
2025-10-23 06:58:00,10.94,123.87,2,2.5,017km S 47° W of City Of Bogo (Cebu),Cebu
2025-10-23 06:49:00,8.09,122.92,25,1.7,007km S 06° W of Leon B. Postigo (Zamboanga Del Norte),Zamboanga Del Norte
2025-10-23 06:35:00,11.04,124.11,5,2.3,014km S 87° E of City Of Bogo (Cebu),Cebu
2025-10-23 06:29:00,11.1,123.98,29,1.8,006km N 04° E of City Of Bogo (Cebu),Cebu
2025-10-23 06:01:00,11.06,123.96,3,2.9,003km N 43° W of City Of Bogo (Cebu),Cebu
2025-10-23 06:00:00,5.1,125.47,41,3.1,036km S 09° E of Balut Island (Municipality Of Sarangani) (Davao Occidental),Davao Occidental
2025-10-23 05:54:00,13.76,123.24,7,2.3,006km N 31° E of Calabanga (Camarines Sur),Camarines Sur
2025-10-23 05:36:00,9.64,126.17,25,2.0,016km S 04° E of General Luna (Surigao Del Norte),Surigao Del Norte
2025-10-23 05:17:00,10.94,123.96,2,2.3,012km S 10° W of City Of Bogo (Cebu),Cebu
2025-10-23 05:06:00,9.61,126.25,32,1.7,022km S 28° E of General Luna (Surigao Del Norte),Surigao Del Norte
2025-10-23 04:17:00,9.61,126.27,35,1.8,023km S 32° E of General Luna (Surigao Del Norte),Surigao Del Norte
2025-10-23 04:09:00,7.54,126.74,25,2.2,021km S 78° E of Baganga (Davao Oriental),Davao Oriental
2025-10-23 04:10:00,11.19,123.95,3,2.3,016km N 11° W of City Of Bogo (Cebu),Cebu
2025-10-23 04:07:00,7.35,126.79,11,2.7,032km N 61° E of Manay (Davao Oriental),Davao Oriental
2025-10-23 03:51:00,5.79,125.99,170,3.3,041km S 70° E of Jose Abad Santos (Davao Occidental),Davao Occidental
2025-10-23 03:41:00,9.66,126.21,34,1.5,015km S 23° E of General Luna (Surigao Del Norte),Surigao Del Norte
2025-10-23 03:13:00,7.41,126.8,24,2.0,036km N 53° E of Manay (Davao Oriental),Davao Oriental
2025-10-23 02:56:00,13.57,120.65,105,2.5,016km N 30° W of Abra De Ilog (Occidental Mindoro),Occidental Mindoro
2025-10-23 02:34:00,10.93,123.76,2,2.7,027km S 61° W of City Of Bogo (Cebu),Cebu
2025-10-23 02:02:00,15.89,121.92,18,2.1,028km S 09° W of Dinalungan (Aurora),Aurora
2025-10-23 01:50:00,11.14,124.08,4,2.4,015km N 46° E of City Of Bogo (Cebu),Cebu
2025-10-23 01:44:00,13.69,122.8,35,1.6,016km S 46° W of Lupi (Camarines Sur),Camarines Sur
2025-10-23 01:44:00,11.21,123.97,7,1.7,018km N 05° W of City Of Bogo (Cebu),Cebu
2025-10-23 01:39:00,13.66,122.79,35,1.5,020km S 43° W of Lupi (Camarines Sur),Camarines Sur
2025-10-23 01:31:00,11.13,124.13,4,3.0,019km N 60° E of City Of Bogo (Cebu),Cebu
2025-10-23 01:30:00,13.55,120.78,5,2.8,015km S 39° W of Tingloy (Batangas),Batangas
2025-10-23 01:29:00,6.88,127.32,11,2.5,094km S 67° E of Manay (Davao Oriental),Davao Oriental
2025-10-23 01:10:00,7.32,126.8,11,2.9,031km N 68° E of Manay (Davao Oriental),Davao Oriental
2025-10-23 01:07:00,9.4,125.6,17,2.3,006km S 27° E of Kitcharao (Agusan Del Norte),Agusan Del Norte
2025-10-23 00:45:00,11.2,124.13,2,2.6,024km N 44° E of City Of Bogo (Cebu),Cebu
2025-10-23 00:31:00,18.56,120.7,5,2.6,008km N 37° E of Burgos (Ilocos Norte),Ilocos Norte
2025-10-23 00:09:00,16.1,120.71,26,2.0,006km N 43° E of San Manuel (Pangasinan),Pangasinan
2025-10-23 00:03:00,7.67,126.64,14,2.4,014km N 40° E of Baganga (Davao Oriental),Davao Oriental
2025-10-23 00:02:00,11.1,123.98,28,1.5,006km N 03° E of City Of Bogo (Cebu),Cebu
2025-10-22 23:29:00,10.99,123.95,24,2.9,007km S 26° W of City Of Bogo (Cebu),Cebu
2025-10-22 23:26:00,13.74,122.88,5,2.0,007km S 35° W of Lupi (Camarines Sur),Camarines Sur
2025-10-22 22:32:00,11.09,123.93,22,2.0,008km N 46° W of City Of Bogo (Cebu),Cebu
2025-10-22 22:24:00,9.69,126.1,26,1.8,012km S 33° W of General Luna (Surigao Del Norte),Surigao Del Norte
2025-10-22 21:31:00,10.95,123.88,19,2.1,016km S 44° W of City Of Bogo (Cebu),Cebu
2025-10-22 21:31:00,13.62,121.48,10,1.8,038km N 31° E of Naujan (Oriental Mindoro),Oriental Mindoro
2025-10-22 21:22:00,8.83,126.56,18,3.6,031km S 71° E of Cagwait (Surigao Del Sur),Surigao Del Sur
2025-10-22 21:19:00,11.11,124.15,4,2.8,020km N 68° E of City Of Bogo (Cebu),Cebu
2025-10-22 20:52:00,7.19,126.57,16,3.1,004km S 57° E of Manay (Davao Oriental),Davao Oriental
2025-10-22 20:46:00,7.41,127.4,21,3.2,097km N 77° E of Manay (Davao Oriental),Davao Oriental
2025-10-22 20:40:00,10.96,123.96,3,2.6,010km S 13° W of City Of Bogo (Cebu),Cebu
2025-10-22 20:15:00,9.7,126.19,26,2.1,010km S 24° E of General Luna (Surigao Del Norte),Surigao Del Norte
2025-10-22 20:04:00,8.69,126.23,26,1.8,026km S 17° W of Cagwait (Surigao Del Sur),Surigao Del Sur
2025-10-22 20:02:00,7.24,126.59,10,2.5,006km N 56° E of Manay (Davao Oriental),Davao Oriental
2025-10-22 19:30:00,8.78,126.51,10,3.3,027km S 56° E of Cagwait (Surigao Del Sur),Surigao Del Sur
2025-10-22 19:28:00,8.8,126.71,14,2.9,047km S 74° E of Cagwait (Surigao Del Sur),Surigao Del Sur
2025-10-22 19:00:00,10.83,123.97,11,1.9,024km S 04° W of City Of Bogo (Cebu),Cebu
2025-10-22 19:00:00,8.77,126.53,18,3.0,030km S 57° E of Cagwait (Surigao Del Sur),Surigao Del Sur
2025-10-22 18:49:00,11.18,124.03,34,1.8,016km N 21° E of City Of Bogo (Cebu),Cebu
2025-10-22 18:48:00,7.19,123.47,23,2.7,031km S 11° E of Tabina (Zamboanga Del Sur),Zamboanga Del Sur
2025-10-22 18:33:00,7.38,126.3,9,3.1,020km N 69° E of Maragusan (Davao De Oro),Davao De Oro
2025-10-22 18:19:00,8.82,126.43,28,1.6,018km S 54° E of Cagwait (Surigao Del Sur),Surigao Del Sur
2025-10-22 18:18:00,13.72,120.63,103,2.0,012km South of Calatagan (Batangas),Batangas
2025-10-22 18:09:00,10.53,122.19,6,2.2,014km S 22° W of Miagao (Iloilo),Iloilo
2025-10-22 18:00:00,10.67,122.18,6,2.2,007km N 62° W of Miagao (Iloilo),Iloilo
2025-10-22 17:53:00,8.12,126.99,6,3.0,064km N 82° E of Lingig (Surigao Del Sur),Surigao Del Sur
2025-10-22 17:41:00,10.92,123.89,3,2.5,017km S 36° W of City Of Bogo (Cebu),Cebu
2025-10-22 17:25:00,13.35,123.4,19,2.6,004km S 77° E of Bato (Camarines Sur),Camarines Sur
2025-10-22 17:21:00,11.05,124.04,6,2.7,007km N 83° E of City Of Bogo (Cebu),Cebu
2025-10-22 16:57:00,11.1,124.11,33,2.6,016km N 69° E of City Of Bogo (Cebu),Cebu
2025-10-22 16:32:00,11.03,124.09,4,2.3,013km S 80° E of City Of Bogo (Cebu),Cebu
2025-10-22 16:29:00,7.31,127.44,1,3.3,100km N 84° E of Manay (Davao Oriental),Davao Oriental
2025-10-22 15:42:00,9.48,126.03,1,2.3,016km N 37° E of Carrascal (Surigao Del Sur),Surigao Del Sur
2025-10-22 15:16:00,13.05,120.28,32,2.3,039km S 60° W of Mamburao (Occidental Mindoro),Occidental Mindoro
2025-10-22 15:08:00,9.58,126.18,26,2.1,022km S 07° E of General Luna (Surigao Del Norte),Surigao Del Norte
2025-10-22 15:06:00,18.78,120.54,7,2.9,032km N 20° W of Burgos (Ilocos Norte),Ilocos Norte
2025-10-22 14:47:00,11.21,123.94,33,2.2,007km S 56° W of Daanbantayan (Cebu),Cebu
2025-10-22 14:10:00,3.9,125.57,76,3.6,168km S 06° E of Balut Island (Municipality Of Sarangani) (Davao Occidental),Davao Occidental
2025-10-22 13:52:00,9.59,126.23,29,1.7,022km S 21° E of General Luna (Surigao Del Norte),Surigao Del Norte
2025-10-22 13:39:00,13.76,120.58,86,2.0,009km S 34° W of Calatagan (Batangas),Batangas
2025-10-22 13:21:00,9.64,126.21,31,2.2,017km S 19° E of General Luna (Surigao Del Norte),Surigao Del Norte
2025-10-22 13:08:00,9.64,126.02,33,2.3,022km S 44° W of General Luna (Surigao Del Norte),Surigao Del Norte
2025-10-22 12:58:00,9.71,126.24,28,2.2,012km S 47° E of General Luna (Surigao Del Norte),Surigao Del Norte
2025-10-22 12:05:00,11.2,124.02,1,2.1,017km N 16° E of City Of Bogo (Cebu),Cebu
2025-10-22 11:52:00,11.12,123.94,5,2.6,009km N 30° W of City Of Bogo (Cebu),Cebu
2025-10-22 11:33:00,12.46,124.58,19,2.1,020km S 70° W of Mondragon (Northern Samar),Northern Samar
2025-10-22 11:30:00,11.15,123.96,12,1.8,012km N 09° W of City Of Bogo (Cebu),Cebu
2025-10-22 10:19:00,8.09,126.86,22,2.4,050km N 83° E of Lingig (Surigao Del Sur),Surigao Del Sur
2025-10-22 10:05:00,8.57,126.12,2,2.5,005km North of Barobo (Surigao Del Sur),Surigao Del Sur
2025-10-22 09:15:00,9.78,126.23,50,2.2,008km S 88° E of General Luna (Surigao Del Norte),Surigao Del Norte
2025-10-22 09:00:00,11.26,124.08,33,2.3,026km N 26° E of City Of Bogo (Cebu),Cebu
2025-10-22 08:56:00,11.12,124.11,5,2.8,017km N 62° E of City Of Bogo (Cebu),Cebu
2025-10-22 08:18:00,11.04,124.03,8,2.4,005km S 86° E of City Of Bogo (Cebu),Cebu
2025-10-22 07:58:00,13.81,120.58,80,1.5,006km S 62° W of Calatagan (Batangas),Batangas
2025-10-22 07:53:00,6.94,127.35,11,3.0,094km S 71° E of Manay (Davao Oriental),Davao Oriental
2025-10-22 07:43:00,8.92,126.48,19,3.8,019km N 89° E of Cagwait (Surigao Del Sur),Surigao Del Sur
2025-10-22 07:36:00,19.07,121.11,15,2.4,011km S 69° W of Dalupiri Island (Calayan) (Cagayan),Cagayan
2025-10-22 07:21:00,11.13,124.01,19,1.6,010km N 22° E of City Of Bogo (Cebu),Cebu
2025-10-22 07:09:00,9.75,126.57,15,2.3,045km S 86° E of General Luna (Surigao Del Norte),Surigao Del Norte
2025-10-22 06:45:00,10.86,123.87,3,2.5,024km S 29° W of City Of Bogo (Cebu),Cebu
2025-10-22 06:38:00,11.12,124.28,1,2.3,034km N 77° E of City Of Bogo (Cebu),Cebu
2025-10-22 06:29:00,11.2,123.91,2,3.3,018km N 25° W of City Of Bogo (Cebu),Cebu
2025-10-22 06:23:00,11.25,123.94,9,2.3,022km N 10° W of City Of Bogo (Cebu),Cebu
2025-10-22 06:11:00,11.17,123.91,10,2.2,015km N 28° W of City Of Bogo (Cebu),Cebu
2025-10-22 06:11:00,9.65,126.23,32,1.4,017km S 28° E of General Luna (Surigao Del Norte),Surigao Del Norte
2025-10-22 06:06:00,11.15,124.02,33,1.8,012km N 21° E of City Of Bogo (Cebu),Cebu
2025-10-22 06:05:00,7.96,126.38,132,1.7,009km S 24° W of Lingig (Surigao Del Sur),Surigao Del Sur
2025-10-22 05:37:00,13.65,120.63,92,1.9,020km S 01° W of Calatagan (Batangas),Batangas
2025-10-22 05:35:00,7.87,125.18,43,2.0,011km S 72° E of City Of Valencia (Bukidnon),Bukidnon
2025-10-22 05:03:00,10.51,123.68,34,1.9,004km N 85° W of Balamban (Cebu),Cebu
2025-10-22 04:09:00,5.97,126.08,134,2.1,048km N 83° E of Jose Abad Santos (Davao Occidental),Davao Occidental
2025-10-22 03:57:00,7.58,122.14,11,2.7,001km S 16° W of Sirawai (Zamboanga Del Norte),Zamboanga Del Norte
2025-10-22 03:57:00,17.66,120.4,3,2.9,003km N 33° W of Santo Domingo (Ilocos Sur),Ilocos Sur
2025-10-22 03:54:00,5.72,126.46,61,3.2,093km S 77° E of Jose Abad Santos (Davao Occidental),Davao Occidental
2025-10-22 03:53:00,10.97,124.03,28,2.0,010km S 33° E of City Of Bogo (Cebu),Cebu
2025-10-22 03:43:00,9.76,126.18,32,2.5,003km S 37° E of General Luna (Surigao Del Norte),Surigao Del Norte
2025-10-22 03:20:00,7.23,126.76,22,1.8,024km N 85° E of Manay (Davao Oriental),Davao Oriental
2025-10-22 03:18:00,7.25,126.87,25,2.5,036km N 84° E of Manay (Davao Oriental),Davao Oriental
2025-10-22 03:16:00,9.47,126.25,30,2.1,036km S 17° E of General Luna (Surigao Del Norte),Surigao Del Norte
2025-10-22 03:00:00,9.64,126.09,34,2.1,017km S 27° W of General Luna (Surigao Del Norte),Surigao Del Norte
2025-10-22 02:34:00,13.59,120.36,2,2.0,039km S 41° E of Lubang (Occidental Mindoro),Occidental Mindoro
2025-10-22 02:33:00,16.15,122.26,7,1.9,021km S 47° E of Casiguran (Aurora),Aurora
2025-10-22 02:31:00,7.28,126.91,4,1.8,042km N 79° E of Manay (Davao Oriental),Davao Oriental
2025-10-22 02:27:00,7.17,126.72,20,1.9,020km S 76° E of Manay (Davao Oriental),Davao Oriental
2025-10-22 01:52:00,12.93,126.05,36,4.2,100km N 60° E of Mapanas (Northern Samar),Northern Samar
2025-10-22 01:45:00,10.93,123.96,20,2.0,013km S 11° W of City Of Bogo (Cebu),Cebu
2025-10-22 01:38:00,8.82,126.48,29,2.2,023km S 60° E of Cagwait (Surigao Del Sur),Surigao Del Sur
2025-10-22 01:23:00,7.35,126.78,20,2.2,030km N 59° E of Manay (Davao Oriental),Davao Oriental
2025-10-22 01:23:00,7.41,126.52,5,1.7,022km N 06° W of Manay (Davao Oriental),Davao Oriental
2025-10-22 01:21:00,9.64,126.31,31,2.8,023km S 46° E of General Luna (Surigao Del Norte),Surigao Del Norte
2025-10-22 01:18:00,7.28,126.85,22,1.5,035km N 78° E of Manay (Davao Oriental),Davao Oriental
2025-10-22 01:17:00,7.33,127.1,12,2.9,064km N 78° E of Manay (Davao Oriental),Davao Oriental
2025-10-22 01:05:00,7.12,126.82,25,2.3,033km S 72° E of Manay (Davao Oriental),Davao Oriental
2025-10-22 01:03:00,7.35,127.35,12,2.8,087km N 80° E of Manay (Davao Oriental),Davao Oriental
2025-10-22 01:02:00,9.65,126.17,28,2.0,015km S 07° E of General Luna (Surigao Del Norte),Surigao Del Norte
2025-10-22 00:41:00,11.11,124.12,3,1.8,017km N 66° E of City Of Bogo (Cebu),Cebu
2025-10-22 00:41:00,9.19,126.74,13,2.2,057km N 58° E of Cagwait (Surigao Del Sur),Surigao Del Sur
2025-10-22 00:32:00,14.27,123.07,8,1.7,018km N 19° E of Mercedes (Camarines Norte),Camarines Norte
2025-10-22 00:24:00,9.95,126.52,65,1.5,044km N 64° E of General Luna (Surigao Del Norte),Surigao Del Norte
2025-10-22 00:20:00,12.69,123.57,6,1.8,012km N 64° W of Monreal (Masbate),Masbate
2025-10-22 00:19:00,9.65,126.17,33,1.5,015km S 06° E of General Luna (Surigao Del Norte),Surigao Del Norte
2025-10-22 00:19:00,11.1,124.13,33,1.8,017km N 69° E of City Of Bogo (Cebu),Cebu
2025-10-22 00:06:00,10.79,122.89,13,2.0,009km S 81° W of City Of Silay (Negros Occidental),Negros Occidental
2025-10-21 23:56:00,11.13,123.83,32,2.1,018km N 61° W of City Of Bogo (Cebu),Cebu
2025-10-21 23:34:00,9.67,126.2,33,1.8,014km S 20° E of General Luna (Surigao Del Norte),Surigao Del Norte
2025-10-21 23:21:00,9.21,125.88,34,1.4,011km S 58° W of Madrid (Surigao Del Sur),Surigao Del Sur
2025-10-21 23:15:00,9.73,126.11,30,2.2,007km S 43° W of General Luna (Surigao Del Norte),Surigao Del Norte
2025-10-21 22:30:00,10.96,124.02,9,2.4,011km S 25° E of City Of Bogo (Cebu),Cebu
2025-10-21 22:27:00,7.36,124.41,25,2.1,009km N 10° W of Pigkawayan (Cotabato),Cotabato
2025-10-21 22:25:00,18.62,121.08,2,2.0,002km N 07° W of Claveria (Cagayan),Cagayan
2025-10-21 22:23:00,5.31,125.55,20,2.8,018km S 49° E of Balut Island (Municipality Of Sarangani) (Davao Occidental),Davao Occidental
2025-10-21 22:11:00,11.2,124.18,15,1.9,028km N 51° E of City Of Bogo (Cebu),Cebu
2025-10-21 21:38:00,16.89,120.66,94,2.2,013km S 38° W of Cervantes (Ilocos Sur),Ilocos Sur
2025-10-21 21:33:00,7.42,127.38,13,2.9,096km N 76° E of Manay (Davao Oriental),Davao Oriental
2025-10-21 21:23:00,11.13,124.12,7,2.0,018km N 59° E of City Of Bogo (Cebu),Cebu
2025-10-21 20:38:00,9.64,126.2,35,1.4,016km S 16° E of General Luna (Surigao Del Norte),Surigao Del Norte
2025-10-21 20:33:00,7.03,126.47,21,2.4,022km S 20° W of Manay (Davao Oriental),Davao Oriental
2025-10-21 20:27:00,8.81,126.49,31,2.1,024km S 60° E of Cagwait (Surigao Del Sur),Surigao Del Sur
2025-10-21 20:17:00,7.47,126.58,23,1.8,012km S 07° E of Baganga (Davao Oriental),Davao Oriental
2025-10-21 19:31:00,18.33,120.78,6,2.4,017km S 90° E of Pasuquin (Ilocos Norte),Ilocos Norte
2025-10-21 19:31:00,11.09,123.97,33,2.4,005km N 14° W of City Of Bogo (Cebu),Cebu
2025-10-21 19:27:00,4.01,123.11,576,4.3,271km S 26° W of Palimbang (Sultan Kudarat),Sultan Kudarat
2025-10-21 19:02:00,13.47,120.76,33,1.5,005km N 58° E of Abra De Ilog (Occidental Mindoro),Occidental Mindoro
2025-10-21 18:55:00,8.55,126.83,27,1.6,071km S 55° E of Cagwait (Surigao Del Sur),Surigao Del Sur
2025-10-21 18:24:00,11.16,124.19,10,2.4,027km N 61° E of City Of Bogo (Cebu),Cebu
2025-10-21 17:51:00,13.58,121.04,1,2.3,006km N 35° W of Verde Island (Batangas City) (Batangas),Batangas
2025-10-21 17:23:00,9.63,126.16,33,1.5,017km S 02° E of General Luna (Surigao Del Norte),Surigao Del Norte
2025-10-21 17:07:00,11.16,124.16,6,4.1,024km N 58° E of City Of Bogo (Cebu),Cebu
2025-10-21 16:34:00,9.63,126.21,34,2.1,018km S 18° E of General Luna (Surigao Del Norte),Surigao Del Norte
2025-10-21 16:11:00,7.25,127.55,18,2.8,112km N 88° E of Manay (Davao Oriental),Davao Oriental
2025-10-21 16:06:00,10.41,126.29,1,3.1,049km N 28° E of Burgos (Surigao Del Norte),Surigao Del Norte
2025-10-21 16:03:00,8.88,126.47,24,2.1,019km S 78° E of Cagwait (Surigao Del Sur),Surigao Del Sur
2025-10-21 15:54:00,6.39,125.91,48,3.2,032km N 48° E of Don Marcelino (Davao Occidental),Davao Occidental
2025-10-21 15:45:00,11.18,123.9,1,2.7,017km N 32° W of City Of Bogo (Cebu),Cebu
2025-10-21 15:39:00,7.26,127.08,31,2.9,059km N 84° E of Manay (Davao Oriental),Davao Oriental
2025-10-21 15:32:00,7.2,126.96,11,2.8,047km S 88° E of Manay (Davao Oriental),Davao Oriental
2025-10-21 15:16:00,8.75,126.27,18,2.4,019km S 10° W of Cagwait (Surigao Del Sur),Surigao Del Sur
2025-10-21 15:07:00,7.99,126.99,4,2.9,064km S 85° E of Lingig (Surigao Del Sur),Surigao Del Sur
2025-10-21 15:04:00,11.27,124.21,17,2.4,035km N 46° E of City Of Bogo (Cebu),Cebu
2025-10-21 14:24:00,16.44,119.77,25,3.0,015km N 65° W of Bolinao (Pangasinan),Pangasinan
2025-10-21 14:15:00,8.84,126.21,32,2.7,013km S 47° W of Cagwait (Surigao Del Sur),Surigao Del Sur
2025-10-21 14:01:00,9.65,126.18,35,2.0,014km S 11° E of General Luna (Surigao Del Norte),Surigao Del Norte
2025-10-21 13:20:00,13.25,120.91,39,2.0,028km N 47° E of Santa Cruz (Occidental Mindoro),Occidental Mindoro
2025-10-21 13:06:00,11.17,124.06,33,2.0,016km N 33° E of City Of Bogo (Cebu),Cebu
2025-10-21 12:43:00,7.26,126.62,9,3.1,010km N 60° E of Manay (Davao Oriental),Davao Oriental
2025-10-21 12:19:00,9.0,126.18,30,1.9,008km S 08° E of City Of Tandag (Surigao Del Sur),Surigao Del Sur
2025-10-21 11:35:00,16.05,121.62,30,1.7,019km S 04° E of Nagtipunan (Quirino),Quirino
2025-10-21 11:30:00,9.7,126.17,27,2.9,009km S 10° E of General Luna (Surigao Del Norte),Surigao Del Norte
2025-10-21 10:23:00,9.13,126.11,48,3.1,009km N 49° W of City Of Tandag (Surigao Del Sur),Surigao Del Sur
2025-10-21 09:58:00,9.64,126.24,31,2.0,018km S 32° E of General Luna (Surigao Del Norte),Surigao Del Norte
2025-10-21 09:40:00,9.54,126.08,2,2.1,015km S 55° E of Socorro (Surigao Del Norte),Surigao Del Norte
2025-10-21 09:11:00,8.8,126.49,29,2.1,024km S 58° E of Cagwait (Surigao Del Sur),Surigao Del Sur
2025-10-21 09:02:00,7.09,127.07,5,3.5,060km S 77° E of Manay (Davao Oriental),Davao Oriental
2025-10-21 08:52:00,7.07,126.92,15,2.6,045km S 70° E of Manay (Davao Oriental),Davao Oriental
2025-10-21 08:03:00,9.39,125.4,32,2.5,014km N 65° W of Jabonga (Agusan Del Norte),Agusan Del Norte
2025-10-21 08:01:00,9.65,126.18,34,1.7,015km S 11° E of General Luna (Surigao Del Norte),Surigao Del Norte
2025-10-21 07:26:00,9.65,125.96,28,2.0,026km S 55° W of General Luna (Surigao Del Norte),Surigao Del Norte
2025-10-21 07:24:00,7.59,125.96,33,1.8,001km S 34° W of Nabunturan (Davao De Oro),Davao De Oro
2025-10-21 07:00:00,11.1,124.03,27,2.0,008km N 43° E of City Of Bogo (Cebu),Cebu
2025-10-21 06:44:00,18.5,120.76,1,1.9,004km S 10° W of Bangui (Ilocos Norte),Ilocos Norte
2025-10-21 06:10:00,11.1,124.19,32,2.3,024km N 75° E of City Of Bogo (Cebu),Cebu
2025-10-21 05:47:00,8.85,126.42,30,2.2,015km S 60° E of Cagwait (Surigao Del Sur),Surigao Del Sur
2025-10-21 05:43:00,15.64,119.72,21,2.5,023km N 86° W of Candelaria (Zambales),Zambales
2025-10-21 05:32:00,7.13,126.84,28,4.3,035km S 74° E of Manay (Davao Oriental),Davao Oriental
2025-10-21 05:32:00,11.11,124.08,28,1.5,013km N 59° E of City Of Bogo (Cebu),Cebu
2025-10-21 05:29:00,9.57,126.22,19,1.9,025km S 17° E of General Luna (Surigao Del Norte),Surigao Del Norte
2025-10-21 05:29:00,13.84,125.27,42,3.4,096km N 86° E of Gigmoto (Catanduanes),Catanduanes
2025-10-21 05:22:00,11.03,123.81,20,2.4,018km S 83° W of City Of Bogo (Cebu),Cebu
2025-10-21 04:27:00,11.07,124.04,33,1.9,007km N 66° E of City Of Bogo (Cebu),Cebu
2025-10-21 04:15:00,18.7,120.49,7,2.3,027km N 38° W of Burgos (Ilocos Norte),Ilocos Norte
2025-10-21 04:06:00,6.79,125.32,6,2.8,006km N 35° W of City Of Digos (Davao Del Sur),Davao Del Sur
2025-10-21 03:57:00,9.4,125.46,21,1.9,009km N 45° W of Jabonga (Agusan Del Norte),Agusan Del Norte
2025-10-21 03:52:00,6.92,126.88,19,2.8,050km S 49° E of Manay (Davao Oriental),Davao Oriental
2025-10-21 03:40:00,8.83,126.36,30,2.2,012km S 31° E of Cagwait (Surigao Del Sur),Surigao Del Sur
2025-10-21 03:35:00,10.94,123.91,2,3.0,014km S 31° W of City Of Bogo (Cebu),Cebu
2025-10-21 03:25:00,11.0,124.0,33,2.3,006km S 29° E of City Of Bogo (Cebu),Cebu
2025-10-21 03:22:00,7.06,127.15,1,3.1,069km S 76° E of Manay (Davao Oriental),Davao Oriental
2025-10-21 03:09:00,9.64,126.14,33,2.1,016km S 08° W of General Luna (Surigao Del Norte),Surigao Del Norte
2025-10-21 03:00:00,7.34,126.72,4,3.3,024km N 56° E of Manay (Davao Oriental),Davao Oriental
2025-10-21 02:52:00,11.01,124.06,33,2.1,010km S 67° E of City Of Bogo (Cebu),Cebu
2025-10-21 02:49:00,6.91,126.17,27,3.0,007km S 51° W of City Of Mati (Davao Oriental),Davao Oriental
2025-10-21 02:41:00,7.2,127.36,23,2.6,091km S 89° E of Manay (Davao Oriental),Davao Oriental
2025-10-21 02:34:00,12.38,119.85,9,2.8,029km N 18° W of Busuanga (Palawan),Palawan
2025-10-21 02:34:00,18.64,120.68,10,2.4,014km N 52° W of Pagudpud (Ilocos Norte),Ilocos Norte
2025-10-21 02:18:00,9.53,126.16,31,2.1,028km S 01° E of General Luna (Surigao Del Norte),Surigao Del Norte
2025-10-21 02:16:00,11.0,124.03,33,2.0,008km S 43° E of City Of Bogo (Cebu),Cebu
2025-10-21 02:01:00,6.63,125.96,34,1.5,012km S 80° W of Governor Generoso (Davao Oriental),Davao Oriental
2025-10-21 01:50:00,11.12,124.04,34,2.4,010km N 42° E of City Of Bogo (Cebu),Cebu
2025-10-21 01:48:00,12.53,123.41,38,2.4,002km N 47° E of Aroroy (Masbate),Masbate
2025-10-21 01:46:00,7.25,127.14,8,2.9,067km N 86° E of Manay (Davao Oriental),Davao Oriental
2025-10-21 01:43:00,7.28,127.02,23,2.9,053km N 82° E of Manay (Davao Oriental),Davao Oriental
2025-10-21 01:37:00,11.14,125.55,24,2.8,004km S 59° E of Quinapondan (Eastern Samar),Eastern Samar
2025-10-21 01:36:00,8.83,126.43,29,2.2,018km S 55° E of Cagwait (Surigao Del Sur),Surigao Del Sur
2025-10-21 01:32:00,10.79,123.96,1,2.8,028km S 04° W of City Of Bogo (Cebu),Cebu
2025-10-21 01:31:00,8.77,126.55,28,2.1,028km S 83° E of Marihatag (Surigao Del Sur),Surigao Del Sur
2025-10-21 01:20:00,7.41,126.85,20,3.6,041km N 57° E of Manay (Davao Oriental),Davao Oriental
2025-10-21 01:18:00,11.22,124.11,6,2.8,024km N 37° E of City Of Bogo (Cebu),Cebu
2025-10-21 01:16:00,12.67,121.68,15,1.7,020km N 62° E of Roxas (Oriental Mindoro),Oriental Mindoro
2025-10-21 01:13:00,9.64,126.15,33,1.4,015km S 04° W of General Luna (Surigao Del Norte),Surigao Del Norte
2025-10-21 01:04:00,17.55,120.71,40,1.8,002km N 34° W of Bucay (Abra),Abra
2025-10-21 01:03:00,6.48,126.48,26,3.2,049km S 66° E of Governor Generoso (Davao Oriental),Davao Oriental
2025-10-21 00:53:00,9.75,126.19,7,2.2,006km S 44° E of General Luna (Surigao Del Norte),Surigao Del Norte
2025-10-21 00:38:00,12.39,124.49,23,2.2,015km S 01° E of San Jose (Northern Samar),Northern Samar
2025-10-21 00:16:00,6.83,127.46,38,3.2,110km S 68° E of Manay (Davao Oriental),Davao Oriental
2025-10-21 00:15:00,11.05,123.98,20,2.6,001km N 31° E of City Of Bogo (Cebu),Cebu
2025-10-21 00:11:00,11.0,123.99,33,2.3,005km S 13° E of City Of Bogo (Cebu),Cebu
2025-10-21 00:06:00,11.14,124.03,26,2.1,012km N 30° E of City Of Bogo (Cebu),Cebu
2025-10-20 23:59:00,11.02,122.4,26,2.0,009km S 63° W of Lambunao (Iloilo),Iloilo
2025-10-20 23:58:00,9.63,126.17,35,1.7,017km S 05° E of General Luna (Surigao Del Norte),Surigao Del Norte
2025-10-20 23:47:00,6.91,127.38,17,4.2,099km S 70° E of Manay (Davao Oriental),Davao Oriental
2025-10-20 23:47:00,7.26,126.94,28,1.6,045km N 83° E of Manay (Davao Oriental),Davao Oriental
2025-10-20 23:45:00,6.5,125.91,19,2.8,025km S 47° W of Governor Generoso (Davao Oriental),Davao Oriental
2025-10-20 23:41:00,8.76,126.44,31,1.5,023km S 42° E of Cagwait (Surigao Del Sur),Surigao Del Sur
2025-10-20 23:40:00,4.75,126.31,148,2.7,123km S 53° E of Balut Island (Municipality Of Sarangani) (Davao Occidental),Davao Occidental
2025-10-20 23:39:00,7.4,127.18,24,2.5,074km N 73° E of Manay (Davao Oriental),Davao Oriental
2025-10-20 23:39:00,11.04,123.87,16,2.4,013km S 85° W of City Of Bogo (Cebu),Cebu
2025-10-20 23:31:00,12.59,123.71,5,1.7,004km N 41° W of San Jacinto (Masbate),Masbate
2025-10-20 23:30:00,12.87,121.04,6,1.9,028km N 83° E of Sablayan (Occidental Mindoro),Occidental Mindoro
2025-10-20 23:26:00,7.17,125.51,27,2.7,023km S 55° W of City Of Panabo (Davao Del Norte),Davao Del Norte
2025-10-20 23:26:00,12.55,123.5,24,3.0,009km N 03° E of Baleno (Masbate),Masbate
2025-10-20 23:18:00,9.6,126.16,32,2.4,020km S 01° E of General Luna (Surigao Del Norte),Surigao Del Norte
2025-10-20 23:17:00,7.24,126.69,24,1.6,017km N 78° E of Manay (Davao Oriental),Davao Oriental
2025-10-20 23:07:00,11.5,121.98,21,3.1,012km N 43° W of Culasi (Antique),Antique
2025-10-20 23:05:00,8.91,126.36,27,2.7,007km S 82° E of Cagwait (Surigao Del Sur),Surigao Del Sur
2025-10-20 22:57:00,7.05,126.89,20,3.0,042km S 65° E of Manay (Davao Oriental),Davao Oriental
2025-10-20 22:55:00,18.18,122.17,13,2.7,020km S 65° E of Gonzaga (Cagayan),Cagayan
2025-10-20 22:46:00,8.77,126.51,29,2.1,028km S 54° E of Cagwait (Surigao Del Sur),Surigao Del Sur
2025-10-20 22:42:00,9.97,126.11,19,1.8,021km N 13° W of General Luna (Surigao Del Norte),Surigao Del Norte
2025-10-20 22:35:00,10.93,123.87,1,2.5,018km S 43° W of City Of Bogo (Cebu),Cebu
2025-10-20 22:33:00,13.63,120.29,5,2.3,011km S 26° E of Looc (Occidental Mindoro),Occidental Mindoro
2025-10-20 22:22:00,11.17,124.07,11,2.3,016km N 35° E of City Of Bogo (Cebu),Cebu
2025-10-20 22:16:00,9.61,126.17,35,2.0,019km S 05° E of General Luna (Surigao Del Norte),Surigao Del Norte
2025-10-20 21:52:00,7.4,126.72,7,2.4,029km N 45° E of Manay (Davao Oriental),Davao Oriental
2025-10-20 21:46:00,6.87,126.99,5,2.4,063km S 53° E of Manay (Davao Oriental),Davao Oriental
2025-10-20 21:32:00,6.86,127.77,14,4.0,141km S 74° E of Manay (Davao Oriental),Davao Oriental
2025-10-20 21:20:00,7.52,127.24,23,2.5,084km N 66° E of Manay (Davao Oriental),Davao Oriental
2025-10-20 21:18:00,7.57,127.08,16,2.4,072km N 56° E of Manay (Davao Oriental),Davao Oriental
2025-10-20 21:18:00,14.0,120.49,75,1.9,018km S 78° W of Lian (Batangas),Batangas
2025-10-20 21:05:00,6.78,127.29,16,2.5,095km S 60° E of Manay (Davao Oriental),Davao Oriental
2025-10-20 20:57:00,6.89,127.14,1,3.5,076km S 62° E of Manay (Davao Oriental),Davao Oriental
2025-10-20 20:44:00,9.43,126.29,21,2.4,042km S 21° E of General Luna (Surigao Del Norte),Surigao Del Norte
2025-10-20 20:08:00,11.28,124.15,12,2.2,032km N 35° E of City Of Bogo (Cebu),Cebu
2025-10-20 20:05:00,7.29,126.78,21,3.3,028km N 71° E of Manay (Davao Oriental),Davao Oriental
2025-10-20 19:40:00,7.01,127.08,25,4.3,064km S 69° E of Manay (Davao Oriental),Davao Oriental
2025-10-20 19:35:00,7.0,127.36,20,5.7,094km S 75° E of Manay (Davao Oriental),Davao Oriental
2025-10-20 19:10:00,10.27,126.75,26,2.4,085km N 51° E of General Luna (Surigao Del Norte),Surigao Del Norte
2025-10-20 19:04:00,7.19,127.34,25,2.5,088km S 88° E of Manay (Davao Oriental),Davao Oriental
2025-10-20 18:48:00,18.77,120.5,11,3.7,032km N 29° W of Burgos (Ilocos Norte),Ilocos Norte
2025-10-20 18:29:00,10.91,123.94,1,2.2,016km S 15° W of City Of Bogo (Cebu),Cebu
2025-10-20 18:28:00,9.62,126.28,32,1.7,023km S 37° E of General Luna (Surigao Del Norte),Surigao Del Norte
2025-10-20 18:13:00,11.04,124.05,3,2.6,008km S 84° E of City Of Bogo (Cebu),Cebu
2025-10-20 18:05:00,9.6,126.23,34,1.6,022km S 21° E of General Luna (Surigao Del Norte),Surigao Del Norte
2025-10-20 17:48:00,7.53,126.58,17,2.0,036km N 08° E of Manay (Davao Oriental),Davao Oriental
2025-10-20 17:43:00,11.18,124.13,33,1.7,022km N 48° E of City Of Bogo (Cebu),Cebu
2025-10-20 17:37:00,11.04,123.97,26,2.0,001km S 73° W of City Of Bogo (Cebu),Cebu
2025-10-20 17:32:00,11.09,124.05,46,2.0,009km N 56° E of City Of Bogo (Cebu),Cebu
2025-10-20 17:32:00,11.09,124.05,46,2.0,009km N 56° E of City Of Bogo (Cebu),Cebu
2025-10-20 17:28:00,11.01,124.07,15,2.1,011km S 70° E of City Of Bogo (Cebu),Cebu
2025-10-20 17:27:00,18.43,120.74,15,2.5,015km S 18° W of Pagudpud (Ilocos Norte),Ilocos Norte
2025-10-20 17:27:00,11.07,124.09,12,1.2,012km N 77° E of City Of Bogo (Cebu),Cebu
2025-10-20 17:26:00,7.17,127.28,15,2.5,082km S 87° E of Manay (Davao Oriental),Davao Oriental
2025-10-20 17:14:00,11.07,123.99,5,2.5,003km N 24° E of City Of Bogo (Cebu),Cebu
2025-10-20 17:02:00,11.1,124.01,8,2.3,007km N 26° E of City Of Bogo (Cebu),Cebu
2025-10-20 17:00:00,10.99,123.91,8,2.5,010km S 48° W of City Of Bogo (Cebu),Cebu
2025-10-20 16:08:00,11.17,124.05,32,2.0,015km N 29° E of City Of Bogo (Cebu),Cebu
2025-10-20 16:06:00,11.19,124.05,4,2.4,017km N 27° E of City Of Bogo (Cebu),Cebu
2025-10-20 16:00:00,7.2,127.36,20,3.3,090km S 90° E of Manay (Davao Oriental),Davao Oriental
2025-10-20 15:49:00,9.71,126.19,31,2.0,009km S 22° E of General Luna (Surigao Del Norte),Surigao Del Norte
2025-10-20 15:31:00,9.66,126.19,34,1.7,014km S 16° E of General Luna (Surigao Del Norte),Surigao Del Norte
2025-10-20 15:03:00,8.84,126.49,26,2.7,022km S 68° E of Cagwait (Surigao Del Sur),Surigao Del Sur
2025-10-20 14:52:00,11.19,123.95,27,1.5,016km N 10° W of City Of Bogo (Cebu),Cebu
2025-10-20 14:18:00,9.16,126.22,21,1.8,028km N 18° W of Cagwait (Surigao Del Sur),Surigao Del Sur
2025-10-20 14:02:00,7.05,126.97,20,2.7,051km S 69° E of Manay (Davao Oriental),Davao Oriental
2025-10-20 13:54:00,11.29,123.94,31,3.5,028km N 10° W of City Of Bogo (Cebu),Cebu
2025-10-20 13:50:00,9.69,126.11,33,2.4,012km S 28° W of General Luna (Surigao Del Norte),Surigao Del Norte
2025-10-20 13:43:00,11.21,124.18,4,2.3,028km N 51° E of City Of Bogo (Cebu),Cebu
2025-10-20 13:34:00,7.57,126.78,27,2.2,024km S 90° E of Baganga (Davao Oriental),Davao Oriental
2025-10-20 13:00:00,11.05,124.15,34,2.0,019km N 89° E of City Of Bogo (Cebu),Cebu
2025-10-20 12:27:00,8.37,127.28,9,3.2,102km N 69° E of Lingig (Surigao Del Sur),Surigao Del Sur
2025-10-20 12:20:00,9.59,126.25,33,2.1,024km S 24° E of General Luna (Surigao Del Norte),Surigao Del Norte
2025-10-20 11:39:00,11.17,124.18,8,2.1,025km N 58° E of City Of Bogo (Cebu),Cebu
2025-10-20 11:26:00,10.96,123.86,8,2.9,016km S 53° W of City Of Bogo (Cebu),Cebu
2025-10-20 11:26:00,7.17,126.43,31,2.3,013km S 71° W of Manay (Davao Oriental),Davao Oriental
2025-10-20 11:25:00,7.35,126.76,29,1.5,029km N 58° E of Manay (Davao Oriental),Davao Oriental
2025-10-20 10:53:00,10.98,123.98,6,2.9,008km S 02° E of City Of Bogo (Cebu),Cebu
2025-10-20 10:47:00,8.84,126.2,26,2.2,015km S 52° W of Cagwait (Surigao Del Sur),Surigao Del Sur
2025-10-20 10:46:00,12.35,124.73,11,1.9,012km N 63° E of Lope De Vega (Northern Samar),Northern Samar
2025-10-20 10:43:00,18.04,119.67,22,4.6,086km N 88° W of Currimao (Ilocos Norte),Ilocos Norte
2025-10-20 10:37:00,9.8,126.11,21,1.6,005km N 75° W of General Luna (Surigao Del Norte),Surigao Del Norte
2025-10-20 10:13:00,6.29,125.81,86,2.6,017km N 51° E of Don Marcelino (Davao Occidental),Davao Occidental
2025-10-20 10:07:00,11.2,124.28,29,2.4,012km S 87° W of Villaba (Leyte),Leyte
2025-10-20 09:59:00,7.21,126.62,12,2.4,009km S 89° E of Manay (Davao Oriental),Davao Oriental
2025-10-20 09:38:00,2.04,126.88,111,4.4,407km S 23° E of Balut Island (Municipality Of Sarangani) (Davao Occidental),Davao Occidental
2025-10-20 09:30:00,11.06,123.93,1,2.6,005km N 70° W of City Of Bogo (Cebu),Cebu
2025-10-20 09:25:00,6.43,126.78,177,2.8,078km S 28° E of Tarragona (Davao Oriental),Davao Oriental
2025-10-20 09:09:00,10.09,122.47,33,2.2,022km N 53° W of Cauayan (Negros Occidental),Negros Occidental
2025-10-20 09:04:00,9.68,126.15,32,2.5,012km S 05° W of General Luna (Surigao Del Norte),Surigao Del Norte
2025-10-20 08:53:00,11.12,124.01,21,2.5,009km N 23° E of City Of Bogo (Cebu),Cebu
2025-10-20 08:53:00,6.83,127.25,3,3.0,089km S 62° E of Manay (Davao Oriental),Davao Oriental
2025-10-20 08:21:00,9.66,126.2,32,1.8,014km S 21° E of General Luna (Surigao Del Norte),Surigao Del Norte
2025-10-20 08:15:00,6.96,126.72,25,2.6,034km S 36° E of Manay (Davao Oriental),Davao Oriental
2025-10-20 08:12:00,11.1,124.05,21,1.6,010km N 54° E of City Of Bogo (Cebu),Cebu
2025-10-20 08:11:00,11.19,124.3,3,2.6,010km S 77° W of Villaba (Leyte),Leyte
2025-10-20 07:05:00,8.86,126.38,25,2.3,010km S 54° E of Cagwait (Surigao Del Sur),Surigao Del Sur
2025-10-20 07:01:00,9.71,126.2,29,3.0,009km S 31° E of General Luna (Surigao Del Norte),Surigao Del Norte
2025-10-20 06:57:00,10.95,123.92,2,2.6,013km S 32° W of City Of Bogo (Cebu),Cebu
2025-10-20 06:41:00,11.12,124.07,33,2.0,013km N 51° E of City Of Bogo (Cebu),Cebu
2025-10-20 06:35:00,8.85,126.48,28,2.2,021km S 70° E of Cagwait (Surigao Del Sur),Surigao Del Sur
2025-10-20 06:25:00,10.98,123.93,8,2.0,009km S 33° W of City Of Bogo (Cebu),Cebu
2025-10-20 06:17:00,15.28,119.79,1,2.8,021km S 76° W of Iba (Zambales),Zambales
2025-10-20 06:08:00,8.82,126.4,32,1.7,016km S 45° E of Cagwait (Surigao Del Sur),Surigao Del Sur
2025-10-20 05:47:00,11.23,124.14,29,2.4,027km N 40° E of City Of Bogo (Cebu),Cebu
2025-10-20 05:47:00,8.82,126.46,27,1.9,020km S 59° E of Cagwait (Surigao Del Sur),Surigao Del Sur
2025-10-20 05:37:00,11.15,124.01,32,2.4,012km N 17° E of City Of Bogo (Cebu),Cebu
2025-10-20 05:27:00,7.34,126.62,32,1.9,017km N 32° E of Manay (Davao Oriental),Davao Oriental
2025-10-20 05:20:00,11.0,123.9,30,1.8,010km S 61° W of City Of Bogo (Cebu),Cebu
2025-10-20 05:15:00,7.39,126.59,33,2.0,021km N 15° E of Manay (Davao Oriental),Davao Oriental
2025-10-20 05:11:00,8.82,126.44,27,2.2,019km S 56° E of Cagwait (Surigao Del Sur),Surigao Del Sur
2025-10-20 05:09:00,8.82,126.41,25,2.1,016km S 47° E of Cagwait (Surigao Del Sur),Surigao Del Sur
2025-10-20 05:07:00,9.64,126.25,33,1.6,018km S 32° E of General Luna (Surigao Del Norte),Surigao Del Norte
2025-10-20 05:04:00,11.15,124.04,27,3.5,013km N 33° E of City Of Bogo (Cebu),Cebu
2025-10-20 05:01:00,10.86,123.86,11,2.0,025km S 31° W of City Of Bogo (Cebu),Cebu
2025-10-20 05:00:00,12.91,119.78,33,2.5,088km N 11° W of Busuanga (Palawan),Palawan
2025-10-20 04:52:00,7.21,126.83,25,3.9,032km S 89° E of Manay (Davao Oriental),Davao Oriental
2025-10-20 04:51:00,11.11,124.1,29,2.3,015km N 59° E of City Of Bogo (Cebu),Cebu
2025-10-20 04:42:00,11.07,124.14,5,2.0,018km N 82° E of City Of Bogo (Cebu),Cebu
2025-10-20 04:38:00,11.1,124.05,33,2.3,010km N 52° E of City Of Bogo (Cebu),Cebu
2025-10-20 04:33:00,11.07,124.07,33,1.9,011km N 77° E of City Of Bogo (Cebu),Cebu
2025-10-20 04:29:00,18.57,120.7,2,2.4,008km N 64° W of Bangui (Ilocos Norte),Ilocos Norte
2025-10-20 04:26:00,8.93,126.44,25,2.0,015km N 85° E of Cagwait (Surigao Del Sur),Surigao Del Sur
2025-10-20 04:24:00,8.76,126.35,23,2.1,007km S 58° E of Marihatag (Surigao Del Sur),Surigao Del Sur
2025-10-20 04:19:00,9.61,126.18,33,2.2,019km S 09° E of General Luna (Surigao Del Norte),Surigao Del Norte
2025-10-20 04:09:00,11.16,124.11,27,2.0,019km N 50° E of City Of Bogo (Cebu),Cebu
2025-10-20 04:08:00,10.52,124.27,2,2.2,018km S 41° W of San Francisco (Cebu),Cebu
2025-10-20 03:59:00,8.8,126.4,25,1.7,017km S 39° E of Cagwait (Surigao Del Sur),Surigao Del Sur
2025-10-20 03:57:00,8.8,126.47,27,1.9,023km S 56° E of Cagwait (Surigao Del Sur),Surigao Del Sur
2025-10-20 03:47:00,8.83,126.46,28,1.8,020km S 60° E of Cagwait (Surigao Del Sur),Surigao Del Sur
2025-10-20 03:42:00,9.6,126.24,32,1.7,023km S 23° E of General Luna (Surigao Del Norte),Surigao Del Norte
2025-10-20 03:36:00,9.65,126.16,32,1.8,014km S 01° E of General Luna (Surigao Del Norte),Surigao Del Norte
2025-10-20 03:31:00,6.48,125.95,39,3.6,023km S 36° W of Governor Generoso (Davao Oriental),Davao Oriental
2025-10-20 03:11:00,5.71,126.45,29,2.8,092km S 76° E of Jose Abad Santos (Davao Occidental),Davao Occidental
2025-10-20 03:11:00,8.89,126.51,34,1.6,023km S 82° E of Cagwait (Surigao Del Sur),Surigao Del Sur
2025-10-20 03:08:00,11.01,123.89,32,2.1,011km S 70° W of City Of Bogo (Cebu),Cebu
2025-10-20 03:08:00,6.12,127.01,8,2.4,131km S 23° E of Manay (Davao Oriental),Davao Oriental
2025-10-20 03:06:00,9.67,126.2,33,1.8,014km S 23° E of General Luna (Surigao Del Norte),Surigao Del Norte
2025-10-20 03:03:00,11.04,124.0,32,1.9,002km S 64° E of City Of Bogo (Cebu),Cebu
2025-10-20 03:01:00,11.09,124.09,34,1.7,014km N 67° E of City Of Bogo (Cebu),Cebu
2025-10-20 02:55:00,6.99,127.52,39,3.0,111km S 78° E of Manay (Davao Oriental),Davao Oriental
2025-10-20 02:48:00,6.55,126.97,163,2.9,088km S 33° E of Manay (Davao Oriental),Davao Oriental
2025-10-20 02:45:00,9.72,126.26,29,2.8,013km S 57° E of General Luna (Surigao Del Norte),Surigao Del Norte
2025-10-20 02:43:00,5.24,125.27,32,2.0,025km S 42° W of Balut Island (Municipality Of Sarangani) (Davao Occidental),Davao Occidental
2025-10-20 02:41:00,9.0,126.48,31,2.6,022km N 64° E of Cagwait (Surigao Del Sur),Surigao Del Sur
2025-10-20 02:31:00,8.86,126.4,31,2.1,012km S 57° E of Cagwait (Surigao Del Sur),Surigao Del Sur
2025-10-20 01:58:00,7.46,126.61,24,2.1,029km N 17° E of Manay (Davao Oriental),Davao Oriental
2025-10-20 01:46:00,12.42,124.8,34,1.5,012km S 29° E of Mondragon (Northern Samar),Northern Samar
2025-10-20 01:37:00,13.97,124.06,29,2.2,008km S 76° W of Caramoran (Catanduanes),Catanduanes
2025-10-20 01:37:00,13.1,125.26,33,2.5,064km N 14° E of Palapag (Northern Samar),Northern Samar
2025-10-20 01:36:00,8.8,126.34,7,1.6,014km S 19° E of Cagwait (Surigao Del Sur),Surigao Del Sur
2025-10-20 01:34:00,8.92,126.4,23,3.4,011km East of Cagwait (Surigao Del Sur),Surigao Del Sur
2025-10-20 01:30:00,7.36,126.78,18,2.9,031km N 57° E of Manay (Davao Oriental),Davao Oriental
2025-10-20 01:23:00,8.85,126.51,33,1.9,025km S 72° E of Cagwait (Surigao Del Sur),Surigao Del Sur
2025-10-20 01:12:00,6.49,126.47,29,2.7,048km S 68° E of Governor Generoso (Davao Oriental),Davao Oriental
2025-10-20 01:07:00,7.74,126.96,25,2.4,048km N 68° E of Baganga (Davao Oriental),Davao Oriental
2025-10-20 01:03:00,8.92,126.13,33,2.2,019km S 89° W of Cagwait (Surigao Del Sur),Surigao Del Sur
2025-10-20 01:00:00,7.11,126.78,20,3.1,028km S 67° E of Manay (Davao Oriental),Davao Oriental
2025-10-20 00:55:00,11.19,124.09,19,1.8,020km N 36° E of City Of Bogo (Cebu),Cebu
2025-10-20 00:55:00,8.83,126.48,27,2.0,022km S 63° E of Cagwait (Surigao Del Sur),Surigao Del Sur
2025-10-20 00:52:00,7.16,126.76,35,2.8,025km S 76° E of Manay (Davao Oriental),Davao Oriental
2025-10-20 00:49:00,7.42,126.65,29,1.7,026km N 28° E of Manay (Davao Oriental),Davao Oriental
2025-10-20 00:43:00,11.23,123.78,7,2.1,030km N 48° W of City Of Bogo (Cebu),Cebu
2025-10-20 00:42:00,7.34,126.76,18,2.4,028km N 60° E of Manay (Davao Oriental),Davao Oriental
2025-10-20 00:41:00,8.78,126.47,28,1.9,023km S 51° E of Cagwait (Surigao Del Sur),Surigao Del Sur
2025-10-20 00:25:00,8.86,126.52,33,2.0,025km S 76° E of Cagwait (Surigao Del Sur),Surigao Del Sur
2025-10-20 00:14:00,8.83,126.43,27,2.0,018km S 56° E of Cagwait (Surigao Del Sur),Surigao Del Sur
2025-10-20 00:08:00,8.78,126.41,28,2.9,019km S 38° E of Cagwait (Surigao Del Sur),Surigao Del Sur
2025-10-20 00:01:00,10.98,123.97,18,2.1,007km S 07° W of City Of Bogo (Cebu),Cebu
2025-10-19 23:59:00,11.2,124.13,35,1.8,024km N 42° E of City Of Bogo (Cebu),Cebu
2025-10-19 23:57:00,11.15,123.97,15,2.0,012km N 04° W of City Of Bogo (Cebu),Cebu
2025-10-19 23:54:00,8.84,126.46,32,1.6,019km S 63° E of Cagwait (Surigao Del Sur),Surigao Del Sur
2025-10-19 23:52:00,11.27,124.03,8,2.1,025km N 14° E of City Of Bogo (Cebu),Cebu
2025-10-19 23:50:00,11.19,124.05,31,2.0,018km N 27° E of City Of Bogo (Cebu),Cebu
2025-10-19 23:47:00,8.88,126.4,27,2.0,011km S 71° E of Cagwait (Surigao Del Sur),Surigao Del Sur
2025-10-19 23:42:00,8.89,126.4,28,1.8,012km S 72° E of Cagwait (Surigao Del Sur),Surigao Del Sur
2025-10-19 23:34:00,9.75,126.32,27,2.8,018km S 78° E of General Luna (Surigao Del Norte),Surigao Del Norte
2025-10-19 23:26:00,7.86,123.16,22,1.8,008km N 56° W of Tigbao (Zamboanga Del Sur),Zamboanga Del Sur
2025-10-19 23:26:00,8.78,126.42,24,2.4,020km S 42° E of Cagwait (Surigao Del Sur),Surigao Del Sur
2025-10-19 23:25:00,8.2,125.93,33,2.2,008km N 76° W of Bunawan (Agusan Del Sur),Agusan Del Sur
2025-10-19 23:23:00,6.98,127.17,9,3.4,074km S 70° E of Manay (Davao Oriental),Davao Oriental
2025-10-19 23:12:00,8.82,126.43,33,2.0,018km S 54° E of Cagwait (Surigao Del Sur),Surigao Del Sur
2025-10-19 23:08:00,9.66,126.22,32,1.8,016km S 27° E of General Luna (Surigao Del Norte),Surigao Del Norte
2025-10-19 23:05:00,8.85,126.42,31,3.9,014km S 61° E of Cagwait (Surigao Del Sur),Surigao Del Sur
2025-10-19 23:04:00,12.23,120.89,28,1.8,024km S 55° W of San Jose (Occidental Mindoro),Occidental Mindoro
2025-10-19 22:56:00,11.1,124.0,20,2.4,006km N 20° E of City Of Bogo (Cebu),Cebu
2025-10-19 22:45:00,9.33,126.16,33,2.5,007km N 32° W of Cortes (Surigao Del Sur),Surigao Del Sur
2025-10-19 22:43:00,11.17,124.01,5,2.0,014km N 12° E of City Of Bogo (Cebu),Cebu
2025-10-19 22:27:00,9.65,126.21,33,1.6,015km S 21° E of General Luna (Surigao Del Norte),Surigao Del Norte
2025-10-19 22:22:00,11.2,123.97,17,1.9,017km N 04° W of City Of Bogo (Cebu),Cebu
2025-10-19 22:14:00,11.03,124.13,7,2.1,016km S 85° E of City Of Bogo (Cebu),Cebu
2025-10-19 22:12:00,11.11,123.98,21,1.9,007km N 01° E of City Of Bogo (Cebu),Cebu
2025-10-19 21:47:00,7.17,126.82,13,4.1,031km S 81° E of Manay (Davao Oriental),Davao Oriental
2025-10-19 21:35:00,18.45,120.74,7,3.3,012km S 57° E of Burgos (Ilocos Norte),Ilocos Norte
2025-10-19 21:33:00,18.54,120.7,10,3.8,006km N 62° E of Burgos (Ilocos Norte),Ilocos Norte
2025-10-19 21:23:00,10.74,124.17,13,2.4,017km N 82° E of Catmon (Cebu),Cebu
2025-10-19 21:17:00,7.17,126.58,27,2.4,006km S 49° E of Manay (Davao Oriental),Davao Oriental
2025-10-19 21:17:00,11.05,123.94,27,1.8,004km N 79° W of City Of Bogo (Cebu),Cebu
2025-10-19 21:12:00,8.92,126.25,47,2.0,006km N 84° W of Cagwait (Surigao Del Sur),Surigao Del Sur
2025-10-19 21:10:00,10.88,123.9,4,2.9,020km S 24° W of City Of Bogo (Cebu),Cebu
2025-10-19 20:54:00,9.63,126.23,23,2.9,018km S 27° E of General Luna (Surigao Del Norte),Surigao Del Norte
2025-10-19 20:48:00,11.23,124.2,33,2.4,032km N 49° E of City Of Bogo (Cebu),Cebu
2025-10-19 20:45:00,9.57,126.22,35,1.5,024km S 16° E of General Luna (Surigao Del Norte),Surigao Del Norte
2025-10-19 20:30:00,10.84,123.83,7,3.5,028km S 35° W of City Of Bogo (Cebu),Cebu
2025-10-19 20:24:00,12.2,125.41,13,2.6,008km S 30° E of Arteche (Eastern Samar),Eastern Samar
2025-10-19 19:50:00,9.61,126.25,33,2.0,022km S 29° E of General Luna (Surigao Del Norte),Surigao Del Norte
2025-10-19 19:50:00,11.07,124.1,33,1.4,014km N 77° E of City Of Bogo (Cebu),Cebu
2025-10-19 19:49:00,11.24,124.01,24,1.6,022km N 08° E of City Of Bogo (Cebu),Cebu
2025-10-19 19:42:00,10.95,123.94,20,2.3,012km S 21° W of City Of Bogo (Cebu),Cebu
2025-10-19 19:20:00,8.85,126.23,31,1.8,011km S 46° W of Cagwait (Surigao Del Sur),Surigao Del Sur
2025-10-19 19:17:00,7.03,127.0,32,2.7,055km S 68° E of Manay (Davao Oriental),Davao Oriental
2025-10-19 19:13:00,10.97,123.91,10,2.9,012km S 44° W of City Of Bogo (Cebu),Cebu
2025-10-19 19:08:00,15.46,121.38,26,2.0,005km N 80° E of Gabaldon (Nueva Ecija),Nueva Ecija
2025-10-19 19:06:00,10.91,123.92,3,3.8,016km S 22° W of City Of Bogo (Cebu),Cebu
2025-10-19 18:54:00,9.67,126.22,31,2.2,015km S 30° E of General Luna (Surigao Del Norte),Surigao Del Norte
2025-10-19 18:46:00,8.83,126.46,26,2.4,020km S 60° E of Cagwait (Surigao Del Sur),Surigao Del Sur
2025-10-19 18:21:00,9.62,126.25,34,1.7,020km S 30° E of General Luna (Surigao Del Norte),Surigao Del Norte
2025-10-19 18:19:00,11.02,124.15,29,2.2,019km S 81° E of City Of Bogo (Cebu),Cebu
2025-10-19 18:17:00,6.33,124.73,9,3.9,005km S 18° W of Surallah (South Cotabato),South Cotabato
2025-10-19 18:13:00,18.34,120.68,4,2.4,019km S 12° E of Burgos (Ilocos Norte),Ilocos Norte
2025-10-19 18:05:00,11.65,125.5,38,1.7,009km N 59° E of City Of Borongan (Eastern Samar),Eastern Samar
2025-10-19 18:03:00,13.54,120.57,32,1.8,018km N 40° E of Paluan (Occidental Mindoro),Occidental Mindoro
2025-10-19 17:59:00,7.3,125.97,25,2.1,013km S 88° E of Mabini (Davao De Oro),Davao De Oro
2025-10-19 17:58:00,8.79,126.41,27,2.0,019km S 41° E of Cagwait (Surigao Del Sur),Surigao Del Sur
2025-10-19 17:54:00,9.73,126.35,29,2.4,023km S 74° E of General Luna (Surigao Del Norte),Surigao Del Norte
2025-10-19 17:46:00,8.3,125.88,32,1.9,009km N 76° E of La Paz (Agusan Del Sur),Agusan Del Sur
2025-10-19 17:44:00,7.55,126.39,50,2.1,019km S 83° W of Baganga (Davao Oriental),Davao Oriental
2025-10-19 17:33:00,9.65,126.21,31,2.4,015km S 23° E of General Luna (Surigao Del Norte),Surigao Del Norte
2025-10-19 17:32:00,10.65,122.17,3,2.9,007km N 78° W of Miagao (Iloilo),Iloilo
2025-10-19 17:26:00,9.63,126.17,13,2.9,018km S 54° W of General Luna (Surigao Del Norte),Surigao Del Norte
2025-10-19 17:19:00,18.73,120.48,10,3.8,030km N 37° W of Burgos (Ilocos Norte),Ilocos Norte
2025-10-19 17:19:00,12.88,124.71,13,2.5,040km N 07° W of Mondragon (Northern Samar),Northern Samar
2025-10-19 17:14:00,9.63,126.23,32,1.7,019km S 26° E of General Luna (Surigao Del Norte),Surigao Del Norte
2025-10-19 17:07:00,11.06,124.04,9,3.2,007km N 75° E of City Of Bogo (Cebu),Cebu
2025-10-19 16:52:00,9.68,126.25,29,2.2,015km S 41° E of General Luna (Surigao Del Norte),Surigao Del Norte
2025-10-19 16:42:00,10.79,124.01,33,1.8,028km S 08° E of City Of Bogo (Cebu),Cebu
2025-10-19 16:20:00,7.24,126.69,23,2.7,017km N 78° E of Manay (Davao Oriental),Davao Oriental
2025-10-19 15:57:00,8.32,125.92,12,3.9,018km N 28° W of Bunawan (Agusan Del Sur),Agusan Del Sur
2025-10-19 15:28:00,6.48,126.86,175,4.3,077km S 36° E of Tarragona (Davao Oriental),Davao Oriental
2025-10-19 15:27:00,8.98,126.46,27,1.9,019km N 69° E of Cagwait (Surigao Del Sur),Surigao Del Sur
2025-10-19 15:19:00,8.92,126.25,1,3.3,006km West of Cagwait (Surigao Del Sur),Surigao Del Sur
2025-10-19 15:18:00,7.23,125.92,9,1.5,012km S 40° E of Mabini (Davao De Oro),Davao De Oro
2025-10-19 15:17:00,9.63,126.17,33,1.9,017km S 05° E of General Luna (Surigao Del Norte),Surigao Del Norte
2025-10-19 15:15:00,12.18,125.36,3,3.0,016km S 89° W of San Policarpo (Eastern Samar),Eastern Samar
2025-10-19 15:14:00,7.98,126.97,2,2.4,061km N 70° E of Cateel (Davao Oriental),Davao Oriental
2025-10-19 15:12:00,8.82,126.37,27,1.6,014km S 34° E of Cagwait (Surigao Del Sur),Surigao Del Sur
2025-10-19 15:01:00,11.12,124.01,28,1.9,009km N 23° E of City Of Bogo (Cebu),Cebu
2025-10-19 14:33:00,13.6,120.67,97,1.2,018km N 20° W of Abra De Ilog (Occidental Mindoro),Occidental Mindoro
2025-10-19 14:30:00,9.9,124.03,2,2.2,006km N 25° E of Catigbian (Bohol),Bohol
2025-10-19 14:24:00,9.86,126.05,22,1.5,015km N 53° W of General Luna (Surigao Del Norte),Surigao Del Norte
2025-10-19 14:12:00,11.14,124.16,9,2.7,022km N 63° E of City Of Bogo (Cebu),Cebu
2025-10-19 13:30:00,8.83,126.36,26,1.8,011km S 34° E of Cagwait (Surigao Del Sur),Surigao Del Sur
2025-10-19 13:24:00,12.28,125.58,13,4.3,013km N 37° E of San Policarpo (Eastern Samar),Eastern Samar
2025-10-19 13:16:00,9.68,126.12,30,1.9,012km S 19° W of General Luna (Surigao Del Norte),Surigao Del Norte
2025-10-19 12:58:00,11.14,124.12,8,2.0,019km N 55° E of City Of Bogo (Cebu),Cebu
2025-10-19 12:31:00,9.65,126.24,33,1.6,017km S 30° E of General Luna (Surigao Del Norte),Surigao Del Norte
2025-10-19 12:12:00,9.63,126.21,29,2.3,018km S 19° E of General Luna (Surigao Del Norte),Surigao Del Norte
2025-10-19 11:49:00,9.62,126.22,31,2.2,019km S 22° E of General Luna (Surigao Del Norte),Surigao Del Norte
2025-10-19 11:11:00,11.09,124.15,33,2.2,019km N 76° E of City Of Bogo (Cebu),Cebu
2025-10-19 10:54:00,10.92,123.97,2,2.6,014km S 03° W of City Of Bogo (Cebu),Cebu
2025-10-19 10:40:00,9.65,126.16,33,1.4,015km S 01° W of General Luna (Surigao Del Norte),Surigao Del Norte
2025-10-19 10:25:00,11.03,124.08,34,2.0,012km S 80° E of City Of Bogo (Cebu),Cebu
2025-10-19 10:04:00,11.11,124.18,4,1.7,023km N 73° E of City Of Bogo (Cebu),Cebu
2025-10-19 10:02:00,7.05,126.93,16,2.8,047km S 67° E of Manay (Davao Oriental),Davao Oriental
2025-10-19 09:54:00,7.0,126.98,3,3.9,037km S 57° E of Manay (Davao Oriental),Davao Oriental
2025-10-19 09:44:00,6.94,127.21,19,3.6,080km S 68° E of Manay (Davao Oriental),Davao Oriental
2025-10-19 09:40:00,7.39,123.54,32,1.6,017km S 63° E of Tabina (Zamboanga Del Sur),Zamboanga Del Sur
2025-10-19 09:34:00,6.95,127.36,20,5.2,095km S 72° E of Manay (Davao Oriental),Davao Oriental
2025-10-19 09:23:00,11.05,124.1,9,1.8,014km S 90° E of City Of Bogo (Cebu),Cebu
2025-10-19 09:03:00,10.9,123.94,7,1.8,016km S 15° W of City Of Bogo (Cebu),Cebu
2025-10-19 08:29:00,10.91,123.98,16,2.8,015km S 01° E of City Of Bogo (Cebu),Cebu
2025-10-19 08:09:00,9.67,126.23,27,2.9,015km S 31° E of General Luna (Surigao Del Norte),Surigao Del Norte
2025-10-19 07:54:00,11.1,124.05,5,2.9,009km N 50° E of City Of Bogo (Cebu),Cebu
2025-10-19 07:54:00,14.93,121.48,8,2.1,025km N 39° W of General Nakar (Quezon),Quezon
2025-10-19 07:53:00,8.82,126.37,31,2.0,013km S 34° E of Cagwait (Surigao Del Sur),Surigao Del Sur
2025-10-19 07:26:00,11.07,124.04,33,2.3,007km N 70° E of City Of Bogo (Cebu),Cebu
2025-10-19 07:21:00,10.93,123.9,8,2.6,016km S 33° W of City Of Bogo (Cebu),Cebu
2025-10-19 07:09:00,11.17,124.2,9,2.8,027km N 61° E of City Of Bogo (Cebu),Cebu
2025-10-19 06:59:00,14.8,119.93,35,2.2,024km S 46° W of San Antonio (Zambales),Zambales
2025-10-19 06:57:00,13.59,120.64,99,2.3,019km N 30° W of Abra De Ilog (Occidental Mindoro),Occidental Mindoro
2025-10-19 06:38:00,7.06,126.74,27,2.2,028km S 52° E of Manay (Davao Oriental),Davao Oriental
2025-10-19 06:27:00,11.03,124.01,1,4.0,004km S 56° E of City Of Bogo (Cebu),Cebu
2025-10-19 06:21:00,8.79,126.44,30,2.1,021km S 47° E of Cagwait (Surigao Del Sur),Surigao Del Sur
2025-10-19 06:12:00,6.9,126.18,48,3.2,007km S 31° W of City Of Mati (Davao Oriental),Davao Oriental
2025-10-19 06:11:00,14.28,120.4,116,1.6,020km S 30° W of Mariveles (Bataan),Bataan
2025-10-19 06:03:00,15.98,119.56,16,2.6,029km S 60° W of Agno (Pangasinan),Pangasinan
2025-10-19 05:55:00,11.16,124.0,24,2.3,013km N 11° E of City Of Bogo (Cebu),Cebu
2025-10-19 05:48:00,9.6,126.26,32,3.3,023km S 29° E of General Luna (Surigao Del Norte),Surigao Del Norte
2025-10-19 05:32:00,9.62,126.21,32,1.9,019km S 17° E of General Luna (Surigao Del Norte),Surigao Del Norte
2025-10-19 05:28:00,7.0,125.81,22,2.5,014km S 53° E of Island Garden City Of Samal (Davao Del Norte),Davao Del Norte
2025-10-19 05:14:00,11.16,124.16,5,3.1,023km N 57° E of City Of Bogo (Cebu),Cebu
2025-10-19 05:03:00,9.94,124.15,3,2.2,007km N 62° E of Sagbayan (Bohol),Bohol
2025-10-19 04:56:00,9.64,126.22,33,1.2,018km S 25° E of General Luna (Surigao Del Norte),Surigao Del Norte
2025-10-19 04:47:00,9.81,126.13,30,2.4,004km N 44° W of General Luna (Surigao Del Norte),Surigao Del Norte
2025-10-19 04:39:00,10.9,123.96,13,2.3,016km S 08° W of City Of Bogo (Cebu),Cebu
2025-10-19 04:38:00,7.46,127.1,17,2.3,068km N 66° E of Manay (Davao Oriental),Davao Oriental
2025-10-19 04:05:00,7.3,127.0,3,2.8,051km N 79° E of Manay (Davao Oriental),Davao Oriental
2025-10-19 04:02:00,9.57,126.19,28,2.9,024km S 10° E of General Luna (Surigao Del Norte),Surigao Del Norte
2025-10-19 03:52:00,9.65,126.14,20,3.1,015km S 06° W of General Luna (Surigao Del Norte),Surigao Del Norte
2025-10-19 03:48:00,8.89,126.47,34,2.2,019km S 79° E of Cagwait (Surigao Del Sur),Surigao Del Sur
2025-10-19 03:20:00,18.67,120.66,2,3.0,018km N 04° E of Burgos (Ilocos Norte),Ilocos Norte
2025-10-19 03:15:00,9.6,126.16,33,2.0,020km S 02° E of General Luna (Surigao Del Norte),Surigao Del Norte
2025-10-19 03:02:00,6.53,126.88,24,2.5,084km S 26° E of Manay (Davao Oriental),Davao Oriental
2025-10-19 03:00:00,8.79,126.47,25,2.6,023km S 53° E of Cagwait (Surigao Del Sur),Surigao Del Sur
2025-10-19 02:35:00,7.46,126.62,28,4.2,029km N 18° E of Manay (Davao Oriental),Davao Oriental
2025-10-19 02:30:00,8.97,126.23,48,2.3,009km N 51° W of Cagwait (Surigao Del Sur),Surigao Del Sur
2025-10-19 02:24:00,7.2,126.78,20,3.0,027km S 87° E of Manay (Davao Oriental),Davao Oriental
2025-10-19 02:20:00,15.41,121.86,28,1.9,050km S 40° E of Baler (Aurora),Aurora
2025-10-19 02:15:00,7.23,126.97,23,2.5,047km N 87° E of Manay (Davao Oriental),Davao Oriental
2025-10-19 02:06:00,11.17,123.98,32,1.7,013km N 01° E of City Of Bogo (Cebu),Cebu
2025-10-19 01:55:00,8.77,126.53,30,2.0,030km S 57° E of Cagwait (Surigao Del Sur),Surigao Del Sur
2025-10-19 01:49:00,7.3,126.66,12,3.2,016km N 54° E of Manay (Davao Oriental),Davao Oriental
2025-10-19 01:34:00,8.89,126.5,34,2.1,022km S 80° E of Cagwait (Surigao Del Sur),Surigao Del Sur
2025-10-19 01:29:00,8.78,126.53,30,1.8,030km S 58° E of Cagwait (Surigao Del Sur),Surigao Del Sur
2025-10-19 01:26:00,7.05,125.64,24,3.0,009km S 67° W of Island Garden City Of Samal (Davao Del Norte),Davao Del Norte
2025-10-19 01:20:00,8.86,126.39,29,1.4,012km S 58° E of Cagwait (Surigao Del Sur),Surigao Del Sur
2025-10-19 01:19:00,8.82,126.44,29,1.4,018km S 54° E of Cagwait (Surigao Del Sur),Surigao Del Sur
2025-10-19 01:18:00,8.81,126.44,28,1.9,020km S 51° E of Cagwait (Surigao Del Sur),Surigao Del Sur
2025-10-19 01:17:00,8.88,126.44,31,1.9,016km S 74° E of Cagwait (Surigao Del Sur),Surigao Del Sur
2025-10-19 00:52:00,7.34,126.84,8,3.1,037km N 66° E of Manay (Davao Oriental),Davao Oriental
2025-10-19 00:51:00,10.91,123.89,20,3.1,018km S 31° W of City Of Bogo (Cebu),Cebu
2025-10-19 00:48:00,13.54,119.83,30,2.2,047km S 41° W of Lubang (Occidental Mindoro),Occidental Mindoro
2025-10-19 00:48:00,11.15,123.97,13,2.6,011km N 06° W of City Of Bogo (Cebu),Cebu
2025-10-19 00:45:00,8.83,126.41,31,2.7,015km S 50° E of Cagwait (Surigao Del Sur),Surigao Del Sur
2025-10-19 00:19:00,12.99,122.7,6,3.1,034km S 63° W of San Pascual (Masbate),Masbate
2025-10-19 00:15:00,11.32,124.62,8,2.8,004km N 42° W of Capoocan (Leyte),Leyte
2025-10-19 00:14:00,7.15,126.97,15,2.9,048km S 82° E of Manay (Davao Oriental),Davao Oriental
2025-10-19 00:13:00,9.62,126.23,33,1.5,019km S 25° E of General Luna (Surigao Del Norte),Surigao Del Norte
2025-10-19 00:00:00,8.83,126.51,30,2.7,025km S 68° E of Cagwait (Surigao Del Sur),Surigao Del Sur
2025-10-18 23:54:00,13.43,120.1,14,2.3,036km S 26° W of Looc (Occidental Mindoro),Occidental Mindoro
2025-10-18 23:38:00,13.33,119.9,28,2.8,057km S 41° W of Looc (Occidental Mindoro),Occidental Mindoro
2025-10-18 23:30:00,10.98,123.94,6,3.1,009km S 32° W of City Of Bogo (Cebu),Cebu
2025-10-18 23:28:00,9.67,126.14,29,2.1,013km S 09° W of General Luna (Surigao Del Norte),Surigao Del Norte
2025-10-18 23:24:00,11.17,124.12,7,3.0,021km N 50° E of City Of Bogo (Cebu),Cebu
2025-10-18 23:14:00,8.84,126.46,30,1.7,019km S 62° E of Cagwait (Surigao Del Sur),Surigao Del Sur
2025-10-18 23:12:00,7.11,126.93,23,2.2,045km S 75° E of Manay (Davao Oriental),Davao Oriental
2025-10-18 23:11:00,11.15,124.13,8,2.8,020km N 56° E of City Of Bogo (Cebu),Cebu
2025-10-18 23:03:00,11.08,123.99,33,2.0,004km N 16° E of City Of Bogo (Cebu),Cebu
2025-10-18 23:00:00,10.97,124.0,22,2.2,009km S 13° E of City Of Bogo (Cebu),Cebu
2025-10-18 22:55:00,7.32,126.81,23,2.4,032km N 68° E of Manay (Davao Oriental),Davao Oriental
2025-10-18 22:48:00,8.78,126.5,30,2.3,027km S 54° E of Cagwait (Surigao Del Sur),Surigao Del Sur
2025-10-18 22:42:00,8.79,126.44,30,3.0,020km S 47° E of Cagwait (Surigao Del Sur),Surigao Del Sur
2025-10-18 22:38:00,10.97,123.92,16,2.6,011km S 34° W of City Of Bogo (Cebu),Cebu
2025-10-18 22:38:00,9.68,126.15,29,2.3,011km S 05° W of General Luna (Surigao Del Norte),Surigao Del Norte
2025-10-18 22:21:00,10.17,126.18,25,1.8,020km N 33° E of Burgos (Surigao Del Norte),Surigao Del Norte
2025-10-18 22:12:00,9.63,126.16,35,1.9,016km S 02° E of General Luna (Surigao Del Norte),Surigao Del Norte
2025-10-18 22:00:00,7.45,127.04,17,3.1,061km N 65° E of Manay (Davao Oriental),Davao Oriental
2025-10-18 21:57:00,8.78,126.38,39,2.7,017km S 29° E of Cagwait (Surigao Del Sur),Surigao Del Sur
2025-10-18 21:40:00,8.83,126.46,34,1.7,020km S 60° E of Cagwait (Surigao Del Sur),Surigao Del Sur
2025-10-18 21:38:00,8.77,126.47,30,2.2,025km S 48° E of Cagwait (Surigao Del Sur),Surigao Del Sur
2025-10-18 21:32:00,7.31,126.89,24,2.6,040km N 74° E of Manay (Davao Oriental),Davao Oriental
2025-10-18 21:28:00,8.79,126.5,28,1.7,026km S 56° E of Cagwait (Surigao Del Sur),Surigao Del Sur
2025-10-18 21:27:00,8.75,126.16,2,1.7,007km N 86° W of San Agustin (Surigao Del Sur),Surigao Del Sur
2025-10-18 21:26:00,8.21,126.54,64,1.3,024km N 38° E of Lingig (Surigao Del Sur),Surigao Del Sur
2025-10-18 21:23:00,8.76,126.48,32,2.1,026km S 49° E of Cagwait (Surigao Del Sur),Surigao Del Sur
2025-10-18 21:20:00,9.63,126.23,32,2.2,019km S 25° E of General Luna (Surigao Del Norte),Surigao Del Norte
2025-10-18 21:05:00,9.67,126.35,29,3.0,024km S 59° E of General Luna (Surigao Del Norte),Surigao Del Norte
2025-10-18 20:50:00,8.77,126.55,28,3.3,032km S 60° E of Cagwait (Surigao Del Sur),Surigao Del Sur
2025-10-18 20:45:00,8.83,126.43,31,3.5,018km S 56° E of Cagwait (Surigao Del Sur),Surigao Del Sur
2025-10-18 20:31:00,8.84,126.45,34,5.5,019km S 63° E of Cagwait (Surigao Del Sur),Surigao Del Sur
2025-10-18 20:07:00,9.54,126.19,30,2.0,027km S 07° E of General Luna (Surigao Del Norte),Surigao Del Norte
2025-10-18 19:49:00,9.67,126.12,22,2.7,013km S 17° W of General Luna (Surigao Del Norte),Surigao Del Norte
2025-10-18 19:48:00,18.7,120.8,9,2.5,016km N 03° E of Pagudpud (Ilocos Norte),Ilocos Norte
2025-10-18 18:50:00,18.99,120.36,2,4.4,064km N 44° W of Pagudpud (Ilocos Norte),Ilocos Norte
2025-10-18 18:40:00,9.65,126.22,33,2.0,017km S 26° E of General Luna (Surigao Del Norte),Surigao Del Norte
2025-10-18 18:38:00,11.15,123.97,19,2.3,012km N 03° W of City Of Bogo (Cebu),Cebu
2025-10-18 18:32:00,11.14,124.09,19,1.9,015km N 50° E of City Of Bogo (Cebu),Cebu
2025-10-18 18:28:00,7.44,126.83,34,3.8,041km N 52° E of Manay (Davao Oriental),Davao Oriental
2025-10-18 18:25:00,7.41,126.84,24,2.5,040km N 57° E of Manay (Davao Oriental),Davao Oriental
2025-10-18 18:15:00,9.6,126.17,31,2.2,020km S 03° E of General Luna (Surigao Del Norte),Surigao Del Norte
2025-10-18 17:54:00,11.08,124.11,27,2.1,015km N 76° E of City Of Bogo (Cebu),Cebu
2025-10-18 17:38:00,9.66,126.12,32,1.6,014km S 16° W of General Luna (Surigao Del Norte),Surigao Del Norte
2025-10-18 17:33:00,11.12,124.01,17,2.0,009km N 20° E of City Of Bogo (Cebu),Cebu
2025-10-18 16:43:00,9.72,126.36,30,3.2,023km S 72° E of General Luna (Surigao Del Norte),Surigao Del Norte
2025-10-18 16:30:00,13.74,120.57,96,1.6,013km S 34° W of Calatagan (Batangas),Batangas
2025-10-18 16:01:00,6.99,127.54,32,2.6,113km S 78° E of Manay (Davao Oriental),Davao Oriental
2025-10-18 15:19:00,11.24,124.11,11,2.4,025km N 34° E of City Of Bogo (Cebu),Cebu
2025-10-18 15:13:00,10.9,124.03,3,2.6,017km S 19° E of City Of Bogo (Cebu),Cebu
2025-10-18 14:23:00,11.15,124.07,10,2.3,016km N 41° E of City Of Bogo (Cebu),Cebu
2025-10-18 14:12:00,8.99,126.49,22,3.5,022km N 68° E of Cagwait (Surigao Del Sur),Surigao Del Sur
2025-10-18 14:04:00,8.29,126.93,16,2.9,064km N 64° E of Lingig (Surigao Del Sur),Surigao Del Sur
2025-10-18 13:57:00,9.62,126.14,20,3.5,018km S 5° W of General Luna (Surigao Del Norte),Surigao Del Norte
2025-10-18 13:48:00,8.34,126.85,3,3.2,056km S 87° E of Hinatuan (Surigao Del Sur),Surigao Del Sur
2025-10-18 13:34:00,7.31,126.3,1,2.4,029km N 67° W of Manay (Davao Oriental),Davao Oriental
2025-10-18 13:32:00,7.46,126.81,22,2.3,040km N 47° E of Manay (Davao Oriental),Davao Oriental
2025-10-18 13:26:00,6.72,127.65,14,4.6,134km S 66° E of Manay (Davao Oriental),Davao Oriental
2025-10-18 13:17:00,9.67,125.95,35,1.9,026km S 61° W of General Luna (Surigao Del Norte),Surigao Del Norte
2025-10-18 12:59:00,10.93,123.9,8,4.1,015km S 35° W of City Of Bogo (Cebu),Cebu
2025-10-18 12:49:00,8.94,126.51,27,3.0,023km N 85° E of Cagwait (Surigao Del Sur),Surigao Del Sur
2025-10-18 12:31:00,11.15,124.06,19,2.3,015km N 38° E of City Of Bogo (Cebu),Cebu
2025-10-18 12:25:00,10.96,124.0,7,2.4,010km S 12° E of City Of Bogo (Cebu),Cebu
2025-10-18 12:20:00,6.85,127.08,9,3.2,072km S 56° E of Manay (Davao Oriental),Davao Oriental
2025-10-18 11:58:00,18.65,120.61,26,2.1,021km N 63° W of Pagudpud (Ilocos Norte),Ilocos Norte
2025-10-18 11:42:00,6.85,126.78,26,2.5,048km S 34° E of Manay (Davao Oriental),Davao Oriental
2025-10-18 11:22:00,7.38,127.2,21,2.9,075km N 75° E of Manay (Davao Oriental),Davao Oriental
2025-10-18 11:07:00,7.43,126.78,27,3.2,036km N 47° E of Manay (Davao Oriental),Davao Oriental
2025-10-18 11:02:00,11.26,124.09,41,2.6,027km N 26° E of City Of Bogo (Cebu),Cebu
2025-10-18 11:01:00,11.05,124.11,1,2.3,015km N 89° E of City Of Bogo (Cebu),Cebu
2025-10-18 11:01:00,6.33,126.37,32,2.1,049km S 43° E of Governor Generoso (Davao Oriental),Davao Oriental
2025-10-18 10:57:00,9.54,126.17,14,1.9,027km S 04° E of General Luna (Surigao Del Norte),Surigao Del Norte
2025-10-18 10:45:00,9.62,126.26,33,1.5,021km S 32° E of General Luna (Surigao Del Norte),Surigao Del Norte
2025-10-18 10:43:00,17.66,120.43,29,2.8,003km S 16° E of Magsingal (Ilocos Sur),Ilocos Sur
2025-10-18 10:02:00,18.56,120.69,1,2.4,010km N 89° W of Pagudpud (Ilocos Norte),Ilocos Norte
2025-10-18 09:11:00,6.95,126.49,1,2.0,030km S 11° W of Manay (Davao Oriental),Davao Oriental
2025-10-18 09:11:00,9.77,126.16,25,3.1,002km S 08° E of General Luna (Surigao Del Norte),Surigao Del Norte
2025-10-18 09:03:00,6.63,126.4,37,1.9,036km S 87° E of Governor Generoso (Davao Oriental),Davao Oriental
2025-10-18 08:20:00,9.7,126.12,28,2.2,010km S 24° W of General Luna (Surigao Del Norte),Surigao Del Norte
2025-10-18 08:03:00,9.63,126.24,28,2.2,019km S 30° E of General Luna (Surigao Del Norte),Surigao Del Norte
2025-10-18 07:54:00,9.71,126.12,27,3.5,008km S 26° W of General Luna (Surigao Del Norte),Surigao Del Norte
2025-10-18 07:28:00,11.03,124.02,2,2.4,004km S 71° E of City Of Bogo (Cebu),Cebu
2025-10-18 07:08:00,6.9,126.81,11,2.5,045km S 41° E of Manay (Davao Oriental),Davao Oriental
2025-10-18 06:54:00,11.05,124.07,31,1.8,010km N 85° E of City Of Bogo (Cebu),Cebu
2025-10-18 06:38:00,13.73,122.86,2,2.0,008km S 39° W of Lupi (Camarines Sur),Camarines Sur
2025-10-18 06:21:00,9.64,126.1,30,1.7,017km S 21° W of General Luna (Surigao Del Norte),Surigao Del Norte
2025-10-18 06:06:00,7.29,126.61,13,2.5,012km N 45° E of Manay (Davao Oriental),Davao Oriental
2025-10-18 05:43:00,9.65,126.22,31,2.2,017km S 26° E of General Luna (Surigao Del Norte),Surigao Del Norte
2025-10-18 05:41:00,13.74,121.08,32,1.5,003km S 44° E of Batangas City (Batangas),Batangas
2025-10-18 05:35:00,7.2,127.39,30,3.2,094km S 89° E of Manay (Davao Oriental),Davao Oriental
2025-10-18 05:31:00,7.18,126.81,24,3.0,030km S 83° E of Manay (Davao Oriental),Davao Oriental
2025-10-18 05:21:00,11.1,123.97,33,1.3,006km N 07° W of City Of Bogo (Cebu),Cebu
2025-10-18 05:17:00,9.59,126.06,11,3.1,023km S 26° W of General Luna (Surigao Del Norte),Surigao Del Norte
2025-10-18 05:11:00,9.64,126.13,34,2.3,016km S 10° W of General Luna (Surigao Del Norte),Surigao Del Norte
2025-10-18 05:10:00,9.62,126.26,32,2.0,021km S 33° E of General Luna (Surigao Del Norte),Surigao Del Norte
2025-10-18 05:07:00,11.14,123.98,2,1.8,010km N 01° W of City Of Bogo (Cebu),Cebu
2025-10-18 04:56:00,9.68,126.19,33,2.0,012km S 17° E of General Luna (Surigao Del Norte),Surigao Del Norte
2025-10-18 04:35:00,11.01,124.03,33,1.7,006km S 54° E of City Of Bogo (Cebu),Cebu
2025-10-18 04:32:00,11.11,124.08,31,1.7,013km N 56° E of City Of Bogo (Cebu),Cebu
2025-10-18 04:21:00,9.8,126.3,21,1.9,016km N 85° E of General Luna (Surigao Del Norte),Surigao Del Norte
2025-10-18 04:11:00,9.66,126.21,34,1.8,015km S 23° E of General Luna (Surigao Del Norte),Surigao Del Norte
2025-10-18 04:09:00,9.63,126.19,33,1.9,017km S 14° E of General Luna (Surigao Del Norte),Surigao Del Norte
2025-10-18 04:07:00,18.52,120.75,5,1.9,005km S 43° W of Pagudpud (Ilocos Norte),Ilocos Norte
2025-10-18 04:05:00,14.76,121.58,33,1.7,004km N 84° W of General Nakar (Quezon),Quezon
2025-10-18 04:00:00,18.66,120.54,9,3.6,019km N 34° W of Burgos (Ilocos Norte),Ilocos Norte
2025-10-18 03:53:00,9.61,126.28,33,1.5,023km S 35° E of General Luna (Surigao Del Norte),Surigao Del Norte
2025-10-18 03:40:00,11.13,124.06,9,1.9,013km N 44° E of City Of Bogo (Cebu),Cebu
2025-10-18 03:28:00,9.61,126.21,29,1.9,020km S 16° E of General Luna (Surigao Del Norte),Surigao Del Norte
2025-10-18 03:20:00,9.69,126.49,17,2.0,038km S 75° E of General Luna (Surigao Del Norte),Surigao Del Norte
2025-10-18 03:19:00,12.42,120.85,34,1.8,014km S 71° W of Rizal (Occidental Mindoro),Occidental Mindoro
2025-10-18 03:06:00,9.7,126.12,28,2.2,010km S 26° W of General Luna (Surigao Del Norte),Surigao Del Norte
2025-10-18 03:05:00,11.21,124.11,23,2.2,023km N 39° E of City Of Bogo (Cebu),Cebu
2025-10-18 02:59:00,6.92,127.21,2,3.5,080km S 67° E of Manay (Davao Oriental),Davao Oriental
2025-10-18 02:59:00,10.95,123.93,8,2.3,012km S 27° W of City Of Bogo (Cebu),Cebu
2025-10-18 02:52:00,7.0,126.74,17,3.0,033km S 44° E of Manay (Davao Oriental),Davao Oriental
2025-10-18 02:49:00,6.95,126.49,27,2.5,029km S 11° W of Manay (Davao Oriental),Davao Oriental
2025-10-18 02:48:00,7.41,127.4,13,2.1,098km N 77° E of Manay (Davao Oriental),Davao Oriental
2025-10-18 02:46:00,7.07,127.05,19,3.2,058km S 74° E of Manay (Davao Oriental),Davao Oriental
2025-10-18 02:40:00,9.64,126.14,34,1.5,016km S 08° W of General Luna (Surigao Del Norte),Surigao Del Norte
2025-10-18 02:39:00,9.59,126.23,33,1.9,023km S 20° E of General Luna (Surigao Del Norte),Surigao Del Norte
2025-10-18 02:31:00,9.53,126.08,2,1.6,016km S 51° E of Socorro (Surigao Del Norte),Surigao Del Norte
2025-10-18 02:27:00,18.61,120.72,3,2.7,009km N 51° W of Pagudpud (Ilocos Norte),Ilocos Norte
2025-10-18 02:15:00,9.67,126.12,28,1.8,013km S 16° W of General Luna (Surigao Del Norte),Surigao Del Norte
2025-10-18 02:09:00,11.13,124.07,35,1.4,014km N 46° E of City Of Bogo (Cebu),Cebu
2025-10-18 02:08:00,9.62,126.09,29,2.0,019km S 22° W of General Luna (Surigao Del Norte),Surigao Del Norte
2025-10-18 02:06:00,7.66,126.55,9,2.4,050km N 01° E of Manay (Davao Oriental),Davao Oriental
2025-10-18 01:54:00,7.41,126.78,27,2.2,035km N 50° E of Manay (Davao Oriental),Davao Oriental
2025-10-18 01:54:00,9.59,126.22,32,1.7,022km S 17° E of General Luna (Surigao Del Norte),Surigao Del Norte
2025-10-18 01:44:00,7.13,126.6,26,1.9,011km S 36° E of Manay (Davao Oriental),Davao Oriental
2025-10-18 01:42:00,7.64,126.64,26,2.4,048km N 14° E of Manay (Davao Oriental),Davao Oriental
2025-10-18 01:36:00,9.66,126.2,33,1.7,014km S 19° E of General Luna (Surigao Del Norte),Surigao Del Norte
2025-10-18 01:35:00,9.73,126.11,23,2.6,008km S 37° W of General Luna (Surigao Del Norte),Surigao Del Norte
2025-10-18 01:31:00,9.63,126.17,33,1.4,017km S 06° E of General Luna (Surigao Del Norte),Surigao Del Norte
2025-10-18 01:17:00,9.69,126.16,32,2.8,010km S 01° W of General Luna (Surigao Del Norte),Surigao Del Norte
2025-10-18 01:16:00,11.09,124.09,32,1.5,013km N 70° E of City Of Bogo (Cebu),Cebu
2025-10-18 01:14:00,9.58,126.21,31,2.8,023km S 15° E of General Luna (Surigao Del Norte),Surigao Del Norte
2025-10-18 01:10:00,9.56,126.11,23,2.1,025km S 13° W of General Luna (Surigao Del Norte),Surigao Del Norte
2025-10-18 01:09:00,11.11,124.06,20,1.6,011km N 51° E of City Of Bogo (Cebu),Cebu
2025-10-18 01:07:00,7.3,126.54,135,2.4,004km S 40° W of Caraga (Davao Oriental),Davao Oriental
2025-10-18 01:03:00,9.62,126.25,30,1.3,021km S 29° E of General Luna (Surigao Del Norte),Surigao Del Norte
2025-10-18 00:58:00,9.63,126.21,34,1.6,017km S 20° E of General Luna (Surigao Del Norte),Surigao Del Norte
2025-10-18 00:50:00,9.65,126.19,33,2.6,015km S 15° E of General Luna (Surigao Del Norte),Surigao Del Norte
2025-10-18 00:30:00,8.92,126.22,43,1.8,009km N 87° W of Cagwait (Surigao Del Sur),Surigao Del Sur
2025-10-18 00:29:00,19.23,120.46,15,2.3,081km N 13° W of Burgos (Ilocos Norte),Ilocos Norte
2025-10-18 00:25:00,9.76,126.52,9,2.3,040km S 87° E of General Luna (Surigao Del Norte),Surigao Del Norte
2025-10-18 00:20:00,11.15,124.1,24,2.1,017km N 49° E of City Of Bogo (Cebu),Cebu
2025-10-18 00:14:00,18.62,120.64,10,2.9,017km N 67° W of Pagudpud (Ilocos Norte),Ilocos Norte
2025-10-18 00:02:00,9.87,126.19,44,4.1,010km N 18° E of General Luna (Surigao Del Norte),Surigao Del Norte
2025-10-17 23:56:00,9.01,126.12,27,1.7,009km S 34° W of City Of Tandag (Surigao Del Sur),Surigao Del Sur
2025-10-17 23:55:00,9.59,126.27,32,1.6,025km S 30° E of General Luna (Surigao Del Norte),Surigao Del Norte
2025-10-17 23:49:00,9.65,126.16,31,1.8,015km S 01° E of General Luna (Surigao Del Norte),Surigao Del Norte
2025-10-17 23:46:00,9.61,126.33,33,2.2,027km S 44° E of General Luna (Surigao Del Norte),Surigao Del Norte
2025-10-17 23:45:00,18.58,120.64,1,1.9,007km N 02° W of Burgos (Ilocos Norte),Ilocos Norte
2025-10-17 23:42:00,10.97,123.92,14,1.8,011km S 37° W of City Of Bogo (Cebu),Cebu
2025-10-17 23:40:00,7.39,126.91,2,2.6,045km N 64° E of Manay (Davao Oriental),Davao Oriental
2025-10-17 23:36:00,10.94,123.94,2,2.1,013km S 18° W of City Of Bogo (Cebu),Cebu
2025-10-17 23:35:00,9.57,126.23,30,1.4,025km S 20° E of General Luna (Surigao Del Norte),Surigao Del Norte
2025-10-17 23:30:00,7.31,126.73,23,2.4,024km N 63° E of Manay (Davao Oriental),Davao Oriental
2025-10-17 23:27:00,12.99,122.73,9,1.8,031km S 61° W of San Pascual (Masbate),Masbate
2025-10-17 23:26:00,7.28,127.12,35,2.6,064km N 83° E of Manay (Davao Oriental),Davao Oriental
2025-10-17 23:23:00,9.61,125.84,33,1.5,014km S 85° W of Socorro (Surigao Del Norte),Surigao Del Norte
2025-10-17 23:22:00,11.03,124.02,26,2.1,005km S 66° E of City Of Bogo (Cebu),Cebu
2025-10-17 23:16:00,9.63,126.26,33,1.8,021km S 34° E of General Luna (Surigao Del Norte),Surigao Del Norte
2025-10-17 23:15:00,9.64,126.16,34,1.7,015km South of General Luna (Surigao Del Norte),Surigao Del Norte
2025-10-17 23:12:00,9.7,125.93,10,3.0,010km N 22° W of Socorro (Surigao Del Norte),Surigao Del Norte
2025-10-17 23:10:00,18.76,120.63,3,3.5,027km N 36° W of Pagudpud (Ilocos Norte),Ilocos Norte
2025-10-17 23:10:00,9.68,126.2,32,2.1,012km S 25° E of General Luna (Surigao Del Norte),Surigao Del Norte
2025-10-17 23:10:00,18.23,120.35,32,1.8,026km N 81° W of City Of Laoag (Ilocos Norte),Ilocos Norte
2025-10-17 23:09:00,9.69,126.2,28,1.4,012km S 23° E of General Luna (Surigao Del Norte),Surigao Del Norte
2025-10-17 23:08:00,9.64,126.26,36,1.4,019km S 36° E of General Luna (Surigao Del Norte),Surigao Del Norte
2025-10-17 23:03:00,7.28,127.46,36,2.5,102km N 86° E of Manay (Davao Oriental),Davao Oriental
2025-10-17 23:00:00,9.62,126.16,32,1.5,018km S 03° E of General Luna (Surigao Del Norte),Surigao Del Norte
2025-10-17 22:50:00,7.9,126.49,26,2.5,013km N 17° E of Cateel (Davao Oriental),Davao Oriental
2025-10-17 22:45:00,6.65,126.44,40,3.1,040km S 90° E of Governor Generoso (Davao Oriental),Davao Oriental
2025-10-17 22:45:00,9.65,126.24,31,1.9,017km S 31° E of General Luna (Surigao Del Norte),Surigao Del Norte
2025-10-17 22:37:00,9.66,126.12,32,1.7,015km S 18° W of General Luna (Surigao Del Norte),Surigao Del Norte
2025-10-17 22:34:00,9.66,126.27,35,1.4,018km S 42° E of General Luna (Surigao Del Norte),Surigao Del Norte
2025-10-17 22:17:00,9.62,126.26,31,1.6,021km S 32° E of General Luna (Surigao Del Norte),Surigao Del Norte
2025-10-17 22:10:00,9.65,125.99,18,1.8,004km N 33° E of Socorro (Surigao Del Norte),Surigao Del Norte
2025-10-17 22:05:00,11.16,123.83,23,1.7,020km N 52° W of City Of Bogo (Cebu),Cebu
2025-10-17 22:04:00,11.05,124.05,10,2.4,008km S 89° E of City Of Bogo (Cebu),Cebu
2025-10-17 21:49:00,6.94,127.38,14,3.9,097km S 72° E of Manay (Davao Oriental),Davao Oriental
2025-10-17 21:41:00,9.66,126.18,32,1.6,014km S 09° E of General Luna (Surigao Del Norte),Surigao Del Norte
2025-10-17 21:34:00,10.91,124.01,23,1.8,016km S 13° E of City Of Bogo (Cebu),Cebu
2025-10-17 21:27:00,7.2,126.67,9,3.8,014km S 86° E of Manay (Davao Oriental),Davao Oriental
2025-10-17 21:24:00,6.68,125.3,131,1.5,001km S 06° E of Hagonoy (Davao Del Sur),Davao Del Sur
2025-10-17 21:17:00,7.3,126.3,32,2.2,028km N 69° W of Manay (Davao Oriental),Davao Oriental
2025-10-17 21:16:00,9.67,126.13,28,2.0,013km S 14° W of General Luna (Surigao Del Norte),Surigao Del Norte
2025-10-17 21:16:00,5.99,126.14,139,2.8,056km N 81° E of Jose Abad Santos (Davao Occidental),Davao Occidental
2025-10-17 21:13:00,9.62,126.26,33,1.6,021km S 32° E of General Luna (Surigao Del Norte),Surigao Del Norte
2025-10-17 21:06:00,16.92,121.28,33,1.6,008km S 38° W of Aguinaldo (Ifugao),Ifugao
2025-10-17 21:05:00,9.64,126.23,25,1.8,018km S 27° E of General Luna (Surigao Del Norte),Surigao Del Norte
2025-10-17 20:56:00,18.46,120.93,32,1.4,003km N 86° E of Adams (Ilocos Norte),Ilocos Norte
2025-10-17 20:47:00,18.62,120.68,4,2.0,013km N 59° W of Pagudpud (Ilocos Norte),Ilocos Norte
2025-10-17 20:45:00,6.95,127.12,2,2.8,070km S 65° E of Manay (Davao Oriental),Davao Oriental
2025-10-17 20:36:00,8.85,126.4,33,2.0,013km S 53° E of Cagwait (Surigao Del Sur),Surigao Del Sur
2025-10-17 20:35:00,18.62,120.68,2,3.3,013km N 59° W of Pagudpud (Ilocos Norte),Ilocos Norte
2025-10-17 20:25:00,9.67,126.14,32,1.6,013km S 06° W of General Luna (Surigao Del Norte),Surigao Del Norte
2025-10-17 20:23:00,11.48,123.86,39,1.2,049km N 14° W of City Of Bogo (Cebu),Cebu
2025-10-17 20:21:00,9.7,126.07,18,3.7,013km S 45° W of General Luna (Surigao Del Norte),Surigao Del Norte
2025-10-17 20:17:00,9.67,126.19,31,1.9,012km S 17° E of General Luna (Surigao Del Norte),Surigao Del Norte
2025-10-17 20:09:00,8.13,126.61,33,1.2,024km N 66° E of Lingig (Surigao Del Sur),Surigao Del Sur
2025-10-17 20:08:00,10.94,123.99,30,2.2,011km S 06° E of City Of Bogo (Cebu),Cebu
2025-10-17 20:08:00,8.19,126.75,23,2.3,041km N 65° E of Lingig (Surigao Del Sur),Surigao Del Sur
2025-10-17 20:07:00,9.65,126.17,32,1.5,015km S 06° E of General Luna (Surigao Del Norte),Surigao Del Norte
2025-10-17 20:05:00,7.18,126.96,27,1.8,046km S 85° E of Manay (Davao Oriental),Davao Oriental
2025-10-17 20:00:00,7.13,126.74,25,2.0,024km S 68° E of Manay (Davao Oriental),Davao Oriental
2025-10-17 19:59:00,9.64,126.21,32,1.6,017km S 22° E of General Luna (Surigao Del Norte),Surigao Del Norte
2025-10-17 19:56:00,9.62,126.19,34,1.5,018km S 13° E of General Luna (Surigao Del Norte),Surigao Del Norte
2025-10-17 19:55:00,9.69,126.15,31,1.4,011km S 04° W of General Luna (Surigao Del Norte),Surigao Del Norte
2025-10-17 19:54:00,10.88,123.99,1,2.0,019km S 05° E of City Of Bogo (Cebu),Cebu
2025-10-17 19:50:00,11.05,124.07,30,2.2,010km S 89° E of City Of Bogo (Cebu),Cebu
2025-10-17 19:44:00,11.04,124.08,33,1.2,011km S 89° E of City Of Bogo (Cebu),Cebu
2025-10-17 19:43:00,11.1,124.09,32,1.5,013km N 64° E of City Of Bogo (Cebu),Cebu
2025-10-17 19:43:00,9.65,126.17,34,1.6,015km S 08° E of General Luna (Surigao Del Norte),Surigao Del Norte
2025-10-17 19:37:00,18.88,120.46,6,2.8,049km N 45° W of Pagudpud (Ilocos Norte),Ilocos Norte
2025-10-17 19:37:00,9.79,126.39,27,2.8,026km N 89° E of General Luna (Surigao Del Norte),Surigao Del Norte
2025-10-17 19:32:00,9.68,126.18,32,1.2,011km S 14° E of General Luna (Surigao Del Norte),Surigao Del Norte
2025-10-17 19:28:00,9.61,126.25,34,1.8,021km S 30° E of General Luna (Surigao Del Norte),Surigao Del Norte
2025-10-17 19:20:00,9.7,126.32,26,3.2,020km S 64° E of General Luna (Surigao Del Norte),Surigao Del Norte
2025-10-17 19:18:00,7.55,126.71,24,1.6,016km S 81° E of Baganga (Davao Oriental),Davao Oriental
2025-10-17 19:01:00,11.17,124.15,28,1.3,023km N 52° E of City Of Bogo (Cebu),Cebu
2025-10-17 19:01:00,9.63,126.15,32,1.7,017km S 04° W of General Luna (Surigao Del Norte),Surigao Del Norte
2025-10-17 18:59:00,9.66,126.23,33,1.5,015km S 30° E of General Luna (Surigao Del Norte),Surigao Del Norte
2025-10-17 18:55:00,9.38,122.49,25,2.1,017km S 79° W of Basay (Negros Oriental),Negros Oriental
2025-10-17 18:54:00,18.88,120.46,1,2.3,045km N 26° W of Burgos (Ilocos Norte),Ilocos Norte
2025-10-17 18:51:00,9.67,126.2,34,1.7,014km S 18° E of General Luna (Surigao Del Norte),Surigao Del Norte
2025-10-17 18:45:00,18.81,120.56,4,4.2,037km N 41° W of Pagudpud (Ilocos Norte),Ilocos Norte
2025-10-17 18:44:00,9.58,126.18,33,1.6,023km S 06° E of General Luna (Surigao Del Norte),Surigao Del Norte
2025-10-17 18:26:00,9.63,126.17,27,2.4,017km S 04° E of General Luna (Surigao Del Norte),Surigao Del Norte
2025-10-17 18:25:00,7.14,126.88,30,2.5,039km S 78° E of Manay (Davao Oriental),Davao Oriental
2025-10-17 18:25:00,9.61,126.25,33,1.8,022km S 28° E of General Luna (Surigao Del Norte),Surigao Del Norte
2025-10-17 18:22:00,9.57,126.21,30,1.5,024km S 15° E of General Luna (Surigao Del Norte),Surigao Del Norte
2025-10-17 18:21:00,5.54,126.54,29,2.5,107km S 68° E of Jose Abad Santos (Davao Occidental),Davao Occidental
2025-10-17 18:20:00,9.63,126.14,33,1.7,017km S 07° W of General Luna (Surigao Del Norte),Surigao Del Norte
2025-10-17 18:16:00,7.06,127.14,15,4.0,068km S 75° E of Manay (Davao Oriental),Davao Oriental
2025-10-17 18:12:00,11.14,124.13,2,1.6,019km N 59° E of City Of Bogo (Cebu),Cebu
2025-10-17 18:05:00,7.2,126.71,29,2.5,019km S 85° E of Manay (Davao Oriental),Davao Oriental
2025-10-17 17:56:00,11.01,124.03,25,1.9,007km S 59° E of City Of Bogo (Cebu),Cebu
2025-10-17 17:55:00,9.22,126.43,27,2.8,026km S 76° E of Cortes (Surigao Del Sur),Surigao Del Sur
2025-10-17 17:44:00,9.55,126.08,24,2.3,027km S 18° W of General Luna (Surigao Del Norte),Surigao Del Norte
2025-10-17 17:42:00,18.6,120.72,5,2.5,009km N 60° W of Pagudpud (Ilocos Norte),Ilocos Norte
2025-10-17 17:42:00,8.18,126.74,20,2.8,039km N 67° E of Lingig (Surigao Del Sur),Surigao Del Sur
2025-10-17 17:40:00,18.67,120.63,9,2.6,021km N 54° W of Pagudpud (Ilocos Norte),Ilocos Norte
2025-10-17 17:36:00,9.65,126.17,29,1.6,014km S 06° E of General Luna (Surigao Del Norte),Surigao Del Norte
2025-10-17 17:34:00,13.77,120.6,114,2.2,008km S 27° W of Calatagan (Batangas),Batangas
2025-10-17 17:32:00,8.9,126.5,23,2.7,022km S 85° E of Cagwait (Surigao Del Sur),Surigao Del Sur
2025-10-17 17:26:00,9.6,126.18,32,1.5,020km S 07° E of General Luna (Surigao Del Norte),Surigao Del Norte
2025-10-17 17:12:00,9.63,126.15,32,1.7,017km S 03° W of General Luna (Surigao Del Norte),Surigao Del Norte
2025-10-17 17:11:00,18.6,120.61,10,2.0,019km N 77° W of Pagudpud (Ilocos Norte),Ilocos Norte
2025-10-17 17:08:00,10.99,123.97,4,3.3,006km S 14° W of City Of Bogo (Cebu),Cebu
2025-10-17 17:01:00,18.7,120.66,11,1.4,020km N 41° W of Pagudpud (Ilocos Norte),Ilocos Norte
2025-10-17 16:59:00,7.47,126.79,27,3.7,040km N 44° E of Manay (Davao Oriental),Davao Oriental
2025-10-17 16:31:00,18.66,120.69,7,4.7,017km N 15° E of Burgos (Ilocos Norte),Ilocos Norte
2025-10-17 16:27:00,9.66,126.21,33,2.2,015km S 21° E of General Luna (Surigao Del Norte),Surigao Del Norte
2025-10-17 16:27:00,18.38,120.59,12,2.5,006km N 26° W of Pasuquin (Ilocos Norte),Ilocos Norte
2025-10-17 16:25:00,11.0,123.93,11,3.2,008km S 47° W of City Of Bogo (Cebu),Cebu
2025-10-17 16:21:00,7.31,126.69,22,2.9,020km N 57° E of Manay (Davao Oriental),Davao Oriental
2025-10-17 16:14:00,18.8,120.45,4,5.0,035km N 31° W of Burgos (Ilocos Norte),Ilocos Norte
2025-10-17 16:05:00,11.14,124.13,9,2.9,019km N 59° E of City Of Bogo (Cebu),Cebu
2025-10-17 16:04:00,11.06,124.08,33,1.6,011km N 80° E of City Of Bogo (Cebu),Cebu
2025-10-17 16:03:00,12.93,119.67,36,3.7,101km S 58° W of Paluan (Occidental Mindoro),Occidental Mindoro
2025-10-17 15:50:00,11.1,123.96,9,2.0,006km N 20° W of City Of Bogo (Cebu),Cebu
2025-10-17 15:45:00,9.65,126.16,34,2.1,015km S 01° E of General Luna (Surigao Del Norte),Surigao Del Norte
2025-10-17 15:39:00,9.62,126.2,34,2.0,019km S 16° E of General Luna (Surigao Del Norte),Surigao Del Norte
2025-10-17 15:31:00,9.7,126.1,33,2.0,011km S 33° W of General Luna (Surigao Del Norte),Surigao Del Norte
2025-10-17 15:29:00,9.68,126.17,31,2.2,011km S 07° E of General Luna (Surigao Del Norte),Surigao Del Norte
2025-10-17 15:20:00,11.09,123.96,34,2.2,006km N 21° W of City Of Bogo (Cebu),Cebu
2025-10-17 15:15:00,10.98,123.96,9,2.6,008km S 20° W of City Of Bogo (Cebu),Cebu
2025-10-17 15:09:00,6.86,126.82,34,1.9,050km S 39° E of Manay (Davao Oriental),Davao Oriental
2025-10-17 15:03:00,9.63,126.26,33,2.0,020km S 32° E of General Luna (Surigao Del Norte),Surigao Del Norte
2025-10-17 14:57:00,9.63,126.14,33,2.2,017km S 05° W of General Luna (Surigao Del Norte),Surigao Del Norte
2025-10-17 14:56:00,9.64,126.19,33,1.4,016km S 11° E of General Luna (Surigao Del Norte),Surigao Del Norte
2025-10-17 14:50:00,9.63,126.12,32,2.1,017km S 13° W of General Luna (Surigao Del Norte),Surigao Del Norte
2025-10-17 14:44:00,9.63,126.19,34,1.5,017km S 12° E of General Luna (Surigao Del Norte),Surigao Del Norte
2025-10-17 14:34:00,9.6,126.19,32,2.3,020km S 12° E of General Luna (Surigao Del Norte),Surigao Del Norte
2025-10-17 14:25:00,9.69,126.1,33,1.4,011km S 31° W of General Luna (Surigao Del Norte),Surigao Del Norte
2025-10-17 14:17:00,7.05,126.89,17,3.1,043km S 65° E of Manay (Davao Oriental),Davao Oriental
2025-10-17 14:13:00,9.56,126.2,32,1.6,025km S 10° E of General Luna (Surigao Del Norte),Surigao Del Norte
2025-10-17 14:02:00,9.6,126.28,32,2.3,024km S 33° E of General Luna (Surigao Del Norte),Surigao Del Norte
2025-10-17 14:01:00,9.65,126.21,33,2.0,016km S 20° E of General Luna (Surigao Del Norte),Surigao Del Norte
2025-10-17 14:00:00,9.65,126.09,34,1.9,017km S 27° W of General Luna (Surigao Del Norte),Surigao Del Norte
2025-10-17 13:49:00,9.62,126.19,33,2.2,018km S 12° E of General Luna (Surigao Del Norte),Surigao Del Norte
2025-10-17 13:35:00,9.69,126.17,46,1.5,010km S 06° E of General Luna (Surigao Del Norte),Surigao Del Norte
2025-10-17 13:33:00,9.62,126.25,33,1.5,021km S 29° E of General Luna (Surigao Del Norte),Surigao Del Norte
2025-10-17 13:16:00,9.6,126.25,33,1.4,023km S 28° E of General Luna (Surigao Del Norte),Surigao Del Norte
2025-10-17 13:12:00,9.63,126.24,33,1.9,019km S 29° E of General Luna (Surigao Del Norte),Surigao Del Norte
2025-10-17 13:06:00,9.71,126.17,30,2.4,008km S 10° E of General Luna (Surigao Del Norte),Surigao Del Norte
2025-10-17 13:02:00,12.57,125.31,14,2.4,012km N 28° E of Mapanas (Northern Samar),Northern Samar
2025-10-17 12:59:00,11.16,123.97,33,1.5,013km N 03° W of City Of Bogo (Cebu),Cebu
2025-10-17 12:54:00,9.63,126.21,32,2.1,018km S 21° E of General Luna (Surigao Del Norte),Surigao Del Norte
2025-10-17 12:53:00,11.02,124.04,34,1.5,008km S 68° E of City Of Bogo (Cebu),Cebu
2025-10-17 12:42:00,9.66,126.28,35,1.4,019km S 45° E of General Luna (Surigao Del Norte),Surigao Del Norte
2025-10-17 12:42:00,9.65,126.16,31,2.0,014km S 03° E of General Luna (Surigao Del Norte),Surigao Del Norte
2025-10-17 12:41:00,5.32,125.46,51,3.3,011km S 23° E of Balut Island (Municipality Of Sarangani) (Davao Occidental),Davao Occidental
2025-10-17 12:32:00,9.55,126.28,33,2.1,029km S 27° E of General Luna (Surigao Del Norte),Surigao Del Norte
2025-10-17 12:30:00,9.6,126.26,27,2.6,023km S 29° E of General Luna (Surigao Del Norte),Surigao Del Norte
2025-10-17 12:29:00,9.68,126.21,31,2.1,012km S 27° E of General Luna (Surigao Del Norte),Surigao Del Norte
2025-10-17 12:24:00,9.57,126.22,32,2.2,025km S 17° E of General Luna (Surigao Del Norte),Surigao Del Norte
2025-10-17 12:19:00,9.71,126.11,30,2.8,009km S 31° W of General Luna (Surigao Del Norte),Surigao Del Norte
2025-10-17 12:10:00,9.66,126.15,28,2.1,013km S 02° W of General Luna (Surigao Del Norte),Surigao Del Norte
2025-10-17 12:07:00,9.65,126.19,29,2.2,015km S 15° E of General Luna (Surigao Del Norte),Surigao Del Norte
2025-10-17 12:01:00,10.5,126.36,3,4.1,062km N 31° E of Burgos (Surigao Del Norte),Surigao Del Norte
2025-10-17 11:58:00,15.19,122.09,5,3.0,041km N 47° E of Panukulan (Quezon),Quezon
2025-10-17 11:55:00,9.62,126.18,32,2.3,018km S 08° E of General Luna (Surigao Del Norte),Surigao Del Norte
2025-10-17 11:53:00,7.29,127.13,10,3.6,065km N 82° E of Manay (Davao Oriental),Davao Oriental
2025-10-17 11:48:00,9.6,126.24,33,1.4,022km S 25° E of General Luna (Surigao Del Norte),Surigao Del Norte
2025-10-17 11:42:00,11.16,124.09,20,2.3,017km N 42° E of City Of Bogo (Cebu),Cebu
2025-10-17 11:36:00,11.22,123.93,10,2.3,020km N 16° W of City Of Bogo (Cebu),Cebu
2025-10-17 11:36:00,9.63,126.27,32,1.6,021km S 36° E of General Luna (Surigao Del Norte),Surigao Del Norte
2025-10-17 11:27:00,9.57,126.23,32,1.6,025km S 19° E of General Luna (Surigao Del Norte),Surigao Del Norte
2025-10-17 11:22:00,9.66,126.24,23,1.6,016km S 33° E of General Luna (Surigao Del Norte),Surigao Del Norte
2025-10-17 11:17:00,11.14,124.17,1,2.8,023km N 64° E of City Of Bogo (Cebu),Cebu
2025-10-17 11:15:00,7.1,126.96,28,3.3,048km S 75° E of Manay (Davao Oriental),Davao Oriental
2025-10-17 11:12:00,9.68,126.2,33,2.4,012km S 20° E of General Luna (Surigao Del Norte),Surigao Del Norte
2025-10-17 11:07:00,9.66,126.14,29,2.4,014km S 07° W of General Luna (Surigao Del Norte),Surigao Del Norte
2025-10-17 11:03:00,9.63,126.34,27,2.5,026km S 50° E of General Luna (Surigao Del Norte),Surigao Del Norte
2025-10-17 11:02:00,9.68,126.13,32,1.4,012km S 45° E of Dapa (Surigao Del Norte),Surigao Del Norte
2025-10-17 10:42:00,9.62,126.25,30,1.7,021km S 28° E of General Luna (Surigao Del Norte),Surigao Del Norte
2025-10-17 10:30:00,11.15,124.11,2,3.1,016km S 49° E of Daanbantayan (Cebu),Cebu
2025-10-17 10:23:00,7.38,127.08,14,3.2,063km N 73° E of Manay (Davao Oriental),Davao Oriental
2025-10-17 10:18:00,7.04,126.91,6,3.3,045km S 65° E of Manay (Davao Oriental),Davao Oriental
2025-10-17 10:09:00,9.32,126.14,19,2.2,010km S 41° E of General Luna (Surigao Del Norte),Surigao Del Norte
2025-10-17 10:06:00,11.23,124.15,8,2.7,027km N 43° E of City Of Bogo (Cebu),Cebu
2025-10-17 09:58:00,7.25,126.96,19,3.2,046km N 85° E of Manay (Davao Oriental),Davao Oriental
2025-10-17 09:56:00,9.64,126.15,35,1.7,016km S 01° W of General Luna (Surigao Del Norte),Surigao Del Norte
2025-10-17 09:55:00,7.17,126.82,19,3.2,031km S 81° E of Manay (Davao Oriental),Davao Oriental
2025-10-17 09:51:00,9.6,126.27,32,1.8,023km S 32° E of General Luna (Surigao Del Norte),Surigao Del Norte
2025-10-17 09:46:00,7.31,126.67,17,2.2,018km N 53° E of Manay (Davao Oriental),Davao Oriental
2025-10-17 09:41:00,9.56,126.18,10,2.0,025km S 06° E of General Luna (Surigao Del Norte),Surigao Del Norte
2025-10-17 09:27:00,9.81,126.16,22,2.6,003km N 17° E of General Luna (Surigao Del Norte),Surigao Del Norte
2025-10-17 09:25:00,9.76,126.17,25,2.4,003km S 34° E of General Luna (Surigao Del Norte),Surigao Del Norte
2025-10-17 09:24:00,9.6,126.24,31,1.7,022km S 25° E of General Luna (Surigao Del Norte),Surigao Del Norte
2025-10-17 09:17:00,9.66,126.21,32,1.9,014km S 26° E of General Luna (Surigao Del Norte),Surigao Del Norte
2025-10-17 09:15:00,9.62,126.0,33,2.7,025km S 45° W of General Luna (Surigao Del Norte),Surigao Del Norte
2025-10-17 09:12:00,11.0,124.02,30,2.2,007km S 45° E of City Of Bogo (Cebu),Cebu
2025-10-17 09:03:00,9.6,126.25,32,1.4,023km S 28° E of General Luna (Surigao Del Norte),Surigao Del Norte
2025-10-17 08:55:00,9.8,126.5,23,3.2,037km N 87° E of General Luna (Surigao Del Norte),Surigao Del Norte
2025-10-17 08:44:00,9.58,126.23,31,1.6,024km S 20° E of General Luna (Surigao Del Norte),Surigao Del Norte
2025-10-17 08:41:00,9.62,126.25,33,2.2,021km S 30° E of General Luna (Surigao Del Norte),Surigao Del Norte
2025-10-17 08:40:00,9.63,126.17,32,1.4,016km S 05° E of General Luna (Surigao Del Norte),Surigao Del Norte
2025-10-17 08:32:00,9.64,126.19,32,1.9,016km S 15° E of General Luna (Surigao Del Norte),Surigao Del Norte
2025-10-17 08:38:00,9.81,126.11,29,2.0,005km N 59° W of General Luna (Surigao Del Norte),Surigao Del Norte
2025-10-17 08:28:00,9.65,126.17,33,1.4,015km S 05° E of General Luna (Surigao Del Norte),Surigao Del Norte
2025-10-17 08:26:00,9.7,126.19,31,2.3,010km S 23° E of General Luna (Surigao Del Norte),Surigao Del Norte
2025-10-17 08:10:00,9.64,126.3,33,1.3,022km S 47° E of General Luna (Surigao Del Norte),Surigao Del Norte
2025-10-17 08:10:00,9.61,126.22,33,1.5,021km S 20° E of General Luna (Surigao Del Norte),Surigao Del Norte
2025-10-17 08:07:00,9.64,126.19,33,1.5,016km S 14° E of General Luna (Surigao Del Norte),Surigao Del Norte
2025-10-17 08:03:00,9.62,126.15,33,1.9,018km S 02° W of General Luna (Surigao Del Norte),Surigao Del Norte
2025-10-17 08:02:00,9.61,126.24,34,1.3,021km S 24° E of General Luna (Surigao Del Norte),Surigao Del Norte
2025-10-17 07:57:00,9.62,126.22,35,4.4,019km S 22° E of General Luna (Surigao Del Norte),Surigao Del Norte
2025-10-17 07:56:00,9.61,126.22,33,2.1,021km S 20° E of General Luna (Surigao Del Norte),Surigao Del Norte
2025-10-17 07:56:00,9.72,126.12,22,2.0,008km S 26° W of General Luna (Surigao Del Norte),Surigao Del Norte
2025-10-17 07:52:00,10.24,125.98,21,3.7,026km N 14° W of Santa Monica (Surigao Del Norte),Surigao Del Norte
2025-10-17 07:52:00,9.67,126.27,32,1.3,017km S 45° E of General Luna (Surigao Del Norte),Surigao Del Norte
2025-10-17 07:49:00,9.69,126.2,29,2.9,012km S 25° E of General Luna (Surigao Del Norte),Surigao Del Norte
2025-10-17 07:47:00,9.63,126.23,34,1.4,018km S 24° E of General Luna (Surigao Del Norte),Surigao Del Norte
2025-10-17 07:46:00,9.66,126.21,34,2.4,015km S 25° E of General Luna (Surigao Del Norte),Surigao Del Norte
2025-10-17 07:42:00,9.65,126.17,32,1.2,014km S 07° E of General Luna (Surigao Del Norte),Surigao Del Norte
2025-10-17 07:39:00,9.66,126.18,13,3.3,014km S 09° E of General Luna (Surigao Del Norte),Surigao Del Norte
2025-10-17 07:37:00,9.7,126.21,30,2.4,011km S 32° E of General Luna (Surigao Del Norte),Surigao Del Norte
2025-10-17 07:36:00,9.65,126.19,33,1.2,014km S 08° E of General Luna (Surigao Del Norte),Surigao Del Norte
2025-10-17 07:34:00,9.61,126.02,35,1.8,024km S 39° W of General Luna (Surigao Del Norte),Surigao Del Norte
2025-10-17 07:31:00,9.68,126.22,34,1.8,014km S 32° E of General Luna (Surigao Del Norte),Surigao Del Norte
2025-10-17 07:28:00,9.68,126.28,26,2.5,018km S 49° E of General Luna (Surigao Del Norte),Surigao Del Norte
2025-10-17 07:25:00,9.64,126.23,29,2.6,018km S 26° E of General Luna (Surigao Del Norte),Surigao Del Norte
2025-10-17 07:23:00,9.68,126.04,20,2.1,008km S 09° W of Dapa (Surigao Del Norte),Surigao Del Norte
2025-10-17 07:23:00,11.1,124.13,5,3.1,018km N 72° E of City Of Bogo (Cebu),Cebu
2025-10-17 07:20:00,9.68,126.12,26,3.1,012km S 21° W of General Luna (Surigao Del Norte),Surigao Del Norte
2025-10-17 07:18:00,9.83,126.15,18,3.3,005km N 11° W of General Luna (Surigao Del Norte),Surigao Del Norte
2025-10-17 07:14:00,9.7,126.34,33,2.8,021km S 66° E of General Luna (Surigao Del Norte),Surigao Del Norte
2025-10-17 07:14:00,9.56,126.23,32,1.3,026km S 17° E of General Luna (Surigao Del Norte),Surigao Del Norte
2025-10-17 07:12:00,9.72,126.34,17,2.2,021km S 70° E of General Luna (Surigao Del Norte),Surigao Del Norte
2025-10-17 07:07:00,9.73,126.24,27,2.5,011km S 58° E of General Luna (Surigao Del Norte),Surigao Del Norte
2025-10-17 07:03:00,9.69,126.22,28,6.0,012km S 33° E of General Luna (Surigao Del Norte),Surigao Del Norte
2025-10-17 06:48:00,15.14,123.03,27,2.6,074km N 07° E of Tinaga Island (Vinzons) (Camarines Norte),Camarines Norte
2025-10-17 06:41:00,7.42,126.63,26,2.5,025km N 23° E of Manay (Davao Oriental),Davao Oriental
2025-10-17 06:41:00,10.99,123.92,2,2.3,010km S 46° W of City Of Bogo (Cebu),Cebu
2025-10-17 06:37:00,11.21,124.07,32,1.3,021km N 28° E of City Of Bogo (Cebu),Cebu
2025-10-17 06:11:00,6.78,127.14,8,4.7,081km S 54° E of Manay (Davao Oriental),Davao Oriental
2025-10-17 06:10:00,11.13,124.12,5,1.5,018km N 60° E of City Of Bogo (Cebu),Cebu
2025-10-17 05:52:00,10.86,123.91,2,1.7,022km S 19° W of City Of Bogo (Cebu),Cebu
2025-10-17 05:41:00,7.65,126.46,29,1.9,050km N 10° W of Manay (Davao Oriental),Davao Oriental
2025-10-17 05:39:00,11.18,124.02,30,1.4,015km N 17° E of City Of Bogo (Cebu),Cebu
2025-10-17 05:28:00,13.28,120.27,6,3.2,026km S 53° W of Paluan (Occidental Mindoro),Occidental Mindoro
2025-10-17 05:27:00,11.22,124.17,6,2.1,028km N 46° E of City Of Bogo (Cebu),Cebu
2025-10-17 05:08:00,7.28,126.67,29,2.0,016km N 61° E of Manay (Davao Oriental),Davao Oriental
2025-10-17 05:06:00,5.74,125.88,103,2.6,032km S 53° E of Jose Abad Santos (Davao Occidental),Davao Occidental
2025-10-17 04:58:00,8.78,126.73,4,2.3,050km S 72° E of Cagwait (Surigao Del Sur),Surigao Del Sur
2025-10-17 04:51:00,7.76,126.65,27,1.5,062km N 12° E of Manay (Davao Oriental),Davao Oriental
2025-10-17 04:49:00,11.25,124.08,26,1.8,025km N 26° E of City Of Bogo (Cebu),Cebu
2025-10-17 04:27:00,12.9,124.5,15,1.5,028km N 31° E of Biri (Northern Samar),Northern Samar
2025-10-17 04:26:00,7.29,126.83,32,2.2,033km N 75° E of Manay (Davao Oriental),Davao Oriental
2025-10-17 04:21:00,9.67,126.17,26,2.5,013km S 06° E of General Luna (Surigao Del Norte),Surigao Del Norte
2025-10-17 04:17:00,7.65,127.03,23,2.7,072km N 48° E of Manay (Davao Oriental),Davao Oriental
2025-10-17 04:14:00,10.89,123.99,1,2.6,018km S 05° E of City Of Bogo (Cebu),Cebu
2025-10-17 04:10:00,7.74,127.1,21,2.6,085km N 46° E of Manay (Davao Oriental),Davao Oriental
2025-10-17 03:56:00,11.14,124.21,9,3.4,027km N 69° E of City Of Bogo (Cebu),Cebu
2025-10-17 03:33:00,11.02,123.93,32,1.8,007km S 58° W of City Of Bogo (Cebu),Cebu
2025-10-17 03:32:00,10.86,123.96,3,1.8,021km S 07° W of City Of Bogo (Cebu),Cebu
2025-10-17 03:18:00,6.97,126.67,27,3.3,030km S 28° E of Manay (Davao Oriental),Davao Oriental
2025-10-17 03:16:00,10.85,123.85,5,2.2,026km S 33° W of City Of Bogo (Cebu),Cebu
2025-10-17 03:00:00,8.15,126.74,32,1.3,038km N 72° E of Lingig (Surigao Del Sur),Surigao Del Sur
2025-10-17 02:54:00,11.13,123.95,14,1.7,010km N 20° W of City Of Bogo (Cebu),Cebu
2025-10-17 02:53:00,10.97,124.05,28,2.2,012km S 44° E of City Of Bogo (Cebu),Cebu
2025-10-17 02:49:00,18.73,119.91,16,2.4,082km N 73° W of Burgos (Ilocos Norte),Ilocos Norte
2025-10-17 02:43:00,15.22,122.04,2,3.4,040km N 37° E of Panukulan (Quezon),Quezon
2025-10-17 02:38:00,11.07,123.99,9,2.0,002km N 22° E of City Of Bogo (Cebu),Cebu
2025-10-17 02:21:00,7.37,126.86,38,1.8,039km N 63° E of Manay (Davao Oriental),Davao Oriental
2025-10-17 02:20:00,11.16,123.98,23,2.7,013km N 02° E of City Of Bogo (Cebu),Cebu
2025-10-17 02:16:00,10.98,124.06,25,2.1,012km S 50° E of City Of Bogo (Cebu),Cebu
2025-10-17 01:53:00,11.09,124.09,2,2.3,013km N 69° E of City Of Bogo (Cebu),Cebu
2025-10-17 01:42:00,11.08,124.06,12,3.4,010km N 64° E of City Of Bogo (Cebu),Cebu
2025-10-17 01:39:00,4.79,127.22,67,3.1,208km S 69° E of Sarangani Island (Municipality Of Sarangani) (Davao Occidental),Davao Occidental
2025-10-17 01:31:00,11.25,124.18,8,3.2,031km N 45° E of City Of Bogo (Cebu),Cebu
2025-10-17 01:27:00,11.18,124.03,5,2.4,016km N 22° E of City Of Bogo (Cebu),Cebu
2025-10-17 01:24:00,6.99,126.76,19,3.3,035km S 44° E of Manay (Davao Oriental),Davao Oriental
2025-10-17 01:08:00,11.14,124.14,6,3.0,020km N 58° E of City Of Bogo (Cebu),Cebu
2025-10-17 01:04:00,9.02,126.13,25,2.4,007km S 39° W of City Of Tandag (Surigao Del Sur),Surigao Del Sur
2025-10-17 01:04:00,16.65,119.75,31,3.0,033km N 28° W of Bolinao (Pangasinan),Pangasinan
2025-10-17 01:01:00,9.59,125.53,33,1.5,006km N 09° E of Mainit (Surigao Del Norte),Surigao Del Norte
2025-10-17 00:52:00,11.09,124.05,29,2.1,009km N 56° E of City Of Bogo (Cebu),Cebu
2025-10-17 00:52:00,14.01,120.51,116,1.9,015km S 61° W of Nasugbu (Batangas),Batangas
2025-10-17 00:43:00,7.32,127.24,61,3.1,079km N 81° E of Manay (Davao Oriental),Davao Oriental
2025-10-17 00:28:00,11.13,124.12,7,2.0,018km N 61° E of City Of Bogo (Cebu),Cebu
2025-10-17 00:20:00,11.12,124.02,33,2.0,009km N 27° E of City Of Bogo (Cebu),Cebu
2025-10-17 00:17:00,17.87,120.82,36,1.7,016km N 02° W of Tineg (Abra),Abra
2025-10-17 00:13:00,7.63,126.08,33,1.6,004km S 10° W of Compostela (Davao De Oro),Davao De Oro
2025-10-16 23:59:00,13.58,120.58,31,2.0,022km N 46° W of Abra De Ilog (Occidental Mindoro),Occidental Mindoro
2025-10-16 23:47:00,10.87,123.92,8,1.7,021km S 19° W of City Of Bogo (Cebu),Cebu
2025-10-16 23:30:00,11.17,123.95,33,1.4,014km N 12° W of City Of Bogo (Cebu),Cebu
2025-10-16 23:08:00,11.11,123.84,32,2.6,016km N 65° W of City Of Bogo (Cebu),Cebu
2025-10-16 23:01:00,10.94,123.91,3,2.2,014km S 35° W of City Of Bogo (Cebu),Cebu
2025-10-16 22:50:00,8.31,125.92,9,1.9,012km S 51° W of Rosario (Agusan Del Sur),Agusan Del Sur
2025-10-16 22:49:00,11.0,123.98,27,1.7,005km S 02° E of City Of Bogo (Cebu),Cebu
2025-10-16 22:15:00,10.94,123.96,32,1.8,012km S 08° W of City Of Bogo (Cebu),Cebu
2025-10-16 22:07:00,8.07,123.23,24,1.9,010km N 61° W of Midsalip (Zamboanga Del Sur),Zamboanga Del Sur
2025-10-16 22:07:00,7.66,126.72,24,1.5,020km N 63° E of Baganga (Davao Oriental),Davao Oriental
2025-10-16 22:06:00,13.22,120.85,37,1.7,021km N 43° E of Santa Cruz (Occidental Mindoro),Occidental Mindoro
2025-10-16 21:39:00,10.89,123.91,14,2.0,019km S 23° W of City Of Bogo (Cebu),Cebu
2025-10-16 21:39:00,7.84,126.79,22,1.4,075km N 22° E of Manay (Davao Oriental),Davao Oriental
2025-10-16 21:08:00,7.92,127.01,3,3.3,063km N 52° E of Baganga (Davao Oriental),Davao Oriental
2025-10-16 21:00:00,7.04,126.95,15,3.1,049km S 67° E of Manay (Davao Oriental),Davao Oriental
2025-10-16 20:59:00,10.9,123.91,9,1.9,018km S 26° W of City Of Bogo (Cebu),Cebu
2025-10-16 20:47:00,10.97,123.97,27,2.0,009km S 08° W of City Of Bogo (Cebu),Cebu
2025-10-16 20:40:00,6.13,125.21,113,2.9,010km N 74° W of Alabel (Sarangani),Sarangani
2025-10-16 20:10:00,7.95,127.05,1,3.0,068km N 52° E of Baganga (Davao Oriental),Davao Oriental
2025-10-16 19:46:00,14.9,119.93,34,1.3,018km S 71° W of San Antonio (Zambales),Zambales
2025-10-16 19:46:00,10.94,123.92,4,2.6,014km S 26° W of City Of Bogo (Cebu),Cebu
2025-10-16 19:42:00,11.1,123.95,9,1.6,006km N 29° W of City Of Bogo (Cebu),Cebu
2025-10-16 19:29:00,7.06,126.98,5,2.6,051km S 72° E of Manay (Davao Oriental),Davao Oriental
2025-10-16 19:13:00,7.06,126.57,5,2.4,017km S 13° E of Manay (Davao Oriental),Davao Oriental
2025-10-16 19:02:00,13.05,120.68,2,3.9,005km S 52° W of Santa Cruz (Occidental Mindoro),Occidental Mindoro
2025-10-16 18:27:00,7.36,127.76,33,3.1,135km N 83° E of Manay (Davao Oriental),Davao Oriental
2025-10-16 18:17:00,11.15,124.14,18,1.5,021km N 58° E of City Of Bogo (Cebu),Cebu
2025-10-16 18:04:00,7.34,126.74,15,2.9,026km N 56° E of Manay (Davao Oriental),Davao Oriental
2025-10-16 18:03:00,11.04,124.05,9,2.6,007km S 88° E of City Of Bogo (Cebu),Cebu
2025-10-16 17:50:00,10.9,125.22,17,1.6,022km S 74° E of Dulag (Leyte),Leyte
2025-10-16 17:31:00,5.31,126.01,75,4.5,063km S 74° E of Sarangani Island (Municipality Of Sarangani) (Davao Occidental),Davao Occidental
2025-10-16 17:28:00,14.98,120.45,32,2.0,008km N 84° W of Floridablanca (Pampanga),Pampanga
2025-10-16 17:25:00,10.85,123.96,2,1.9,021km S 06° W of City Of Bogo (Cebu),Cebu
2025-10-16 17:09:00,10.89,123.87,7,2.4,021km S 35° W of City Of Bogo (Cebu),Cebu
2025-10-16 16:59:00,6.81,126.26,7,2.2,016km S 19° E of City Of Mati (Davao Oriental),Davao Oriental
2025-10-16 16:28:00,11.15,123.96,29,1.6,012km N 09° W of City Of Bogo (Cebu),Cebu
2025-10-16 16:05:00,5.41,125.61,186,3.1,017km S 67° E of Sarangani Island (Municipality Of Sarangani) (Davao Occidental),Davao Occidental
2025-10-16 15:47:00,11.16,124.2,34,1.9,027km N 63° E of City Of Bogo (Cebu),Cebu
2025-10-16 15:40:00,10.9,123.97,10,3.0,016km S 02° W of City Of Bogo (Cebu),Cebu
2025-10-16 15:38:00,7.33,126.59,17,2.0,014km N 23° E of Manay (Davao Oriental),Davao Oriental
2025-10-16 15:32:00,11.09,124.06,33,2.4,010km N 60° E of City Of Bogo (Cebu),Cebu
2025-10-16 15:01:00,11.07,124.09,15,1.4,012km N 77° E of City Of Bogo (Cebu),Cebu
2025-10-16 14:33:00,11.04,124.07,5,2.5,012km S 81° E of City Of Bogo (Cebu),Cebu
2025-10-16 14:26:00,10.9,125.2,3,2.6,019km S 73° E of Dulag (Leyte),Leyte
2025-10-16 13:46:00,8.41,127.06,1,2.4,080km N 86° E of Hinatuan (Surigao Del Sur),Surigao Del Sur
2025-10-16 13:05:00,7.47,127.14,16,3.5,072km N 66° E of Manay (Davao Oriental),Davao Oriental
2025-10-16 12:43:00,10.99,123.96,4,2.7,006km S 19° W of City Of Bogo (Cebu),Cebu
2025-10-16 12:26:00,11.1,124.07,42,1.9,012km N 61° E of City Of Bogo (Cebu),Cebu
2025-10-16 12:18:00,7.31,126.83,14,2.1,034km N 71° E of Manay (Davao Oriental),Davao Oriental
2025-10-16 12:14:00,11.14,124.02,13,1.8,010km N 10° E of City Of Bogo (Cebu),Cebu
2025-10-16 11:47:00,7.08,126.75,14,2.5,028km S 58° E of Manay (Davao Oriental),Davao Oriental
2025-10-16 11:28:00,11.1,124.05,12,2.5,010km N 53° E of City Of Bogo (Cebu),Cebu
2025-10-16 11:25:00,11.08,124.15,9,2.6,018km N 79° E of City Of Bogo (Cebu),Cebu
2025-10-16 11:24:00,15.92,120.0,32,1.5,015km S 60° E of Dasol (Pangasinan),Pangasinan
2025-10-16 10:42:00,6.95,126.72,25,2.5,035km S 36° E of Manay (Davao Oriental),Davao Oriental
2025-10-16 10:28:00,11.19,124.14,4,2.3,024km N 46° E of City Of Bogo (Cebu),Cebu
2025-10-16 10:27:00,16.84,121.48,16,2.2,012km S 68° W of San Mateo (Isabela),Isabela
2025-10-16 10:27:00,5.28,126.34,112,2.7,099km S 78° E of Sarangani Island (Municipality Of Sarangani) (Davao Occidental),Davao Occidental
2025-10-16 09:56:00,6.92,127.28,20,2.7,087km S 69° E of Manay (Davao Oriental),Davao Oriental
2025-10-16 09:54:00,17.35,120.37,10,3.2,009km N 74° W of San Esteban (Ilocos Sur),Ilocos Sur
2025-10-16 09:49:00,11.0,124.05,4,2.8,009km S 54° E of City Of Bogo (Cebu),Cebu
2025-10-16 09:29:00,7.34,126.79,14,2.7,031km N 63° E of Manay (Davao Oriental),Davao Oriental
2025-10-16 09:21:00,11.18,123.99,12,1.9,015km N 03° E of City Of Bogo (Cebu),Cebu
2025-10-16 09:19:00,7.21,126.74,18,2.5,022km S 89° E of Manay (Davao Oriental),Davao Oriental
2025-10-16 09:13:00,7.07,126.73,15,2.7,026km S 53° E of Manay (Davao Oriental),Davao Oriental
2025-10-16 09:10:00,7.49,127.19,23,2.9,079km N 67° E of Manay (Davao Oriental),Davao Oriental
2025-10-16 08:56:00,8.16,127.05,1,2.8,072km N 79° E of Lingig (Surigao Del Sur),Surigao Del Sur
2025-10-16 08:40:00,8.75,126.75,24,2.6,053km S 69° E of Cagwait (Surigao Del Sur),Surigao Del Sur
2025-10-16 08:33:00,11.2,123.93,7,2.2,018km N 18° W of City Of Bogo (Cebu),Cebu
2025-10-16 07:59:00,10.9,123.85,4,2.8,022km S 42° W of City Of Bogo (Cebu),Cebu
2025-10-16 07:57:00,11.15,123.98,16,1.7,012km N 01° W of City Of Bogo (Cebu),Cebu
2025-10-16 07:46:00,6.8,127.28,10,4.7,093km S 61° E of Manay (Davao Oriental),Davao Oriental
2025-10-16 07:39:00,7.5,127.26,23,3.0,086km N 68° E of Manay (Davao Oriental),Davao Oriental
2025-10-16 07:36:00,7.49,127.19,21,4.2,078km N 67° E of Manay (Davao Oriental),Davao Oriental
2025-10-16 07:32:00,4.8,125.55,32,4.4,070km S 12° E of Balut Island (Municipality Of Sarangani) (Davao Occidental),Davao Occidental
2025-10-16 07:14:00,12.34,124.65,112,2.1,018km S 06° E of Catarman (Northern Samar),Northern Samar
2025-10-16 07:13:00,9.77,126.21,33,2.0,006km S 73° E of General Luna (Surigao Del Norte),Surigao Del Norte
2025-10-16 07:10:00,6.77,127.15,1,2.5,083km S 54° E of Manay (Davao Oriental),Davao Oriental
2025-10-16 07:08:00,10.94,123.96,8,1.8,012km S 12° W of City Of Bogo (Cebu),Cebu
2025-10-16 06:41:00,7.35,126.77,19,3.9,029km N 58° E of Manay (Davao Oriental),Davao Oriental
2025-10-16 06:34:00,8.99,126.21,67,2.1,005km S 42° W of Tago (Surigao Del Sur),Surigao Del Sur
2025-10-16 06:32:00,8.79,126.13,21,2.2,011km N 62° W of San Agustin (Surigao Del Sur),Surigao Del Sur
2025-10-16 06:16:00,10.93,124.01,6,2.5,014km S 14° E of City Of Bogo (Cebu),Cebu
2025-10-16 05:45:00,6.73,126.99,23,2.6,073km S 43° E of Manay (Davao Oriental),Davao Oriental
2025-10-16 05:32:00,6.18,125.88,149,3.2,021km S 85° E of Don Marcelino (Davao Occidental),Davao Occidental
2025-10-16 04:59:00,11.04,124.15,4,1.9,018km S 89° E of City Of Bogo (Cebu),Cebu
2025-10-16 04:54:00,13.71,122.64,33,1.6,017km N 26° E of San Narciso (Quezon),Quezon
2025-10-16 04:31:00,7.02,127.03,23,3.1,058km S 69° E of Manay (Davao Oriental),Davao Oriental
2025-10-16 04:25:00,8.91,126.32,27,1.6,002km S 70° E of Cagwait (Surigao Del Sur),Surigao Del Sur
2025-10-16 04:24:00,7.29,126.78,20,2.3,029km N 71° E of Manay (Davao Oriental),Davao Oriental
2025-10-16 04:18:00,11.17,124.17,25,1.9,025km N 57° E of City Of Bogo (Cebu),Cebu
2025-10-16 04:09:00,11.1,124.01,32,2.2,007km N 29° E of City Of Bogo (Cebu),Cebu
2025-10-16 04:01:00,11.02,123.9,17,2.1,010km S 71° W of City Of Bogo (Cebu),Cebu
2025-10-16 04:01:00,13.67,120.62,87,1.5,018km S 06° W of Calatagan (Batangas),Batangas
2025-10-16 03:57:00,11.23,124.22,1,2.1,033km N 53° E of City Of Bogo (Cebu),Cebu
2025-10-16 03:51:00,11.01,123.99,1,1.5,004km S 23° E of City Of Bogo (Cebu),Cebu
2025-10-16 03:48:00,13.59,120.78,7,2.1,013km S 54° W of Tingloy (Batangas),Batangas
2025-10-16 03:41:00,11.14,124.14,4,3.5,020km N 59° E of City Of Bogo (Cebu),Cebu
2025-10-16 03:39:00,10.96,123.94,8,2.3,010km S 25° W of City Of Bogo (Cebu),Cebu
2025-10-16 03:03:00,9.79,126.3,19,2.3,016km N 87° E of General Luna (Surigao Del Norte),Surigao Del Norte
2025-10-16 02:59:00,7.1,126.79,7,2.8,030km S 67° E of Manay (Davao Oriental),Davao Oriental
2025-10-16 02:58:00,7.3,126.6,32,2.1,012km N 33° E of Manay (Davao Oriental),Davao Oriental
2025-10-16 02:51:00,6.82,126.7,14,2.4,046km S 23° E of Manay (Davao Oriental),Davao Oriental
2025-10-16 02:49:00,10.46,123.09,4,2.6,016km N 59° W of City Of Canlaon (Negros Oriental),Negros Oriental
2025-10-16 02:47:00,7.32,126.86,30,1.9,038km N 71° E of Manay (Davao Oriental),Davao Oriental
2025-10-16 02:43:00,9.88,126.65,1,2.3,056km N 79° E of General Luna (Surigao Del Norte),Surigao Del Norte
2025-10-16 02:31:00,7.18,127.06,17,3.0,058km S 87° E of Manay (Davao Oriental),Davao Oriental
2025-10-16 02:25:00,10.93,123.95,11,2.1,013km S 13° W of City Of Bogo (Cebu),Cebu
2025-10-16 02:21:00,19.89,121.73,69,2.5,046km N 25° W of Babuyan Island (Calayan) (Cagayan),Cagayan
2025-10-16 02:21:00,11.14,124.11,8,2.7,018km N 53° E of City Of Bogo (Cebu),Cebu
2025-10-16 02:17:00,9.65,126.15,2,2.9,016km S 35° E of Dapa (Surigao Del Norte),Surigao Del Norte
2025-10-16 02:09:00,15.58,119.92,30,4.7,006km N 34° W of Masinloc (Zambales),Zambales
2025-10-16 02:04:00,15.55,120.02,16,3.2,008km N 73° E of Masinloc (Zambales),Zambales
2025-10-16 01:51:00,8.9,126.4,30,2.6,011km S 82° E of Cagwait (Surigao Del Sur),Surigao Del Sur
2025-10-16 01:50:00,10.44,123.12,1,2.9,012km N 59° W of City Of Canlaon (Negros Oriental),Negros Oriental
2025-10-16 01:48:00,11.18,123.89,6,3.2,018km N 34° W of City Of Bogo (Cebu),Cebu
2025-10-16 01:47:00,11.12,122.99,33,2.2,006km S 27° W of Ajuy (Iloilo),Iloilo
2025-10-16 01:42:00,10.26,122.89,33,2.3,004km S 73° E of Hinigaran (Negros Occidental),Negros Occidental
2025-10-16 01:29:00,8.1,126.87,33,2.3,051km N 82° E of Lingig (Surigao Del Sur),Surigao Del Sur
2025-10-16 01:23:00,10.46,123.09,5,1.9,016km N 59° W of City Of Canlaon (Negros Oriental),Negros Oriental
2025-10-16 01:20:00,11.1,124.03,22,1.6,008km N 41° E of City Of Bogo (Cebu),Cebu
2025-10-16 01:16:00,10.44,123.03,9,1.8,012km N 82° E of City Of La Carlota (Negros Occidental),Negros Occidental
2025-10-16 01:12:00,7.08,126.64,1,2.7,018km S 36° E of Manay (Davao Oriental),Davao Oriental
2025-10-16 01:11:00,8.85,126.72,33,1.6,047km S 80° E of Cagwait (Surigao Del Sur),Surigao Del Sur
2025-10-16 01:02:00,7.62,125.74,99,2.0,005km N 47° E of Kapalong (Davao Del Norte),Davao Del Norte
2025-10-16 01:00:00,7.29,126.8,29,2.2,030km N 72° E of Manay (Davao Oriental),Davao Oriental
2025-10-16 00:54:00,8.97,126.24,63,2.2,009km N 51° W of Cagwait (Surigao Del Sur),Surigao Del Sur
2025-10-16 00:39:00,11.16,123.86,18,2.3,018km N 47° W of City Of Bogo (Cebu),Cebu
2025-10-16 00:39:00,7.24,126.83,25,2.3,032km N 84° E of Manay (Davao Oriental),Davao Oriental
2025-10-16 00:32:00,11.16,123.96,10,1.9,013km N 10° W of City Of Bogo (Cebu),Cebu
2025-10-16 00:29:00,11.01,124.07,42,1.9,011km S 69° E of City Of Bogo (Cebu),Cebu
2025-10-16 00:25:00,10.49,126.23,9,2.4,055km N 19° E of Burgos (Surigao Del Norte),Surigao Del Norte
2025-10-16 00:20:00,11.05,124.06,8,2.2,008km S 89° E of City Of Bogo (Cebu),Cebu
2025-10-16 00:16:00,11.02,123.91,1,2.3,008km S 65° W of City Of Bogo (Cebu),Cebu
2025-10-16 00:02:00,7.18,126.79,15,2.0,028km S 82° E of Manay (Davao Oriental),Davao Oriental
2025-10-15 23:56:00,10.89,125.23,9,2.8,023km S 72° E of Dulag (Leyte),Leyte
2025-10-15 23:55:00,10.98,123.99,29,2.3,007km S 07° E of City Of Bogo (Cebu),Cebu
2025-10-15 23:54:00,11.06,124.13,33,1.4,017km N 85° E of City Of Bogo (Cebu),Cebu
2025-10-15 23:53:00,7.99,126.81,35,2.0,044km S 83° E of Lingig (Surigao Del Sur),Surigao Del Sur
2025-10-15 23:40:00,7.29,126.72,24,2.0,021km N 66° E of Manay (Davao Oriental),Davao Oriental
2025-10-15 23:39:00,10.85,125.24,12,2.4,027km N 66° E of Abuyog (Leyte),Leyte
2025-10-15 23:35:00,8.99,126.27,31,2.0,003km N 21° W of Bayabas (Surigao Del Sur),Surigao Del Sur
2025-10-15 23:33:00,7.17,126.74,20,1.9,023km S 78° E of Manay (Davao Oriental),Davao Oriental
2025-10-15 23:25:00,11.04,123.89,24,3.7,010km S 84° W of City Of Bogo (Cebu),Cebu
2025-10-15 23:22:00,7.16,126.84,18,2.7,033km S 80° E of Manay (Davao Oriental),Davao Oriental
2025-10-15 23:21:00,8.94,126.11,28,2.6,008km S 86° E of San Miguel (Surigao Del Sur),Surigao Del Sur
2025-10-15 23:18:00,11.12,124.09,10,2.4,014km N 55° E of City Of Bogo (Cebu),Cebu
2025-10-15 23:13:00,7.55,125.62,29,3.4,002km N 20° W of Santo Tomas (Davao Del Norte),Davao Del Norte
2025-10-15 23:08:00,11.16,124.04,21,2.1,014km N 26° E of City Of Bogo (Cebu),Cebu
2025-10-15 22:41:00,11.15,124.11,2,2.4,018km N 53° E of City Of Bogo (Cebu),Cebu
2025-10-15 22:36:00,10.94,124.04,31,1.6,013km S 29° E of City Of Bogo (Cebu),Cebu
2025-10-15 22:14:00,11.2,124.17,8,2.2,027km N 50° E of City Of Bogo (Cebu),Cebu
2025-10-15 22:07:00,11.09,124.0,33,2.3,005km N 31° E of City Of Bogo (Cebu),Cebu
2025-10-15 21:53:00,11.2,124.62,8,2.5,007km N 71° E of Kananga (Leyte),Leyte
2025-10-15 21:47:00,5.4,125.97,6,3.3,056km S 82° E of Sarangani Island (Municipality Of Sarangani) (Davao Occidental),Davao Occidental
2025-10-15 21:42:00,13.74,120.53,52,1.5,015km S 47° W of Calatagan (Batangas),Batangas
2025-10-15 21:41:00,11.16,124.1,33,2.2,018km N 48° E of City Of Bogo (Cebu),Cebu
2025-10-15 21:38:00,11.14,124.03,31,2.4,012km N 30° E of City Of Bogo (Cebu),Cebu
2025-10-15 21:16:00,11.17,123.98,32,1.5,014km N 01° W of City Of Bogo (Cebu),Cebu
2025-10-15 21:07:00,11.14,123.18,33,1.5,011km S 41° E of Concepcion (Iloilo),Iloilo
2025-10-15 21:02:00,6.99,127.1,45,2.4,066km S 68° E of Manay (Davao Oriental),Davao Oriental
2025-10-15 21:00:00,10.14,121.99,14,2.7,033km S 13° E of Anini-y (Antique),Antique
2025-10-15 20:57:00,8.92,126.48,25,2.2,019km N 89° E of Cagwait (Surigao Del Sur),Surigao Del Sur
2025-10-15 20:45:00,7.02,126.82,21,2.5,037km S 55° E of Manay (Davao Oriental),Davao Oriental
2025-10-15 20:43:00,7.09,126.71,32,2.4,023km S 54° E of Manay (Davao Oriental),Davao Oriental
2025-10-15 20:39:00,11.05,124.09,40,1.9,012km N 86° E of City Of Bogo (Cebu),Cebu
2025-10-15 20:36:00,16.26,122.03,18,2.0,010km S 82° W of Casiguran (Aurora),Aurora
2025-10-15 20:30:00,10.97,123.93,32,2.1,010km S 34° W of City Of Bogo (Cebu),Cebu
2025-10-15 20:21:00,7.3,127.15,20,2.6,068km N 81° E of Manay (Davao Oriental),Davao Oriental
2025-10-15 20:18:00,11.32,124.03,33,2.7,031km N 11° E of City Of Bogo (Cebu),Cebu
2025-10-15 20:10:00,9.97,126.06,2,2.2,005km S 24° W of Burgos (Surigao Del Norte),Surigao Del Norte
2025-10-15 20:00:00,6.87,126.88,13,2.8,053km S 45° E of Manay (Davao Oriental),Davao Oriental
2025-10-15 19:46:00,9.34,126.55,14,3.0,039km N 80° E of Cortes (Surigao Del Sur),Surigao Del Sur
2025-10-15 19:39:00,7.47,126.83,19,2.8,043km N 48° E of Manay (Davao Oriental),Davao Oriental
2025-10-15 19:35:00,8.56,126.93,1,2.9,069km N 72° E of Hinatuan (Surigao Del Sur),Surigao Del Sur
2025-10-15 19:32:00,7.15,127.09,19,3.7,061km S 83° E of Manay (Davao Oriental),Davao Oriental
2025-10-15 19:15:00,10.95,123.98,3,2.3,010km S 02° W of City Of Bogo (Cebu),Cebu
2025-10-15 19:10:00,10.88,125.2,12,2.7,020km S 67° E of Dulag (Leyte),Leyte
2025-10-15 18:58:00,7.39,126.72,10,4.3,028km N 45° E of Manay (Davao Oriental),Davao Oriental
2025-10-15 18:37:00,10.83,125.27,9,1.8,030km N 73° E of Abuyog (Leyte),Leyte
2025-10-15 18:10:00,16.78,119.88,24,3.0,043km N 01° W of Bolinao (Pangasinan),Pangasinan
2025-10-15 18:09:00,7.26,126.62,24,2.3,010km N 59° E of Manay (Davao Oriental),Davao Oriental
2025-10-15 17:55:00,11.03,124.09,33,1.7,013km S 83° E of City Of Bogo (Cebu),Cebu
2025-10-15 17:47:00,8.05,126.24,29,2.4,019km N 85° W of Lingig (Surigao Del Sur),Surigao Del Sur
2025-10-15 17:45:00,11.12,124.03,33,2.0,010km N 36° E of City Of Bogo (Cebu),Cebu
2025-10-15 17:36:00,10.94,124.0,4,2.5,012km S 08° E of City Of Bogo (Cebu),Cebu
2025-10-15 17:27:00,6.99,127.76,9,2.6,137km S 80° E of Manay (Davao Oriental),Davao Oriental
2025-10-15 17:26:00,7.14,126.7,20,2.2,019km S 67° E of Manay (Davao Oriental),Davao Oriental
2025-10-15 17:17:00,7.22,126.57,31,2.7,003km N 78° E of Manay (Davao Oriental),Davao Oriental
2025-10-15 17:13:00,8.69,127.03,1,2.8,082km S 81° E of Marihatag (Surigao Del Sur),Surigao Del Sur
2025-10-15 17:05:00,10.42,126.01,18,2.3,044km N 03° W of Santa Monica (Surigao Del Norte),Surigao Del Norte
2025-10-15 16:57:00,7.14,126.81,9,3.9,031km S 76° E of Manay (Davao Oriental),Davao Oriental
2025-10-15 16:52:00,6.69,125.69,19,3.6,029km N 58° E of Santa Maria (Davao Occidental),Davao Occidental
2025-10-15 16:45:00,8.98,126.33,31,2.3,008km N 26° E of Cagwait (Surigao Del Sur),Surigao Del Sur
2025-10-15 16:11:00,7.37,126.68,19,2.9,024km N 43° E of Manay (Davao Oriental),Davao Oriental
2025-10-15 16:01:00,11.14,124.15,7,3.1,021km N 60° E of City Of Bogo (Cebu),Cebu
2025-10-15 15:58:00,11.11,124.12,7,4.1,017km N 65° E of City Of Bogo (Cebu),Cebu
2025-10-15 15:55:00,11.15,124.12,5,4.5,019km N 52° E of City Of Bogo (Cebu),Cebu
2025-10-15 15:44:00,7.11,127.16,11,4.5,070km S 80° E of Manay (Davao Oriental),Davao Oriental
2025-10-15 15:08:00,7.33,126.48,25,2.5,015km N 27° W of Manay (Davao Oriental),Davao Oriental
2025-10-15 14:45:00,7.2,126.88,26,2.2,038km S 89° E of Manay (Davao Oriental),Davao Oriental
2025-10-15 14:40:00,11.12,123.96,24,2.0,008km N 14° W of City Of Bogo (Cebu),Cebu
2025-10-15 14:38:00,11.02,124.1,4,1.9,014km S 76° E of City Of Bogo (Cebu),Cebu
2025-10-15 13:47:00,11.13,124.13,33,2.5,019km N 61° E of City Of Bogo (Cebu),Cebu
2025-10-15 14:23:00,10.84,125.31,9,4.1,031km S 15° W of Balangiga (Eastern Samar),Eastern Samar
2025-10-15 14:20:00,12.13,125.12,37,1.5,013km N 50° E of San Jose De Buan (Samar),Samar
2025-10-15 14:02:00,7.39,127.15,14,3.2,070km N 74° E of Manay (Davao Oriental),Davao Oriental
2025-10-15 14:02:00,11.07,123.99,32,1.9,003km N 34° E of City Of Bogo (Cebu),Cebu
2025-10-15 13:47:00,11.13,124.13,33,2.5,019km N 61° E of City Of Bogo (Cebu),Cebu
2025-10-15 13:46:00,11.54,125.84,9,2.0,032km N 48° E of Hernani (Eastern Samar),Eastern Samar
2025-10-15 13:44:00,7.21,126.62,7,2.0,009km S 88° E of Manay (Davao Oriental),Davao Oriental
2025-10-15 13:32:00,10.91,123.89,14,1.5,018km S 35° W of City Of Bogo (Cebu),Cebu
2025-10-15 13:21:00,11.06,124.0,21,1.7,003km N 51° E of City Of Bogo (Cebu),Cebu
2025-10-15 13:01:00,7.35,126.96,16,3.5,049km N 72° E of Manay (Davao Oriental),Davao Oriental
2025-10-15 12:51:00,11.75,125.71,12,2.6,028km S 89° E of San Julian (Eastern Samar),Eastern Samar
2025-10-15 12:42:00,11.04,123.93,17,3.6,006km S 85° W of City Of Bogo (Cebu),Cebu
2025-10-15 12:37:00,11.08,124.12,36,2.5,015km N 76° E of City Of Bogo (Cebu),Cebu
2025-10-15 12:37:00,17.76,120.75,5,1.8,006km N 52° E of Lagayan (Abra),Abra
2025-10-15 12:14:00,11.17,124.14,3,2.6,022km N 52° E of City Of Bogo (Cebu),Cebu
2025-10-15 11:45:00,13.59,120.62,89,1.3,020km N 34° W of Abra De Ilog (Occidental Mindoro),Occidental Mindoro
2025-10-15 11:37:00,15.87,120.06,11,2.3,017km N 72° E of Infanta (Pangasinan),Pangasinan
2025-10-15 11:04:00,6.98,127.02,17,3.0,059km S 64° E of Manay (Davao Oriental),Davao Oriental
2025-10-15 10:23:00,7.4,126.85,6,2.9,040km N 58° E of Manay (Davao Oriental),Davao Oriental
2025-10-15 10:21:00,15.71,121.14,34,2.0,004km N 88° E of Rizal (Nueva Ecija),Nueva Ecija
2025-10-15 10:10:00,11.15,124.07,32,1.3,015km N 41° E of City Of Bogo (Cebu),Cebu
2025-10-15 09:56:00,11.09,124.03,33,1.5,008km N 48° E of City Of Bogo (Cebu),Cebu
2025-10-15 09:38:00,7.22,126.7,17,2.2,018km N 87° E of Manay (Davao Oriental),Davao Oriental
2025-10-15 09:19:00,11.23,124.0,31,2.5,021km N 07° E of City Of Bogo (Cebu),Cebu
2025-10-15 09:17:00,9.97,125.79,31,1.5,014km N 72° E of Cagdianao (Dinagat Islands),Dinagat Islands
2025-10-15 09:04:00,7.09,126.88,4,3.0,041km S 70° E of Manay (Davao Oriental),Davao Oriental
2025-10-15 08:58:00,7.38,126.77,12,2.7,032km N 53° E of Manay (Davao Oriental),Davao Oriental
2025-10-15 08:38:00,7.34,126.76,20,2.3,028km N 61° E of Manay (Davao Oriental),Davao Oriental
2025-10-15 08:36:00,11.13,124.01,33,1.6,010km N 17° E of City Of Bogo (Cebu),Cebu
2025-10-15 08:26:00,9.77,125.88,2,2.3,015km S 43° W of Del Carmen (Surigao Del Norte),Surigao Del Norte
2025-10-15 08:03:00,10.89,123.92,5,3.0,018km S 20° W of City Of Bogo (Cebu),Cebu
2025-10-15 07:42:00,9.93,126.25,16,2.1,017km N 66° E of Pilar (Surigao Del Norte),Surigao Del Norte
2025-10-15 07:32:00,10.04,126.36,9,4.2,031km N 85° E of Burgos (Surigao Del Norte),Surigao Del Norte
2025-10-15 07:25:00,11.08,124.01,19,2.5,005km N 46° E of City Of Bogo (Cebu),Cebu
2025-10-15 07:03:00,7.25,126.77,17,2.4,025km N 81° E of Manay (Davao Oriental),Davao Oriental
2025-10-15 07:01:00,5.36,126.11,47,3.4,072km S 80° E of Sarangani Island (Municipality Of Sarangani) (Davao Occidental),Davao Occidental
2025-10-15 06:53:00,7.3,126.94,11,3.8,045km N 78° E of Manay (Davao Oriental),Davao Oriental
2025-10-15 06:48:00,10.54,122.3,9,4.2,013km S 11° W of Guimbal (Iloilo),Iloilo
2025-10-15 06:30:00,7.34,126.93,8,2.3,045km N 71° E of Manay (Davao Oriental),Davao Oriental
2025-10-15 06:27:00,11.14,124.07,10,2.1,014km N 43° E of City Of Bogo (Cebu),Cebu
2025-10-15 06:05:00,7.25,126.79,15,2.4,028km N 80° E of Manay (Davao Oriental),Davao Oriental
2025-10-15 05:48:00,7.46,127.11,13,2.8,069km N 66° E of Manay (Davao Oriental),Davao Oriental
2025-10-15 05:29:00,11.15,123.95,9,2.7,012km N 16° W of City Of Bogo (Cebu),Cebu
2025-10-15 05:14:00,10.97,123.99,20,2.1,008km S 07° E of City Of Bogo (Cebu),Cebu
2025-10-15 04:58:00,11.07,124.19,33,2.0,023km N 84° E of City Of Bogo (Cebu),Cebu
2025-10-15 04:50:00,7.29,126.89,8,2.7,040km N 78° E of Manay (Davao Oriental),Davao Oriental
2025-10-15 04:46:00,7.68,126.69,33,1.5,055km N 18° E of Manay (Davao Oriental),Davao Oriental
2025-10-15 04:44:00,7.41,127.1,13,2.6,066km N 71° E of Manay (Davao Oriental),Davao Oriental
2025-10-15 04:19:00,10.96,123.98,29,2.3,009km S 03° W of City Of Bogo (Cebu),Cebu
2025-10-15 04:07:00,11.07,124.08,29,2.1,012km N 76° E of City Of Bogo (Cebu),Cebu
2025-10-15 04:03:00,7.32,126.92,8,2.8,044km N 73° E of Manay (Davao Oriental),Davao Oriental
2025-10-15 03:49:00,8.29,127.58,44,2.5,132km N 78° E of Lingig (Surigao Del Sur),Surigao Del Sur
2025-10-15 03:47:00,11.18,124.11,28,2.2,021km N 43° E of City Of Bogo (Cebu),Cebu
2025-10-15 03:42:00,11.05,124.0,2,2.3,002km N 80° E of City Of Bogo (Cebu),Cebu
2025-10-15 03:26:00,7.36,127.2,17,5.0,075km N 77° E of Manay (Davao Oriental),Davao Oriental
2025-10-15 03:05:00,10.99,123.99,28,2.3,006km S 12° E of City Of Bogo (Cebu),Cebu
2025-10-15 03:04:00,7.36,126.96,8,2.7,049km N 70° E of Manay (Davao Oriental),Davao Oriental
2025-10-15 03:00:00,7.4,127.32,5,3.7,089km N 77° E of Manay (Davao Oriental),Davao Oriental
2025-10-15 02:55:00,12.3,123.88,17,2.3,012km N 12° E of Dimasalang (Masbate),Masbate
2025-10-15 02:50:00,7.18,126.9,21,4.3,040km S 84° E of Manay (Davao Oriental),Davao Oriental
2025-10-15 02:44:00,11.32,124.09,33,2.4,032km N 22° E of City Of Bogo (Cebu),Cebu
2025-10-15 02:37:00,10.96,123.9,12,2.9,013km S 40° W of City Of Bogo (Cebu),Cebu
2025-10-15 02:35:00,9.78,125.94,11,2.0,011km S 20° W of Del Carmen (Surigao Del Norte),Surigao Del Norte
2025-10-15 02:18:00,7.4,126.99,4,4.0,054km N 68° E of Manay (Davao Oriental),Davao Oriental
2025-10-15 02:17:00,7.41,127.28,18,4.6,085km N 75° E of Manay (Davao Oriental),Davao Oriental
2025-10-15 02:09:00,7.21,126.62,10,2.2,009km S 89° E of Manay (Davao Oriental),Davao Oriental
2025-10-15 02:07:00,6.62,127.22,18,2.6,099km S 49° E of Manay (Davao Oriental),Davao Oriental
2025-10-15 02:05:00,7.06,126.95,11,2.5,049km S 70° E of Manay (Davao Oriental),Davao Oriental
2025-10-15 01:59:00,7.36,126.69,19,2.7,023km N 45° E of Manay (Davao Oriental),Davao Oriental
2025-10-15 01:59:00,11.17,124.09,26,1.5,018km N 42° E of City Of Bogo (Cebu),Cebu
2025-10-15 01:58:00,7.33,126.75,19,2.2,026km N 61° E of Manay (Davao Oriental),Davao Oriental
2025-10-15 01:50:00,7.31,126.88,13,2.6,039km N 73° E of Manay (Davao Oriental),Davao Oriental
2025-10-15 01:33:00,7.26,127.0,8,3.1,051km N 84° E of Manay (Davao Oriental),Davao Oriental
2025-10-15 01:32:00,7.11,126.8,28,2.3,030km S 69° E of Manay (Davao Oriental),Davao Oriental
2025-10-15 01:29:00,7.32,127.13,7,2.8,067km N 79° E of Manay (Davao Oriental),Davao Oriental
2025-10-15 01:23:00,7.29,127.18,20,4.9,071km N 83° E of Manay (Davao Oriental),Davao Oriental
2025-10-15 01:15:00,11.15,123.97,29,2.0,011km N 04° W of City Of Bogo (Cebu),Cebu
2025-10-15 01:11:00,7.52,126.68,23,3.2,037km N 24° E of Manay (Davao Oriental),Davao Oriental
2025-10-15 00:54:00,11.19,123.98,29,1.8,016km N 01° W of City Of Bogo (Cebu),Cebu
2025-10-15 00:48:00,11.05,124.06,6,2.1,009km N 85° E of City Of Bogo (Cebu),Cebu
2025-10-15 00:30:00,10.86,125.31,2,2.0,029km S 17° W of Balangiga (Eastern Samar),Eastern Samar
2025-10-15 00:30:00,7.39,126.7,10,2.2,026km N 41° E of Manay (Davao Oriental),Davao Oriental
2025-10-15 00:25:00,11.04,124.05,18,2.1,008km S 88° E of City Of Bogo (Cebu),Cebu
2025-10-15 00:21:00,7.27,126.89,13,2.3,039km N 80° E of Manay (Davao Oriental),Davao Oriental
2025-10-15 00:18:00,7.25,126.8,33,4.1,029km N 81° E of Manay (Davao Oriental),Davao Oriental
2025-10-15 00:08:00,7.44,127.49,14,2.9,108km N 77° E of Manay (Davao Oriental),Davao Oriental
2025-10-15 00:04:00,10.81,125.49,45,2.4,036km S 46° W of Guiuan (Eastern Samar),Eastern Samar
2025-10-15 00:00:00,7.37,126.85,7,4.2,039km N 63° E of Manay (Davao Oriental),Davao Oriental
2025-10-14 23:50:00,7.29,126.64,26,1.9,020km N 66° E of Manay (Davao Oriental),Davao Oriental
2025-10-14 23:48:00,10.97,123.96,23,2.3,009km S 12° W of City Of Bogo (Cebu),Cebu
2025-10-14 23:45:00,11.06,124.02,14,2.4,005km N 75° E of City Of Bogo (Cebu),Cebu
2025-10-14 23:43:00,11.05,123.95,17,2.4,003km N 77° W of City Of Bogo (Cebu),Cebu
2025-10-14 23:42:00,19.09,121.22,4,2.3,003km S 44° E of Dalupiri Island (Calayan) (Cagayan),Cagayan
2025-10-14 23:34:00,11.19,124.03,33,2.3,017km N 21° E of City Of Bogo (Cebu),Cebu
2025-10-14 23:30:00,11.18,124.15,7,2.4,024km N 51° E of City Of Bogo (Cebu),Cebu
2025-10-14 23:22:00,11.11,124.02,34,2.1,008km N 32° E of City Of Bogo (Cebu),Cebu
2025-10-14 23:21:00,10.94,123.92,18,2.1,013km S 30° W of City Of Bogo (Cebu),Cebu
2025-10-14 23:13:00,11.17,123.97,9,2.2,014km N 04° W of City Of Bogo (Cebu),Cebu
2025-10-14 22:49:00,15.99,119.99,47,1.9,011km S 32° E of Mabini (Pangasinan),Pangasinan
2025-10-14 22:46:00,20.06,121.37,32,2.9,061km S 60° W of Sabtang (Batanes),Batanes
2025-10-14 22:33:00,9.84,126.12,33,1.8,007km N 32° W of General Luna (Surigao Del Norte),Surigao Del Norte
2025-10-14 22:31:00,13.69,120.61,123,1.6,016km S 07° W of Calatagan (Batangas),Batangas
2025-10-14 22:23:00,8.06,125.95,32,1.6,002km S 34° W of Veruela (Agusan Del Sur),Agusan Del Sur
2025-10-14 22:19:00,11.02,124.05,19,2.1,008km S 68° E of City Of Bogo (Cebu),Cebu
2025-10-14 22:15:00,6.74,126.68,25,2.7,054km S 17° E of Manay (Davao Oriental),Davao Oriental
2025-10-14 22:14:00,11.02,124.01,11,2.3,004km S 49° E of City Of Bogo (Cebu),Cebu
2025-10-14 22:08:00,10.74,125.23,34,1.9,024km S 89° E of Abuyog (Leyte),Leyte
2025-10-14 22:03:00,11.02,123.93,25,2.6,006km S 61° W of City Of Bogo (Cebu),Cebu
2025-10-14 22:01:00,10.94,123.96,6,2.6,012km S 06° W of City Of Bogo (Cebu),Cebu
2025-10-14 21:56:00,7.02,127.44,63,2.8,099km S 79° E of Manay (Davao Oriental),Davao Oriental
2025-10-14 21:54:00,7.15,126.69,18,2.5,018km S 69° E of Manay (Davao Oriental),Davao Oriental
2025-10-14 21:50:00,10.93,123.96,7,2.9,013km S 10° W of City Of Bogo (Cebu),Cebu
2025-10-14 21:42:00,7.21,126.69,24,2.1,016km N 88° E of Manay (Davao Oriental),Davao Oriental
2025-10-14 21:41:00,10.87,125.24,13,1.9,024km S 69° E of Dulag (Leyte),Leyte
2025-10-14 21:40:00,10.91,123.94,6,2.6,016km S 17° W of City Of Bogo (Cebu),Cebu
2025-10-14 21:33:00,7.48,126.88,15,2.0,048km N 51° E of Manay (Davao Oriental),Davao Oriental
2025-10-14 21:29:00,9.76,126.17,19,2.2,003km S 39° E of General Luna (Surigao Del Norte),Surigao Del Norte
2025-10-14 21:29:00,9.76,126.17,19,2.2,003km S 39° E of General Luna (Surigao Del Norte),Surigao Del Norte
2025-10-14 21:16:00,10.95,123.95,34,2.0,011km S 19° W of City Of Bogo (Cebu),Cebu
2025-10-14 21:15:00,5.69,125.51,139,1.8,025km N 10° E of Sarangani Island (Municipality Of Sarangani) (Davao Occidental),Davao Occidental
2025-10-14 21:08:00,12.86,124.89,22,2.2,033km N 06° W of Pambujan (Northern Samar),Northern Samar
2025-10-14 21:04:00,7.25,126.7,20,1.8,019km N 77° E of Manay (Davao Oriental),Davao Oriental
2025-10-14 21:01:00,11.0,124.02,33,2.2,007km S 45° E of City Of Bogo (Cebu),Cebu
2025-10-14 20:51:00,7.34,126.7,21,2.3,023km N 51° E of Manay (Davao Oriental),Davao Oriental
2025-10-14 20:48:00,11.22,124.21,6,2.2,032km N 52° E of City Of Bogo (Cebu),Cebu
2025-10-14 20:46:00,11.01,123.98,33,2.0,004km S 03° W of City Of Bogo (Cebu),Cebu
2025-10-14 20:43:00,7.32,126.88,13,2.4,039km N 73° E of Manay (Davao Oriental),Davao Oriental
2025-10-14 20:24:00,11.02,124.04,33,1.7,007km S 66° E of City Of Bogo (Cebu),Cebu
2025-10-14 20:21:00,7.19,126.66,12,2.9,014km S 79° E of Manay (Davao Oriental),Davao Oriental
2025-10-14 20:19:00,11.15,124.17,6,3.0,024km N 61° E of City Of Bogo (Cebu),Cebu
2025-10-14 20:09:00,13.77,120.57,78,1.9,009km S 43° W of Calatagan (Batangas),Batangas
2025-10-14 20:06:00,11.03,124.01,33,2.2,004km S 60° E of City Of Bogo (Cebu),Cebu
2025-10-14 20:03:00,11.04,124.01,33,2.0,004km S 86° E of City Of Bogo (Cebu),Cebu
2025-10-14 19:31:00,11.2,124.04,29,1.9,019km N 22° E of City Of Bogo (Cebu),Cebu
2025-10-14 19:15:00,10.96,123.94,7,2.5,010km S 23° W of City Of Bogo (Cebu),Cebu
2025-10-14 19:11:00,10.92,123.94,5,2.9,015km S 18° W of City Of Bogo (Cebu),Cebu
2025-10-14 19:00:00,11.18,124.17,13,2.1,026km N 54° E of City Of Bogo (Cebu),Cebu
2025-10-14 18:52:00,6.71,127.26,27,3.5,097km S 55° E of Manay (Davao Oriental),Davao Oriental
2025-10-14 18:46:00,10.82,124.2,23,2.5,035km S 44° E of City Of Bogo (Cebu),Cebu
2025-10-14 18:40:00,11.04,124.1,7,2.3,013km S 87° E of City Of Bogo (Cebu),Cebu
2025-10-14 18:29:00,10.9,123.91,1,2.8,017km S 26° W of City Of Bogo (Cebu),Cebu
2025-10-14 18:28:00,11.1,124.04,17,1.6,009km N 47° E of City Of Bogo (Cebu),Cebu
2025-10-14 18:19:00,11.18,123.98,35,2.3,015km N 01° E of City Of Bogo (Cebu),Cebu
2025-10-14 18:12:00,5.74,127.1,145,4.0,152km S 48° E of Governor Generoso (Davao Oriental),Davao Oriental
2025-10-14 17:57:00,10.98,123.85,18,2.4,016km S 65° W of City Of Bogo (Cebu),Cebu
2025-10-14 17:32:00,13.72,120.61,110,1.9,013km S 12° W of Calatagan (Batangas),Batangas
2025-10-14 17:24:00,10.98,123.99,24,2.7,007km S 13° E of City Of Bogo (Cebu),Cebu
2025-10-14 17:11:00,7.18,127.02,5,3.0,053km S 86° E of Manay (Davao Oriental),Davao Oriental
2025-10-14 16:58:00,7.02,126.9,22,4.5,045km S 62° E of Manay (Davao Oriental),Davao Oriental
2025-10-14 16:17:00,7.12,126.87,20,3.0,038km S 74° E of Manay (Davao Oriental),Davao Oriental
2025-10-14 16:10:00,12.48,124.63,24,1.7,003km S 24° W of Catarman (Northern Samar),Northern Samar
2025-10-14 16:06:00,7.46,127.26,26,2.5,078km S 81° E of Baganga (Davao Oriental),Davao Oriental
2025-10-14 15:49:00,7.23,126.8,27,2.5,028km N 86° E of Manay (Davao Oriental),Davao Oriental
2025-10-14 15:47:00,10.82,125.27,12,2.4,030km N 75° E of Abuyog (Leyte),Leyte
2025-10-14 15:46:00,7.24,126.92,22,2.0,042km N 85° E of Manay (Davao Oriental),Davao Oriental
2025-10-14 15:44:00,7.35,127.06,14,2.7,060km N 75° E of Manay (Davao Oriental),Davao Oriental
2025-10-14 15:29:00,7.12,126.77,27,2.9,027km S 68° E of Manay (Davao Oriental),Davao Oriental
2025-10-14 15:28:00,11.09,124.07,33,1.3,011km N 67° E of City Of Bogo (Cebu),Cebu
2025-10-14 15:10:00,6.22,127.32,13,3.0,139km S 38° E of Manay (Davao Oriental),Davao Oriental
2025-10-14 15:07:00,7.41,127.0,19,2.7,056km N 67° E of Manay (Davao Oriental),Davao Oriental
2025-10-14 15:00:00,7.21,125.91,11,2.4,009km N 09° E of Pantukan (Davao De Oro),Davao De Oro
2025-10-14 14:55:00,11.11,124.1,7,2.0,015km N 61° E of City Of Bogo (Cebu),Cebu
2025-10-14 14:49:00,11.05,123.93,1,1.5,006km N 86° W of City Of Bogo (Cebu),Cebu
2025-10-14 14:36:00,7.33,126.82,27,2.6,034km N 67° E of Manay (Davao Oriental),Davao Oriental
2025-10-14 14:31:00,11.12,124.07,31,1.8,013km N 49° E of City Of Bogo (Cebu),Cebu
2025-10-14 14:28:00,7.27,127.22,45,2.6,076km N 85° E of Manay (Davao Oriental),Davao Oriental
2025-10-14 14:03:00,7.38,126.89,28,2.0,043km N 64° E of Manay (Davao Oriental),Davao Oriental
2025-10-14 13:44:00,10.99,124.1,32,1.9,015km S 64° E of City Of Bogo (Cebu),Cebu
2025-10-14 13:39:00,11.12,124.16,8,2.7,022km N 69° E of City Of Bogo (Cebu),Cebu
2025-10-14 13:28:00,13.07,124.12,105,3.6,009km N 67° W of Prieto Diaz (Sorsogon),Sorsogon
2025-10-14 13:19:00,7.17,127.02,21,3.3,053km S 85° E of Manay (Davao Oriental),Davao Oriental
2025-10-14 13:16:00,11.15,124.02,33,1.5,012km N 22° E of City Of Bogo (Cebu),Cebu
2025-10-14 12:59:00,7.2,126.62,6,2.1,009km S 82° E of Manay (Davao Oriental),Davao Oriental
2025-10-14 12:44:00,7.4,126.98,15,3.2,053km N 66° E of Manay (Davao Oriental),Davao Oriental
2025-10-14 12:31:00,11.06,124.03,33,2.1,006km N 76° E of City Of Bogo (Cebu),Cebu
2025-10-14 12:22:00,7.4,127.09,12,2.7,065km N 71° E of Manay (Davao Oriental),Davao Oriental
2025-10-14 12:10:00,11.06,123.98,31,1.7,002km N 12° W of City Of Bogo (Cebu),Cebu
2025-10-14 12:06:00,7.42,127.21,19,4.1,078km N 73° E of Manay (Davao Oriental),Davao Oriental
2025-10-14 12:00:00,7.27,127.38,15,3.2,093km N 86° E of Manay (Davao Oriental),Davao Oriental
2025-10-14 11:55:00,18.33,122.19,9,2.6,015km S 19° E of Santa Ana (Cagayan),Cagayan
2025-10-14 11:49:00,7.42,127.07,12,2.5,062km N 69° E of Manay (Davao Oriental),Davao Oriental
2025-10-14 11:40:00,7.36,127.25,17,2.2,080km N 78° E of Manay (Davao Oriental),Davao Oriental
2025-10-14 11:24:00,10.85,123.92,11,2.4,022km S 17° W of City Of Bogo (Cebu),Cebu
2025-10-14 11:18:00,11.08,124.04,33,1.7,008km N 64° E of City Of Bogo (Cebu),Cebu
2025-10-14 11:10:00,11.27,124.01,5,2.3,024km N 07° E of City Of Bogo (Cebu),Cebu
2025-10-14 10:54:00,13.58,120.67,130,2.2,016km N 21° W of Abra De Ilog (Occidental Mindoro),Occidental Mindoro
2025-10-14 10:51:00,7.4,127.22,24,4.1,079km N 74° E of Manay (Davao Oriental),Davao Oriental
2025-10-14 10:47:00,7.41,127.24,15,3.0,081km N 75° E of Manay (Davao Oriental),Davao Oriental
2025-10-14 10:45:00,7.37,127.04,15,3.0,058km N 72° E of Manay (Davao Oriental),Davao Oriental
2025-10-14 10:45:00,10.9,123.92,7,3.7,017km S 22° W of City Of Bogo (Cebu),Cebu
2025-10-14 10:39:00,7.38,126.79,27,4.9,033km N 56° E of Manay (Davao Oriental),Davao Oriental
2025-10-14 10:35:00,7.37,127.4,26,2.9,097km N 80° E of Manay (Davao Oriental),Davao Oriental
2025-10-14 10:33:00,7.49,127.18,24,2.9,069km S 82° E of Baganga (Davao Oriental),Davao Oriental
2025-10-14 10:19:00,7.33,127.35,13,4.7,090km N 82° E of Manay (Davao Oriental),Davao Oriental
2025-10-14 10:09:00,7.38,127.22,16,3.7,078km N 76° E of Manay (Davao Oriental),Davao Oriental
2025-10-14 10:05:00,10.93,123.94,2,3.7,013km S 17° W of City Of Bogo (Cebu),Cebu
2025-10-14 10:00:00,7.47,127.05,18,5.6,063km N 63° E of Manay (Davao Oriental),Davao Oriental
2025-10-14 09:57:00,7.34,126.73,24,3.3,026km N 55° E of Manay (Davao Oriental),Davao Oriental
2025-10-14 09:51:00,7.01,126.59,22,2.1,023km S 15° E of Manay (Davao Oriental),Davao Oriental
2025-10-14 09:48:00,7.21,126.54,26,2.0,001km S 53° E of Manay (Davao Oriental),Davao Oriental
2025-10-14 09:32:00,11.18,123.91,29,2.5,016km N 29° W of City Of Bogo (Cebu),Cebu
2025-10-14 09:29:00,6.35,127.31,30,3.1,128km S 42° E of Manay (Davao Oriental),Davao Oriental
2025-10-14 09:23:00,11.04,124.0,17,2.2,002km S 60° E of City Of Bogo (Cebu),Cebu
2025-10-14 08:44:00,10.86,123.96,1,3.9,021km S 05° W of City Of Bogo (Cebu),Cebu
2025-10-14 08:36:00,11.07,124.06,40,2.3,009km N 74° E of City Of Bogo (Cebu),Cebu
2025-10-14 08:30:00,7.07,127.03,16,3.8,057km S 74° E of Manay (Davao Oriental),Davao Oriental
2025-10-14 08:21:00,10.9,123.96,1,3.8,016km S 07° W of City Of Bogo (Cebu),Cebu
2025-10-14 08:19:00,11.1,124.04,8,2.1,009km N 48° E of City Of Bogo (Cebu),Cebu
2025-10-14 08:05:00,6.88,126.16,4,2.0,010km S 35° W of City Of Mati (Davao Oriental),Davao Oriental
2025-10-14 08:03:00,6.41,126.77,7,2.4,092km S 16° E of Manay (Davao Oriental),Davao Oriental
2025-10-14 08:00:00,11.11,124.09,2,2.2,014km N 62° E of City Of Bogo (Cebu),Cebu
2025-10-14 07:45:00,6.96,126.76,30,3.0,037km S 41° E of Manay (Davao Oriental),Davao Oriental
2025-10-14 07:42:00,6.96,126.99,13,2.6,057km S 61° E of Manay (Davao Oriental),Davao Oriental
2025-10-14 07:30:00,7.2,126.79,22,2.1,028km S 87° E of Manay (Davao Oriental),Davao Oriental
2025-10-14 07:20:00,7.38,126.86,8,2.8,040km N 63° E of Manay (Davao Oriental),Davao Oriental
2025-10-14 07:11:00,10.89,123.87,1,1.8,021km S 35° W of City Of Bogo (Cebu),Cebu
2025-10-14 07:00:00,8.86,126.43,23,2.2,016km S 67° E of Cagwait (Surigao Del Sur),Surigao Del Sur
2025-10-14 06:58:00,11.09,123.96,35,1.8,005km N 30° W of City Of Bogo (Cebu),Cebu
2025-10-14 06:39:00,7.64,126.56,28,2.0,007km N 02° W of Baganga (Davao Oriental),Davao Oriental
2025-10-14 06:34:00,11.22,124.07,32,1.6,021km N 27° E of City Of Bogo (Cebu),Cebu
2025-10-14 06:30:00,8.87,126.5,24,3.3,023km S 77° E of Cagwait (Surigao Del Sur),Surigao Del Sur
2025-10-14 06:25:00,5.11,126.2,93,2.8,091km S 63° E of Sarangani Island (Municipality Of Sarangani) (Davao Occidental),Davao Occidental
2025-10-14 06:12:00,9.08,126.4,23,3.2,021km N 32° E of Cagwait (Surigao Del Sur),Surigao Del Sur
2025-10-14 06:11:00,14.07,120.41,130,3.2,024km S 90° W of Nasugbu (Batangas),Batangas
2025-10-14 06:10:00,11.12,124.03,29,1.8,010km N 33° E of City Of Bogo (Cebu),Cebu
2025-10-14 05:46:00,11.12,123.97,9,2.3,008km N 08° W of City Of Bogo (Cebu),Cebu
2025-10-14 05:31:00,11.12,124.05,27,1.8,011km N 43° E of City Of Bogo (Cebu),Cebu
2025-10-14 05:30:00,6.97,126.76,21,2.3,036km S 43° E of Manay (Davao Oriental),Davao Oriental
2025-10-14 05:21:00,10.23,125.91,15,2.8,027km N 30° W of Santa Monica (Surigao Del Norte),Surigao Del Norte
2025-10-14 05:12:00,11.87,125.79,6,3.2,037km N 81° E of Sulat (Eastern Samar),Eastern Samar
2025-10-14 05:08:00,7.33,126.8,18,3.2,032km N 67° E of Manay (Davao Oriental),Davao Oriental
2025-10-14 05:05:00,10.87,123.9,2,2.2,021km S 25° W of City Of Bogo (Cebu),Cebu
2025-10-14 05:04:00,7.48,126.09,3,3.5,009km S 37° W of New Bataan (Davao De Oro),Davao De Oro
2025-10-14 05:02:00,11.04,124.0,28,1.8,006km N 36° E of City Of Bogo (Cebu),Cebu
2025-10-14 04:45:00,7.3,126.7,10,2.4,024km N 60° E of Manay (Davao Oriental),Davao Oriental
2025-10-14 04:43:00,7.12,126.84,21,2.7,035km S 74° E of Manay (Davao Oriental),Davao Oriental
2025-10-14 04:42:00,11.03,124.01,15,2.0,004km S 65° E of City Of Bogo (Cebu),Cebu
2025-10-14 04:36:00,7.72,126.85,10,3.4,066km N 31° E of Manay (Davao Oriental),Davao Oriental
2025-10-14 04:30:00,7.47,127.21,25,2.2,080km N 69° E of Manay (Davao Oriental),Davao Oriental
2025-10-14 04:11:00,11.03,124.04,9,2.1,007km S 79° E of City Of Bogo (Cebu),Cebu
2025-10-14 04:08:00,7.05,127.01,13,2.4,054km S 71° E of Manay (Davao Oriental),Davao Oriental
2025-10-14 03:55:00,7.18,126.8,12,2.3,029km S 84° E of Manay (Davao Oriental),Davao Oriental
2025-10-14 03:52:00,7.04,126.92,13,2.4,046km S 66° E of Manay (Davao Oriental),Davao Oriental
2025-10-14 03:47:00,14.5,120.42,101,2.0,010km N 45° W of Mariveles (Bataan),Bataan
2025-10-14 03:38:00,11.15,124.19,1,1.8,026km N 62° E of City Of Bogo (Cebu),Cebu
2025-10-14 03:33:00,9.97,126.3,28,2.8,023km N 82° E of San Isidro (Surigao Del Norte),Surigao Del Norte
2025-10-14 03:26:00,10.86,123.93,2,2.2,021km S 16° W of City Of Bogo (Cebu),Cebu
2025-10-14 03:20:00,8.73,126.95,3,3.4,075km S 73° E of Cagwait (Surigao Del Sur),Surigao Del Sur
2025-10-14 03:18:00,11.17,124.02,32,1.7,015km N 18° E of City Of Bogo (Cebu),Cebu
2025-10-14 03:18:00,7.29,126.69,24,2.3,019km N 63° E of Manay (Davao Oriental),Davao Oriental
2025-10-14 03:11:00,12.83,123.45,34,1.7,017km S 62° W of Donsol (Sorsogon),Sorsogon
2025-10-14 03:06:00,7.16,126.67,19,1.8,016km S 69° E of Manay (Davao Oriental),Davao Oriental
2025-10-14 03:04:00,10.97,123.94,4,2.1,009km S 29° W of City Of Bogo (Cebu),Cebu
2025-10-14 03:01:00,7.34,127.26,31,2.1,081km N 80° E of Manay (Davao Oriental),Davao Oriental
2025-10-14 02:58:00,12.48,125.36,34,2.3,011km N 89° E of Mapanas (Northern Samar),Northern Samar
2025-10-14 02:58:00,7.18,126.97,6,2.8,048km S 85° E of Manay (Davao Oriental),Davao Oriental
2025-10-14 02:54:00,11.1,123.94,32,2.0,007km N 40° W of City Of Bogo (Cebu),Cebu
2025-10-14 02:49:00,11.02,124.09,4,2.2,012km S 79° E of City Of Bogo (Cebu),Cebu
2025-10-14 02:41:00,7.13,127.1,27,2.0,063km S 82° E of Manay (Davao Oriental),Davao Oriental
2025-10-14 02:38:00,11.25,124.29,5,1.8,011km S 53° W of Tabango (Leyte),Leyte
2025-10-14 02:37:00,7.3,126.54,1,2.0,010km North of Manay (Davao Oriental),Davao Oriental
2025-10-14 02:34:00,8.92,126.5,24,2.0,022km N 89° E of Cagwait (Surigao Del Sur),Surigao Del Sur
2025-10-14 02:33:00,10.95,123.92,9,2.0,013km S 29° W of City Of Bogo (Cebu),Cebu
2025-10-14 02:29:00,11.15,124.1,32,2.0,018km N 48° E of City Of Bogo (Cebu),Cebu
2025-10-14 02:14:00,8.86,126.52,23,1.9,025km S 75° E of Cagwait (Surigao Del Sur),Surigao Del Sur
2025-10-14 02:12:00,7.27,126.81,33,1.9,031km N 77° E of Manay (Davao Oriental),Davao Oriental
2025-10-14 02:01:00,11.18,124.15,2,1.9,023km N 51° E of City Of Bogo (Cebu),Cebu
2025-10-14 01:56:00,11.06,123.67,9,2.0,034km N 88° W of City Of Bogo (Cebu),Cebu
2025-10-14 01:44:00,8.97,126.42,29,3.0,014km N 69° E of Cagwait (Surigao Del Sur),Surigao Del Sur
2025-10-14 01:38:00,11.25,123.91,32,3.1,023km N 19° W of City Of Bogo (Cebu),Cebu
2025-10-14 01:36:00,11.07,124.03,8,2.4,006km N 59° E of City Of Bogo (Cebu),Cebu
2025-10-14 01:35:00,7.37,126.9,12,3.9,044km N 66° E of Manay (Davao Oriental),Davao Oriental
2025-10-14 01:23:00,11.32,123.98,6,2.2,030km N 01° E of City Of Bogo (Cebu),Cebu
2025-10-14 01:18:00,7.04,127.02,4,4.3,057km S 70° E of Manay (Davao Oriental),Davao Oriental
2025-10-14 01:17:00,11.22,124.26,34,2.6,015km S 52° W of Tabango (Leyte),Leyte
2025-10-14 01:15:00,7.42,126.56,34,2.4,023km N 06° E of Manay (Davao Oriental),Davao Oriental
2025-10-14 01:11:00,11.03,124.02,22,1.8,005km S 73° E of City Of Bogo (Cebu),Cebu
2025-10-14 01:08:00,7.06,127.03,20,4.2,057km S 73° E of Manay (Davao Oriental),Davao Oriental
2025-10-14 01:04:00,11.12,123.94,18,1.9,010km N 27° W of City Of Bogo (Cebu),Cebu
2025-10-14 01:00:00,7.54,127.35,17,2.7,087km S 87° E of Baganga (Davao Oriental),Davao Oriental
2025-10-14 00:57:00,11.13,124.04,22,1.6,011km N 36° E of City Of Bogo (Cebu),Cebu
2025-10-14 00:51:00,13.65,120.29,13,2.2,009km S 32° E of Looc (Occidental Mindoro),Occidental Mindoro
2025-10-14 00:50:00,11.16,123.98,31,1.7,013km N 01° W of City Of Bogo (Cebu),Cebu
2025-10-14 00:42:00,7.62,126.0,33,1.7,004km N 57° E of Nabunturan (Davao De Oro),Davao De Oro
2025-10-14 00:36:00,10.89,124.0,2,3.3,017km S 08° E of City Of Bogo (Cebu),Cebu
2025-10-14 00:31:00,11.17,123.97,31,1.7,014km N 04° W of City Of Bogo (Cebu),Cebu
2025-10-14 00:29:00,9.02,126.2,47,1.8,015km N 45° W of Cagwait (Surigao Del Sur),Surigao Del Sur
2025-10-14 00:16:00,14.01,120.5,75,2.0,016km S 64° W of Nasugbu (Batangas),Batangas
2025-10-14 00:13:00,11.16,124.12,3,2.4,020km N 49° E of City Of Bogo (Cebu),Cebu
2025-10-14 00:05:00,11.02,123.96,21,1.7,004km S 43° W of City Of Bogo (Cebu),Cebu
2025-10-14 00:03:00,11.18,124.01,18,1.6,015km N 11° E of City Of Bogo (Cebu),Cebu
2025-10-14 00:04:00,8.88,126.27,37,1.4,005km S 42° W of Cagwait (Surigao Del Sur),Surigao Del Sur
2025-10-14 00:01:00,9.98,125.59,35,1.4,003km N 30° W of Dinagat (Dinagat Islands),Dinagat Islands
2025-10-13 23:58:00,7.2,127.11,3,3.5,063km S 89° E of Manay (Davao Oriental),Davao Oriental
2025-10-13 23:52:00,10.83,121.79,11,2.2,019km S 89° W of Belison (Antique),Antique
2025-10-13 23:48:00,11.13,124.06,30,2.1,013km N 44° E of City Of Bogo (Cebu),Cebu
2025-10-13 23:45:00,10.87,123.92,3,2.0,020km S 19° W of City Of Bogo (Cebu),Cebu
2025-10-13 23:40:00,11.04,124.1,21,2.5,013km S 88° E of City Of Bogo (Cebu),Cebu
2025-10-13 23:39:00,8.87,126.42,29,3.0,014km S 69° E of Cagwait (Surigao Del Sur),Surigao Del Sur
2025-10-13 23:24:00,11.15,123.99,9,1.7,011km N 06° E of City Of Bogo (Cebu),Cebu
2025-10-13 23:16:00,7.34,126.7,11,2.1,023km N 52° E of Manay (Davao Oriental),Davao Oriental
2025-10-13 23:13:00,7.27,127.06,17,2.3,057km N 84° E of Manay (Davao Oriental),Davao Oriental
2025-10-13 23:10:00,11.12,124.08,33,1.9,014km N 56° E of City Of Bogo (Cebu),Cebu
2025-10-13 23:06:00,11.02,123.98,35,2.0,003km S 07° E of City Of Bogo (Cebu),Cebu
2025-10-13 22:52:00,10.97,123.99,31,2.0,009km S 07° E of City Of Bogo (Cebu),Cebu
2025-10-13 22:46:00,11.08,124.04,29,2.1,008km N 58° E of City Of Bogo (Cebu),Cebu
2025-10-13 22:38:00,7.94,127.34,81,2.4,095km N 65° E of Baganga (Davao Oriental),Davao Oriental
2025-10-13 22:35:00,7.12,125.96,41,1.9,007km S 84° E of Pantukan (Davao De Oro),Davao De Oro
2025-10-13 22:35:00,7.95,126.22,7,1.5,019km N 62° W of Boston (Davao Oriental),Davao Oriental
2025-10-13 22:35:00,11.89,125.39,32,2.0,004km S 68° W of Taft (Eastern Samar),Eastern Samar
2025-10-13 22:25:00,11.0,124.06,2,2.0,010km S 60° E of City Of Bogo (Cebu),Cebu
2025-10-13 22:21:00,11.0,124.05,31,2.3,010km S 57° E of City Of Bogo (Cebu),Cebu
2025-10-13 22:19:00,11.01,123.94,6,2.4,006km S 51° W of City Of Bogo (Cebu),Cebu
2025-10-13 22:16:00,10.91,124.01,3,2.0,015km S 12° E of City Of Bogo (Cebu),Cebu
2025-10-13 22:13:00,11.09,124.02,33,2.0,007km N 41° E of City Of Bogo (Cebu),Cebu
2025-10-13 22:11:00,11.01,123.97,5,2.3,004km S 13° W of City Of Bogo (Cebu),Cebu
2025-10-13 22:09:00,10.98,123.96,28,2.0,008km S 18° W of City Of Bogo (Cebu),Cebu
2025-10-13 22:07:00,7.07,126.72,19,3.3,026km S 52° E of Manay (Davao Oriental),Davao Oriental
2025-10-13 22:03:00,13.99,120.5,84,2.0,017km S 73° W of Lian (Batangas),Batangas
2025-10-13 21:56:00,9.71,126.25,24,2.8,013km S 53° E of General Luna (Surigao Del Norte),Surigao Del Norte
2025-10-13 21:55:00,12.5,123.54,5,2.1,006km N 60° E of Baleno (Masbate),Masbate
2025-10-13 21:42:00,7.38,125.85,34,1.7,001km N 63° W of Maco (Davao De Oro),Davao De Oro
2025-10-13 21:38:00,10.88,123.88,13,2.0,021km S 32° W of City Of Bogo (Cebu),Cebu
2025-10-13 21:34:00,7.13,126.66,22,3.7,016km S 55° E of Manay (Davao Oriental),Davao Oriental
2025-10-13 21:22:00,7.33,126.97,17,3.5,049km N 75° E of Manay (Davao Oriental),Davao Oriental
2025-10-13 21:22:00,11.14,123.97,30,2.0,010km N 04° W of City Of Bogo (Cebu),Cebu
2025-10-13 21:17:00,10.91,124.0,15,1.6,015km S 07° E of City Of Bogo (Cebu),Cebu
2025-10-13 21:13:00,7.23,126.65,7,1.8,013km N 82° E of Manay (Davao Oriental),Davao Oriental
2025-10-13 21:06:00,13.61,120.47,19,2.0,021km N 02° E of Paluan (Occidental Mindoro),Occidental Mindoro
2025-10-13 21:06:00,11.07,123.99,6,2.4,003km N 17° E of City Of Bogo (Cebu),Cebu
2025-10-13 20:59:00,9.65,126.4,22,2.6,030km S 60° E of General Luna (Surigao Del Norte),Surigao Del Norte
2025-10-13 20:53:00,7.3,126.89,12,2.4,039km N 76° E of Manay (Davao Oriental),Davao Oriental
2025-10-13 20:51:00,13.68,120.42,25,1.5,019km S 75° E of Looc (Occidental Mindoro),Occidental Mindoro
2025-10-13 20:48:00,8.65,125.61,53,2.0,006km S 51° W of Esperanza (Agusan Del Sur),Agusan Del Sur
2025-10-13 20:36:00,11.06,124.06,32,2.5,009km N 82° E of City Of Bogo (Cebu),Cebu
2025-10-13 20:31:00,7.23,126.85,24,2.3,035km N 86° E of Manay (Davao Oriental),Davao Oriental
2025-10-13 20:30:00,14.99,119.9,33,1.5,019km S 68° W of San Felipe (Zambales),Zambales
2025-10-13 20:27:00,10.98,123.92,2,3.1,010km S 39° W of City Of Bogo (Cebu),Cebu
2025-10-13 20:24:00,7.03,126.99,26,4.2,053km S 67° E of Manay (Davao Oriental),Davao Oriental
2025-10-13 20:23:00,11.21,124.15,6,2.5,026km N 46° E of City Of Bogo (Cebu),Cebu
2025-10-13 20:20:00,11.21,124.14,7,2.2,025km N 44° E of City Of Bogo (Cebu),Cebu
2025-10-13 20:18:00,6.25,127.4,16,3.0,143km S 42° E of Manay (Davao Oriental),Davao Oriental
2025-10-13 20:10:00,8.96,126.51,21,2.1,023km N 79° E of Cagwait (Surigao Del Sur),Surigao Del Sur
2025-10-13 19:56:00,10.92,123.94,1,2.0,014km S 18° W of City Of Bogo (Cebu),Cebu
2025-10-13 19:52:00,7.27,126.62,23,2.0,009km S 47° E of Caraga (Davao Oriental),Davao Oriental
2025-10-13 19:49:00,7.26,126.79,13,2.6,028km N 79° E of Manay (Davao Oriental),Davao Oriental
2025-10-13 19:47:00,7.1,127.17,23,3.1,071km S 80° E of Manay (Davao Oriental),Davao Oriental
2025-10-13 19:45:00,9.11,126.9,3,2.6,069km N 77° E of Bayabas (Surigao Del Sur),Surigao Del Sur
2025-10-13 19:37:00,10.99,123.93,7,2.2,009km S 43° W of City Of Bogo (Cebu),Cebu
2025-10-13 19:35:00,10.85,123.96,1,3.2,022km S 07° W of City Of Bogo (Cebu),Cebu
2025-10-13 19:27:00,11.03,123.97,3,2.5,002km S 15° W of City Of Bogo (Cebu),Cebu
2025-10-13 19:20:00,11.04,124.11,8,2.1,014km S 86° E of City Of Bogo (Cebu),Cebu
2025-10-13 18:55:00,11.28,124.06,33,1.6,028km N 18° E of City Of Bogo (Cebu),Cebu
2025-10-13 18:49:00,13.55,120.1,33,1.6,025km S 41° W of Looc (Occidental Mindoro),Occidental Mindoro
2025-10-13 18:44:00,10.39,126.58,16,2.4,069km N 53° E of Burgos (Surigao Del Norte),Surigao Del Norte
2025-10-13 18:41:00,11.07,123.97,27,1.5,002km N 17° W of City Of Bogo (Cebu),Cebu
2025-10-13 18:31:00,10.97,124.06,32,1.4,012km S 46° E of City Of Bogo (Cebu),Cebu
2025-10-13 18:28:00,11.01,124.01,6,1.8,005km S 39° E of City Of Bogo (Cebu),Cebu
2025-10-13 18:23:00,10.07,125.1,31,1.4,007km N 78° W of San Francisco (Southern Leyte),Southern Leyte
2025-10-13 18:15:00,11.12,124.04,33,2.0,011km N 39° E of City Of Bogo (Cebu),Cebu
2025-10-13 18:12:00,11.03,124.03,7,3.2,006km S 66° E of City Of Bogo (Cebu),Cebu
2025-10-13 18:01:00,10.9,123.91,1,2.0,020km S 27° W of City Of Bogo (Cebu),Cebu
2025-10-13 18:01:00,11.14,124.16,5,1.9,022km N 62° E of City Of Bogo (Cebu),Cebu
2025-10-13 17:42:00,8.12,126.54,31,1.4,017km N 55° E of Lingig (Surigao Del Sur),Surigao Del Sur
2025-10-13 17:39:00,7.36,126.78,2,2.6,031km N 58° E of Manay (Davao Oriental),Davao Oriental
2025-10-13 17:38:00,7.27,126.62,20,1.9,011km N 51° E of Manay (Davao Oriental),Davao Oriental
2025-10-13 17:36:00,11.06,124.06,34,1.9,009km N 83° E of City Of Bogo (Cebu),Cebu
2025-10-13 17:07:00,10.98,123.94,3,2.3,008km S 30° W of City Of Bogo (Cebu),Cebu
2025-10-13 17:04:00,10.93,123.99,13,2.1,013km S 05° E of City Of Bogo (Cebu),Cebu
2025-10-13 16:56:00,10.95,123.98,1,1.9,011km S 04° W of City Of Bogo (Cebu),Cebu
2025-10-13 16:47:00,8.79,126.47,26,1.4,024km S 53° E of Cagwait (Surigao Del Sur),Surigao Del Sur
2025-10-13 16:08:00,6.71,126.62,26,1.9,056km S 09° E of Manay (Davao Oriental),Davao Oriental
2025-10-13 15:52:00,16.38,120.85,33,1.7,005km N 60° W of Kayapa (Nueva Vizcaya),Nueva Vizcaya
2025-10-13 15:31:00,11.09,123.97,32,2.2,005km N 19° W of City Of Bogo (Cebu),Cebu
2025-10-13 15:25:00,11.02,124.04,12,2.6,007km S 67° E of City Of Bogo (Cebu),Cebu
2025-10-13 15:22:00,11.25,123.96,33,1.7,022km N 06° W of City Of Bogo (Cebu),Cebu
2025-10-13 15:12:00,11.18,124.06,32,2.2,017km N 33° E of City Of Bogo (Cebu),Cebu
2025-10-13 15:05:00,13.58,120.89,32,1.8,009km S 10° E of Tingloy (Batangas),Batangas
2025-10-13 14:44:00,7.32,126.67,13,2.3,019km N 50° E of Manay (Davao Oriental),Davao Oriental
2025-10-13 14:07:00,6.99,127.33,13,2.5,090km S 75° E of Manay (Davao Oriental),Davao Oriental
2025-10-13 14:06:00,11.05,124.13,9,2.5,016km N 90° E of City Of Bogo (Cebu),Cebu
2025-10-13 14:00:00,11.04,123.94,18,2.4,005km S 86° W of City Of Bogo (Cebu),Cebu
2025-10-13 13:53:00,10.43,125.93,34,1.9,040km N 79° E of Loreto (Dinagat Islands),Dinagat Islands
2025-10-13 13:41:00,7.16,126.65,20,2.5,013km S 64° E of Manay (Davao Oriental),Davao Oriental
2025-10-13 13:37:00,11.1,124.0,32,1.2,006km N 19° E of City Of Bogo (Cebu),Cebu
2025-10-13 13:37:00,11.15,124.04,30,1.2,014km N 29° E of City Of Bogo (Cebu),Cebu
2025-10-13 13:31:00,7.4,126.84,31,3.6,039km N 57° E of Manay (Davao Oriental),Davao Oriental
2025-10-13 13:08:00,13.57,120.8,3,3.1,016km N 28° E of Abra De Ilog (Occidental Mindoro),Occidental Mindoro
2025-10-13 13:06:00,11.11,124.0,34,1.7,007km N 19° E of City Of Bogo (Cebu),Cebu
2025-10-13 12:56:00,7.27,126.92,34,2.1,043km N 80° E of Manay (Davao Oriental),Davao Oriental
2025-10-13 12:47:00,7.31,127.0,18,4.0,052km N 77° E of Manay (Davao Oriental),Davao Oriental
2025-10-13 12:44:00,11.07,124.06,35,2.0,010km N 75° E of City Of Bogo (Cebu),Cebu
2025-10-13 12:38:00,11.06,123.98,35,1.4,002km N 14° E of City Of Bogo (Cebu),Cebu
2025-10-13 12:30:00,6.93,127.06,18,3.1,065km S 62° E of Manay (Davao Oriental),Davao Oriental
2025-10-13 12:20:00,11.11,124.03,33,2.3,009km N 37° E of City Of Bogo (Cebu),Cebu
2025-10-13 11:59:00,8.83,126.43,8,2.3,017km S 57° E of Cagwait (Surigao Del Sur),Surigao Del Sur
2025-10-13 11:55:00,10.96,123.94,3,3.3,010km S 22° W of City Of Bogo (Cebu),Cebu
2025-10-13 11:51:00,13.59,120.85,4,2.0,015km N 48° W of Puerto Galera (Oriental Mindoro),Oriental Mindoro
2025-10-13 11:45:00,10.96,123.9,3,2.6,014km S 42° W of City Of Bogo (Cebu),Cebu
2025-10-13 11:39:00,6.95,127.29,37,2.4,088km S 71° E of Manay (Davao Oriental),Davao Oriental
2025-10-13 11:28:00,7.27,126.84,32,2.7,034km N 79° E of Manay (Davao Oriental),Davao Oriental
2025-10-13 11:22:00,13.55,120.82,33,1.3,016km N 69° W of Puerto Galera (Oriental Mindoro),Oriental Mindoro
2025-10-13 11:13:00,13.56,120.97,6,2.8,007km N 14° E of Puerto Galera (Oriental Mindoro),Oriental Mindoro
2025-10-13 11:03:00,10.01,126.21,28,2.1,014km S 87° E of Burgos (Surigao Del Norte),Surigao Del Norte
2025-10-13 11:01:00,11.1,124.02,33,2.0,008km N 36° E of City Of Bogo (Cebu),Cebu
2025-10-13 10:45:00,7.36,126.81,25,2.0,034km N 61° E of Manay (Davao Oriental),Davao Oriental
2025-10-13 10:35:00,13.6,120.83,5,2.9,008km S 37° W of Tingloy (Batangas),Batangas
2025-10-13 10:35:00,11.09,124.03,33,1.7,007km N 46° E of City Of Bogo (Cebu),Cebu
2025-10-13 10:26:00,7.67,126.64,21,2.1,014km N 39° E of Baganga (Davao Oriental),Davao Oriental
2025-10-13 10:23:00,13.74,120.48,88,2.4,019km S 59° W of Calatagan (Batangas),Batangas
2025-10-13 10:21:00,11.11,124.06,34,2.1,011km N 48° E of City Of Bogo (Cebu),Cebu
2025-10-13 10:16:00,11.03,124.03,33,1.6,006km S 72° E of City Of Bogo (Cebu),Cebu
2025-10-13 10:14:00,11.05,124.06,2,2.2,009km N 88° E of City Of Bogo (Cebu),Cebu
2025-10-13 10:08:00,10.98,123.93,6,2.2,009km S 34° W of City Of Bogo (Cebu),Cebu
2025-10-13 10:03:00,12.16,121.85,6,2.9,016km N 50° W of San Jose (Romblon),Romblon
2025-10-13 10:01:00,7.42,126.62,28,3.0,025km N 21° E of Manay (Davao Oriental),Davao Oriental
2025-10-13 09:55:00,11.17,124.23,31,1.6,030km N 64° E of City Of Bogo (Cebu),Cebu
2025-10-13 09:54:00,7.45,126.79,34,1.7,038km N 47° E of Manay (Davao Oriental),Davao Oriental
2025-10-13 09:54:00,11.13,124.04,32,2.0,012km N 37° E of City Of Bogo (Cebu),Cebu
2025-10-13 09:51:00,11.06,124.02,33,1.5,005km N 72° E of City Of Bogo (Cebu),Cebu
2025-10-13 09:49:00,6.93,126.86,20,3.1,048km S 49° E of Manay (Davao Oriental),Davao Oriental
2025-10-13 09:35:00,11.18,124.09,30,2.6,019km N 39° E of City Of Bogo (Cebu),Cebu
2025-10-13 09:20:00,6.96,126.89,26,2.9,047km S 54° E of Manay (Davao Oriental),Davao Oriental
2025-10-13 09:10:00,10.96,123.9,1,2.5,014km S 42° W of City Of Bogo (Cebu),Cebu
2025-10-13 09:03:00,11.02,123.91,4,3.1,009km S 71° W of City Of Bogo (Cebu),Cebu
2025-10-13 08:51:00,11.18,123.95,20,2.4,015km N 13° W of City Of Bogo (Cebu),Cebu
2025-10-13 08:40:00,10.97,123.91,1,3.2,011km S 44° W of City Of Bogo (Cebu),Cebu
2025-10-13 08:37:00,6.8,127.1,8,3.0,077km S 54° E of Manay (Davao Oriental),Davao Oriental
2025-10-13 08:32:00,11.12,124.08,34,2.0,014km N 53° E of City Of Bogo (Cebu),Cebu
2025-10-13 08:30:00,11.1,124.04,34,2.3,009km N 48° E of City Of Bogo (Cebu),Cebu
2025-10-13 08:18:00,10.94,123.87,1,2.2,017km S 46° W of City Of Bogo (Cebu),Cebu
2025-10-13 08:11:00,11.03,124.05,29,1.6,008km S 75° E of City Of Bogo (Cebu),Cebu
2025-10-13 07:56:00,10.97,123.95,5,2.6,009km N 71° W of Tabogon (Cebu),Cebu
2025-10-13 07:39:00,11.05,124.08,29,2.0,010km N 88° E of City Of Bogo (Cebu),Cebu
2025-10-13 07:29:00,10.98,123.93,7,2.7,009km S 35° W of City Of Bogo (Cebu),Cebu
2025-10-13 07:12:00,11.03,123.99,2,2.1,002km S 22° E of City Of Bogo (Cebu),Cebu
2025-10-13 07:09:00,11.02,124.02,4,3.1,005km S 64° E of City Of Bogo (Cebu),Cebu
2025-10-13 07:04:00,11.21,124.13,33,2.4,024km N 43° E of City Of Bogo (Cebu),Cebu
2025-10-13 06:53:00,10.92,123.88,1,2.4,018km S 36° W of City Of Bogo (Cebu),Cebu
2025-10-13 06:23:00,11.19,124.2,33,2.5,029km N 57° E of City Of Bogo (Cebu),Cebu
2025-10-13 06:20:00,11.15,124.06,37,2.1,015km N 39° E of City Of Bogo (Cebu),Cebu
2025-10-13 06:19:00,11.02,124.02,24,2.4,005km S 56° E of City Of Bogo (Cebu),Cebu
2025-10-13 06:15:00,11.2,124.01,19,2.6,018km N 12° E of City Of Bogo (Cebu),Cebu
2025-10-13 06:03:00,11.12,124.01,16,1.5,009km N 22° E of City Of Bogo (Cebu),Cebu
2025-10-13 05:48:00,11.1,123.97,32,3.3,006km N 12° W of City Of Bogo (Cebu),Cebu
2025-10-13 05:44:00,10.96,123.92,1,1.7,011km S 33° W of City Of Bogo (Cebu),Cebu
2025-10-13 05:42:00,11.04,124.0,31,2.2,003km S 83° E of City Of Bogo (Cebu),Cebu
2025-10-13 05:40:00,11.09,123.96,33,2.2,005km N 21° W of City Of Bogo (Cebu),Cebu
2025-10-13 05:31:00,7.37,126.68,20,2.4,023km N 41° E of Manay (Davao Oriental),Davao Oriental
2025-10-13 05:30:00,10.94,123.94,1,2.3,012km S 20° W of City Of Bogo (Cebu),Cebu
2025-10-13 05:18:00,11.14,124.1,32,2.0,017km N 52° E of City Of Bogo (Cebu),Cebu
2025-10-13 05:10:00,11.02,123.96,18,2.5,004km S 28° W of City Of Bogo (Cebu),Cebu
2025-10-13 05:02:00,11.26,123.5,29,2.8,040km N 32° E of City Of Cadiz (Negros Occidental),Negros Occidental
2025-10-13 05:00:00,11.06,123.94,19,1.8,004km N 66° W of City Of Bogo (Cebu),Cebu
2025-10-13 04:50:00,7.32,127.11,11,2.7,064km N 79° E of Manay (Davao Oriental),Davao Oriental
2025-10-13 04:48:00,7.11,127.02,14,3.0,054km S 78° E of Manay (Davao Oriental),Davao Oriental
2025-10-13 04:36:00,10.94,123.91,5,2.2,014km S 34° W of City Of Bogo (Cebu),Cebu
2025-10-13 04:29:00,11.07,123.97,20,2.2,003km N 16° W of City Of Bogo (Cebu),Cebu
2025-10-13 04:26:00,8.82,125.67,33,2.5,003km S 88° W of Sibagat (Agusan Del Sur),Agusan Del Sur
2025-10-13 04:20:00,11.01,123.9,32,2.2,009km S 62° W of City Of Bogo (Cebu),Cebu
2025-10-13 04:18:00,7.31,126.98,17,3.0,049km N 77° E of Manay (Davao Oriental),Davao Oriental
2025-10-13 04:18:00,11.02,123.92,28,2.1,007km S 71° W of City Of Bogo (Cebu),Cebu
2025-10-13 04:17:00,11.06,123.92,32,2.3,007km N 73° W of City Of Bogo (Cebu),Cebu
2025-10-13 04:10:00,10.96,123.96,5,2.4,009km S 10° W of City Of Bogo (Cebu),Cebu
2025-10-13 04:07:00,9.89,126.24,24,2.2,015km N 39° E of General Luna (Surigao Del Norte),Surigao Del Norte
2025-10-13 03:49:00,7.37,127.02,20,4.3,056km N 72° E of Manay (Davao Oriental),Davao Oriental
2025-10-13 03:49:00,11.0,123.95,7,4.0,006km S 30° W of City Of Bogo (Cebu),Cebu
2025-10-13 03:45:00,11.16,124.07,30,2.4,015km N 38° E of City Of Bogo (Cebu),Cebu
2025-10-13 03:42:00,20.69,120.32,33,3.0,159km S 86° W of Itbayat (Batanes),Batanes
2025-10-13 03:40:00,11.02,123.88,33,2.5,011km S 77° W of City Of Bogo (Cebu),Cebu
2025-10-13 03:33:00,10.96,123.93,4,3.3,011km S 27° W of City Of Bogo (Cebu),Cebu
2025-10-13 03:26:00,10.99,123.97,29,2.9,007km S 10° W of City Of Bogo (Cebu),Cebu
2025-10-13 03:21:00,7.1,127.12,19,3.1,066km S 79° E of Manay (Davao Oriental),Davao Oriental
2025-10-13 03:18:00,11.04,124.02,1,4.3,004km S 81° E of City Of Bogo (Cebu),Cebu
2025-10-13 03:12:00,11.02,123.89,10,3.0,010km S 74° W of City Of Bogo (Cebu),Cebu
2025-10-13 03:11:00,10.96,123.96,11,1.6,010km S 13° W of City Of Bogo (Cebu),Cebu
2025-10-13 03:06:00,18.82,121.46,20,2.6,010km S 68° E of Fuga Island (Aparri) (Cagayan),Cagayan
2025-10-13 03:05:00,7.02,126.85,24,3.5,040km S 58° E of Manay (Davao Oriental),Davao Oriental
2025-10-13 03:03:00,11.0,123.97,7,2.3,006km S 12° W of City Of Bogo (Cebu),Cebu
2025-10-13 02:58:00,11.13,123.94,34,2.6,010km N 23° W of City Of Bogo (Cebu),Cebu
2025-10-13 02:55:00,11.03,123.99,7,2.3,002km S 27° E of City Of Bogo (Cebu),Cebu
2025-10-13 02:51:00,13.45,120.2,18,2.8,029km N 82° W of Paluan (Occidental Mindoro),Occidental Mindoro
2025-10-13 02:51:00,10.98,123.95,6,3.7,008km S 27° W of City Of Bogo (Cebu),Cebu
2025-10-13 02:50:00,13.39,120.15,19,3.1,034km S 85° W of Paluan (Occidental Mindoro),Occidental Mindoro
2025-10-13 02:47:00,10.94,123.89,5,2.7,017km S 39° W of City Of Bogo (Cebu),Cebu
2025-10-13 02:38:00,11.13,123.99,33,1.5,009km N 07° E of City Of Bogo (Cebu),Cebu
2025-10-13 02:36:00,10.99,123.88,22,1.5,012km S 60° W of City Of Bogo (Cebu),Cebu
2025-10-13 02:34:00,11.08,123.97,29,2.8,004km N 12° W of City Of Bogo (Cebu),Cebu
2025-10-13 02:32:00,10.93,123.91,8,2.1,015km S 29° W of City Of Bogo (Cebu),Cebu
2025-10-13 02:28:00,11.02,124.0,13,2.3,003km S 40° E of City Of Bogo (Cebu),Cebu
2025-10-13 02:24:00,10.96,123.93,8,3.4,010km S 28° W of City Of Bogo (Cebu),Cebu
2025-10-13 02:10:00,11.05,123.95,13,2.7,004km N 79° W of City Of Bogo (Cebu),Cebu
2025-10-13 02:01:00,10.99,123.95,3,2.9,008km S 20° W of City Of Bogo (Cebu),Cebu
2025-10-13 01:58:00,11.0,123.92,7,3.0,009km S 51° W of City Of Bogo (Cebu),Cebu
2025-10-13 01:50:00,10.97,123.94,7,3.5,010km S 28° W of City Of Bogo (Cebu),Cebu
2025-10-13 01:42:00,11.08,124.08,10,2.3,012km N 72° E of City Of Bogo (Cebu),Cebu
2025-10-13 01:37:00,7.33,127.36,30,4.4,091km N 82° E of Manay (Davao Oriental),Davao Oriental
2025-10-13 01:32:00,10.96,124.1,32,2.3,017km S 53° E of City Of Bogo (Cebu),Cebu
2025-10-13 01:31:00,10.99,123.9,6,3.9,011km S 54° W of City Of Bogo (Cebu),Cebu
2025-10-13 01:29:00,10.99,123.99,2,2.0,007km S 05° E of City Of Bogo (Cebu),Cebu
2025-10-13 01:24:00,10.97,123.92,8,3.4,011km S 37° W of City Of Bogo (Cebu),Cebu
2025-10-13 01:22:00,11.05,124.03,22,1.8,006km N 83° E of City Of Bogo (Cebu),Cebu
2025-10-13 01:19:00,10.99,123.91,3,2.8,009km S 52° W of City Of Bogo (Cebu),Cebu
2025-10-13 01:14:00,10.97,123.92,5,3.6,010km S 37° W of City Of Bogo (Cebu),Cebu
2025-10-13 01:11:00,7.38,126.88,23,3.4,042km N 63° E of Manay (Davao Oriental),Davao Oriental
2025-10-13 01:06:00,10.96,123.94,5,5.8,010km S 24° W of City Of Bogo (Cebu),Cebu
2025-10-13 00:55:00,6.91,127.03,18,2.7,063km S 58° E of Manay (Davao Oriental),Davao Oriental
2025-10-13 00:50:00,7.35,126.8,25,2.9,033km N 62° E of Manay (Davao Oriental),Davao Oriental
2025-10-13 00:49:00,6.94,127.19,21,3.2,078km S 67° E of Manay (Davao Oriental),Davao Oriental
2025-10-13 00:44:00,11.01,124.0,5,1.9,004km S 35° E of City Of Bogo (Cebu),Cebu
2025-10-13 00:39:00,7.04,127.01,13,2.7,055km S 70° E of Manay (Davao Oriental),Davao Oriental
2025-10-13 00:40:00,10.96,123.99,19,1.7,010km S 06° E of City Of Bogo (Cebu),Cebu
2025-10-13 00:39:00,11.18,124.07,24,2.0,018km N 35° E of City Of Bogo (Cebu),Cebu
2025-10-13 00:35:00,11.02,123.88,2,2.4,011km S 76° W of City Of Bogo (Cebu),Cebu
2025-10-13 00:32:00,11.15,124.13,6,2.3,020km N 55° E of City Of Bogo (Cebu),Cebu
2025-10-13 00:26:00,9.53,126.31,22,3.1,031km N 25° E of Cortes (Surigao Del Sur),Surigao Del Sur
2025-10-13 00:09:00,17.57,119.99,13,2.6,042km S 89° W of City Of Vigan (Ilocos Sur),Ilocos Sur
2025-10-13 00:07:00,11.15,123.97,15,2.3,012km N 05° W of City Of Bogo (Cebu),Cebu
2025-10-13 00:00:00,11.14,124.16,7,2.3,022km N 63° E of City Of Bogo (Cebu),Cebu
2025-10-13 00:00:00,7.39,126.82,10,3.3,037km N 57° E of Manay (Davao Oriental),Davao Oriental
2025-10-12 23:52:00,11.29,124.24,8,2.2,019km N 63° W of Villaba (Leyte),Leyte
2025-10-12 23:50:00,11.04,123.96,21,3.1,002km S 68° W of City Of Bogo (Cebu),Cebu
2025-10-12 23:43:00,11.15,124.13,2,2.6,021km N 55° E of City Of Bogo (Cebu),Cebu
2025-10-12 23:43:00,11.17,124.08,24,2.4,017km N 38° E of City Of Bogo (Cebu),Cebu
2025-10-12 23:34:00,10.12,126.24,33,2.0,021km N 59° E of Burgos (Surigao Del Norte),Surigao Del Norte
2025-10-12 23:32:00,7.11,127.19,25,2.5,073km S 81° E of Manay (Davao Oriental),Davao Oriental
2025-10-12 23:24:00,11.08,124.1,19,2.0,014km N 77° E of City Of Bogo (Cebu),Cebu
2025-10-12 23:18:00,11.09,124.04,5,2.8,008km N 54° E of City Of Bogo (Cebu),Cebu
2025-10-12 23:14:00,11.02,124.02,34,1.5,005km S 63° E of City Of Bogo (Cebu),Cebu
2025-10-12 23:13:00,7.97,126.83,16,2.3,046km N 65° E of Cateel (Davao Oriental),Davao Oriental
2025-10-12 23:13:00,10.88,123.84,5,2.2,025km S 40° W of City Of Bogo (Cebu),Cebu
2025-10-12 23:02:00,11.18,124.1,8,2.4,020km N 42° E of City Of Bogo (Cebu),Cebu
2025-10-12 23:01:00,7.24,126.75,23,2.5,024km N 82° E of Manay (Davao Oriental),Davao Oriental
2025-10-12 23:00:00,13.78,122.8,9,1.9,004km S 14° E of Ragay (Camarines Sur),Camarines Sur
2025-10-12 22:58:00,11.23,124.01,13,1.2,020km N 08° E of City Of Bogo (Cebu),Cebu
2025-10-12 22:58:00,7.23,127.0,11,3.4,051km N 88° E of Manay (Davao Oriental),Davao Oriental
2025-10-12 22:53:00,11.16,124.13,33,2.2,021km N 52° E of City Of Bogo (Cebu),Cebu
2025-10-12 22:48:00,11.09,124.05,33,1.7,009km N 61° E of City Of Bogo (Cebu),Cebu
2025-10-12 22:43:00,7.19,126.87,10,4.5,036km S 86° E of Manay (Davao Oriental),Davao Oriental
2025-10-12 22:30:00,16.83,120.23,13,2.6,017km S 81° W of Luna (La Union),La Union
2025-10-12 22:28:00,11.13,124.11,33,2.0,017km N 57° E of City Of Bogo (Cebu),Cebu
2025-10-12 22:21:00,13.52,120.33,1,2.0,018km N 50° W of Paluan (Occidental Mindoro),Occidental Mindoro
2025-10-12 22:06:00,11.15,124.04,30,1.8,013km N 30° E of City Of Bogo (Cebu),Cebu
2025-10-12 22:04:00,7.41,126.86,22,1.8,042km N 59° E of Manay (Davao Oriental),Davao Oriental
2025-10-12 21:58:00,14.74,119.06,29,3.0,111km S 78° W of San Antonio (Zambales),Zambales
2025-10-12 21:56:00,8.95,126.33,30,1.5,005km N 42° E of Cagwait (Surigao Del Sur),Surigao Del Sur
2025-10-12 21:51:00,11.18,124.02,20,2.7,015km N 16° E of City Of Bogo (Cebu),Cebu
2025-10-12 21:45:00,7.04,126.75,1,3.4,030km S 50° E of Manay (Davao Oriental),Davao Oriental
2025-10-12 21:44:00,11.05,124.1,33,1.3,014km N 87° E of City Of Bogo (Cebu),Cebu
2025-10-12 21:42:00,11.21,124.13,28,2.1,025km N 42° E of City Of Bogo (Cebu),Cebu
2025-10-12 21:36:00,7.29,127.11,57,2.5,063km N 82° E of Manay (Davao Oriental),Davao Oriental
2025-10-12 21:36:00,11.24,124.06,28,2.6,023km N 22° E of City Of Bogo (Cebu),Cebu
2025-10-12 21:30:00,10.44,123.1,6,2.3,014km N 66° W of City Of Canlaon (Negros Oriental),Negros Oriental
2025-10-12 21:26:00,7.31,126.85,13,1.8,035km N 72° E of Manay (Davao Oriental),Davao Oriental
2025-10-12 21:19:00,11.25,124.14,9,2.1,028km N 38° E of City Of Bogo (Cebu),Cebu
2025-10-12 21:18:00,11.14,123.97,3,1.9,011km N 07° W of City Of Bogo (Cebu),Cebu
2025-10-12 21:02:00,11.21,123.78,1,2.1,028km N 51° W of City Of Bogo (Cebu),Cebu
2025-10-12 20:55:00,6.52,125.93,32,2.4,022km S 49° W of Governor Generoso (Davao Oriental),Davao Oriental
2025-10-12 20:40:00,10.96,123.85,20,2.2,017km S 56° W of City Of Bogo (Cebu),Cebu
2025-10-12 20:39:00,10.9,123.88,6,3.5,019km S 33° W of City Of Bogo (Cebu),Cebu
2025-10-12 20:35:00,11.13,123.93,8,1.2,010km N 31° W of City Of Bogo (Cebu),Cebu
2025-10-12 20:19:00,13.43,120.28,6,3.0,020km N 85° W of Paluan (Occidental Mindoro),Occidental Mindoro
2025-10-12 20:13:00,6.74,126.3,21,2.2,025km S 21° E of City Of Mati (Davao Oriental),Davao Oriental
2025-10-12 20:10:00,5.77,124.32,9,3.3,037km S 32° W of Maitum (Sarangani),Sarangani
2025-10-12 20:01:00,11.12,124.06,17,2.0,012km N 48° E of City Of Bogo (Cebu),Cebu
2025-10-12 19:59:00,11.15,124.16,10,1.9,023km N 59° E of City Of Bogo (Cebu),Cebu
2025-10-12 19:54:00,5.8,124.28,25,4.2,038km S 40° W of Maitum (Sarangani),Sarangani
2025-10-12 19:45:00,11.05,124.04,31,1.8,007km S 89° E of City Of Bogo (Cebu),Cebu
2025-10-12 19:41:00,11.18,123.91,31,2.8,016km N 27° W of City Of Bogo (Cebu),Cebu
2025-10-12 19:37:00,8.0,125.88,32,2.3,020km S 08° E of Loreto (Agusan Del Sur),Agusan Del Sur
2025-10-12 19:37:00,11.11,123.93,25,1.7,008km N 39° W of City Of Bogo (Cebu),Cebu
2025-10-12 19:31:00,13.78,120.6,95,1.9,006km S 33° W of Calatagan (Batangas),Batangas
2025-10-12 19:15:00,11.06,124.07,30,1.9,010km N 81° E of City Of Bogo (Cebu),Cebu
2025-10-12 19:06:00,11.26,124.02,12,1.6,024km N 09° E of City Of Bogo (Cebu),Cebu
2025-10-12 19:02:00,7.15,126.97,13,2.4,048km S 82° E of Manay (Davao Oriental),Davao Oriental
2025-10-12 19:01:00,11.15,124.16,12,1.9,023km N 59° E of City Of Bogo (Cebu),Cebu
2025-10-12 18:57:00,11.05,124.03,19,1.7,006km S 89° E of City Of Bogo (Cebu),Cebu
2025-10-12 18:51:00,8.93,126.48,26,2.2,020km N 85° E of Cagwait (Surigao Del Sur),Surigao Del Sur
2025-10-12 18:46:00,7.38,126.64,3,1.9,022km N 30° E of Manay (Davao Oriental),Davao Oriental
2025-10-12 18:46:00,7.43,126.31,26,1.4,023km S 57° E of New Bataan (Davao De Oro),Davao De Oro
2025-10-12 18:33:00,6.05,126.73,35,3.7,098km S 48° E of Governor Generoso (Davao Oriental),Davao Oriental
2025-10-12 18:27:00,7.29,126.94,14,3.3,045km N 79° E of Manay (Davao Oriental),Davao Oriental
2025-10-12 18:03:00,11.16,123.99,20,2.1,012km N 08° E of City Of Bogo (Cebu),Cebu
2025-10-12 17:59:00,11.24,123.94,15,2.2,022km N 12° W of City Of Bogo (Cebu),Cebu
2025-10-12 17:51:00,11.1,124.12,1,3.6,016km N 69° E of City Of Bogo (Cebu),Cebu
2025-10-12 17:44:00,8.98,126.32,29,4.0,008km N 18° E of Cagwait (Surigao Del Sur),Surigao Del Sur
2025-10-12 17:35:00,7.34,126.62,10,2.4,017km N 31° E of Manay (Davao Oriental),Davao Oriental
2025-10-12 17:15:00,7.17,126.86,20,2.8,036km S 83° E of Manay (Davao Oriental),Davao Oriental
2025-10-12 17:07:00,7.24,126.97,26,3.3,048km N 87° E of Manay (Davao Oriental),Davao Oriental
2025-10-12 16:58:00,16.57,120.22,20,2.4,012km S 62° W of City Of San Fernando (La Union),La Union
2025-10-12 16:37:00,7.32,126.87,28,2.9,038km N 71° E of Manay (Davao Oriental),Davao Oriental
2025-10-12 16:33:00,6.77,126.94,23,2.6,066km S 42° E of Manay (Davao Oriental),Davao Oriental
2025-10-12 16:30:00,7.02,126.98,20,3.2,052km S 67° E of Manay (Davao Oriental),Davao Oriental
2025-10-12 16:30:00,10.45,123.0,3,2.4,009km N 74° E of City Of La Carlota (Negros Occidental),Negros Occidental
2025-10-12 16:27:00,7.24,126.81,26,3.3,031km N 83° E of Manay (Davao Oriental),Davao Oriental
2025-10-12 16:20:00,11.04,124.07,3,2.3,010km S 87° E of City Of Bogo (Cebu),Cebu
2025-10-12 16:04:00,7.34,127.0,13,2.4,052km N 75° E of Manay (Davao Oriental),Davao Oriental
2025-10-12 15:48:00,11.19,124.14,34,1.5,024km N 48° E of City Of Bogo (Cebu),Cebu
2025-10-12 15:41:00,11.25,124.1,9,2.9,027km N 31° E of City Of Bogo (Cebu),Cebu
2025-10-12 15:40:00,11.21,124.15,9,2.3,026km N 45° E of City Of Bogo (Cebu),Cebu
2025-10-12 15:35:00,11.17,124.18,34,2.1,026km N 58° E of City Of Bogo (Cebu),Cebu
2025-10-12 15:22:00,7.25,126.81,5,2.5,031km N 81° E of Manay (Davao Oriental),Davao Oriental
2025-10-12 14:56:00,8.82,127.31,12,4.0,112km S 85° E of Cagwait (Surigao Del Sur),Surigao Del Sur
2025-10-12 14:50:00,10.74,125.38,68,2.8,034km N 45° E of Silago (Southern Leyte),Southern Leyte
2025-10-12 14:45:00,7.24,126.63,23,2.2,011km N 75° E of Manay (Davao Oriental),Davao Oriental
2025-10-12 14:36:00,11.33,124.16,22,2.0,037km N 32° E of City Of Bogo (Cebu),Cebu
2025-10-12 14:27:00,20.65,121.51,22,2.9,038km S 65° W of Itbayat (Batanes),Batanes
2025-10-12 14:13:00,7.63,126.44,122,2.0,015km N 64° W of Baganga (Davao Oriental),Davao Oriental
2025-10-12 14:10:00,11.1,124.04,32,2.0,009km N 46° E of City Of Bogo (Cebu),Cebu
2025-10-12 14:08:00,10.93,123.97,9,1.7,013km S 04° W of City Of Bogo (Cebu),Cebu
2025-10-12 13:48:00,7.25,127.07,18,3.5,059km N 85° E of Manay (Davao Oriental),Davao Oriental
2025-10-12 13:35:00,10.9,123.94,2,2.8,017km S 16° W of City Of Bogo (Cebu),Cebu
2025-10-12 13:29:00,7.05,126.93,23,3.4,047km S 68° E of Manay (Davao Oriental),Davao Oriental
2025-10-12 13:26:00,13.67,120.64,118,2.0,018km S 01° E of Calatagan (Batangas),Batangas
2025-10-12 13:24:00,10.51,123.1,15,1.9,029km S 84° E of City Of Bago (Negros Occidental),Negros Occidental
2025-10-12 13:19:00,11.18,124.1,33,2.2,020km N 41° E of City Of Bogo (Cebu),Cebu
2025-10-12 12:59:00,7.11,126.64,33,2.8,015km S 44° E of Manay (Davao Oriental),Davao Oriental
2025-10-12 11:44:00,13.43,120.58,24,1.6,013km N 86° E of Paluan (Occidental Mindoro),Occidental Mindoro
2025-10-12 11:37:00,7.07,126.84,8,3.1,037km S 65° E of Manay (Davao Oriental),Davao Oriental
2025-10-12 11:21:00,7.05,127.15,6,2.8,070km S 75° E of Manay (Davao Oriental),Davao Oriental
2025-10-12 11:16:00,11.3,123.86,13,2.9,031km N 24° W of City Of Bogo (Cebu),Cebu
2025-10-12 10:59:00,7.12,127.12,23,2.9,065km S 81° E of Manay (Davao Oriental),Davao Oriental
2025-10-12 10:49:00,11.1,124.15,33,1.9,020km N 74° E of City Of Bogo (Cebu),Cebu
2025-10-12 10:37:00,6.49,125.89,28,2.4,027km S 48° W of Governor Generoso (Davao Oriental),Davao Oriental
2025-10-12 10:27:00,7.85,126.77,14,2.5,036km N 80° E of Cateel (Davao Oriental),Davao Oriental
2025-10-12 10:23:00,13.64,120.2,15,2.2,011km S 30° W of Looc (Occidental Mindoro),Occidental Mindoro
2025-10-12 10:04:00,11.07,124.08,7,2.1,012km N 77° E of City Of Bogo (Cebu),Cebu
2025-10-12 09:48:00,7.07,126.86,28,2.6,039km S 66° E of Manay (Davao Oriental),Davao Oriental
2025-10-12 09:25:00,7.13,127.0,25,3.6,052km S 79° E of Manay (Davao Oriental),Davao Oriental
2025-10-12 09:01:00,13.99,120.52,114,1.7,015km S 50° W of Nasugbu (Batangas),Batangas
2025-10-12 08:59:00,11.12,124.07,11,2.2,013km N 52° E of City Of Bogo (Cebu),Cebu
2025-10-12 08:47:00,7.37,127.04,9,2.9,053km N 84° E of Caraga (Davao Oriental),Davao Oriental
2025-10-12 08:45:00,9.8,126.61,8,3.5,049km N 88° E of General Luna (Surigao Del Norte),Surigao Del Norte
2025-10-12 08:45:00,11.12,124.04,30,2.2,011km N 40° E of City Of Bogo (Cebu),Cebu
2025-10-12 08:38:00,7.21,127.01,18,2.2,052km S 89° E of Manay (Davao Oriental),Davao Oriental
2025-10-12 08:34:00,8.48,126.29,74,2.8,014km N 24° W of Hinatuan (Surigao Del Sur),Surigao Del Sur
2025-10-12 08:32:00,11.11,124.08,33,1.9,013km N 58° E of City Of Bogo (Cebu),Cebu
2025-10-12 08:03:00,11.01,124.11,5,2.8,014km S 73° E of City Of Bogo (Cebu),Cebu
2025-10-12 07:56:00,7.95,127.6,14,3.5,122km N 70° E of Baganga (Davao Oriental),Davao Oriental
2025-10-12 07:36:00,11.14,124.09,9,2.3,016km N 49° E of City Of Bogo (Cebu),Cebu
2025-10-12 07:35:00,15.0,119.78,10,3.0,032km S 77° W of San Felipe (Zambales),Zambales
2025-10-12 07:21:00,11.02,123.91,2,2.4,008km S 66° W of City Of Bogo (Cebu),Cebu
2025-10-12 07:20:00,7.16,126.9,27,2.3,040km S 83° E of Manay (Davao Oriental),Davao Oriental
2025-10-12 07:16:00,11.15,124.07,8,2.3,015km N 41° E of City Of Bogo (Cebu),Cebu
2025-10-12 07:11:00,13.11,120.59,27,3.0,013km S 01° W of Mamburao (Occidental Mindoro),Occidental Mindoro
2025-10-12 07:04:00,3.69,126.4,14,4.1,219km S 30° E of Balut Island (Municipality Of Sarangani) (Davao Occidental),Davao Occidental
2025-10-12 07:02:00,11.05,124.01,2,2.2,004km S 51° E of City Of Bogo (Cebu),Cebu
2025-10-12 07:00:00,7.69,126.59,17,1.8,013km N 13° E of Baganga (Davao Oriental),Davao Oriental
2025-10-12 06:53:00,7.3,126.74,20,2.6,025km N 66° E of Manay (Davao Oriental),Davao Oriental
2025-10-12 06:50:00,7.22,126.8,25,2.3,029km N 88° E of Manay (Davao Oriental),Davao Oriental
2025-10-12 06:48:00,8.92,126.65,34,1.8,038km N 90° E of Cagwait (Surigao Del Sur),Surigao Del Sur
2025-10-12 06:37:00,7.21,127.01,32,1.4,052km N 90° E of Manay (Davao Oriental),Davao Oriental
2025-10-12 06:34:00,7.35,127.36,19,2.8,092km N 80° E of Manay (Davao Oriental),Davao Oriental
2025-10-12 06:18:00,7.31,127.08,11,2.1,061km N 80° E of Manay (Davao Oriental),Davao Oriental
2025-10-12 06:04:00,7.27,127.04,15,2.8,056km N 83° E of Manay (Davao Oriental),Davao Oriental
2025-10-12 05:56:00,7.26,126.83,21,2.3,032km N 80° E of Manay (Davao Oriental),Davao Oriental
2025-10-12 05:55:00,11.04,124.04,23,1.6,007km S 83° E of City Of Bogo (Cebu),Cebu
2025-10-12 05:52:00,7.11,127.14,45,1.8,067km S 80° E of Manay (Davao Oriental),Davao Oriental
2025-10-12 05:49:00,7.43,127.23,77,2.8,080km N 73° E of Manay (Davao Oriental),Davao Oriental
2025-10-12 05:38:00,11.08,124.05,5,3.0,008km N 62° E of City Of Bogo (Cebu),Cebu
2025-10-12 05:34:00,11.1,124.1,21,2.3,014km N 65° E of City Of Bogo (Cebu),Cebu
2025-10-12 05:24:00,11.15,123.98,27,1.4,012km N 02° E of City Of Bogo (Cebu),Cebu
2025-10-12 05:21:00,11.55,124.33,23,1.6,008km S 76° W of Naval (Biliran),Biliran
2025-10-12 05:16:00,7.54,126.69,25,1.8,040km N 24° E of Manay (Davao Oriental),Davao Oriental
2025-10-12 05:14:00,11.12,124.02,33,2.0,010km N 27° E of City Of Bogo (Cebu),Cebu
2025-10-12 05:04:00,7.06,126.98,24,4.8,052km S 71° E of Manay (Davao Oriental),Davao Oriental
2025-10-12 05:03:00,7.28,127.42,95,2.7,097km N 86° E of Manay (Davao Oriental),Davao Oriental
2025-10-12 04:56:00,7.72,126.85,3,2.8,036km N 63° E of Baganga (Davao Oriental),Davao Oriental
2025-10-12 04:48:00,11.22,124.15,41,2.0,026km N 46° E of City Of Bogo (Cebu),Cebu
2025-10-12 04:42:00,7.2,126.93,10,3.0,043km S 89° E of Manay (Davao Oriental),Davao Oriental
2025-10-12 04:40:00,7.14,126.81,23,2.1,031km S 75° E of Manay (Davao Oriental),Davao Oriental
2025-10-12 04:39:00,10.95,123.81,33,1.8,022km S 62° W of City Of Bogo (Cebu),Cebu
2025-10-12 04:35:00,7.13,126.79,24,3.7,029km S 72° E of Manay (Davao Oriental),Davao Oriental
2025-10-12 04:29:00,19.26,121.12,32,2.4,019km N 28° W of Dalupiri Island (Calayan) (Cagayan),Cagayan
2025-10-12 04:29:00,11.22,123.99,11,2.6,019km N 04° E of City Of Bogo (Cebu),Cebu
2025-10-12 04:23:00,11.17,124.0,21,1.8,014km N 09° E of City Of Bogo (Cebu),Cebu
2025-10-12 04:20:00,11.11,124.01,24,1.6,008km N 24° E of City Of Bogo (Cebu),Cebu
2025-10-12 04:19:00,17.65,120.59,9,2.8,007km N 29° W of Bangued (Abra),Abra
2025-10-12 04:12:00,7.02,126.98,22,2.6,053km S 66° E of Manay (Davao Oriental),Davao Oriental
2025-10-12 04:09:00,10.94,124.01,31,2.1,012km S 15° E of City Of Bogo (Cebu),Cebu
2025-10-12 04:07:00,11.09,124.01,22,2.2,006km N 36° E of City Of Bogo (Cebu),Cebu
2025-10-12 03:57:00,7.28,126.66,21,1.6,015km N 61° E of Manay (Davao Oriental),Davao Oriental
2025-10-12 03:54:00,7.29,126.71,33,2.5,021km N 66° E of Manay (Davao Oriental),Davao Oriental
2025-10-12 03:50:00,7.01,127.11,2,3.4,067km S 70° E of Manay (Davao Oriental),Davao Oriental
2025-10-12 03:49:00,7.23,126.88,15,1.7,037km N 87° E of Manay (Davao Oriental),Davao Oriental
2025-10-12 03:45:00,7.33,126.68,4,2.4,020km N 51° E of Manay (Davao Oriental),Davao Oriental
2025-10-12 03:43:00,11.15,124.01,16,2.0,012km N 14° E of City Of Bogo (Cebu),Cebu
2025-10-12 03:41:00,7.36,126.54,6,2.4,017km N 01° E of Manay (Davao Oriental),Davao Oriental
2025-10-12 03:33:00,7.34,126.83,27,2.6,035km N 66° E of Manay (Davao Oriental),Davao Oriental
2025-10-12 03:28:00,7.31,126.96,25,4.8,047km N 77° E of Manay (Davao Oriental),Davao Oriental
2025-10-12 03:28:00,17.33,120.89,14,1.5,009km S 54° E of Boliney (Abra),Abra
2025-10-12 03:27:00,9.03,126.5,28,2.7,025km N 60° E of Cagwait (Surigao Del Sur),Surigao Del Sur
2025-10-12 03:25:00,12.98,124.49,14,2.4,033km S 79° E of Prieto Diaz (Sorsogon),Sorsogon
2025-10-12 03:25:00,7.13,127.0,18,1.7,051km S 81° E of Manay (Davao Oriental),Davao Oriental
2025-10-12 03:25:00,7.13,127.0,18,1.7,051km S 81° E of Manay (Davao Oriental),Davao Oriental
2025-10-12 03:23:00,7.49,126.73,29,1.9,038km N 34° E of Manay (Davao Oriental),Davao Oriental
2025-10-12 03:18:00,8.92,126.47,20,2.7,019km S 89° E of Cagwait (Surigao Del Sur),Surigao Del Sur
2025-10-12 03:15:00,7.08,127.04,31,1.6,057km S 75° E of Manay (Davao Oriental),Davao Oriental
2025-10-12 03:05:00,7.32,126.58,2,3.0,013km N 22° E of Manay (Davao Oriental),Davao Oriental
2025-10-12 03:00:00,7.22,127.09,11,3.5,060km N 89° E of Manay (Davao Oriental),Davao Oriental
2025-10-12 02:59:00,8.06,126.59,32,1.5,019km N 82° E of Lingig (Surigao Del Sur),Surigao Del Sur
2025-10-12 02:56:00,7.07,126.76,23,2.5,029km S 56° E of Manay (Davao Oriental),Davao Oriental
2025-10-12 02:51:00,7.04,127.19,32,2.0,074km S 75° E of Manay (Davao Oriental),Davao Oriental
2025-10-12 02:47:00,7.22,126.87,31,2.3,036km N 88° E of Manay (Davao Oriental),Davao Oriental
2025-10-12 02:44:00,11.05,124.03,3,2.9,006km S 89° E of City Of Bogo (Cebu),Cebu
2025-10-12 02:43:00,7.11,126.86,11,2.0,037km S 72° E of Manay (Davao Oriental),Davao Oriental
2025-10-12 02:38:00,6.97,126.81,27,3.5,040km S 48° E of Manay (Davao Oriental),Davao Oriental
2025-10-12 02:34:00,6.78,127.04,2,3.6,073km S 50° E of Manay (Davao Oriental),Davao Oriental
2025-10-12 02:32:00,10.97,123.86,2,2.2,015km S 59° W of City Of Bogo (Cebu),Cebu
2025-10-12 02:24:00,11.18,124.06,25,1.8,017km N 31° E of City Of Bogo (Cebu),Cebu
2025-10-12 02:16:00,7.08,127.0,12,3.4,053km S 74° E of Manay (Davao Oriental),Davao Oriental
2025-10-12 02:14:00,13.29,120.59,42,2.2,007km N 03° W of Mamburao (Occidental Mindoro),Occidental Mindoro
2025-10-12 02:12:00,7.34,126.84,28,1.6,036km N 67° E of Manay (Davao Oriental),Davao Oriental
2025-10-12 02:12:00,7.28,126.63,20,1.3,013km N 53° E of Manay (Davao Oriental),Davao Oriental
2025-10-12 02:11:00,11.08,124.05,29,2.1,008km N 63° E of City Of Bogo (Cebu),Cebu
2025-10-12 02:05:00,11.01,123.99,16,2.2,004km S 13° E of City Of Bogo (Cebu),Cebu
2025-10-12 02:02:00,8.04,126.8,8,2.4,042km N 89° E of Lingig (Surigao Del Sur),Surigao Del Sur
2025-10-12 02:01:00,8.98,126.5,26,1.7,023km N 74° E of Cagwait (Surigao Del Sur),Surigao Del Sur
2025-10-12 01:57:00,7.22,126.23,18,1.7,016km S 45° E of Maragusan (Davao De Oro),Davao De Oro
2025-10-12 02:01:00,8.98,126.5,26,1.7,023km N 74° E of Cagwait (Surigao Del Sur),Surigao Del Sur
2025-10-12 01:56:00,7.21,126.89,20,1.7,039km S 90° E of Manay (Davao Oriental),Davao Oriental
2025-10-12 01:56:00,18.13,120.5,32,2.2,009km N 19° W of Paoay (Ilocos Norte),Ilocos Norte
2025-10-12 01:51:00,7.03,127.1,10,3.7,065km S 72° E of Manay (Davao Oriental),Davao Oriental
2025-10-12 01:49:00,7.33,126.71,20,1.8,023km N 55° E of Manay (Davao Oriental),Davao Oriental
2025-10-12 01:39:00,7.06,126.91,7,3.7,044km S 68° E of Manay (Davao Oriental),Davao Oriental
2025-10-12 01:34:00,7.17,127.0,12,1.7,051km S 86° E of Manay (Davao Oriental),Davao Oriental
2025-10-12 01:31:00,7.38,127.04,20,2.2,058km N 71° E of Manay (Davao Oriental),Davao Oriental
2025-10-12 01:24:00,7.14,126.98,23,2.0,049km S 80° E of Manay (Davao Oriental),Davao Oriental
2025-10-12 01:24:00,7.14,126.98,23,2.0,049km S 80° E of Manay (Davao Oriental),Davao Oriental
2025-10-12 01:22:00,7.38,126.93,5,3.4,047km N 66° E of Manay (Davao Oriental),Davao Oriental
2025-10-12 01:19:00,7.25,126.81,34,1.7,030km N 81° E of Manay (Davao Oriental),Davao Oriental
2025-10-12 01:09:00,7.2,126.92,24,2.1,042km S 88° E of Manay (Davao Oriental),Davao Oriental
2025-10-12 01:07:00,7.4,127.03,20,2.9,058km N 69° E of Manay (Davao Oriental),Davao Oriental
2025-10-12 01:05:00,7.5,126.99,15,3.2,060km N 58° E of Manay (Davao Oriental),Davao Oriental
2025-10-12 01:02:00,7.04,126.9,10,4.0,045km S 64° E of Manay (Davao Oriental),Davao Oriental
2025-10-12 00:58:00,8.94,126.51,26,2.1,023km N 85° E of Cagwait (Surigao Del Sur),Surigao Del Sur
2025-10-12 00:53:00,17.74,120.61,10,2.6,008km N 50° W of Danglas (Abra),Abra
2025-10-12 00:48:00,7.22,126.37,33,1.6,019km N 87° W of Manay (Davao Oriental),Davao Oriental
2025-10-12 00:45:00,7.37,126.71,33,1.8,026km N 46° E of Manay (Davao Oriental),Davao Oriental
2025-10-12 00:43:00,17.74,120.64,8,3.0,006km N 28° W of Danglas (Abra),Abra
2025-10-12 00:43:00,7.52,126.77,28,2.4,043km N 37° E of Manay (Davao Oriental),Davao Oriental
2025-10-12 00:39:00,17.55,120.49,8,2.4,003km N 83° W of San Quintin (Abra),Abra
2025-10-12 00:35:00,7.19,127.0,12,3.7,051km S 87° E of Manay (Davao Oriental),Davao Oriental
2025-10-12 00:32:00,8.18,126.23,10,1.8,010km S 66° W of City Of Bislig (Surigao Del Sur),Surigao Del Sur
2025-10-12 00:29:00,10.94,123.89,25,2.0,015km S 42° W of City Of Bogo (Cebu),Cebu
2025-10-12 00:24:00,7.28,126.92,31,3.0,043km N 80° E of Manay (Davao Oriental),Davao Oriental
2025-10-12 00:20:00,7.08,126.96,26,2.3,049km S 72° E of Manay (Davao Oriental),Davao Oriental
2025-10-12 00:14:00,7.23,126.99,15,2.8,050km N 87° E of Manay (Davao Oriental),Davao Oriental
2025-10-11 23:59:00,7.14,126.76,31,2.5,026km S 72° E of Manay (Davao Oriental),Davao Oriental
2025-10-11 23:57:00,7.13,126.73,29,2.0,023km S 66° E of Manay (Davao Oriental),Davao Oriental
2025-10-11 23:56:00,8.82,126.46,30,3.1,020km S 56° E of Cagwait (Surigao Del Sur),Surigao Del Sur
2025-10-11 23:51:00,11.16,124.15,10,3.0,023km N 56° E of City Of Bogo (Cebu),Cebu
2025-10-11 23:48:00,7.53,126.75,30,3.0,043km N 33° E of Manay (Davao Oriental),Davao Oriental
2025-10-11 23:47:00,20.22,121.77,8,3.2,017km S 41° W of Sabtang (Batanes),Batanes
2025-10-11 23:42:00,9.02,126.2,59,2.5,016km N 45° W of Cagwait (Surigao Del Sur),Surigao Del Sur
2025-10-11 23:39:00,11.11,123.95,8,3.0,008km N 26° W of City Of Bogo (Cebu),Cebu
2025-10-11 23:24:00,8.91,126.52,21,2.0,024km S 88° E of Cagwait (Surigao Del Sur),Surigao Del Sur
2025-10-11 23:23:00,7.11,126.5,43,2.0,011km S 20° W of Manay (Davao Oriental),Davao Oriental
2025-10-11 23:14:00,10.79,122.79,15,1.7,009km S 67° E of Dumangas (Iloilo),Iloilo
2025-10-11 23:05:00,6.32,127.37,41,3.0,135km S 43° E of Manay (Davao Oriental),Davao Oriental
2025-10-11 23:01:00,8.93,126.45,21,2.2,016km N 86° E of Cagwait (Surigao Del Sur),Surigao Del Sur
2025-10-11 23:00:00,7.22,126.81,27,2.8,030km N 87° E of Manay (Davao Oriental),Davao Oriental
2025-10-11 22:56:00,8.96,126.39,31,2.5,010km N 67° E of Cagwait (Surigao Del Sur),Surigao Del Sur
2025-10-11 22:52:00,8.89,126.84,48,1.6,060km S 87° E of Cagwait (Surigao Del Sur),Surigao Del Sur
2025-10-11 22:45:00,8.9,126.33,33,1.5,004km S 57° E of Cagwait (Surigao Del Sur),Surigao Del Sur
2025-10-11 22:44:00,8.49,126.43,21,3.2,017km N 36° E of Hinatuan (Surigao Del Sur),Surigao Del Sur
2025-10-11 22:42:00,8.91,126.43,25,3.2,015km S 85° E of Cagwait (Surigao Del Sur),Surigao Del Sur
2025-10-11 22:40:00,8.86,126.52,24,1.9,025km S 75° E of Cagwait (Surigao Del Sur),Surigao Del Sur
2025-10-11 22:32:00,8.94,126.55,24,6.0,028km N 86° E of Cagwait (Surigao Del Sur),Surigao Del Sur
2025-10-11 22:27:00,11.12,124.0,33,1.2,008km N 15° E of City Of Bogo (Cebu),Cebu
2025-10-11 22:23:00,7.25,126.73,30,2.1,022km N 77° E of Manay (Davao Oriental),Davao Oriental
2025-10-11 22:23:00,7.05,126.62,24,2.0,019km East of Tarragona (Davao Oriental),Davao Oriental
2025-10-11 22:22:00,7.1,126.81,30,1.7,032km S 67° E of Manay (Davao Oriental),Davao Oriental
2025-10-11 22:09:00,7.24,126.85,23,2.2,035km N 84° E of Manay (Davao Oriental),Davao Oriental
2025-10-11 22:09:00,7.24,126.85,23,2.2,035km N 84° E of Manay (Davao Oriental),Davao Oriental
2025-10-11 22:04:00,6.92,126.84,12,1.8,046km S 46° E of Manay (Davao Oriental),Davao Oriental
2025-10-11 21:55:00,10.57,125.2,200,4.4,006km N 39° E of Silago (Southern Leyte),Southern Leyte
2025-10-11 21:53:00,7.35,126.86,30,1.8,038km N 67° E of Manay (Davao Oriental),Davao Oriental
2025-10-11 21:49:00,7.95,126.83,10,3.8,045km N 66° E of Cateel (Davao Oriental),Davao Oriental
2025-10-11 21:46:00,11.24,124.0,32,2.8,022km N 07° E of City Of Bogo (Cebu),Cebu
2025-10-11 21:45:00,7.22,127.02,10,3.7,053km N 88° E of Manay (Davao Oriental),Davao Oriental
2025-10-11 21:42:00,6.98,126.94,14,2.9,051km S 60° E of Manay (Davao Oriental),Davao Oriental
2025-10-11 21:39:00,7.11,126.86,22,1.9,038km S 72° E of Manay (Davao Oriental),Davao Oriental
2025-10-11 21:38:00,6.89,126.89,25,2.2,052km S 48° E of Manay (Davao Oriental),Davao Oriental
2025-10-11 21:35:00,11.02,124.04,10,2.3,008km S 71° E of City Of Bogo (Cebu),Cebu
2025-10-11 21:33:00,10.93,124.09,15,1.7,018km S 45° E of City Of Bogo (Cebu),Cebu
2025-10-11 21:29:00,11.05,124.01,16,2.4,003km N 88° E of City Of Bogo (Cebu),Cebu
2025-10-11 21:26:00,7.22,126.88,13,3.1,038km N 89° E of Manay (Davao Oriental),Davao Oriental
2025-10-11 21:16:00,11.03,124.08,7,2.7,011km S 81° E of City Of Bogo (Cebu),Cebu
2025-10-11 21:13:00,7.27,126.95,28,2.7,046km N 82° E of Manay (Davao Oriental),Davao Oriental
2025-10-11 21:06:00,7.27,126.79,22,2.2,029km N 77° E of Manay (Davao Oriental),Davao Oriental
2025-10-11 21:04:00,7.2,126.94,19,2.4,044km S 89° E of Manay (Davao Oriental),Davao Oriental
2025-10-11 21:01:00,7.17,126.83,15,1.8,033km S 83° E of Manay (Davao Oriental),Davao Oriental
2025-10-11 20:56:00,6.81,127.08,2,2.5,074km S 53° E of Manay (Davao Oriental),Davao Oriental
2025-10-11 20:55:00,7.29,126.87,21,1.9,022km N 65° E of Manay (Davao Oriental),Davao Oriental
2025-10-11 20:52:00,7.23,126.69,20,1.5,017km N 82° E of Manay (Davao Oriental),Davao Oriental
2025-10-11 20:52:00,7.47,126.53,33,1.2,029km N 03° W of Manay (Davao Oriental),Davao Oriental
2025-10-11 20:47:00,6.78,127.33,10,4.7,099km S 61° E of Manay (Davao Oriental),Davao Oriental
2025-10-11 20:46:00,11.1,124.08,5,3.0,013km N 62° E of City Of Bogo (Cebu),Cebu
2025-10-11 20:45:00,7.22,126.89,23,3.0,038km N 89° E of Manay (Davao Oriental),Davao Oriental
2025-10-11 20:41:00,6.53,127.38,45,3.9,120km S 51° E of Manay (Davao Oriental),Davao Oriental
2025-10-11 20:38:00,11.0,124.06,2,1.9,011km S 58° E of City Of Bogo (Cebu),Cebu
2025-10-11 20:33:00,7.29,126.61,31,1.9,011km N 41° E of Manay (Davao Oriental),Davao Oriental
2025-10-11 20:25:00,6.82,126.91,22,2.6,059km S 44° E of Manay (Davao Oriental),Davao Oriental
2025-10-11 20:19:00,6.83,127.15,4,4.0,080km S 58° E of Manay (Davao Oriental),Davao Oriental
2025-10-11 20:17:00,7.27,126.41,32,1.5,015km N 66° W of Manay (Davao Oriental),Davao Oriental
2025-10-11 20:16:00,6.76,126.87,30,3.4,061km S 36° E of Manay (Davao Oriental),Davao Oriental
2025-10-11 20:16:00,7.27,126.87,31,2.4,037km N 80° E of Manay (Davao Oriental),Davao Oriental
2025-10-11 20:14:00,7.28,126.93,28,2.7,044km N 80° E of Manay (Davao Oriental),Davao Oriental
2025-10-11 20:02:00,6.83,127.12,2,3.7,077km S 57° E of Manay (Davao Oriental),Davao Oriental
2025-10-11 20:02:00,11.13,123.94,12,2.0,010km N 22° W of City Of Bogo (Cebu),Cebu
2025-10-11 19:59:00,6.82,127.13,6,3.6,079km S 57° E of Manay (Davao Oriental),Davao Oriental
2025-10-11 19:54:00,6.96,127.24,5,3.9,081km S 70° E of Manay (Davao Oriental),Davao Oriental
2025-10-11 19:51:00,7.21,127.02,10,3.9,053km S 89° E of Manay (Davao Oriental),Davao Oriental
2025-10-11 19:49:00,7.33,126.83,30,1.6,035km N 67° E of Manay (Davao Oriental),Davao Oriental
2025-10-11 19:48:00,11.07,123.96,3,2.6,003km N 31° W of City Of Bogo (Cebu),Cebu
2025-10-11 19:44:00,7.31,126.84,24,2.1,035km N 71° E of Manay (Davao Oriental),Davao Oriental
2025-10-11 19:34:00,7.19,127.05,3,2.9,057km S 87° E of Manay (Davao Oriental),Davao Oriental
2025-10-11 19:28:00,11.11,124.17,33,2.6,022km N 72° E of City Of Bogo (Cebu),Cebu
2025-10-11 19:28:00,6.86,126.92,36,1.7,057km S 47° E of Manay (Davao Oriental),Davao Oriental
2025-10-11 19:20:00,6.89,126.99,13,2.9,061km S 54° E of Manay (Davao Oriental),Davao Oriental
2025-10-11 19:16:00,6.92,126.92,11,3.1,053km S 52° E of Manay (Davao Oriental),Davao Oriental
2025-10-11 19:13:00,7.18,126.95,33,1.7,046km S 86° E of Manay (Davao Oriental),Davao Oriental
2025-10-11 19:13:00,7.18,126.95,33,1.7,046km S 86° E of Manay (Davao Oriental),Davao Oriental
2025-10-11 19:12:00,14.02,120.53,110,1.6,013km S 61° W of Nasugbu (Batangas),Batangas
2025-10-11 19:10:00,7.21,126.64,20,2.0,011km S 87° E of Manay (Davao Oriental),Davao Oriental
2025-10-11 19:11:00,8.19,127.27,11,1.8,096km N 80° E of Lingig (Surigao Del Sur),Surigao Del Sur
2025-10-11 19:06:00,7.29,126.87,28,2.2,037km N 76° E of Manay (Davao Oriental),Davao Oriental
2025-10-11 19:04:00,7.24,126.66,13,2.1,014km N 77° E of Manay (Davao Oriental),Davao Oriental
2025-10-11 18:59:00,7.13,126.88,14,3.6,038km S 76° E of Manay (Davao Oriental),Davao Oriental
2025-10-11 18:58:00,7.3,126.83,24,1.8,034km N 73° E of Manay (Davao Oriental),Davao Oriental
2025-10-11 18:53:00,7.27,126.71,16,2.1,020km N 71° E of Manay (Davao Oriental),Davao Oriental
2025-10-11 18:51:00,11.12,124.15,2,1.8,021km N 66° E of City Of Bogo (Cebu),Cebu
2025-10-11 18:47:00,7.29,126.88,25,3.1,038km N 76° E of Manay (Davao Oriental),Davao Oriental
2025-10-11 18:43:00,7.14,126.88,2,2.5,039km S 79° E of Manay (Davao Oriental),Davao Oriental
2025-10-11 18:39:00,10.98,123.87,15,2.9,014km S 57° W of City Of Bogo (Cebu),Cebu
2025-10-11 18:35:00,7.26,126.82,18,3.8,031km N 81° E of Manay (Davao Oriental),Davao Oriental
2025-10-11 18:27:00,7.23,126.91,18,5.5,041km N 87° E of Manay (Davao Oriental),Davao Oriental
2025-10-11 18:15:00,15.29,120.26,99,2.7,025km S 89° E of Botolan (Zambales),Zambales
2025-10-11 17:57:00,7.14,127.01,22,2.0,053km S 82° E of Manay (Davao Oriental),Davao Oriental
2025-10-11 17:43:00,20.02,121.65,43,2.4,041km S 34° W of Sabtang (Batanes),Batanes
2025-10-11 17:42:00,7.08,127.0,13,3.0,053km S 74° E of Manay (Davao Oriental),Davao Oriental
2025-10-11 17:35:00,11.13,123.91,6,1.7,012km N 36° W of City Of Bogo (Cebu),Cebu
2025-10-11 17:32:00,15.24,120.23,112,5.1,022km S 77° E of Botolan (Zambales),Zambales
2025-10-11 17:26:00,7.31,127.04,16,2.9,057km N 79° E of Manay (Davao Oriental),Davao Oriental
2025-10-11 17:25:00,10.89,123.95,9,2.8,018km S 10° W of City Of Bogo (Cebu),Cebu
2025-10-11 17:20:00,7.0,127.04,6,3.6,060km S 67° E of Manay (Davao Oriental),Davao Oriental
2025-10-11 17:20:00,7.0,127.04,6,3.6,060km S 67° E of Manay (Davao Oriental),Davao Oriental
2025-10-11 17:09:00,7.42,126.47,36,1.8,025km N 18° W of Manay (Davao Oriental),Davao Oriental
2025-10-11 17:06:00,7.16,126.7,18,1.7,019km S 72° E of Manay (Davao Oriental),Davao Oriental
2025-10-11 16:55:00,7.46,125.81,16,2.1,003km N 38° W of City Of Tagum (Davao Del Norte),Davao Del Norte
2025-10-11 16:53:00,7.44,127.18,19,3.1,076km N 70° E of Manay (Davao Oriental),Davao Oriental
2025-10-11 16:51:00,7.28,126.65,17,2.5,014km N 55° E of Manay (Davao Oriental),Davao Oriental
2025-10-11 16:41:00,6.72,127.15,19,3.6,087km S 51° E of Manay (Davao Oriental),Davao Oriental
2025-10-11 16:38:00,11.13,124.11,2,2.0,018km N 56° E of City Of Bogo (Cebu),Cebu
2025-10-11 16:25:00,7.03,126.82,25,2.9,037km S 58° E of Manay (Davao Oriental),Davao Oriental
2025-10-11 16:12:00,12.52,124.69,33,2.7,007km N 69° E of Catarman (Northern Samar),Northern Samar
2025-10-11 16:04:00,8.16,127.04,7,3.0,070km N 79° E of Lingig (Surigao Del Sur),Surigao Del Sur
2025-10-11 16:03:00,10.99,123.82,2,1.4,018km S 70° W of City Of Bogo (Cebu),Cebu
2025-10-11 15:36:00,10.96,124.0,28,1.7,010km S 12° E of City Of Bogo (Cebu),Cebu
2025-10-11 15:36:00,10.9,124.01,38,1.5,017km S 13° E of City Of Bogo (Cebu),Cebu
2025-10-11 15:31:00,7.12,126.81,26,1.9,032km S 71° E of Manay (Davao Oriental),Davao Oriental
2025-10-11 15:25:00,7.18,126.98,8,2.7,049km S 86° E of Manay (Davao Oriental),Davao Oriental
2025-10-11 15:24:00,10.97,123.91,2,1.8,011km S 42° W of City Of Bogo (Cebu),Cebu
2025-10-11 15:22:00,7.41,126.77,27,2.6,034km N 49° E of Manay (Davao Oriental),Davao Oriental
2025-10-11 15:21:00,11.24,124.03,30,1.9,022km N 16° E of City Of Bogo (Cebu),Cebu
2025-10-11 15:19:00,10.87,123.82,3,2.1,027km S 42° W of City Of Bogo (Cebu),Cebu
2025-10-11 15:14:00,11.14,124.14,16,2.6,020km N 59° E of City Of Bogo (Cebu),Cebu
2025-10-11 15:06:00,7.1,127.14,22,2.5,067km S 80° E of Manay (Davao Oriental),Davao Oriental
2025-10-11 15:02:00,7.05,127.14,3,4.3,068km S 75° E of Manay (Davao Oriental),Davao Oriental
2025-10-11 14:51:00,7.12,126.83,17,2.1,034km S 72° E of Manay (Davao Oriental),Davao Oriental
2025-10-11 14:44:00,7.2,126.97,20,2.3,048km S 89° E of Manay (Davao Oriental),Davao Oriental
2025-10-11 14:40:00,7.42,126.82,25,1.2,038km N 53° E of Manay (Davao Oriental),Davao Oriental
2025-10-11 14:36:00,7.28,126.56,16,2.2,009km N 17° E of Manay (Davao Oriental),Davao Oriental
2025-10-11 14:17:00,13.83,119.98,19,2.3,016km S 80° W of Lubang (Occidental Mindoro),Occidental Mindoro
2025-10-11 14:17:00,7.05,126.82,20,3.3,036km S 61° E of Manay (Davao Oriental),Davao Oriental
2025-10-11 14:16:00,7.04,126.97,33,1.5,051km S 68° E of Manay (Davao Oriental),Davao Oriental
2025-10-11 14:14:00,7.61,126.44,64,1.0,014km N 72° W of Baganga (Davao Oriental),Davao Oriental
2025-10-11 14:09:00,11.15,124.01,29,1.4,012km N 16° E of City Of Bogo (Cebu),Cebu
2025-10-11 14:09:00,6.87,126.9,13,2.8,055km S 46° E of Manay (Davao Oriental),Davao Oriental
2025-10-11 14:08:00,11.18,124.07,10,1.7,018km N 33° E of City Of Bogo (Cebu),Cebu
2025-10-11 14:05:00,10.86,123.95,2,2.3,023km S 06° W of City Of Bogo (Cebu),Cebu
2025-10-11 13:54:00,9.93,122.05,2,2.6,045km N 66° W of City Of Sipalay (Negros Occidental),Negros Occidental
2025-10-11 13:54:00,7.35,126.89,32,1.8,042km N 68° E of Manay (Davao Oriental),Davao Oriental
2025-10-11 13:54:00,7.35,126.89,32,1.8,042km N 68° E of Manay (Davao Oriental),Davao Oriental
2025-10-11 13:51:00,7.16,126.79,27,2.9,028km S 79° E of Manay (Davao Oriental),Davao Oriental
2025-10-11 13:46:00,7.26,126.92,14,2.4,043km N 83° E of Manay (Davao Oriental),Davao Oriental
2025-10-11 13:43:00,7.97,127.15,19,3.6,078km N 56° E of Baganga (Davao Oriental),Davao Oriental
2025-10-11 13:39:00,10.99,123.97,26,1.3,006km S 11° W of City Of Bogo (Cebu),Cebu
2025-10-11 13:30:00,10.96,123.98,2,2.4,010km S 01° W of City Of Bogo (Cebu),Cebu
2025-10-11 13:25:00,7.26,127.11,1,3.9,063km N 85° E of Manay (Davao Oriental),Davao Oriental
2025-10-11 13:12:00,11.09,124.07,23,2.2,012km N 63° E of City Of Bogo (Cebu),Cebu
2025-10-11 13:11:00,11.38,124.1,24,2.3,039km N 20° E of City Of Bogo (Cebu),Cebu
2025-10-11 13:09:00,7.44,126.58,32,2.5,026km N 10° E of Manay (Davao Oriental),Davao Oriental
2025-10-11 13:03:00,11.18,124.1,26,1.9,020km N 42° E of City Of Bogo (Cebu),Cebu
2025-10-11 13:01:00,7.4,126.66,27,2.4,025km N 32° E of Manay (Davao Oriental),Davao Oriental
2025-10-11 12:53:00,7.83,126.37,1,2.0,004km S 14° W of Boston (Davao Oriental),Davao Oriental
2025-10-11 12:46:00,7.26,126.74,11,2.5,023km N 75° E of Manay (Davao Oriental),Davao Oriental
2025-10-11 12:40:00,6.95,126.95,1,3.3,054km S 57° E of Manay (Davao Oriental),Davao Oriental
2025-10-11 12:37:00,8.12,126.77,11,2.3,041km N 77° E of Lingig (Surigao Del Sur),Surigao Del Sur
2025-10-11 12:28:00,11.04,123.97,3,1.5,004km S 48° W of City Of Bogo (Cebu),Cebu
2025-10-11 12:26:00,9.52,125.7,4,2.4,007km S 33° W of Claver (Surigao Del Norte),Surigao Del Norte
2025-10-11 12:12:00,6.55,127.06,6,2.7,093km S 38° E of Manay (Davao Oriental),Davao Oriental
2025-10-11 12:00:00,7.27,126.84,23,2.3,034km N 78° E of Manay (Davao Oriental),Davao Oriental
2025-10-11 11:59:00,7.2,126.63,16,2.2,010km S 86° E of Manay (Davao Oriental),Davao Oriental
2025-10-11 11:59:00,7.27,126.69,15,2.5,018km N 69° E of Manay (Davao Oriental),Davao Oriental
2025-10-11 11:52:00,11.15,124.11,35,1.1,018km N 52° E of City Of Bogo (Cebu),Cebu
2025-10-11 11:48:00,7.39,126.78,30,2.3,034km N 53° E of Manay (Davao Oriental),Davao Oriental
2025-10-11 11:47:00,7.34,126.65,31,2.0,020km N 41° E of Manay (Davao Oriental),Davao Oriental
2025-10-11 11:35:00,7.02,127.08,2,3.2,067km S 70° E of Manay (Davao Oriental),Davao Oriental
2025-10-11 11:34:00,7.29,126.78,33,2.6,028km N 73° E of Manay (Davao Oriental),Davao Oriental
2025-10-11 11:32:00,7.31,127.1,20,3.6,063km N 80° E of Manay (Davao Oriental),Davao Oriental
2025-10-11 11:28:00,7.32,127.4,7,3.5,095km N 83° E of Manay (Davao Oriental),Davao Oriental
2025-10-11 11:22:00,9.97,126.06,32,2.4,004km N 42° W of San Isidro (Surigao Del Norte),Surigao Del Norte
2025-10-11 11:20:00,7.14,126.77,27,2.9,027km S 74° E of Manay (Davao Oriental),Davao Oriental
2025-10-11 11:17:00,11.2,124.06,34,1.1,019km N 26° E of City Of Bogo (Cebu),Cebu
2025-10-11 11:16:00,7.31,127.05,12,3.4,058km N 79° E of Manay (Davao Oriental),Davao Oriental
2025-10-11 10:54:00,11.14,124.1,32,1.5,017km N 51° E of City Of Bogo (Cebu),Cebu
2025-10-11 10:51:00,7.29,127.05,17,2.8,057km N 81° E of Manay (Davao Oriental),Davao Oriental
2025-10-11 10:46:00,7.25,126.75,25,2.0,024km N 80° E of Manay (Davao Oriental),Davao Oriental
2025-10-11 10:34:00,10.96,124.14,40,1.8,020km S 61° E of City Of Bogo (Cebu),Cebu
2025-10-11 10:28:00,11.11,124.19,1,3.3,024km N 72° E of City Of Bogo (Cebu),Cebu
2025-10-11 10:22:00,11.18,124.15,33,1.7,023km N 52° E of City Of Bogo (Cebu),Cebu
2025-10-11 10:04:00,7.43,127.19,26,3.7,076km N 72° E of Manay (Davao Oriental),Davao Oriental
2025-10-11 10:02:00,7.42,126.93,22,3.4,049km N 62° E of Manay (Davao Oriental),Davao Oriental
2025-10-11 09:58:00,11.08,123.89,29,1.8,010km N 66° W of City Of Bogo (Cebu),Cebu
2025-10-11 09:43:00,7.31,126.65,27,1.8,016km N 49° E of Manay (Davao Oriental),Davao Oriental
2025-10-11 09:42:00,7.12,126.51,1,2.5,011km S 07° W of Manay (Davao Oriental),Davao Oriental
2025-10-11 09:35:00,11.16,124.01,33,1.3,013km N 15° E of City Of Bogo (Cebu),Cebu
2025-10-11 09:35:00,7.2,126.85,14,2.4,034km S 88° E of Manay (Davao Oriental),Davao Oriental
2025-10-11 09:34:00,11.1,124.12,30,1.5,016km N 70° E of City Of Bogo (Cebu),Cebu
2025-10-11 09:30:00,10.88,123.91,2,1.6,020km S 22° W of City Of Bogo (Cebu),Cebu
2025-10-11 09:16:00,6.88,127.05,8,4.6,067km S 56° E of Manay (Davao Oriental),Davao Oriental
2025-10-11 09:00:00,11.15,123.96,10,2.1,012km N 09° W of City Of Bogo (Cebu),Cebu
2025-10-11 08:52:00,7.41,126.83,25,2.6,039km N 54° E of Manay (Davao Oriental),Davao Oriental
2025-10-11 08:51:00,6.89,127.06,12,2.6,068km S 58° E of Manay (Davao Oriental),Davao Oriental
2025-10-11 08:48:00,6.84,127.01,13,3.6,066km S 52° E of Manay (Davao Oriental),Davao Oriental
2025-10-11 08:32:00,11.13,124.0,28,1.6,013km N 16° E of City Of Bogo (Cebu),Cebu
2025-10-11 08:28:00,7.35,126.79,26,2.3,032km N 61° E of Manay (Davao Oriental),Davao Oriental
2025-10-11 08:18:00,7.34,126.77,24,2.7,029km N 60° E of Manay (Davao Oriental),Davao Oriental
2025-10-11 08:09:00,11.11,123.96,13,1.8,007km N 21° W of City Of Bogo (Cebu),Cebu
2025-10-11 07:55:00,11.22,123.93,8,2.1,020km N 17° W of City Of Bogo (Cebu),Cebu
2025-10-11 07:52:00,7.18,125.89,4,2.5,006km N 05° W of Pantukan (Davao De Oro),Davao De Oro
2025-10-11 07:48:00,6.99,127.04,17,3.7,060km S 66° E of Manay (Davao Oriental),Davao Oriental
2025-10-11 07:42:00,7.25,127.13,14,3.0,065km N 87° E of Manay (Davao Oriental),Davao Oriental
2025-10-11 07:40:00,18.36,120.42,14,2.7,021km N 83° W of Pasuquin (Ilocos Norte),Ilocos Norte
2025-10-11 07:36:00,7.36,126.76,11,2.5,020km N 28° E of Manay (Davao Oriental),Davao Oriental
2025-10-11 07:28:00,11.12,123.99,8,2.6,008km N 05° E of City Of Bogo (Cebu),Cebu
2025-10-11 07:28:00,7.07,127.14,31,1.9,069km S 76° E of Manay (Davao Oriental),Davao Oriental
2025-10-11 07:27:00,9.84,125.97,33,1.9,003km S 02° E of Del Carmen (Surigao Del Norte),Surigao Del Norte
2025-10-11 07:22:00,11.64,125.82,15,2.6,039km N 66° E of Maydolong (Eastern Samar),Eastern Samar
2025-10-11 07:12:00,7.36,126.79,33,2.9,032km N 59° E of Manay (Davao Oriental),Davao Oriental
2025-10-11 07:04:00,7.12,126.91,23,3.2,042km S 77° E of Manay (Davao Oriental),Davao Oriental
2025-10-11 06:52:00,7.25,126.83,22,2.7,033km N 83° E of Manay (Davao Oriental),Davao Oriental
2025-10-11 06:41:00,7.43,127.06,13,3.0,062km N 67° E of Manay (Davao Oriental),Davao Oriental
2025-10-11 06:41:00,7.35,126.75,21,1.9,028km N 56° E of Manay (Davao Oriental),Davao Oriental
2025-10-11 06:35:00,6.63,126.98,24,3.5,081km S 37° E of Manay (Davao Oriental),Davao Oriental
2025-10-11 06:35:00,10.87,123.89,1,3.0,022km S 26° W of City Of Bogo (Cebu),Cebu
2025-10-11 06:20:00,7.23,127.06,17,4.9,057km N 88° E of Manay (Davao Oriental),Davao Oriental
2025-10-11 06:10:00,10.93,123.96,3,2.1,013km S 08° W of City Of Bogo (Cebu),Cebu
2025-10-11 06:09:00,7.32,126.82,31,2.1,033km N 68° E of Manay (Davao Oriental),Davao Oriental
2025-10-11 06:03:00,7.05,126.87,18,3.0,040km S 64° E of Manay (Davao Oriental),Davao Oriental
2025-10-11 05:46:00,7.18,126.01,22,2.6,013km N 65° E of Pantukan (Davao De Oro),Davao De Oro
2025-10-11 05:44:00,11.04,123.97,3,3.1,001km S 73° W of City Of Bogo (Cebu),Cebu
2025-10-11 05:38:00,7.44,127.1,18,2.3,065km N 67° E of Manay (Davao Oriental),Davao Oriental
2025-10-11 05:35:00,5.26,126.39,6,2.6,105km S 77° E of Sarangani Island (Municipality Of Sarangani) (Davao Occidental),Davao Occidental
2025-10-11 05:32:00,6.44,125.5,121,2.8,012km N 77° W of Malita (Davao Occidental),Davao Occidental
2025-10-11 05:30:00,7.21,126.68,28,2.2,015km S 89° E of Manay (Davao Oriental),Davao Oriental
2025-10-11 05:28:00,7.05,127.05,25,2.1,059km S 73° E of Manay (Davao Oriental),Davao Oriental
2025-10-11 05:27:00,7.41,126.93,1,2.6,048km N 63° E of Manay (Davao Oriental),Davao Oriental
2025-10-11 05:25:00,7.06,126.93,36,2.4,046km S 69° E of Manay (Davao Oriental),Davao Oriental
2025-10-11 05:23:00,7.29,127.08,13,2.3,060km N 82° E of Manay (Davao Oriental),Davao Oriental
2025-10-11 05:12:00,9.0,122.71,9,2.6,036km S 79° W of Siaton (Negros Oriental),Negros Oriental
2025-10-11 05:18:00,7.31,126.73,32,2.3,024km N 63° E of Manay (Davao Oriental),Davao Oriental
2025-10-11 05:16:00,6.91,126.94,18,2.3,055km S 53° E of Manay (Davao Oriental),Davao Oriental
2025-10-11 05:15:00,7.34,127.26,33,2.3,081km N 80° E of Manay (Davao Oriental),Davao Oriental
2025-10-11 05:12:00,7.19,127.41,33,1.8,096km S 89° E of Manay (Davao Oriental),Davao Oriental
2025-10-11 05:12:00,9.0,122.71,9,2.6,036km S 79° W of Siaton (Negros Oriental),Negros Oriental
2025-10-11 05:11:00,7.28,127.23,34,2.9,077km N 85° E of Manay (Davao Oriental),Davao Oriental
2025-10-11 05:07:00,7.02,126.98,18,2.2,053km S 66° E of Manay (Davao Oriental),Davao Oriental
2025-10-11 05:04:00,10.92,123.92,4,3.2,016km S 24° W of City Of Bogo (Cebu),Cebu
2025-10-11 05:02:00,7.32,126.95,23,2.4,047km N 76° E of Manay (Davao Oriental),Davao Oriental
2025-10-11 04:53:00,7.43,127.08,6,3.7,065km N 68° E of Manay (Davao Oriental),Davao Oriental
2025-10-11 04:48:00,7.28,127.21,14,2.3,074km N 84° E of Manay (Davao Oriental),Davao Oriental
2025-10-11 04:47:00,7.2,126.93,26,1.8,043km S 88° E of Manay (Davao Oriental),Davao Oriental
2025-10-11 04:46:00,7.34,127.15,13,2.4,069km N 78° E of Manay (Davao Oriental),Davao Oriental
2025-10-11 04:40:00,11.03,124.01,31,1.9,003km S 65° E of City Of Bogo (Cebu),Cebu
2025-10-11 04:40:00,7.09,127.04,21,4.0,056km S 77° E of Manay (Davao Oriental),Davao Oriental
2025-10-11 04:38:00,13.5,120.75,10,2.9,007km N 20° E of Abra De Ilog (Occidental Mindoro),Occidental Mindoro
2025-10-11 04:38:00,11.15,124.01,34,1.2,012km N 17° E of City Of Bogo (Cebu),Cebu
2025-10-11 04:36:00,7.17,126.69,18,1.8,017km S 73° E of Manay (Davao Oriental),Davao Oriental
2025-10-11 04:36:00,11.15,123.98,29,1.9,011km N 03° E of City Of Bogo (Cebu),Cebu
2025-10-11 04:35:00,7.37,126.77,16,2.4,031km N 56° E of Manay (Davao Oriental),Davao Oriental
2025-10-11 04:33:00,8.93,126.82,30,1.6,057km N 88° E of Cagwait (Surigao Del Sur),Surigao Del Sur
2025-10-11 04:27:00,7.07,127.11,33,2.7,065km S 76° E of Manay (Davao Oriental),Davao Oriental
2025-10-11 04:26:00,7.06,127.29,33,2.7,084km S 79° E of Manay (Davao Oriental),Davao Oriental
2025-10-11 04:22:00,6.46,127.32,24,3.1,120km S 46° E of Manay (Davao Oriental),Davao Oriental
2025-10-11 04:21:00,6.82,127.09,8,3.4,074km S 55° E of Manay (Davao Oriental),Davao Oriental
2025-10-11 04:21:00,13.95,120.55,111,1.6,015km N 34° W of Calatagan (Batangas),Batangas
2025-10-11 04:17:00,11.13,124.03,24,1.8,010km N 29° E of City Of Bogo (Cebu),Cebu
2025-10-11 04:14:00,11.26,124.03,25,1.9,024km N 12° E of City Of Bogo (Cebu),Cebu
2025-10-11 04:13:00,7.39,127.08,21,2.5,063km N 72° E of Manay (Davao Oriental),Davao Oriental
2025-10-11 04:07:00,7.21,127.06,14,2.4,057km S 90° E of Manay (Davao Oriental),Davao Oriental
2025-10-11 04:05:00,9.71,125.26,33,2.2,019km N 56° W of Malimono (Surigao Del Norte),Surigao Del Norte
2025-10-11 03:53:00,7.38,126.83,33,1.8,037km N 60° E of Manay (Davao Oriental),Davao Oriental
2025-10-11 03:49:00,7.34,126.65,33,1.9,018km N 41° E of Manay (Davao Oriental),Davao Oriental
2025-10-11 03:48:00,7.35,126.68,37,1.8,022km N 44° E of Manay (Davao Oriental),Davao Oriental
2025-10-11 03:45:00,7.13,126.76,31,2.4,026km S 70° E of Manay (Davao Oriental),Davao Oriental
2025-10-11 03:44:00,7.25,126.77,33,2.4,026km N 79° E of Manay (Davao Oriental),Davao Oriental
2025-10-11 03:43:00,7.35,126.76,34,2.0,029km N 58° E of Manay (Davao Oriental),Davao Oriental
2025-10-11 03:40:00,6.91,127.04,21,2.8,064km S 59° E of Manay (Davao Oriental),Davao Oriental
2025-10-11 03:36:00,6.71,127.26,1,4.1,097km S 55° E of Manay (Davao Oriental),Davao Oriental
2025-10-11 03:36:00,7.46,127.13,12,2.6,071km N 67° E of Manay (Davao Oriental),Davao Oriental
2025-10-11 03:33:00,7.41,126.96,12,2.8,051km N 65° E of Manay (Davao Oriental),Davao Oriental
2025-10-11 03:32:00,7.27,127.12,20,2.1,064km N 84° E of Manay (Davao Oriental),Davao Oriental
2025-10-11 03:31:00,18.89,120.97,4,2.8,033km N 21° W of Claveria (Cagayan),Cagayan
2025-10-11 03:27:00,7.29,126.68,32,1.8,018km N 59° E of Manay (Davao Oriental),Davao Oriental
2025-10-11 03:24:00,7.35,127.03,20,3.1,057km N 74° E of Manay (Davao Oriental),Davao Oriental
2025-10-11 03:21:00,6.72,127.45,36,2.3,115km S 62° E of Manay (Davao Oriental),Davao Oriental
2025-10-11 03:20:00,7.19,127.0,26,2.7,050km S 88° E of Manay (Davao Oriental),Davao Oriental
2025-10-11 03:19:00,10.98,123.94,21,2.0,008km S 29° W of City Of Bogo (Cebu),Cebu
2025-10-11 03:19:00,7.22,127.27,46,2.1,081km N 90° E of Manay (Davao Oriental),Davao Oriental
2025-10-11 03:14:00,7.34,127.2,19,3.5,074km N 79° E of Manay (Davao Oriental),Davao Oriental
2025-10-11 03:12:00,7.08,127.05,32,2.6,058km S 76° E of Manay (Davao Oriental),Davao Oriental
2025-10-11 03:11:00,7.26,126.93,24,2.9,043km N 83° E of Manay (Davao Oriental),Davao Oriental
2025-10-11 03:06:00,7.32,127.15,18,3.4,068km N 80° E of Manay (Davao Oriental),Davao Oriental
2025-10-11 03:01:00,7.12,126.44,33,2.3,015km S 47° W of Manay (Davao Oriental),Davao Oriental
2025-10-11 03:02:00,7.31,126.64,24,2.0,016km N 45° E of Manay (Davao Oriental),Davao Oriental
2025-10-11 03:01:00,7.12,126.44,33,2.3,015km S 47° W of Manay (Davao Oriental),Davao Oriental
2025-10-11 02:59:00,7.18,126.76,22,3.2,024km S 82° E of Manay (Davao Oriental),Davao Oriental
2025-10-11 02:58:00,7.16,127.22,23,2.8,075km S 85° E of Manay (Davao Oriental),Davao Oriental
2025-10-11 02:54:00,7.38,126.67,23,1.8,024km N 37° E of Manay (Davao Oriental),Davao Oriental
2025-10-11 02:51:00,11.05,124.0,26,1.9,003km East of City Of Bogo (Cebu),Cebu
2025-10-11 02:48:00,7.44,127.16,23,1.9,073km N 70° E of Manay (Davao Oriental),Davao Oriental
2025-10-11 02:45:00,7.16,127.01,20,2.8,052km S 83° E of Manay (Davao Oriental),Davao Oriental
2025-10-11 02:43:00,7.1,127.02,26,2.4,054km S 77° E of Manay (Davao Oriental),Davao Oriental
2025-10-11 02:40:00,7.18,126.84,34,2.5,033km S 84° E of Manay (Davao Oriental),Davao Oriental
2025-10-11 02:38:00,7.34,127.57,1,1.6,114km N 83° E of Manay (Davao Oriental),Davao Oriental
2025-10-11 02:36:00,11.06,124.06,31,2.2,009km N 79° E of City Of Bogo (Cebu),Cebu
2025-10-11 02:36:00,7.26,127.0,17,2.9,051km N 84° E of Manay (Davao Oriental),Davao Oriental
2025-10-11 02:33:00,7.21,127.02,20,2.7,053km N 90° E of Manay (Davao Oriental),Davao Oriental
2025-10-11 02:32:00,8.13,126.84,12,1.6,048km N 77° E of Lingig (Surigao Del Sur),Surigao Del Sur
2025-10-11 02:29:00,7.2,126.85,7,2.0,034km S 88° E of Manay (Davao Oriental),Davao Oriental
2025-10-11 02:26:00,7.4,127.25,43,2.5,081km N 75° E of Manay (Davao Oriental),Davao Oriental
2025-10-11 02:25:00,7.45,126.71,18,1.8,032km N 36° E of Manay (Davao Oriental),Davao Oriental
2025-10-11 02:22:00,7.42,127.03,11,4.6,059km N 66° E of Manay (Davao Oriental),Davao Oriental
2025-10-11 02:22:00,11.12,123.95,6,3.0,008km N 24° W of City Of Bogo (Cebu),Cebu
2025-10-11 02:17:00,7.06,126.96,11,3.9,050km S 70° E of Manay (Davao Oriental),Davao Oriental
2025-10-11 02:15:00,7.06,126.99,8,3.7,052km S 72° E of Manay (Davao Oriental),Davao Oriental
2025-10-11 02:13:00,7.07,126.84,32,2.0,036km S 65° E of Manay (Davao Oriental),Davao Oriental
2025-10-11 02:10:00,7.11,127.06,20,3.4,058km S 79° E of Manay (Davao Oriental),Davao Oriental
2025-10-11 02:08:00,11.27,124.27,7,2.2,011km S 69° W of Tabango (Leyte),Leyte
2025-10-11 02:07:00,6.8,127.37,32,2.0,102km S 64° E of Manay (Davao Oriental),Davao Oriental
2025-10-11 02:06:00,11.08,124.0,15,2.5,004km N 31° E of City Of Bogo (Cebu),Cebu
2025-10-11 02:05:00,7.49,126.68,29,2.2,034km N 26° E of Manay (Davao Oriental),Davao Oriental
2025-10-11 02:01:00,10.94,123.99,19,2.7,012km S 05° E of City Of Bogo (Cebu),Cebu
2025-10-11 01:59:00,7.35,126.76,23,2.7,029km N 57° E of Manay (Davao Oriental),Davao Oriental
2025-10-11 01:54:00,7.15,126.92,22,2.7,043km S 80° E of Manay (Davao Oriental),Davao Oriental
2025-10-11 01:51:00,7.47,126.78,34,2.1,040km N 43° E of Manay (Davao Oriental),Davao Oriental
2025-10-11 01:50:00,11.22,123.94,9,2.2,019km N 13° W of City Of Bogo (Cebu),Cebu
2025-10-11 01:50:00,11.1,124.03,22,1.1,008km N 48° E of City Of Bogo (Cebu),Cebu
2025-10-11 01:50:00,8.22,126.16,152,1.7,017km N 89° W of City Of Bislig (Surigao Del Sur),Surigao Del Sur
2025-10-11 01:48:00,11.16,123.99,16,1.7,013km N 07° E of City Of Bogo (Cebu),Cebu
2025-10-11 01:43:00,10.86,123.84,13,2.6,025km S 37° W of City Of Bogo (Cebu),Cebu
2025-10-11 01:42:00,7.39,127.05,15,2.3,060km N 71° E of Manay (Davao Oriental),Davao Oriental
2025-10-11 01:37:00,7.42,126.84,33,2.4,040km N 55° E of Manay (Davao Oriental),Davao Oriental
2025-10-11 01:34:00,7.25,127.04,64,1.9,055km N 85° E of Manay (Davao Oriental),Davao Oriental
2025-10-11 01:31:00,6.85,126.86,11,2.6,054km S 41° E of Manay (Davao Oriental),Davao Oriental
2025-10-11 01:30:00,7.37,126.99,26,2.6,053km N 71° E of Manay (Davao Oriental),Davao Oriental
2025-10-11 01:29:00,7.24,126.67,34,1.6,015km N 78° E of Manay (Davao Oriental),Davao Oriental
2025-10-11 01:25:00,18.11,120.58,25,3.0,006km N 14° E of City Of Batac (Ilocos Norte),Ilocos Norte
2025-10-11 01:24:00,6.77,127.08,1,3.4,077km S 50° E of Manay (Davao Oriental),Davao Oriental
2025-10-11 01:22:00,6.85,126.87,16,2.7,054km S 43° E of Manay (Davao Oriental),Davao Oriental
2025-10-11 01:14:00,6.9,127.01,11,3.6,063km S 56° E of Manay (Davao Oriental),Davao Oriental
2025-10-11 01:13:00,7.15,126.54,41,2.4,007km S 02° E of Manay (Davao Oriental),Davao Oriental
2025-10-11 01:12:00,11.05,124.04,12,1.3,006km N 82° E of City Of Bogo (Cebu),Cebu
2025-10-11 01:10:00,8.78,126.35,24,2.5,006km S 67° E of Marihatag (Surigao Del Sur),Surigao Del Sur
2025-10-11 01:09:00,7.0,127.01,34,2.0,057km S 66° E of Manay (Davao Oriental),Davao Oriental
2025-10-11 01:08:00,7.18,126.9,33,1.4,039km S 86° E of Manay (Davao Oriental),Davao Oriental
2025-10-11 01:08:00,11.09,124.04,17,1.6,008km N 51° E of City Of Bogo (Cebu),Cebu
2025-10-11 01:06:00,7.2,127.13,15,3.3,065km S 89° E of Manay (Davao Oriental),Davao Oriental
2025-10-11 01:05:00,7.29,126.92,24,2.3,043km N 77° E of Manay (Davao Oriental),Davao Oriental
2025-10-11 01:03:00,7.18,127.36,33,2.4,091km S 88° E of Manay (Davao Oriental),Davao Oriental
2025-10-11 01:02:00,7.37,126.63,33,1.8,020km N 31° E of Manay (Davao Oriental),Davao Oriental
2025-10-11 00:58:00,7.33,126.9,19,3.3,042km N 72° E of Manay (Davao Oriental),Davao Oriental
2025-10-11 00:54:00,6.59,127.12,7,3.8,094km S 43° E of Manay (Davao Oriental),Davao Oriental
2025-10-11 00:54:00,17.57,122.42,37,4.5,028km N 44° E of Maconacon (Isabela),Isabela
2025-10-11 00:53:00,7.23,126.84,26,2.7,033km N 87° E of Manay (Davao Oriental),Davao Oriental
2025-10-11 00:45:00,7.43,127.06,17,2.2,055km N 78° E of Caraga (Davao Oriental),Davao Oriental
2025-10-11 00:48:00,7.2,126.97,26,4.1,048km S 89° E of Manay (Davao Oriental),Davao Oriental
2025-10-11 00:44:00,7.35,126.84,33,1.9,037km N 65° E of Manay (Davao Oriental),Davao Oriental
2025-10-11 00:38:00,6.79,127.09,1,3.0,076km S 53° E of Manay (Davao Oriental),Davao Oriental
2025-10-11 00:38:00,9.34,122.34,23,1.8,032km S 26° W of Hinoba-an (Negros Occidental),Negros Occidental
2025-10-11 00:36:00,11.13,124.0,12,2.5,009km N 15° E of City Of Bogo (Cebu),Cebu
2025-10-11 00:34:00,7.25,127.0,24,3.0,051km N 85° E of Manay (Davao Oriental),Davao Oriental
2025-10-11 00:32:00,7.03,126.65,16,2.4,023km S 30° E of Manay (Davao Oriental),Davao Oriental
2025-10-11 00:30:00,10.97,123.95,8,2.0,009km S 22° W of City Of Bogo (Cebu),Cebu
2025-10-11 00:30:00,7.47,126.8,32,3.3,040km N 46° E of Manay (Davao Oriental),Davao Oriental
2025-10-11 00:25:00,7.18,126.58,26,2.3,006km S 53° E of Manay (Davao Oriental),Davao Oriental
2025-10-11 00:23:00,7.4,126.63,33,1.9,023km N 27° E of Manay (Davao Oriental),Davao Oriental
2025-10-11 00:23:00,18.44,120.68,3,2.2,009km S 24° E of Burgos (Ilocos Norte),Ilocos Norte
2025-10-11 00:20:00,7.43,126.87,27,2.5,044km N 56° E of Manay (Davao Oriental),Davao Oriental
2025-10-11 00:17:00,7.43,126.52,11,2.0,024km N 06° W of Manay (Davao Oriental),Davao Oriental
2025-10-11 00:19:00,10.92,123.91,11,2.5,016km S 29° W of City Of Bogo (Cebu),Cebu
2025-10-11 00:17:00,6.97,126.85,24,2.1,043km S 52° E of Manay (Davao Oriental),Davao Oriental
2025-10-11 00:12:00,7.25,126.76,23,2.7,025km N 80° E of Manay (Davao Oriental),Davao Oriental
2025-10-11 00:10:00,7.3,126.72,19,1.6,022km N 63° E of Manay (Davao Oriental),Davao Oriental
2025-10-11 00:09:00,7.03,126.78,28,1.4,034km S 53° E of Manay (Davao Oriental),Davao Oriental
2025-10-11 00:07:00,7.16,126.61,23,1.8,009km S 53° E of Manay (Davao Oriental),Davao Oriental
2025-10-11 00:03:00,7.23,126.93,19,3.5,044km N 87° E of Manay (Davao Oriental),Davao Oriental
2025-10-11 00:00:00,7.14,126.83,20,2.7,033km S 75° E of Manay (Davao Oriental),Davao Oriental
2025-10-10 23:56:00,13.16,120.27,1,3.2,035km S 36° W of Paluan (Occidental Mindoro),Occidental Mindoro
2025-10-10 23:55:00,7.23,127.0,23,2.7,051km N 87° E of Manay (Davao Oriental),Davao Oriental
2025-10-10 23:51:00,7.24,126.87,31,1.7,037km N 85° E of Manay (Davao Oriental),Davao Oriental
2025-10-10 23:50:00,7.31,126.88,19,1.8,039km N 74° E of Manay (Davao Oriental),Davao Oriental
2025-10-10 23:49:00,7.12,127.33,34,2.9,087km S 83° E of Manay (Davao Oriental),Davao Oriental
2025-10-10 23:46:00,7.06,126.83,29,2.8,036km S 63° E of Manay (Davao Oriental),Davao Oriental
2025-10-10 23:45:00,11.15,123.98,29,2.6,012km N 01° W of City Of Bogo (Cebu),Cebu
2025-10-10 23:44:00,7.24,126.85,22,2.4,034km N 84° E of Manay (Davao Oriental),Davao Oriental
2025-10-10 23:40:00,7.26,126.76,19,2.5,025km N 78° E of Manay (Davao Oriental),Davao Oriental
2025-10-10 23:41:00,11.22,124.15,36,1.3,026km N 44° E of City Of Bogo (Cebu),Cebu
2025-10-10 23:30:00,7.12,126.78,27,1.3,029km S 70° E of Manay (Davao Oriental),Davao Oriental
2025-10-10 23:27:00,7.14,126.93,21,3.1,044km S 80° E of Manay (Davao Oriental),Davao Oriental
2025-10-10 23:23:00,13.51,120.96,33,1.3,001km N 14° E of Puerto Galera (Oriental Mindoro),Oriental Mindoro
2025-10-10 23:16:00,7.38,127.0,11,2.8,054km N 70° E of Manay (Davao Oriental),Davao Oriental
2025-10-10 23:13:00,7.35,126.7,34,2.9,024km N 49° E of Manay (Davao Oriental),Davao Oriental
2025-10-10 23:11:00,7.19,126.51,28,1.7,004km S 58° W of Manay (Davao Oriental),Davao Oriental
2025-10-10 23:08:00,7.3,127.13,22,2.4,066km N 82° E of Manay (Davao Oriental),Davao Oriental
2025-10-10 23:06:00,7.37,127.21,25,2.5,004km S 58° W of Manay (Davao Oriental),Davao Oriental
2025-10-10 23:04:00,7.35,127.06,19,2.7,059km N 75° E of Manay (Davao Oriental),Davao Oriental
2025-10-10 23:00:00,10.94,123.89,33,2.4,016km S 38° W of City Of Bogo (Cebu),Cebu
2025-10-10 22:59:00,7.24,127.14,16,2.9,067km N 87° E of Manay (Davao Oriental),Davao Oriental
2025-10-10 22:56:00,6.74,127.2,4,2.1,090km S 54° E of Manay (Davao Oriental),Davao Oriental
2025-10-10 22:55:00,7.37,127.05,13,3.8,059km N 73° E of Manay (Davao Oriental),Davao Oriental
2025-10-10 22:54:00,7.37,127.1,22,2.1,065km N 74° E of Manay (Davao Oriental),Davao Oriental
2025-10-10 22:53:00,7.26,126.71,26,1.8,020km N 73° E of Manay (Davao Oriental),Davao Oriental
2025-10-10 22:52:00,7.0,127.01,20,2.2,057km S 66° E of Manay (Davao Oriental),Davao Oriental
2025-10-10 22:51:00,7.03,126.86,17,2.3,041km S 61° E of Manay (Davao Oriental),Davao Oriental
2025-10-10 22:47:00,17.72,120.64,31,2.9,004km N 46° W of Danglas (Abra),Abra
2025-10-10 22:46:00,7.35,126.68,33,1.8,022km N 45° E of Manay (Davao Oriental),Davao Oriental
2025-10-10 22:42:00,7.2,126.76,25,2.0,025km S 88° E of Manay (Davao Oriental),Davao Oriental
2025-10-10 22:40:00,7.11,127.03,17,2.7,055km S 79° E of Manay (Davao Oriental),Davao Oriental
2025-10-10 22:36:00,6.06,126.73,69,3.6,115km S 52° E of Governor Generoso (Davao Oriental),Davao Oriental
2025-10-10 22:36:00,7.46,127.08,15,2.3,066km N 65° E of Manay (Davao Oriental),Davao Oriental
2025-10-10 22:35:00,11.14,123.97,6,1.8,010km N 06° W of City Of Bogo (Cebu),Cebu
2025-10-10 22:33:00,7.2,126.59,20,1.6,006km S 74° E of Manay (Davao Oriental),Davao Oriental
2025-10-10 22:28:00,7.29,126.73,32,1.8,023km N 68° E of Manay (Davao Oriental),Davao Oriental
2025-10-10 22:28:00,11.02,124.06,5,2.0,009km S 70° E of City Of Bogo (Cebu),Cebu
2025-10-10 22:26:00,7.26,126.92,25,2.9,042km N 82° E of Manay (Davao Oriental),Davao Oriental
2025-10-10 22:15:00,7.36,127.0,24,2.0,053km N 72° E of Manay (Davao Oriental),Davao Oriental
2025-10-10 22:10:00,7.36,127.08,21,3.1,062km N 75° E of Manay (Davao Oriental),Davao Oriental
2025-10-10 22:09:00,7.18,126.84,10,2.4,033km S 84° E of Manay (Davao Oriental),Davao Oriental
2025-10-10 22:08:00,7.31,126.67,18,1.9,018km N 52° E of Manay (Davao Oriental),Davao Oriental
2025-10-10 22:05:00,7.39,127.0,10,3.1,055km N 68° E of Manay (Davao Oriental),Davao Oriental
2025-10-10 21:57:00,7.5,127.03,24,1.4,063km N 60° E of Manay (Davao Oriental),Davao Oriental
2025-10-10 21:52:00,11.0,124.06,33,2.4,011km S 60° E of City Of Bogo (Cebu),Cebu
2025-10-10 21:49:00,7.26,126.88,20,2.8,036km S 78° E of Caraga (Davao Oriental),Davao Oriental
2025-10-10 21:41:00,7.39,127.01,3,2.8,055km N 68° E of Manay (Davao Oriental),Davao Oriental
2025-10-10 21:45:00,7.29,127.0,13,2.6,052km N 80° E of Manay (Davao Oriental),Davao Oriental
2025-10-10 21:40:00,7.25,126.92,18,2.1,043km N 85° E of Manay (Davao Oriental),Davao Oriental
2025-10-10 21:37:00,6.95,126.81,31,2.2,042km S 45° E of Manay (Davao Oriental),Davao Oriental
2025-10-10 21:36:00,10.93,123.95,6,3.2,014km S 16° W of City Of Bogo (Cebu),Cebu
2025-10-10 21:34:00,7.13,127.78,41,2.7,138km S 86° E of Manay (Davao Oriental),Davao Oriental
2025-10-10 21:33:00,7.53,127.05,17,2.3,067km N 58° E of Manay (Davao Oriental),Davao Oriental
2025-10-10 21:32:00,7.3,127.33,24,2.0,088km N 83° E of Manay (Davao Oriental),Davao Oriental
2025-10-10 21:30:00,7.05,126.97,11,2.3,051km S 69° E of Manay (Davao Oriental),Davao Oriental
2025-10-10 21:28:00,7.83,126.91,16,2.0,080km N 31° E of Manay (Davao Oriental),Davao Oriental
2025-10-10 21:26:00,11.14,123.99,23,1.7,010km N 09° E of City Of Bogo (Cebu),Cebu
2025-10-10 21:25:00,7.47,126.83,31,2.4,043km N 48° E of Manay (Davao Oriental),Davao Oriental
2025-10-10 21:21:00,7.39,126.8,20,2.4,036km N 55° E of Manay (Davao Oriental),Davao Oriental
2025-10-10 21:16:00,7.31,126.97,5,3.7,049km N 77° E of Manay (Davao Oriental),Davao Oriental
2025-10-10 21:15:00,7.4,127.03,15,3.0,058km N 69° E of Manay (Davao Oriental),Davao Oriental
2025-10-10 21:13:00,7.24,127.09,27,3.5,061km N 86° E of Manay (Davao Oriental),Davao Oriental
2025-10-10 21:11:00,7.38,127.11,13,2.7,065km N 74° E of Manay (Davao Oriental),Davao Oriental
2025-10-10 21:10:00,7.29,126.85,14,2.9,035km N 75° E of Manay (Davao Oriental),Davao Oriental
2025-10-10 21:08:00,7.37,127.15,21,3.3,069km N 76° E of Manay (Davao Oriental),Davao Oriental
2025-10-10 21:07:00,7.39,127.05,19,2.3,059km N 71° E of Manay (Davao Oriental),Davao Oriental
2025-10-10 21:06:00,7.25,126.94,28,1.6,045km N 85° E of Manay (Davao Oriental),Davao Oriental
2025-10-10 21:06:00,7.28,126.85,29,1.9,035km N 78° E of Manay (Davao Oriental),Davao Oriental
2025-10-10 21:04:00,7.39,127.03,6,3.3,058km N 70° E of Manay (Davao Oriental),Davao Oriental
2025-10-10 21:03:00,7.24,127.03,12,2.6,054km N 87° E of Manay (Davao Oriental),Davao Oriental
2025-10-10 21:02:00,11.08,124.16,10,2.3,020km N 78° E of City Of Bogo (Cebu),Cebu
2025-10-10 21:00:00,6.96,127.39,30,2.7,097km S 76° E of Manay (Davao Oriental),Davao Oriental
2025-10-10 20:58:00,7.15,126.88,12,2.9,038km S 79° E of Manay (Davao Oriental),Davao Oriental
2025-10-10 21:57:00,7.2,126.78,19,1.9,026km S 89° E of Manay (Davao Oriental),Davao Oriental
2025-10-10 20:53:00,7.38,126.75,21,3.0,030km N 51° E of Manay (Davao Oriental),Davao Oriental
2025-10-10 20:52:00,7.34,126.81,27,2.1,034km N 64° E of Manay (Davao Oriental),Davao Oriental
2025-10-10 20:50:00,7.17,127.01,19,2.8,052km S 85° E of Manay (Davao Oriental),Davao Oriental
2025-10-10 20:48:00,7.28,127.1,20,2.4,062km N 83° E of Manay (Davao Oriental),Davao Oriental
2025-10-10 20:44:00,7.08,126.98,41,1.6,051km S 73° E of Manay (Davao Oriental),Davao Oriental
2025-10-10 20:42:00,7.16,126.79,27,2.3,029km S 79° E of Manay (Davao Oriental),Davao Oriental
2025-10-10 20:39:00,7.15,126.92,30,3.2,043km S 81° E of Manay (Davao Oriental),Davao Oriental
2025-10-10 20:36:00,7.25,126.93,9,4.5,043km N 85° E of Manay (Davao Oriental),Davao Oriental
2025-10-10 20:34:00,7.27,126.66,20,1.5,015km N 62° E of Manay (Davao Oriental),Davao Oriental
2025-10-10 20:31:00,7.06,126.82,16,2.6,035km S 62° E of Manay (Davao Oriental),Davao Oriental
2025-10-10 20:19:00,6.99,127.34,30,3.5,092km S 74° E of Manay (Davao Oriental),Davao Oriental
2025-10-10 20:14:00,7.39,127.19,23,2.7,074km N 75° E of Manay (Davao Oriental),Davao Oriental
2025-10-10 20:12:00,7.25,127.14,22,3.2,066km N 86° E of Manay (Davao Oriental),Davao Oriental
2025-10-10 20:09:00,7.28,126.96,10,2.6,047km N 80° E of Manay (Davao Oriental),Davao Oriental
2025-10-10 20:05:00,7.38,127.11,14,3.3,065km N 73° E of Manay (Davao Oriental),Davao Oriental
2025-10-10 20:01:00,7.38,127.07,13,3.5,062km N 72° E of Manay (Davao Oriental),Davao Oriental
2025-10-10 19:49:00,7.08,126.99,15,3.2,052km S 74° E of Manay (Davao Oriental),Davao Oriental
2025-10-10 19:49:00,7.02,126.98,26,1.5,053km S 67° E of Manay (Davao Oriental),Davao Oriental
2025-10-10 19:47:00,7.09,127.06,17,3.2,059km S 77° E of Manay (Davao Oriental),Davao Oriental
2025-10-10 19:46:00,7.14,126.74,28,2.3,024km S 70° E of Manay (Davao Oriental),Davao Oriental
2025-10-10 19:42:00,7.19,126.81,34,2.3,030km S 87° E of Manay (Davao Oriental),Davao Oriental
2025-10-10 19:34:00,7.01,127.01,22,3.2,057km S 67° E of Manay (Davao Oriental),Davao Oriental
2025-10-10 19:33:00,6.9,126.93,10,2.2,055km S 51° E of Manay (Davao Oriental),Davao Oriental
2025-10-10 19:26:00,7.37,127.25,27,3.3,080km N 77° E of Manay (Davao Oriental),Davao Oriental
2025-10-10 19:12:00,7.07,126.9,37,6.8,043km S 68° E of Manay (Davao Oriental),Davao Oriental
2025-10-10 19:10:00,7.33,126.83,26,2.7,035km N 67° E of Manay (Davao Oriental),Davao Oriental
2025-10-10 19:04:00,11.15,124.01,31,1.4,012km N 18° E of City Of Bogo (Cebu),Cebu
2025-10-10 19:02:00,7.12,126.99,24,2.9,051km S 78° E of Manay (Davao Oriental),Davao Oriental
2025-10-10 19:00:00,7.28,127.07,15,3.4,059km N 82° E of Manay (Davao Oriental),Davao Oriental
2025-10-10 18:53:00,11.08,124.11,25,1.4,014km N 77° E of City Of Bogo (Cebu),Cebu
2025-10-10 18:52:00,11.09,124.13,33,1.7,017km N 72° E of City Of Bogo (Cebu),Cebu
2025-10-10 18:52:00,11.08,124.09,30,1.2,013km N 74° E of City Of Bogo (Cebu),Cebu
2025-10-10 18:51:00,7.4,127.07,15,2.7,063km N 70° E of Manay (Davao Oriental),Davao Oriental
2025-10-10 18:47:00,7.14,126.85,22,2.8,035km S 77° E of Manay (Davao Oriental),Davao Oriental
2025-10-10 18:45:00,7.36,127.03,24,1.9,057km N 73° E of Manay (Davao Oriental),Davao Oriental
2025-10-10 18:45:00,7.36,127.03,24,1.9,057km N 73° E of Manay (Davao Oriental),Davao Oriental
2025-10-10 18:46:00,7.17,126.84,14,2.2,034km S 83° E of Manay (Davao Oriental),Davao Oriental
2025-10-10 18:40:00,10.87,123.92,22,2.0,021km S 18° W of City Of Bogo (Cebu),Cebu
2025-10-10 18:39:00,7.23,126.55,39,2.2,027km S 80° E of Manay (Davao Oriental),Davao Oriental
2025-10-10 18:37:00,7.11,126.69,50,2.1,021km S 55° E of Manay (Davao Oriental),Davao Oriental
2025-10-10 18:35:00,7.13,127.0,18,2.8,052km S 80° E of Manay (Davao Oriental),Davao Oriental
2025-10-10 18:34:00,11.27,124.19,9,2.5,033km N 43° E of City Of Bogo (Cebu),Cebu
2025-10-10 18:27:00,7.28,126.66,33,1.3,015km N 61° E of Manay (Davao Oriental),Davao Oriental
2025-10-10 18:26:00,7.0,127.11,33,2.4,067km S 70° E of Manay (Davao Oriental),Davao Oriental
2025-10-10 18:25:00,7.08,126.93,18,2.1,045km S 71° E of Manay (Davao Oriental),Davao Oriental
2025-10-10 18:21:00,18.79,120.82,41,2.2,026km N 07° E of Pagudpud (Ilocos Norte),Ilocos Norte
2025-10-10 18:20:00,7.22,126.82,22,4.5,030km N 89° E of Manay (Davao Oriental),Davao Oriental
2025-10-10 18:16:00,7.2,126.97,14,2.8,048km S 88° E of Manay (Davao Oriental),Davao Oriental
2025-10-10 18:16:00,7.01,127.09,1,1.8,065km S 70° E of Manay (Davao Oriental),Davao Oriental
2025-10-10 18:15:00,7.81,127.06,31,1.7,087km N 41° E of Manay (Davao Oriental),Davao Oriental
2025-10-10 18:14:00,7.11,126.97,9,2.4,049km S 77° E of Manay (Davao Oriental),Davao Oriental
2025-10-10 18:12:00,7.25,126.95,15,2.8,046km N 85° E of Manay (Davao Oriental),Davao Oriental
2025-10-10 18:06:00,7.1,127.16,29,2.5,070km S 80° E of Manay (Davao Oriental),Davao Oriental
2025-10-10 18:03:00,11.25,124.18,33,2.3,032km N 44° E of City Of Bogo (Cebu),Cebu
2025-10-10 18:03:00,7.03,127.06,2,3.0,060km S 71° E of Manay (Davao Oriental),Davao Oriental
2025-10-10 18:00:00,7.21,127.04,11,4.1,055km N 90° E of Manay (Davao Oriental),Davao Oriental
2025-10-10 17:56:00,7.23,126.82,47,2.1,032km N 85° E of Manay (Davao Oriental),Davao Oriental
2025-10-10 17:53:00,7.25,127.18,35,2.0,071km N 86° E of Manay (Davao Oriental),Davao Oriental
2025-10-10 17:52:00,7.23,127.2,33,1.7,073km N 88° E of Manay (Davao Oriental),Davao Oriental
2025-10-10 17:52:00,7.33,126.83,26,1.5,035km N 68° E of Manay (Davao Oriental),Davao Oriental
2025-10-10 17:52:00,11.17,124.16,21,1.8,024km N 54° E of City Of Bogo (Cebu),Cebu
2025-10-10 17:50:00,7.24,126.81,33,2.1,030km N 83° E of Manay (Davao Oriental),Davao Oriental
2025-10-10 17:48:00,7.13,127.03,14,3.2,055km S 81° E of Manay (Davao Oriental),Davao Oriental
2025-10-10 17:46:00,7.51,126.73,23,1.6,039km N 32° E of Manay (Davao Oriental),Davao Oriental
2025-10-10 17:45:00,7.31,127.14,5,2.0,068km N 80° E of Manay (Davao Oriental),Davao Oriental
2025-10-10 17:43:00,7.1,127.17,10,4.5,071km S 80° E of Manay (Davao Oriental),Davao Oriental
2025-10-10 17:40:00,6.75,127.11,9,2.7,081km S 51° E of Manay (Davao Oriental),Davao Oriental
2025-10-10 17:37:00,7.35,127.18,17,3.5,072km N 78° E of Manay (Davao Oriental),Davao Oriental
2025-10-10 17:34:00,11.17,124.66,33,2.0,011km S 82° E of Kananga (Leyte),Leyte
2025-10-10 17:33:00,7.19,127.04,11,3.2,055km S 88° E of Manay (Davao Oriental),Davao Oriental
2025-10-10 17:24:00,7.14,126.73,21,2.5,022km S 69° E of Manay (Davao Oriental),Davao Oriental
2025-10-10 17:23:00,7.38,126.69,19,2.3,025km N 42° E of Manay (Davao Oriental),Davao Oriental
2025-10-10 17:20:00,7.22,126.96,20,1.8,046km N 88° E of Manay (Davao Oriental),Davao Oriental
2025-10-10 17:22:00,11.17,124.14,9,2.3,022km N 53° E of City Of Bogo (Cebu),Cebu
2025-10-10 17:19:00,7.24,126.51,28,2.4,005km N 50° W of Manay (Davao Oriental),Davao Oriental
2025-10-10 17:18:00,7.17,127.0,13,1.7,051km S 85° E of Manay (Davao Oriental),Davao Oriental
2025-10-10 17:17:00,7.34,127.19,23,2.0,073km N 79° E of Manay (Davao Oriental),Davao Oriental
2025-10-10 17:14:00,7.05,126.83,21,2.1,036km S 60° E of Manay (Davao Oriental),Davao Oriental
2025-10-10 17:11:00,7.35,127.23,16,3.6,078km N 79° E of Manay (Davao Oriental),Davao Oriental
2025-10-10 17:10:00,7.05,126.94,7,2.4,047km S 68° E of Manay (Davao Oriental),Davao Oriental
2025-10-10 17:05:00,7.13,127.08,26,3.4,061km S 82° E of Manay (Davao Oriental),Davao Oriental
2025-10-10 17:03:00,7.37,126.86,30,2.5,039km N 64° E of Manay (Davao Oriental),Davao Oriental
2025-10-10 17:06:00,7.25,127.22,14,4.8,075km N 86° E of Manay (Davao Oriental),Davao Oriental
2025-10-10 17:02:00,7.16,126.87,27,1.9,037km S 81° E of Manay (Davao Oriental),Davao Oriental
2025-10-10 17:01:00,7.29,126.89,17,1.6,040km N 78° E of Manay (Davao Oriental),Davao Oriental
2025-10-10 16:56:00,7.16,126.7,16,3.1,018km S 73° E of Manay (Davao Oriental),Davao Oriental
2025-10-10 16:53:00,7.0,126.86,32,2.8,043km S 57° E of Manay (Davao Oriental),Davao Oriental
2025-10-10 16:51:00,7.26,126.71,27,2.3,020km N 73° E of Manay (Davao Oriental),Davao Oriental
2025-10-10 16:49:00,6.94,126.87,14,2.6,047km S 51° E of Manay (Davao Oriental),Davao Oriental
2025-10-10 16:48:00,7.33,126.56,12,2.3,014km N 07° E of Manay (Davao Oriental),Davao Oriental
2025-10-10 16:46:00,7.09,126.96,16,2.4,049km S 74° E of Manay (Davao Oriental),Davao Oriental
2025-10-10 16:39:00,7.04,126.74,26,3.9,029km S 50° E of Manay (Davao Oriental),Davao Oriental
2025-10-10 16:37:00,6.88,126.93,24,2.5,056km S 50° E of Manay (Davao Oriental),Davao Oriental
2025-10-10 16:19:00,7.23,126.69,13,3.0,017km N 83° E of Manay (Davao Oriental),Davao Oriental
2025-10-10 16:16:00,7.22,127.18,3,3.0,071km N 90° E of Manay (Davao Oriental),Davao Oriental
2025-10-10 16:09:00,7.26,127.24,14,3.0,077km N 86° E of Manay (Davao Oriental),Davao Oriental
2025-10-10 15:59:00,7.09,126.99,37,2.8,051km S 75° E of Manay (Davao Oriental),Davao Oriental
2025-10-10 15:56:00,6.87,127.11,8,3.0,074km S 59° E of Manay (Davao Oriental),Davao Oriental
2025-10-10 15:49:00,7.17,126.86,19,2.7,036km S 83° E of Manay (Davao Oriental),Davao Oriental
2025-10-10 15:46:00,6.88,127.01,2,2.6,063km S 55° E of Manay (Davao Oriental),Davao Oriental
2025-10-10 15:40:00,7.06,127.01,42,3.0,055km S 72° E of Manay (Davao Oriental),Davao Oriental
2025-10-10 15:38:00,7.07,127.12,10,5.2,065km S 76° E of Manay (Davao Oriental),Davao Oriental
2025-10-10 15:33:00,7.14,126.98,18,3.3,049km S 81° E of Manay (Davao Oriental),Davao Oriental
2025-10-10 15:33:00,7.07,126.73,10,1.4,026km S 54° E of Manay (Davao Oriental),Davao Oriental
2025-10-10 15:31:00,7.09,126.92,17,2.7,044km S 72° E of Manay (Davao Oriental),Davao Oriental
2025-10-10 15:28:00,7.31,126.72,25,3.4,023km N 60° E of Manay (Davao Oriental),Davao Oriental
2025-10-10 15:24:00,7.06,127.28,14,5.0,083km S 78° E of Manay (Davao Oriental),Davao Oriental
2025-10-10 15:21:00,7.08,127.16,14,3.1,070km S 78° E of Manay (Davao Oriental),Davao Oriental
2025-10-10 15:17:00,7.2,126.88,30,3.0,038km S 87° E of Manay (Davao Oriental),Davao Oriental
2025-10-10 15:16:00,7.33,126.92,3,2.9,044km N 72° E of Manay (Davao Oriental),Davao Oriental
2025-10-10 15:15:00,7.24,127.2,50,1.2,073km N 87° E of Manay (Davao Oriental),Davao Oriental
2025-10-10 15:07:00,7.17,126.79,33,2.3,028km S 80° E of Manay (Davao Oriental),Davao Oriental
2025-10-10 15:04:00,7.09,127.11,25,2.4,064km S 78° E of Manay (Davao Oriental),Davao Oriental
2025-10-10 14:57:00,18.59,120.75,32,1.8,006km N 18° W of Bangui (Ilocos Norte),Ilocos Norte
2025-10-10 14:54:00,7.2,126.64,10,4.1,011km S 84° E of Manay (Davao Oriental),Davao Oriental
2025-10-10 14:47:00,11.14,124.05,30,2.5,012km N 37° E of City Of Bogo (Cebu),Cebu
2025-10-10 14:43:00,7.1,126.72,24,2.1,024km S 58° E of Manay (Davao Oriental),Davao Oriental
2025-10-10 14:41:00,7.18,126.72,26,1.2,020km S 81° E of Manay (Davao Oriental),Davao Oriental
2025-10-10 14:37:00,7.35,127.14,14,3.1,068km N 77° E of Manay (Davao Oriental),Davao Oriental
2025-10-10 14:36:00,6.92,127.12,19,1.9,072km S 63° E of Manay (Davao Oriental),Davao Oriental
2025-10-10 14:34:00,13.75,120.58,67,1.9,011km S 28° W of Calatagan (Batangas),Batangas
2025-10-10 14:29:00,7.25,126.61,36,1.2,009km N 63° E of Manay (Davao Oriental),Davao Oriental
2025-10-10 14:32:00,6.84,127.32,2,4.7,095km S 64° E of Manay (Davao Oriental),Davao Oriental
2025-10-10 14:27:00,6.69,127.24,37,2.1,097km S 53° E of Manay (Davao Oriental),Davao Oriental
2025-10-10 14:25:00,7.09,126.99,16,2.4,052km S 75° E of Manay (Davao Oriental),Davao Oriental
2025-10-10 14:23:00,7.19,126.95,7,2.8,045km S 87° E of Manay (Davao Oriental),Davao Oriental
2025-10-10 14:18:00,7.31,126.79,33,1.7,030km N 69° E of Manay (Davao Oriental),Davao Oriental
2025-10-10 14:10:00,7.1,126.9,8,2.2,041km S 73° E of Manay (Davao Oriental),Davao Oriental
2025-10-10 14:06:00,7.3,127.12,14,4.4,065km N 82° E of Manay (Davao Oriental),Davao Oriental
2025-10-10 14:00:00,7.15,126.85,20,1.5,035km S 79° E of Manay (Davao Oriental),Davao Oriental
2025-10-10 13:48:00,6.88,126.99,18,4.3,062km S 54° E of Manay (Davao Oriental),Davao Oriental
2025-10-10 13:42:00,7.02,126.9,23,1.4,045km S 63° E of Manay (Davao Oriental),Davao Oriental
2025-10-10 13:40:00,7.28,126.81,30,2.8,031km N 75° E of Manay (Davao Oriental),Davao Oriental
2025-10-10 13:35:00,7.38,126.57,29,2.6,020km N 10° E of Manay (Davao Oriental),Davao Oriental
2025-10-10 13:32:00,7.67,127.12,37,2.0,082km N 52° E of Manay (Davao Oriental),Davao Oriental
2025-10-10 13:26:00,7.08,126.99,22,3.8,052km S 74° E of Manay (Davao Oriental),Davao Oriental
2025-10-10 13:19:00,7.03,126.97,16,2.3,052km S 67° E of Manay (Davao Oriental),Davao Oriental
2025-10-10 13:18:00,7.2,127.1,7,2.2,062km S 89° E of Manay (Davao Oriental),Davao Oriental
2025-10-10 13:14:00,7.48,125.91,6,3.5,004km S 20° W of Mawab (Davao De Oro),Davao De Oro
2025-10-10 13:06:00,8.03,126.82,26,3.1,045km S 89° E of Lingig (Surigao Del Sur),Surigao Del Sur
2025-10-10 13:01:00,7.09,126.92,25,3.7,044km S 72° E of Manay (Davao Oriental),Davao Oriental
2025-10-10 12:51:00,6.87,127.08,4,2.3,070km S 58° E of Manay (Davao Oriental),Davao Oriental
2025-10-10 12:46:00,7.11,126.88,17,2.9,040km S 74° E of Manay (Davao Oriental),Davao Oriental
2025-10-10 12:43:00,7.28,126.92,27,2.8,043km N 80° E of Manay (Davao Oriental),Davao Oriental
2025-10-10 12:39:00,7.4,126.75,11,3.1,031km N 48° E of Manay (Davao Oriental),Davao Oriental
2025-10-10 12:34:00,7.18,127.15,28,3.4,068km S 87° E of Manay (Davao Oriental),Davao Oriental
2025-10-10 12:29:00,6.77,126.91,35,1.4,063km S 40° E of Manay (Davao Oriental),Davao Oriental
2025-10-10 12:25:00,6.84,127.11,22,2.9,075km S 57° E of Manay (Davao Oriental),Davao Oriental
2025-10-10 12:23:00,7.22,127.16,28,2.9,069km N 89° E of Manay (Davao Oriental),Davao Oriental
2025-10-10 12:18:00,6.82,127.0,12,3.9,067km S 50° E of Manay (Davao Oriental),Davao Oriental
2025-10-10 12:14:00,8.05,126.85,142,1.9,048km N 89° E of Lingig (Surigao Del Sur),Surigao Del Sur
2025-10-10 12:11:00,7.31,126.84,8,2.8,035km N 72° E of Manay (Davao Oriental),Davao Oriental
2025-10-10 12:05:00,7.12,126.84,19,3.0,034km S 73° E of Manay (Davao Oriental),Davao Oriental
2025-10-10 12:04:00,7.04,127.13,32,2.3,068km S 74° E of Manay (Davao Oriental),Davao Oriental
2025-10-10 12:02:00,7.15,126.98,3,3.5,049km S 83° E of Manay (Davao Oriental),Davao Oriental
2025-10-10 11:59:00,6.98,126.72,33,2.3,033km S 38° E of Manay (Davao Oriental),Davao Oriental
2025-10-10 11:57:00,7.08,127.09,20,2.4,062km S 77° E of Manay (Davao Oriental),Davao Oriental
2025-10-10 11:56:00,7.18,126.7,40,1.7,018km S 80° E of Manay (Davao Oriental),Davao Oriental
2025-10-10 11:53:00,7.16,126.72,10,4.8,020km S 74° E of Manay (Davao Oriental),Davao Oriental
2025-10-10 11:43:00,7.24,126.78,21,2.2,026km N 83° E of Manay (Davao Oriental),Davao Oriental
2025-10-10 11:40:00,7.37,126.84,28,2.9,038km N 62° E of Manay (Davao Oriental),Davao Oriental
2025-10-10 11:39:00,7.14,126.93,12,3.1,044km S 79° E of Manay (Davao Oriental),Davao Oriental
2025-10-10 11:36:00,7.19,126.51,17,2.6,004km S 50° W of Manay (Davao Oriental),Davao Oriental
2025-10-10 11:32:00,7.03,126.99,19,5.8,054km S 68° E of Manay (Davao Oriental),Davao Oriental
2025-10-10 11:22:00,7.07,126.99,7,4.8,052km S 73° E of Manay (Davao Oriental),Davao Oriental
2025-10-10 11:21:00,7.16,126.68,32,2.9,017km S 70° E of Manay (Davao Oriental),Davao Oriental
2025-10-10 11:17:00,7.05,126.92,4,3.8,046km S 67° E of Manay (Davao Oriental),Davao Oriental
2025-10-10 11:16:00,6.91,126.94,17,1.3,056km S 53° E of Manay (Davao Oriental),Davao Oriental
2025-10-10 11:14:00,7.08,127.08,9,3.0,061km S 77° E of Manay (Davao Oriental),Davao Oriental
2025-10-10 11:10:00,7.05,126.77,1,3.4,030km S 55° E of Manay (Davao Oriental),Davao Oriental
2025-10-10 11:04:00,7.17,126.93,15,2.8,043km S 83° E of Manay (Davao Oriental),Davao Oriental
2025-10-10 10:57:00,7.33,126.72,2,3.1,024km N 55° E of Manay (Davao Oriental),Davao Oriental
2025-10-10 10:49:00,7.2,126.77,17,1.5,026km S 88° E of Manay (Davao Oriental),Davao Oriental
2025-10-10 10:45:00,7.1,127.18,33,3.1,071km S 80° E of Manay (Davao Oriental),Davao Oriental
2025-10-10 10:39:00,7.04,126.32,12,2.6,030km S 52° W of Manay (Davao Oriental),Davao Oriental
2025-10-10 10:37:00,7.42,126.66,10,2.6,027km N 30° E of Manay (Davao Oriental),Davao Oriental
2025-10-10 10:36:00,7.15,127.03,17,1.6,054km S 83° E of Manay (Davao Oriental),Davao Oriental
2025-10-10 10:33:00,7.02,126.98,1,3.8,053km S 66° E of Manay (Davao Oriental),Davao Oriental
2025-10-10 10:32:00,7.23,127.02,16,2.4,053km N 88° E of Manay (Davao Oriental),Davao Oriental
2025-10-10 10:27:00,7.05,126.75,22,3.4,029km S 53° E of Manay (Davao Oriental),Davao Oriental
2025-10-10 10:18:00,7.12,126.9,18,2.0,041km S 76° E of Manay (Davao Oriental),Davao Oriental
2025-10-10 10:15:00,7.33,126.95,17,3.8,047km N 74° E of Manay (Davao Oriental),Davao Oriental
2025-10-10 10:11:00,6.91,126.78,75,4.2,043km S 38° E of Manay (Davao Oriental),Davao Oriental
2025-10-10 10:09:00,6.92,126.92,21,3.7,053km S 53° E of Manay (Davao Oriental),Davao Oriental
2025-10-10 09:43:00,7.22,126.97,23,7.4,048km N 89° E of Manay (Davao Oriental),Davao Oriental
2025-10-10 09:18:00,11.16,124.03,33,1.3,014km N 25° E of City Of Bogo (Cebu),Cebu
2025-10-10 08:41:00,11.04,124.08,32,1.7,011km S 84° E of City Of Bogo (Cebu),Cebu
2025-10-10 08:23:00,11.16,123.98,12,1.7,013km N 01° E of City Of Bogo (Cebu),Cebu
2025-10-10 08:20:00,13.1,121.38,31,1.7,006km N 28° W of Socorro (Oriental Mindoro),Oriental Mindoro
2025-10-10 08:09:00,11.12,123.99,17,1.6,008km N 11° E of City Of Bogo (Cebu),Cebu
2025-10-10 07:52:00,11.1,124.03,1,2.5,009km N 43° E of City Of Bogo (Cebu),Cebu
2025-10-10 07:45:00,13.57,120.85,24,1.4,010km S 14° W of Tingloy (Batangas),Batangas
2025-10-10 07:33:00,11.16,124.05,29,1.4,014km N 31° E of City Of Bogo (Cebu),Cebu
2025-10-10 06:46:00,13.89,122.54,3,1.8,007km S 59° W of Del Gallego (Camarines Sur),Camarines Sur
2025-10-10 06:28:00,10.94,123.97,16,1.6,011km S 07° W of City Of Bogo (Cebu),Cebu
2025-10-10 06:26:00,9.55,126.19,31,1.8,026km S 08° E of General Luna (Surigao Del Norte),Surigao Del Norte
2025-10-10 06:08:00,9.52,125.97,31,2.3,011km S 02° E of Socorro (Surigao Del Norte),Surigao Del Norte
2025-10-10 06:08:00,11.14,124.0,31,2.3,011km N 14° E of City Of Bogo (Cebu),Cebu
2025-10-10 05:59:00,6.56,125.21,9,2.5,008km S 34° W of Kiblawan (Davao Del Sur),Davao Del Sur
2025-10-10 05:55:00,10.94,123.98,25,1.8,012km S 03° E of City Of Bogo (Cebu),Cebu
2025-10-10 05:53:00,11.01,123.97,33,2.1,005km S 15° W of City Of Bogo (Cebu),Cebu
2025-10-10 05:32:00,10.94,123.97,4,2.6,012km S 05° W of City Of Bogo (Cebu),Cebu
2025-10-10 05:29:00,11.09,123.97,29,1.5,005km N 10° W of City Of Bogo (Cebu),Cebu
2025-10-10 05:02:00,9.65,122.33,31,2.1,016km N 69° W of Hinoba-an (Negros Occidental),Negros Occidental
2025-10-10 04:49:00,10.95,123.88,15,2.2,016km S 46° W of City Of Bogo (Cebu),Cebu
2025-10-10 04:42:00,16.45,122.34,19,2.0,012km S 44° E of Dinapigue (Isabela),Isabela
2025-10-10 04:24:00,11.12,124.13,32,2.2,018km N 65° E of City Of Bogo (Cebu),Cebu
2025-10-10 04:24:00,11.18,124.22,13,2.0,030km N 60° E of City Of Bogo (Cebu),Cebu
2025-10-10 04:19:00,11.15,124.21,5,2.9,027km N 65° E of City Of Bogo (Cebu),Cebu
2025-10-10 04:16:00,11.18,124.01,32,1.8,016km N 14° E of City Of Bogo (Cebu),Cebu
2025-10-10 04:12:00,11.1,124.07,9,1.7,012km N 59° E of City Of Bogo (Cebu),Cebu
2025-10-10 04:09:00,8.78,126.04,30,2.1,017km N 19° W of Lianga (Surigao Del Sur),Surigao Del Sur
2025-10-10 04:08:00,7.78,122.04,26,2.3,012km S 78° W of Baliguian (Zamboanga Del Norte),Zamboanga Del Norte
2025-10-10 03:46:00,10.91,123.66,11,2.2,038km S 67° W of City Of Bogo (Cebu),Cebu
2025-10-10 03:33:00,16.41,122.44,7,3.0,023km S 54° E of Dinapigue (Isabela),Isabela
2025-10-10 03:26:00,20.07,121.52,29,2.1,048km S 52° W of Sabtang (Batanes),Batanes
2025-10-10 03:22:00,20.13,121.37,30,2.8,057km S 67° W of Sabtang (Batanes),Batanes
2025-10-10 03:19:00,7.68,124.57,3,2.3,017km N 74° W of Wao (Lanao Del Sur),Lanao Del Sur
2025-10-10 03:11:00,17.75,120.6,24,2.8,009km N 47° W of Danglas (Abra),Abra
2025-10-10 02:54:00,11.15,124.15,9,2.0,022km N 59° E of City Of Bogo (Cebu),Cebu
2025-10-10 02:45:00,10.97,123.95,5,3.0,009km S 21° W of City Of Bogo (Cebu),Cebu
2025-10-10 02:33:00,11.14,123.97,14,1.8,010km N 09° W of City Of Bogo (Cebu),Cebu
2025-10-10 02:21:00,16.08,120.49,128,2.4,004km N 01° W of Manaoag (Pangasinan),Pangasinan
2025-10-10 02:15:00,11.08,123.96,28,2.4,004km N 34° W of City Of Bogo (Cebu),Cebu
2025-10-10 02:15:00,10.96,123.91,8,1.9,012km S 38° W of City Of Bogo (Cebu),Cebu
2025-10-10 01:57:00,11.18,123.97,13,2.1,015km N 04° W of City Of Bogo (Cebu),Cebu
2025-10-10 01:55:00,4.37,128.01,81,3.5,307km S 67° E of Sarangani Island (Municipality Of Sarangani) (Davao Occidental),Davao Occidental
2025-10-10 01:47:00,11.18,124.11,6,1.8,020km N 43° E of City Of Bogo (Cebu),Cebu
2025-10-10 01:14:00,11.14,123.97,7,2.1,011km N 05° W of City Of Bogo (Cebu),Cebu
2025-10-10 01:09:00,11.01,124.03,33,2.1,007km S 57° E of City Of Bogo (Cebu),Cebu
2025-10-10 01:05:00,11.13,124.09,9,1.8,015km N 53° E of City Of Bogo (Cebu),Cebu
2025-10-10 00:40:00,8.5,126.44,31,2.9,019km N 38° E of Hinatuan (Surigao Del Sur),Surigao Del Sur
2025-10-10 00:22:00,11.17,124.02,30,1.5,014km N 18° E of City Of Bogo (Cebu),Cebu
2025-10-10 00:07:00,10.98,124.03,8,2.5,010km S 36° E of City Of Bogo (Cebu),Cebu
2025-10-09 23:53:00,11.2,124.16,6,1.7,026km N 49° E of City Of Bogo (Cebu),Cebu
2025-10-09 23:34:00,10.95,123.69,5,3.2,033km S 72° W of City Of Bogo (Cebu),Cebu
2025-10-09 23:27:00,11.17,124.03,32,1.3,015km N 20° E of City Of Bogo (Cebu),Cebu
2025-10-09 23:17:00,11.07,124.08,26,2.0,011km N 76° E of City Of Bogo (Cebu),Cebu
2025-10-09 23:11:00,11.04,123.85,26,2.0,014km S 86° W of City Of Bogo (Cebu),Cebu
2025-10-09 23:10:00,8.49,125.81,33,1.8,005km N 35° E of Talacogon (Agusan Del Sur),Agusan Del Sur
2025-10-09 22:58:00,11.21,124.15,6,2.5,026km N 45° E of City Of Bogo (Cebu),Cebu
2025-10-09 22:48:00,11.05,124.02,29,2.0,004km N 87° E of City Of Bogo (Cebu),Cebu
2025-10-09 22:42:00,11.01,124.06,17,1.6,009km S 65° E of City Of Bogo (Cebu),Cebu
2025-10-09 22:24:00,11.29,123.98,10,1.5,027km N 01° W of City Of Bogo (Cebu),Cebu
2025-10-09 21:36:00,11.05,124.06,8,2.1,009km N 88° E of City Of Bogo (Cebu),Cebu
2025-10-09 21:16:00,11.09,124.07,10,4.0,011km N 64° E of City Of Bogo (Cebu),Cebu
2025-10-09 21:08:00,11.14,124.07,26,1.5,015km N 44° E of City Of Bogo (Cebu),Cebu
2025-10-09 20:59:00,11.02,124.05,22,2.2,008km S 65° E of City Of Bogo (Cebu),Cebu
2025-10-09 20:53:00,10.98,124.12,12,1.9,017km S 65° E of City Of Bogo (Cebu),Cebu
2025-10-09 20:31:00,11.2,124.0,23,2.4,017km N 09° E of City Of Bogo (Cebu),Cebu
2025-10-09 20:11:00,7.34,123.61,31,1.9,026km S 57° E of Tabina (Zamboanga Del Sur),Zamboanga Del Sur
2025-10-09 20:13:00,18.34,122.18,3,2.6,014km S 18° E of Santa Ana (Cagayan),Cagayan
2025-10-09 19:11:00,10.85,123.94,5,2.1,023km S 10° W of City Of Bogo (Cebu),Cebu
2025-10-09 19:02:00,8.79,126.32,23,2.4,003km S 65° E of Marihatag (Surigao Del Sur),Surigao Del Sur
2025-10-09 18:30:00,11.13,123.94,5,3.1,010km N 24° W of City Of Bogo (Cebu),Cebu
2025-10-09 18:26:00,11.24,124.33,5,1.7,008km N 67° W of Villaba (Leyte),Leyte
2025-10-09 18:11:00,2.93,127.03,30,3.7,327km S 33° E of Balut Island (Municipality Of Sarangani) (Davao Occidental),Davao Occidental
2025-10-09 18:10:00,11.16,124.17,3,2.4,024km N 60° E of City Of Bogo (Cebu),Cebu
2025-10-09 18:04:00,11.0,124.01,2,2.3,006km S 29° E of City Of Bogo (Cebu),Cebu
2025-10-09 17:52:00,11.21,124.15,5,2.6,026km N 45° E of City Of Bogo (Cebu),Cebu
2025-10-09 17:40:00,11.03,124.03,1,2.2,006km S 68° E of City Of Bogo (Cebu),Cebu
2025-10-09 17:39:00,11.14,124.12,5,2.6,019km N 56° E of City Of Bogo (Cebu),Cebu
2025-10-09 17:12:00,11.19,123.93,8,2.1,017km N 20° W of City Of Bogo (Cebu),Cebu
2025-10-09 17:01:00,11.06,123.94,1,2.2,004km N 66° W of City Of Bogo (Cebu),Cebu
2025-10-09 16:51:00,13.77,120.45,98,2.5,021km S 71° W of Calatagan (Batangas),Batangas
2025-10-09 16:26:00,11.19,124.07,33,1.9,018km N 33° E of City Of Bogo (Cebu),Cebu
2025-10-09 16:23:00,11.18,124.09,21,2.0,019km N 41° E of City Of Bogo (Cebu),Cebu
2025-10-09 16:18:00,11.18,124.06,13,2.0,017km N 30° E of City Of Bogo (Cebu),Cebu
2025-10-09 16:03:00,11.06,123.88,22,2.7,011km N 80° W of City Of Bogo (Cebu),Cebu
2025-10-09 16:01:00,5.81,126.83,12,3.1,125km S 42° E of Governor Generoso (Davao Oriental),Davao Oriental
2025-10-09 15:56:00,7.41,124.74,33,2.0,011km S 24° E of Banisilan (Cotabato),Cotabato
2025-10-09 15:53:00,11.15,123.99,33,1.6,012km N 05° E of City Of Bogo (Cebu),Cebu
2025-10-09 15:26:00,11.19,124.14,5,2.3,023km N 48° E of City Of Bogo (Cebu),Cebu
2025-10-09 14:53:00,11.14,123.96,8,1.9,011km N 10° W of City Of Bogo (Cebu),Cebu
2025-10-09 14:49:00,11.06,124.09,28,1.7,012km N 81° E of City Of Bogo (Cebu),Cebu
2025-10-09 14:26:00,15.46,120.66,32,1.7,008km S 72° E of City Of Tarlac (Tarlac),Tarlac
2025-10-09 13:58:00,17.17,120.12,26,2.1,034km N 89° W of City Of Candon (Ilocos Sur),Ilocos Sur
2025-10-09 12:16:00,16.34,120.54,12,2.0,006km S 22° W of Tuba (Benguet),Benguet
2025-10-09 12:12:00,18.82,121.81,1,2.8,012km S 31° W of Camiguin Island (Calayan) (Cagayan),Cagayan
2025-10-09 12:12:00,11.21,124.1,32,1.3,023km N 36° E of City Of Bogo (Cebu),Cebu
2025-10-09 10:46:00,10.98,124.03,20,1.8,009km S 36° E of City Of Bogo (Cebu),Cebu
2025-10-09 10:37:00,11.1,124.12,6,2.4,016km N 71° E of City Of Bogo (Cebu),Cebu
2025-10-09 10:30:00,16.34,120.42,12,4.4,005km N 70° W of Pugo (La Union),La Union
2025-10-09 10:22:00,8.78,126.58,15,2.2,031km S 86° E of Marihatag (Surigao Del Sur),Surigao Del Sur
2025-10-09 09:42:00,10.97,123.99,11,2.4,008km S 05° E of City Of Bogo (Cebu),Cebu
2025-10-09 09:21:00,10.89,123.8,4,3.2,027km S 48° W of City Of Bogo (Cebu),Cebu
2025-10-09 08:53:00,6.57,126.58,38,2.6,055km S 16° E of Tarragona (Davao Oriental),Davao Oriental
2025-10-09 08:38:00,11.01,123.93,15,2.4,007km S 53° W of City Of Bogo (Cebu),Cebu
2025-10-09 08:03:00,11.11,124.03,19,2.4,009km N 38° E of City Of Bogo (Cebu),Cebu
2025-10-09 08:00:00,11.23,124.15,6,2.4,027km N 43° E of City Of Bogo (Cebu),Cebu
2025-10-09 07:54:00,20.0,121.13,14,3.9,087km S 64° W of Sabtang (Batanes),Batanes
2025-10-09 07:48:00,11.16,124.04,33,1.5,014km N 28° E of City Of Bogo (Cebu),Cebu
2025-10-09 07:36:00,11.21,124.03,32,1.4,019km N 16° E of City Of Bogo (Cebu),Cebu
2025-10-09 07:35:00,11.04,124.08,5,1.8,011km S 87° E of City Of Bogo (Cebu),Cebu
2025-10-09 06:59:00,11.16,123.98,27,1.5,012km N 02° E of City Of Bogo (Cebu),Cebu
2025-10-09 06:42:00,10.95,123.96,9,1.8,011km S 12° W of City Of Bogo (Cebu),Cebu
2025-10-09 06:40:00,11.18,123.98,27,2.1,014km N 01° W of City Of Bogo (Cebu),Cebu
2025-10-09 06:40:00,10.91,123.9,5,2.6,018km S 31° W of City Of Bogo (Cebu),Cebu
2025-10-09 06:32:00,10.98,124.1,26,2.0,015km S 60° E of City Of Bogo (Cebu),Cebu
2025-10-09 06:23:00,11.18,124.05,26,1.8,017km N 26° E of City Of Bogo (Cebu),Cebu
2025-10-09 06:11:00,11.13,124.09,4,3.0,015km N 54° E of City Of Bogo (Cebu),Cebu
2025-10-09 05:47:00,11.17,123.98,33,1.6,013km N 01° E of City Of Bogo (Cebu),Cebu
2025-10-09 05:46:00,11.18,123.97,12,1.8,015km N 03° W of City Of Bogo (Cebu),Cebu
2025-10-09 05:41:00,10.94,123.91,24,2.0,014km S 31° W of City Of Bogo (Cebu),Cebu
2025-10-09 05:22:00,11.06,124.09,32,1.2,013km N 83° E of City Of Bogo (Cebu),Cebu
2025-10-09 05:18:00,11.11,123.98,21,1.5,007km N 02° W of City Of Bogo (Cebu),Cebu
2025-10-09 05:14:00,13.97,119.52,87,2.2,112km S 46° W of Morong (Bataan),Bataan
2025-10-09 05:05:00,11.06,124.09,16,2.4,012km N 85° E of City Of Bogo (Cebu),Cebu
2025-10-09 05:04:00,10.92,123.89,3,1.7,017km S 36° W of City Of Bogo (Cebu),Cebu
2025-10-09 05:00:00,11.15,123.96,10,1.6,011km N 13° W of City Of Bogo (Cebu),Cebu
2025-10-09 04:55:00,9.69,126.23,32,2.1,013km S 41° E of General Luna (Surigao Del Norte),Surigao Del Norte
2025-10-09 04:42:00,11.06,124.05,4,2.0,008km N 81° E of City Of Bogo (Cebu),Cebu
2025-10-09 04:32:00,10.92,123.99,22,1.5,014km S 07° E of City Of Bogo (Cebu),Cebu
2025-10-09 04:32:00,11.1,124.05,22,1.0,010km N 55° E of City Of Bogo (Cebu),Cebu
2025-10-09 04:29:00,10.96,124.04,5,2.4,011km S 33° E of City Of Bogo (Cebu),Cebu
2025-10-09 04:20:00,11.07,124.07,32,2.1,010km N 76° E of City Of Bogo (Cebu),Cebu
2025-10-09 04:14:00,11.34,123.96,4,2.2,033km N 05° W of City Of Bogo (Cebu),Cebu
2025-10-09 04:14:00,18.01,120.49,38,2.7,001km S 09° E of Currimao (Ilocos Norte),Ilocos Norte
2025-10-09 04:06:00,11.03,124.04,16,1.3,006km S 76° E of City Of Bogo (Cebu),Cebu
2025-10-09 03:54:00,10.95,124.02,24,1.0,011km S 21° E of City Of Bogo (Cebu),Cebu
2025-10-09 03:10:00,11.1,124.11,4,3.3,015km N 68° E of City Of Bogo (Cebu),Cebu
2025-10-09 03:08:00,9.97,122.09,4,2.4,043km N 59° W of City Of Sipalay (Negros Occidental),Negros Occidental
2025-10-09 03:02:00,11.05,124.14,2,1.5,018km N 89° E of City Of Bogo (Cebu),Cebu
2025-10-09 02:54:00,11.14,123.97,11,1.6,010km N 06° W of City Of Bogo (Cebu),Cebu
2025-10-09 02:51:00,15.14,121.98,1,4.0,029km N 39° E of Panukulan (Quezon),Quezon
2025-10-09 02:42:00,11.17,124.04,17,1.7,015km N 27° E of City Of Bogo (Cebu),Cebu
2025-10-09 02:21:00,10.76,123.95,18,1.7,032km S 06° W of City Of Bogo (Cebu),Cebu
2025-10-09 02:19:00,11.36,123.92,33,1.3,035km N 11° W of City Of Bogo (Cebu),Cebu
2025-10-09 02:17:00,11.17,124.16,4,1.2,024km N 56° E of City Of Bogo (Cebu),Cebu
2025-10-09 02:04:00,10.9,124.0,22,1.9,017km S 08° E of City Of Bogo (Cebu),Cebu
2025-10-09 02:04:00,11.01,124.05,33,1.2,008km S 63° E of City Of Bogo (Cebu),Cebu
2025-10-09 01:56:00,11.09,123.95,33,1.2,006km N 35° W of City Of Bogo (Cebu),Cebu
2025-10-09 01:55:00,11.17,124.15,23,1.5,023km N 55° E of City Of Bogo (Cebu),Cebu
2025-10-09 01:44:00,13.12,120.23,1,2.6,042km S 74° W of Mamburao (Occidental Mindoro),Occidental Mindoro
2025-10-09 01:42:00,6.96,124.81,35,2.9,008km N 80° W of M'lang (Cotabato),Cotabato
2025-10-09 01:31:00,11.15,123.95,7,1.7,012km N 14° W of City Of Bogo (Cebu),Cebu
2025-10-09 01:15:00,11.21,124.13,11,2.5,024km N 41° E of City Of Bogo (Cebu),Cebu
2025-10-09 01:07:00,11.07,124.07,27,2.0,010km N 75° E of City Of Bogo (Cebu),Cebu
2025-10-09 01:05:00,17.26,120.2,9,2.3,027km S 74° W of San Esteban (Ilocos Sur),Ilocos Sur
2025-10-09 00:26:00,11.17,123.98,33,1.6,013km N 01° E of City Of Bogo (Cebu),Cebu
2025-10-08 23:36:00,15.45,120.18,31,1.5,025km N 43° E of Botolan (Zambales),Zambales
2025-10-08 23:33:00,10.98,124.1,37,1.3,015km S 60° E of City Of Bogo (Cebu),Cebu
2025-10-08 23:23:00,11.22,124.08,25,1.2,022km N 30° E of City Of Bogo (Cebu),Cebu
2025-10-08 23:05:00,11.1,124.11,3,1.8,015km N 65° E of City Of Bogo (Cebu),Cebu
2025-10-08 22:59:00,11.26,123.96,34,1.1,024km N 05° W of City Of Bogo (Cebu),Cebu
2025-10-08 22:54:00,10.85,123.95,6,2.2,022km S 09° W of City Of Bogo (Cebu),Cebu
2025-10-08 22:42:00,10.91,124.05,4,1.8,020km S 18° E of City Of Bogo (Cebu),Cebu
2025-10-08 22:32:00,11.13,124.16,4,2.2,022km N 66° E of City Of Bogo (Cebu),Cebu
2025-10-08 22:29:00,9.08,126.46,33,3.7,023km N 58° E of Bayabas (Surigao Del Sur),Surigao Del Sur
2025-10-08 22:28:00,6.67,126.78,21,1.8,056km S 41° E of Tarragona (Davao Oriental),Davao Oriental
2025-10-08 22:23:00,14.0,120.42,76,2.4,024km S 70° W of Nasugbu (Batangas),Batangas
2025-10-08 22:18:00,13.3,120.91,24,2.1,019km S 38° W of San Teodoro (Oriental Mindoro),Oriental Mindoro
2025-10-08 22:13:00,11.07,124.06,26,1.6,009km N 70° E of City Of Bogo (Cebu),Cebu
2025-10-08 22:09:00,6.23,124.63,23,1.5,009km N 88° W of Lake Sebu (South Cotabato),South Cotabato
2025-10-08 22:00:00,13.56,120.65,127,1.5,015km N 35° W of Abra De Ilog (Occidental Mindoro),Occidental Mindoro
2025-10-08 21:43:00,11.16,123.94,11,1.4,013km N 18° W of City Of Bogo (Cebu),Cebu
2025-10-08 21:38:00,11.2,123.94,10,1.4,018km N 13° W of City Of Bogo (Cebu),Cebu
2025-10-08 21:27:00,11.11,123.94,3,1.9,008km N 31° W of City Of Bogo (Cebu),Cebu
2025-10-08 21:22:00,19.82,122.52,175,3.6,072km N 62° E of Babuyan Island (Calayan) (Cagayan),Cagayan
2025-10-08 21:17:00,15.79,119.74,36,1.4,018km S 79° W of Infanta (Pangasinan),Pangasinan
2025-10-08 21:10:00,11.14,124.12,5,2.3,019km N 57° E of City Of Bogo (Cebu),Cebu
2025-10-08 21:05:00,9.11,126.2,27,2.1,005km N 39° E of City Of Tandag (Surigao Del Sur),Surigao Del Sur
2025-10-08 20:57:00,13.79,120.57,83,1.2,009km S 58° W of Calatagan (Batangas),Batangas
2025-10-08 20:42:00,11.01,124.02,5,3.5,006km S 42° E of City Of Bogo (Cebu),Cebu
2025-10-08 20:11:00,11.0,124.02,23,2.4,006km S 38° E of City Of Bogo (Cebu),Cebu
2025-10-08 20:06:00,11.19,124.03,31,1.0,017km N 20° E of City Of Bogo (Cebu),Cebu
2025-10-08 19:50:00,11.14,123.79,2,1.3,024km N 63° W of City Of Bogo (Cebu),Cebu
2025-10-08 19:38:00,11.15,124.11,25,2.4,018km N 51° E of City Of Bogo (Cebu),Cebu
2025-10-08 19:34:00,11.09,124.07,7,1.5,011km N 62° E of City Of Bogo (Cebu),Cebu
2025-10-08 19:30:00,10.96,123.95,3,2.6,010km S 15° W of City Of Bogo (Cebu),Cebu
2025-10-08 19:16:00,11.06,124.2,2,2.4,023km N 85° E of City Of Bogo (Cebu),Cebu
2025-10-08 18:37:00,11.13,124.0,23,1.5,010km N 15° E of City Of Bogo (Cebu),Cebu
2025-10-08 18:25:00,11.37,124.09,5,2.7,038km N 19° E of City Of Bogo (Cebu),Cebu
2025-10-08 18:16:00,11.14,124.06,27,1.6,013km N 42° E of City Of Bogo (Cebu),Cebu
2025-10-08 18:09:00,11.19,124.08,2,2.1,020km N 36° E of City Of Bogo (Cebu),Cebu
2025-10-08 17:56:00,10.93,123.92,2,2.4,014km S 26° W of City Of Bogo (Cebu),Cebu
2025-10-08 17:52:00,11.11,124.16,5,2.0,021km N 72° E of City Of Bogo (Cebu),Cebu
2025-10-08 17:35:00,11.16,123.97,32,1.2,012km N 06° W of City Of Bogo (Cebu),Cebu
2025-10-08 17:32:00,11.08,124.01,7,2.0,005km N 37° E of City Of Bogo (Cebu),Cebu
2025-10-08 17:18:00,11.26,123.91,4,2.6,025km N 18° W of City Of Bogo (Cebu),Cebu
2025-10-08 17:09:00,11.02,124.06,33,2.0,009km S 73° E of City Of Bogo (Cebu),Cebu
2025-10-08 17:01:00,11.05,124.12,3,2.7,016km N 88° E of City Of Bogo (Cebu),Cebu
2025-10-08 16:57:00,11.19,124.18,5,2.1,027km N 55° E of City Of Bogo (Cebu),Cebu
2025-10-08 16:47:00,11.05,124.0,33,2.3,002km N 87° E of City Of Bogo (Cebu),Cebu
2025-10-08 16:47:00,11.25,123.95,30,2.7,023km N 09° W of City Of Bogo (Cebu),Cebu
2025-10-08 16:37:00,7.24,121.81,10,3.4,029km S 77° W of Sibuco (Zamboanga Del Norte),Zamboanga Del Norte
2025-10-08 15:52:00,10.69,126.07,25,2.2,053km S 45° E of Guiuan (Eastern Samar),Eastern Samar
2025-10-08 15:27:00,8.62,126.17,5,3.1,008km S 81° E of Lianga (Surigao Del Sur),Surigao Del Sur
2025-10-08 15:25:00,11.06,123.87,30,2.0,012km N 84° W of City Of Bogo (Cebu),Cebu
2025-10-08 15:11:00,11.07,124.14,34,1.8,018km N 83° E of City Of Bogo (Cebu),Cebu
2025-10-08 13:04:00,10.84,123.96,24,2.0,023km S 06° W of City Of Bogo (Cebu),Cebu
2025-10-08 12:05:00,8.15,127.44,31,2.9,114km N 84° E of Lingig (Surigao Del Sur),Surigao Del Sur
2025-10-08 12:01:00,10.99,123.98,1,1.4,006km S 01° W of City Of Bogo (Cebu),Cebu
2025-10-08 11:48:00,11.16,124.0,26,1.5,012km N 10° E of City Of Bogo (Cebu),Cebu
2025-10-08 11:38:00,9.31,126.21,21,2.3,004km N 28° E of Cortes (Surigao Del Sur),Surigao Del Sur
2025-10-08 11:36:00,7.8,126.96,23,2.8,050km N 61° E of Baganga (Davao Oriental),Davao Oriental
2025-10-08 11:28:00,10.99,123.96,5,3.0,007km S 16° W of City Of Bogo (Cebu),Cebu
2025-10-08 11:08:00,11.2,124.11,29,2.0,023km N 39° E of City Of Bogo (Cebu),Cebu
2025-10-08 11:03:00,11.13,124.13,33,1.7,019km N 61° E of City Of Bogo (Cebu),Cebu
2025-10-08 10:48:00,11.27,124.03,34,1.6,026km N 13° E of City Of Bogo (Cebu),Cebu
2025-10-08 10:38:00,7.59,124.81,32,1.8,011km S 59° E of Wao (Lanao Del Sur),Lanao Del Sur
2025-10-08 09:38:00,11.22,124.02,20,1.8,019km N 12° E of City Of Bogo (Cebu),Cebu
2025-10-08 09:16:00,10.94,123.97,4,2.1,012km S 03° W of City Of Bogo (Cebu),Cebu
2025-10-08 09:10:00,11.21,124.23,26,2.5,033km N 56° E of City Of Bogo (Cebu),Cebu
2025-10-08 09:09:00,17.92,120.26,12,2.4,022km N 73° W of Sinait (Ilocos Sur),Ilocos Sur
2025-10-08 09:00:00,9.4,125.61,21,2.1,006km S 27° E of Kitcharao (Agusan Del Norte),Agusan Del Norte
2025-10-08 08:58:00,11.12,124.14,6,1.7,020km N 65° E of City Of Bogo (Cebu),Cebu
2025-10-08 08:56:00,11.08,123.97,23,1.9,004km N 12° W of City Of Bogo (Cebu),Cebu
2025-10-08 08:46:00,11.17,124.08,6,2.6,018km N 39° E of City Of Bogo (Cebu),Cebu
2025-10-08 08:35:00,11.11,124.11,5,2.4,015km N 65° E of City Of Bogo (Cebu),Cebu
2025-10-08 08:29:00,10.9,123.86,1,1.7,021km S 38° W of City Of Bogo (Cebu),Cebu
2025-10-08 08:27:00,11.18,124.12,5,2.6,022km N 46° E of City Of Bogo (Cebu),Cebu
2025-10-08 08:24:00,11.13,124.0,22,1.6,010km N 14° E of City Of Bogo (Cebu),Cebu
2025-10-08 08:17:00,10.13,126.45,23,2.8,042km N 74° E of Burgos (Surigao Del Norte),Surigao Del Norte
2025-10-08 08:16:00,10.99,123.97,6,1.6,007km S 12° W of City Of Bogo (Cebu),Cebu
2025-10-08 08:13:00,11.13,124.01,27,1.7,010km N 21° E of City Of Bogo (Cebu),Cebu
2025-10-08 08:06:00,11.15,123.98,31,1.3,011km North of City Of Bogo (Cebu),Cebu
2025-10-08 07:59:00,10.97,123.92,1,3.3,010km S 37° W of City Of Bogo (Cebu),Cebu
2025-10-08 07:47:00,11.11,123.95,4,2.6,008km N 28° W of City Of Bogo (Cebu),Cebu
2025-10-08 07:46:00,11.06,124.09,33,1.6,012km N 83° E of City Of Bogo (Cebu),Cebu
2025-10-08 07:38:00,10.26,126.71,23,3.7,075km N 69° E of Burgos (Surigao Del Norte),Surigao Del Norte
2025-10-08 07:34:00,11.17,124.16,7,1.9,024km N 54° E of City Of Bogo (Cebu),Cebu
2025-10-08 07:23:00,11.12,123.95,7,2.4,009km N 23° W of City Of Bogo (Cebu),Cebu
2025-10-08 07:19:00,10.97,123.95,6,3.9,010km S 21° W of City Of Bogo (Cebu),Cebu
2025-10-08 06:57:00,11.07,124.17,31,2.0,021km N 81° E of City Of Bogo (Cebu),Cebu
2025-10-08 06:50:00,13.91,120.45,61,1.6,021km N 65° W of Calatagan (Batangas),Batangas
2025-10-08 06:50:00,11.04,124.08,2,2.5,011km S 84° E of City Of Bogo (Cebu),Cebu
2025-10-08 06:41:00,16.48,122.09,10,2.0,016km N 52° W of Dilasag (Aurora),Aurora
2025-10-08 06:35:00,10.95,124.03,15,2.2,012km S 25° E of City Of Bogo (Cebu),Cebu
2025-10-08 06:24:00,10.96,124.02,31,2.2,011km S 22° E of City Of Bogo (Cebu),Cebu
2025-10-08 06:22:00,10.97,124.24,34,2.0,030km S 75° E of City Of Bogo (Cebu),Cebu
2025-10-08 06:20:00,11.09,124.05,16,2.0,010km N 58° E of City Of Bogo (Cebu),Cebu
2025-10-08 06:00:00,10.92,123.92,3,2.4,016km S 25° W of City Of Bogo (Cebu),Cebu
2025-10-08 05:45:00,10.92,123.95,8,3.2,014km S 11° W of City Of Bogo (Cebu),Cebu
2025-10-08 05:34:00,10.94,124.01,31,1.7,012km S 15° E of City Of Bogo (Cebu),Cebu
2025-10-08 05:31:00,11.22,124.08,9,2.3,022km N 28° E of City Of Bogo (Cebu),Cebu
2025-10-08 05:21:00,11.16,124.08,6,3.8,016km N 40° E of City Of Bogo (Cebu),Cebu
2025-10-08 05:14:00,11.11,124.1,26,1.8,015km N 64° E of City Of Bogo (Cebu),Cebu
2025-10-08 05:04:00,11.18,123.95,5,1.8,015km N 11° W of City Of Bogo (Cebu),Cebu
2025-10-08 05:03:00,11.13,124.24,31,1.7,030km N 71° E of City Of Bogo (Cebu),Cebu
2025-10-08 05:03:00,11.13,124.24,31,1.7,030km N 71° E of City Of Bogo (Cebu),Cebu
2025-10-08 05:03:00,18.35,120.62,22,2.0,002km N 10° W of Pasuquin (Ilocos Norte),Ilocos Norte
2025-10-08 04:50:00,11.14,123.99,31,1.4,011km N 05° E of City Of Bogo (Cebu),Cebu
2025-10-08 04:47:00,10.99,123.99,5,2.1,007km S 14° E of City Of Bogo (Cebu),Cebu
2025-10-08 04:34:00,11.07,124.1,24,1.6,013km N 77° E of City Of Bogo (Cebu),Cebu
2025-10-08 04:33:00,6.32,124.39,20,2.0,017km S 28° E of Senator Ninoy Aquino (Sultan Kudarat),Sultan Kudarat
2025-10-08 04:28:00,11.1,124.3,34,1.6,036km N 80° E of City Of Bogo (Cebu),Cebu
2025-10-08 04:23:00,13.5,120.6,53,2.3,015km N 66° W of Abra De Ilog (Occidental Mindoro),Occidental Mindoro
2025-10-08 04:17:00,5.97,126.24,104,3.2,066km S 67° E of Don Marcelino (Davao Occidental),Davao Occidental
2025-10-08 04:17:00,11.09,124.05,30,2.3,009km N 56° E of City Of Bogo (Cebu),Cebu
2025-10-08 04:14:00,12.45,121.13,9,2.4,013km N 31° E of San Jose (Occidental Mindoro),Occidental Mindoro
2025-10-08 04:10:00,11.18,124.09,25,2.5,019km N 40° E of City Of Bogo (Cebu),Cebu
2025-10-08 04:03:00,11.12,123.87,20,2.0,014km N 54° W of City Of Bogo (Cebu),Cebu
2025-10-08 03:50:00,11.13,124.1,25,2.7,016km N 54° E of City Of Bogo (Cebu),Cebu
2025-10-08 03:49:00,11.02,123.99,31,1.7,003km S 26° E of City Of Bogo (Cebu),Cebu
2025-10-08 03:45:00,13.73,120.19,24,2.6,007km N 78° W of Looc (Occidental Mindoro),Occidental Mindoro
2025-10-08 03:42:00,11.07,124.01,35,1.5,004km N 47° E of City Of Bogo (Cebu),Cebu
2025-10-08 03:40:00,11.21,124.14,8,2.2,025km N 44° E of City Of Bogo (Cebu),Cebu
2025-10-08 03:33:00,12.46,121.1,8,2.7,015km S 88° E of Rizal (Occidental Mindoro),Occidental Mindoro
2025-10-08 03:32:00,11.17,124.14,2,2.0,022km N 51° E of City Of Bogo (Cebu),Cebu
2025-10-08 03:30:00,11.29,124.36,9,3.1,009km N 20° W of Villaba (Leyte),Leyte
2025-10-08 03:25:00,11.17,123.99,33,1.5,013km N 06° E of City Of Bogo (Cebu),Cebu
2025-10-08 03:23:00,11.17,123.98,12,2.1,013km N 01° E of City Of Bogo (Cebu),Cebu
2025-10-08 03:17:00,11.1,124.11,5,3.1,016km N 68° E of City Of Bogo (Cebu),Cebu
2025-10-08 03:11:00,11.11,123.93,2,2.8,009km N 41° W of City Of Bogo (Cebu),Cebu
2025-10-08 03:03:00,10.91,124.1,2,2.3,020km S 42° E of City Of Bogo (Cebu),Cebu
2025-10-08 03:00:00,10.9,123.86,1,2.5,021km S 39° W of City Of Bogo (Cebu),Cebu
2025-10-08 02:53:00,11.1,124.07,30,2.2,011km N 60° E of City Of Bogo (Cebu),Cebu
2025-10-08 02:51:00,13.82,122.7,31,1.7,009km N 89° W of Ragay (Camarines Sur),Camarines Sur
2025-10-08 02:43:00,10.88,123.9,1,2.0,020km S 26° W of City Of Bogo (Cebu),Cebu
2025-10-08 02:34:00,11.13,124.28,11,1.9,034km N 75° E of City Of Bogo (Cebu),Cebu
2025-10-08 02:29:00,11.04,124.01,32,2.0,003km S 82° E of City Of Bogo (Cebu),Cebu
2025-10-08 02:29:00,16.36,120.73,35,1.8,005km S 85° E of Itogon (Benguet),Benguet
2025-10-08 02:23:00,11.02,123.96,3,2.8,003km S 45° W of City Of Bogo (Cebu),Cebu
2025-10-08 02:16:00,11.06,124.02,23,1.5,004km N 63° E of City Of Bogo (Cebu),Cebu
2025-10-08 02:16:00,11.18,123.99,31,2.1,015km N 05° E of City Of Bogo (Cebu),Cebu
2025-10-08 02:05:00,11.16,124.09,7,1.8,022km N 36° E of City Of Bogo (Cebu),Cebu
2025-10-08 02:04:00,10.94,124.22,25,2.1,028km S 67° E of City Of Bogo (Cebu),Cebu
2025-10-08 02:02:00,10.9,123.87,6,2.3,020km S 36° W of City Of Bogo (Cebu),Cebu
2025-10-08 01:57:00,8.38,125.88,8,2.0,014km N 39° E of La Paz (Agusan Del Sur),Agusan Del Sur
2025-10-08 01:55:00,11.08,123.93,30,1.9,007km N 55° W of City Of Bogo (Cebu),Cebu
2025-10-08 01:43:00,12.51,121.08,8,2.3,014km N 65° E of Rizal (Occidental Mindoro),Occidental Mindoro
2025-10-08 01:40:00,10.98,123.94,26,1.7,008km S 35° W of City Of Bogo (Cebu),Cebu
2025-10-08 01:33:00,11.15,124.03,20,1.9,013km N 24° E of City Of Bogo (Cebu),Cebu
2025-10-08 01:31:00,11.13,124.01,34,1.3,010km N 20° E of City Of Bogo (Cebu),Cebu
2025-10-08 01:24:00,11.0,123.98,29,2.0,006km S 04° E of City Of Bogo (Cebu),Cebu
2025-10-08 01:20:00,11.09,124.1,5,2.9,014km N 72° E of City Of Bogo (Cebu),Cebu
2025-10-08 01:08:00,11.48,124.24,33,2.1,015km N 57° W of San Isidro (Leyte),Leyte
2025-10-08 01:05:00,10.96,123.93,6,1.9,012km S 30° W of City Of Bogo (Cebu),Cebu
2025-10-08 01:02:00,10.95,123.96,12,2.7,010km S 11° W of City Of Bogo (Cebu),Cebu
2025-10-08 00:56:00,11.26,124.02,6,1.9,024km N 09° E of City Of Bogo (Cebu),Cebu
2025-10-08 00:45:00,11.15,124.02,30,2.4,013km N 19° E of City Of Bogo (Cebu),Cebu
2025-10-08 00:40:00,11.12,124.14,11,1.4,020km N 64° E of City Of Bogo (Cebu),Cebu
2025-10-08 00:39:00,11.15,124.12,5,2.7,019km N 53° E of City Of Bogo (Cebu),Cebu
2025-10-08 00:30:00,10.89,123.51,16,2.0,020km N 02° W of Toboso (Negros Occidental),Negros Occidental
2025-10-08 00:11:00,13.77,122.83,33,1.4,007km S 35° E of Ragay (Camarines Sur),Camarines Sur
2025-10-08 00:09:00,11.08,124.08,8,3.4,011km N 73° E of City Of Bogo (Cebu),Cebu
2025-10-08 00:08:00,13.56,120.6,6,1.8,019km N 46° W of Abra De Ilog (Occidental Mindoro),Occidental Mindoro
2025-10-07 23:59:00,11.21,124.12,18,1.6,023km N 41° E of City Of Bogo (Cebu),Cebu
2025-10-07 23:46:00,5.85,126.21,152,2.6,064km S 83° E of Jose Abad Santos (Davao Occidental),Davao Occidental
2025-10-07 23:44:00,9.22,126.41,32,2.4,024km S 74° E of Cortes (Surigao Del Sur),Surigao Del Sur
2025-10-07 23:38:00,11.11,124.14,2,2.8,019km N 70° E of City Of Bogo (Cebu),Cebu
2025-10-07 23:37:00,11.1,124.12,7,2.1,017km N 68° E of City Of Bogo (Cebu),Cebu
2025-10-07 23:17:00,10.97,123.95,4,2.6,009km S 24° W of City Of Bogo (Cebu),Cebu
2025-10-07 23:08:00,10.96,124.03,4,2.6,011km S 28° E of City Of Bogo (Cebu),Cebu
2025-10-07 22:44:00,10.67,123.45,16,1.8,009km S 55° W of Toboso (Negros Occidental),Negros Occidental
2025-10-07 22:28:00,11.16,123.97,29,2.3,013km N 06° W of City Of Bogo (Cebu),Cebu
2025-10-07 22:14:00,10.06,125.53,19,1.4,007km N 56° W of San Jose (Dinagat Islands),Dinagat Islands
2025-10-07 22:14:00,10.99,124.01,1,2.6,007km S 26° E of City Of Bogo (Cebu),Cebu
2025-10-07 22:12:00,11.17,123.96,11,1.7,014km N 09° W of City Of Bogo (Cebu),Cebu
2025-10-07 22:06:00,11.0,124.05,32,2.3,010km S 56° E of City Of Bogo (Cebu),Cebu
2025-10-07 21:58:00,11.03,124.02,3,2.5,005km S 68° E of City Of Bogo (Cebu),Cebu
2025-10-07 21:51:00,13.75,120.57,80,1.6,011km S 36° W of Calatagan (Batangas),Batangas
2025-10-07 21:49:00,11.13,124.08,7,2.0,014km N 50° E of City Of Bogo (Cebu),Cebu
2025-10-07 21:41:00,16.56,120.0,38,1.8,022km N 32° E of Bolinao (Pangasinan),Pangasinan
2025-10-07 21:37:00,11.25,123.97,8,2.7,022km N 03° W of City Of Bogo (Cebu),Cebu
2025-10-07 21:34:00,10.89,124.08,24,2.3,021km S 31° E of City Of Bogo (Cebu),Cebu
2025-10-07 21:28:00,11.16,124.04,23,1.8,015km N 28° E of City Of Bogo (Cebu),Cebu
2025-10-07 21:23:00,6.33,126.31,47,2.9,044km S 37° E of Governor Generoso (Davao Oriental),Davao Oriental
2025-10-07 21:16:00,7.89,126.46,21,1.9,010km N 76° E of Boston (Davao Oriental),Davao Oriental
2025-10-07 21:08:00,10.99,123.99,25,1.3,006km S 12° E of City Of Bogo (Cebu),Cebu
2025-10-07 21:06:00,7.9,127.53,40,3.1,113km N 72° E of Baganga (Davao Oriental),Davao Oriental
2025-10-07 20:50:00,13.36,120.21,9,2.2,028km S 77° W of Paluan (Occidental Mindoro),Occidental Mindoro
2025-10-07 20:48:00,17.02,119.88,8,1.8,057km N 71° W of Luna (La Union),La Union
2025-10-07 20:37:00,11.08,124.13,5,2.2,017km N 78° E of City Of Bogo (Cebu),Cebu
2025-10-07 20:30:00,11.24,124.18,9,1.6,031km N 45° E of City Of Bogo (Cebu),Cebu
2025-10-07 20:07:00,5.43,126.58,35,2.9,117km S 63° E of Jose Abad Santos (Davao Occidental),Davao Occidental
2025-10-07 19:56:00,11.01,124.04,7,2.3,007km S 60° E of City Of Bogo (Cebu),Cebu
2025-10-07 19:52:00,11.22,123.91,18,1.6,020km N 21° W of City Of Bogo (Cebu),Cebu
2025-10-07 19:51:00,11.05,124.03,24,1.4,005km N 87° E of City Of Bogo (Cebu),Cebu
2025-10-07 19:50:00,11.16,123.97,29,1.7,012km N 03° W of City Of Bogo (Cebu),Cebu
2025-10-07 19:07:00,11.13,124.09,33,2.3,015km N 51° E of City Of Bogo (Cebu),Cebu
2025-10-07 19:03:00,6.85,125.1,35,2.0,012km S 05° E of Makilala (Cotabato),Cotabato
2025-10-07 18:38:00,11.23,124.08,9,2.5,023km N 28° E of City Of Bogo (Cebu),Cebu
2025-10-07 18:28:00,9.99,125.64,12,3.4,006km N 43° E of Dinagat (Dinagat Islands),Dinagat Islands
2025-10-07 18:16:00,10.98,124.02,3,1.9,008km S 33° E of City Of Bogo (Cebu),Cebu
2025-10-07 18:13:00,11.28,123.95,4,1.9,026km N 07° W of City Of Bogo (Cebu),Cebu
2025-10-07 18:02:00,11.1,124.09,30,1.8,013km N 63° E of City Of Bogo (Cebu),Cebu
2025-10-07 17:55:00,11.01,124.06,32,2.3,010km S 65° E of City Of Bogo (Cebu),Cebu
2025-10-07 17:37:00,11.02,123.94,7,3.0,006km S 55° W of City Of Bogo (Cebu),Cebu
2025-10-07 17:33:00,11.01,123.94,2,3.6,006km S 48° W of City Of Bogo (Cebu),Cebu
2025-10-07 17:31:00,11.08,123.8,5,2.0,019km N 80° W of City Of Bogo (Cebu),Cebu
2025-10-07 17:11:00,11.15,124.0,33,2.0,012km N 09° E of City Of Bogo (Cebu),Cebu
2025-10-07 17:01:00,11.16,124.13,33,2.6,021km N 51° E of City Of Bogo (Cebu),Cebu
2025-10-07 16:51:00,11.09,124.14,4,2.6,018km N 73° E of City Of Bogo (Cebu),Cebu
2025-10-07 16:39:00,11.09,123.94,4,3.1,007km N 41° W of City Of Bogo (Cebu),Cebu
2025-10-07 16:38:00,11.11,124.13,6,2.6,017km N 66° E of City Of Bogo (Cebu),Cebu
2025-10-07 15:49:00,11.21,124.15,5,2.4,026km N 46° E of City Of Bogo (Cebu),Cebu
2025-10-07 15:34:00,10.99,124.06,8,2.9,011km S 55° E of City Of Bogo (Cebu),Cebu
2025-10-07 15:18:00,11.1,123.95,4,3.9,006km N 31° W of City Of Bogo (Cebu),Cebu
2025-10-07 14:53:00,10.93,123.8,52,1.6,024km S 57° W of City Of Bogo (Cebu),Cebu
2025-10-07 14:44:00,11.2,124.15,4,2.1,025km N 48° E of City Of Bogo (Cebu),Cebu
2025-10-07 14:30:00,10.68,123.47,11,1.6,006km S 51° W of Toboso (Negros Occidental),Negros Occidental
2025-10-07 14:21:00,11.15,124.03,28,2.1,013km N 29° E of City Of Bogo (Cebu),Cebu
2025-10-07 14:20:00,11.11,124.05,34,1.5,011km N 46° E of City Of Bogo (Cebu),Cebu
2025-10-07 14:06:00,11.08,123.98,10,1.9,004km N 05° W of City Of Bogo (Cebu),Cebu
2025-10-07 14:02:00,11.03,124.02,28,2.0,005km S 73° E of City Of Bogo (Cebu),Cebu
2025-10-07 13:30:00,11.14,123.9,3,2.3,014km N 37° W of City Of Bogo (Cebu),Cebu
2025-10-07 12:58:00,10.21,126.64,24,3.9,066km N 71° E of Burgos (Surigao Del Norte),Surigao Del Norte
2025-10-07 12:55:00,10.25,126.81,14,4.4,084km N 73° E of Burgos (Surigao Del Norte),Surigao Del Norte
2025-10-07 12:54:00,11.02,124.12,26,2.5,015km S 80° E of City Of Bogo (Cebu),Cebu
2025-10-07 12:45:00,11.14,124.07,31,2.0,014km N 42° E of City Of Bogo (Cebu),Cebu
2025-10-07 12:14:00,5.41,126.52,64,4.8,111km S 60° E of Jose Abad Santos (Davao Occidental),Davao Occidental
2025-10-07 12:07:00,13.72,121.13,32,1.4,009km S 62° E of Batangas City (Batangas),Batangas
2025-10-07 11:57:00,11.14,124.0,26,1.7,011km N 12° E of City Of Bogo (Cebu),Cebu
2025-10-07 11:45:00,11.1,123.85,2,2.2,016km N 68° W of City Of Bogo (Cebu),Cebu
2025-10-07 11:44:00,10.98,124.0,27,1.9,008km S 19° E of City Of Bogo (Cebu),Cebu
2025-10-07 11:33:00,11.11,123.97,9,2.6,007km N 10° W of City Of Bogo (Cebu),Cebu
2025-10-07 11:15:00,11.2,124.12,2,1.8,023km N 43° E of City Of Bogo (Cebu),Cebu
2025-10-07 10:56:00,11.01,123.96,3,2.3,005km S 30° W of City Of Bogo (Cebu),Cebu
2025-10-07 10:49:00,11.08,124.13,31,2.1,017km N 79° E of City Of Bogo (Cebu),Cebu
2025-10-07 10:39:00,11.02,124.08,7,2.1,012km S 74° E of City Of Bogo (Cebu),Cebu
2025-10-07 10:24:00,11.06,124.17,1,2.1,021km N 85° E of City Of Bogo (Cebu),Cebu
2025-10-07 10:19:00,11.12,123.93,2,2.2,009km N 35° W of City Of Bogo (Cebu),Cebu
2025-10-07 10:08:00,10.93,123.96,7,2.7,013km S 12° W of City Of Bogo (Cebu),Cebu
2025-10-07 09:58:00,11.11,124.09,3,1.8,013km N 61° E of City Of Bogo (Cebu),Cebu
2025-10-07 09:55:00,11.04,124.07,3,2.0,010km S 87° E of City Of Bogo (Cebu),Cebu
2025-10-07 09:54:00,11.18,124.06,31,1.3,017km N 30° E of City Of Bogo (Cebu),Cebu
2025-10-07 09:43:00,19.26,121.2,11,3.5,017km N 03° W of Dalupiri Island (Calayan) (Cagayan),Cagayan
2025-10-07 09:29:00,10.9,124.01,10,4.0,017km S 12° E of City Of Bogo (Cebu),Cebu
2025-10-07 09:17:00,13.72,120.64,104,1.5,013km S 01° E of Calatagan (Batangas),Batangas
2025-10-07 08:40:00,11.04,124.17,34,2.5,021km S 89° E of City Of Bogo (Cebu),Cebu
2025-10-07 08:36:00,11.09,124.18,31,1.0,022km N 78° E of City Of Bogo (Cebu),Cebu
2025-10-07 08:35:00,10.95,124.12,16,2.0,019km S 56° E of City Of Bogo (Cebu),Cebu
2025-10-07 08:32:00,11.06,124.03,2,2.0,006km N 77° E of City Of Bogo (Cebu),Cebu
2025-10-07 08:25:00,11.14,124.01,33,1.9,011km N 20° E of City Of Bogo (Cebu),Cebu
2025-10-07 08:23:00,11.16,123.98,27,2.0,012km N 02° E of City Of Bogo (Cebu),Cebu
2025-10-07 08:10:00,11.15,123.97,6,2.1,012km N 06° W of City Of Bogo (Cebu),Cebu
2025-10-07 08:03:00,9.92,121.99,9,5.1,052km N 71° W of City Of Sipalay (Negros Occidental),Negros Occidental
2025-10-07 07:54:00,10.17,126.11,8,2.3,017km N 14° E of Burgos (Surigao Del Norte),Surigao Del Norte
2025-10-07 07:51:00,11.14,123.98,28,2.0,010km North of City Of Bogo (Cebu),Cebu
2025-10-07 07:47:00,11.08,124.08,30,1.8,012km N 69° E of City Of Bogo (Cebu),Cebu
2025-10-07 07:46:00,11.05,124.05,36,2.0,008km N 88° E of City Of Bogo (Cebu),Cebu
2025-10-07 07:44:00,11.11,124.03,22,1.9,009km N 36° E of City Of Bogo (Cebu),Cebu
2025-10-07 07:40:00,11.08,124.02,6,2.5,006km N 49° E of City Of Bogo (Cebu),Cebu
2025-10-07 07:27:00,11.08,124.07,34,1.8,010km N 67° E of City Of Bogo (Cebu),Cebu
2025-10-07 07:21:00,11.07,124.02,34,2.0,005km N 63° E of City Of Bogo (Cebu),Cebu
2025-10-07 07:18:00,11.08,124.05,19,1.5,010km N 58° E of City Of Bogo (Cebu),Cebu
2025-10-07 07:16:00,10.96,123.97,6,2.4,010km S 09° W of City Of Bogo (Cebu),Cebu
2025-10-07 07:15:00,11.08,124.05,23,2.1,009km N 65° E of City Of Bogo (Cebu),Cebu
2025-10-07 07:12:00,11.17,124.02,6,2.1,014km N 19° E of City Of Bogo (Cebu),Cebu
2025-10-07 07:11:00,11.09,124.02,1,2.2,007km N 41° E of City Of Bogo (Cebu),Cebu
2025-10-07 06:48:00,10.67,123.46,11,2.7,007km S 49° W of Toboso (Negros Occidental),Negros Occidental
2025-10-07 06:37:00,11.18,124.11,3,2.0,021km N 45° E of City Of Bogo (Cebu),Cebu
2025-10-07 06:28:00,10.94,123.93,2,1.9,013km S 23° W of City Of Bogo (Cebu),Cebu
2025-10-07 05:58:00,10.0,122.1,3,3.5,045km N 55° W of City Of Sipalay (Negros Occidental),Negros Occidental
2025-10-07 05:54:00,11.07,124.06,22,1.4,009km N 73° E of City Of Bogo (Cebu),Cebu
2025-10-07 05:41:00,10.96,123.98,1,2.4,010km S 01° E of City Of Bogo (Cebu),Cebu
2025-10-07 05:21:00,11.06,124.03,10,1.8,006km N 71° E of City Of Bogo (Cebu),Cebu
2025-10-07 05:16:00,11.16,124.08,31,1.3,016km N 41° E of City Of Bogo (Cebu),Cebu
2025-10-07 05:13:00,11.15,123.98,17,1.3,012km N 02° W of City Of Bogo (Cebu),Cebu
2025-10-07 05:12:00,11.16,123.99,34,1.9,012km N 04° E of City Of Bogo (Cebu),Cebu
2025-10-07 04:56:00,11.12,124.01,20,1.6,009km N 24° E of City Of Bogo (Cebu),Cebu
2025-10-07 04:55:00,11.16,124.15,4,1.4,023km N 57° E of City Of Bogo (Cebu),Cebu
2025-10-07 04:44:00,11.06,123.63,6,2.4,038km N 88° W of City Of Bogo (Cebu),Cebu
2025-10-07 04:40:00,11.07,124.1,6,1.2,013km N 77° E of City Of Bogo (Cebu),Cebu
2025-10-07 04:39:00,11.12,124.0,32,1.7,009km N 12° E of City Of Bogo (Cebu),Cebu
2025-10-07 04:37:00,11.14,124.08,33,1.5,015km N 49° E of City Of Bogo (Cebu),Cebu
2025-10-07 04:37:00,11.14,124.08,23,1.2,015km N 48° E of City Of Bogo (Cebu),Cebu
2025-10-07 04:33:00,10.93,123.91,2,2.3,015km S 30° W of City Of Bogo (Cebu),Cebu
2025-10-07 04:22:00,11.11,123.98,34,2.0,007km N 01° W of City Of Bogo (Cebu),Cebu
2025-10-07 04:15:00,10.98,124.05,32,1.4,011km S 47° E of City Of Bogo (Cebu),Cebu
2025-10-07 04:05:00,11.08,123.88,33,1.1,006km N 89° W of San Remigio (Cebu),Cebu
2025-10-07 03:54:00,11.16,124.03,19,1.5,014km N 24° E of City Of Bogo (Cebu),Cebu
2025-10-07 03:51:00,11.02,124.06,32,1.6,010km S 75° E of City Of Bogo (Cebu),Cebu
2025-10-07 03:48:00,11.16,123.97,8,1.9,013km N 03° W of City Of Bogo (Cebu),Cebu
2025-10-07 03:47:00,11.08,124.05,15,1.5,009km N 66° E of City Of Bogo (Cebu),Cebu
2025-10-07 03:45:00,11.17,123.97,12,1.7,013km N 12° W of City Of Bogo (Cebu),Cebu
2025-10-07 03:40:00,11.18,124.08,19,2.4,018km N 36° E of City Of Bogo (Cebu),Cebu
2025-10-07 03:29:00,11.17,124.18,12,1.5,026km N 58° E of City Of Bogo (Cebu),Cebu
2025-10-07 03:27:00,11.0,124.06,30,1.4,010km S 61° E of City Of Bogo (Cebu),Cebu
2025-10-07 03:25:00,11.14,124.01,32,1.4,011km N 17° E of City Of Bogo (Cebu),Cebu
2025-10-07 03:15:00,11.13,124.12,9,2.1,018km N 61° E of City Of Bogo (Cebu),Cebu
2025-10-07 03:10:00,11.05,124.06,3,2.6,009km East of City Of Bogo (Cebu),Cebu
2025-10-07 03:08:00,13.64,120.3,8,2.5,010km S 32° E of Looc (Occidental Mindoro),Occidental Mindoro
2025-10-07 03:03:00,11.05,124.08,33,1.7,011km N 87° E of City Of Bogo (Cebu),Cebu
2025-10-07 02:58:00,11.01,124.05,33,1.7,008km S 65° E of City Of Bogo (Cebu),Cebu
2025-10-07 02:56:00,14.8,120.0,1,2.4,019km S 30° W of San Antonio (Zambales),Zambales
2025-10-07 02:55:00,10.97,123.96,3,3.1,009km S 16° W of City Of Bogo (Cebu),Cebu
2025-10-07 02:55:00,14.4,119.65,8,2.4,073km S 65° W of Morong (Bataan),Bataan
2025-10-07 02:53:00,11.11,123.99,32,1.4,007km N 09° E of City Of Bogo (Cebu),Cebu
2025-10-07 02:51:00,11.05,124.03,32,1.5,005km N 88° E of City Of Bogo (Cebu),Cebu
2025-10-07 02:49:00,15.48,121.63,26,1.4,028km N 69° E of Dingalan (Aurora),Aurora
2025-10-07 02:47:00,11.08,124.12,33,1.5,016km N 75° E of City Of Bogo (Cebu),Cebu
2025-10-07 02:35:00,11.15,123.99,33,1.3,012km N 04° E of City Of Bogo (Cebu),Cebu
2025-10-07 02:35:00,11.28,124.12,11,1.3,031km N 31° E of City Of Bogo (Cebu),Cebu
2025-10-07 02:34:00,11.04,123.83,11,2.1,017km S 87° W of City Of Bogo (Cebu),Cebu
2025-10-07 02:26:00,10.97,123.97,22,2.3,009km S 09° W of City Of Bogo (Cebu),Cebu
2025-10-07 02:20:00,7.87,125.79,33,2.3,006km N 01° E of Laak (Davao De Oro),Davao De Oro
2025-10-07 02:19:00,11.13,123.84,29,2.0,018km N 60° W of City Of Bogo (Cebu),Cebu
2025-10-07 02:12:00,11.07,124.11,13,2.0,014km N 81° E of City Of Bogo (Cebu),Cebu
2025-10-07 02:11:00,11.15,124.01,18,1.6,012km N 18° E of City Of Bogo (Cebu),Cebu
2025-10-07 02:08:00,10.91,123.91,1,2.4,017km S 27° W of City Of Bogo (Cebu),Cebu
2025-10-07 02:07:00,11.16,123.94,12,1.7,013km N 21° W of City Of Bogo (Cebu),Cebu
2025-10-07 01:56:00,11.22,123.98,16,2.9,019km N 01° W of City Of Bogo (Cebu),Cebu
2025-10-07 01:55:00,11.21,123.45,22,2.0,029km N 81° W of Bantayan (Cebu),Cebu
2025-10-07 01:53:00,10.89,123.94,1,2.7,018km S 13° W of City Of Bogo (Cebu),Cebu
2025-10-07 01:48:00,10.91,123.93,3,2.3,016km S 18° W of City Of Bogo (Cebu),Cebu
2025-10-07 01:31:00,9.57,122.31,19,2.2,018km S 79° W of Hinoba-an (Negros Occidental),Negros Occidental
2025-10-07 01:31:00,16.81,120.6,37,1.7,010km S 69° E of Sugpon (Ilocos Sur),Ilocos Sur
2025-10-07 01:26:00,11.13,124.15,33,2.0,021km N 63° E of City Of Bogo (Cebu),Cebu
2025-10-07 01:23:00,10.98,123.91,21,2.1,011km S 45° W of City Of Bogo (Cebu),Cebu
2025-10-07 01:21:00,11.17,124.02,33,1.2,015km N 16° E of City Of Bogo (Cebu),Cebu
2025-10-07 01:17:00,11.15,123.94,6,3.3,012km N 19° W of City Of Bogo (Cebu),Cebu
2025-10-07 01:12:00,11.1,124.06,31,1.8,011km N 58° E of City Of Bogo (Cebu),Cebu
2025-10-07 01:04:00,18.56,120.78,22,2.9,001km S 50° W of Pagudpud (Ilocos Norte),Ilocos Norte
2025-10-07 01:00:00,11.05,124.06,31,1.4,009km N 88° E of City Of Bogo (Cebu),Cebu
2025-10-07 00:51:00,11.27,124.13,11,3.0,030km N 33° E of City Of Bogo (Cebu),Cebu
2025-10-07 12:47:00,11.18,124.1,12,1.9,020km N 43° E of City Of Bogo (Cebu),Cebu
2025-10-07 00:46:00,11.1,123.98,39,1.8,006km N 02° E of City Of Bogo (Cebu),Cebu
2025-10-07 00:44:00,11.16,124.1,23,2.4,018km N 45° E of City Of Bogo (Cebu),Cebu
2025-10-07 00:42:00,11.18,124.12,34,2.0,021km N 46° E of City Of Bogo (Cebu),Cebu
2025-10-07 00:42:00,7.18,125.4,33,1.8,032km S 70° W of City Of Panabo (Davao Del Norte),Davao Del Norte
2025-10-07 00:43:00,11.03,124.03,28,1.2,005km S 75° E of City Of Bogo (Cebu),Cebu
2025-10-07 00:41:00,11.18,124.03,16,1.9,016km N 22° E of City Of Bogo (Cebu),Cebu
2025-10-07 00:38:00,10.99,124.01,38,1.9,007km S 24° E of City Of Bogo (Cebu),Cebu
2025-10-07 00:37:00,11.11,124.03,31,1.2,008km N 37° E of City Of Bogo (Cebu),Cebu
2025-10-07 00:30:00,11.13,124.13,3,2.1,019km N 60° E of City Of Bogo (Cebu),Cebu
2025-10-07 00:23:00,12.69,125.3,17,2.3,024km N 11° E of Mapanas (Northern Samar),Northern Samar
2025-10-07 00:22:00,8.2,126.84,11,2.6,050km N 69° E of Lingig (Surigao Del Sur),Surigao Del Sur
2025-10-07 00:20:00,11.26,124.11,5,1.7,027km N 32° E of City Of Bogo (Cebu),Cebu
2025-10-07 00:18:00,13.5,120.71,4,3.0,007km N 16° W of Abra De Ilog (Occidental Mindoro),Occidental Mindoro
2025-10-07 00:17:00,11.15,124.05,32,1.3,014km N 36° E of City Of Bogo (Cebu),Cebu
2025-10-07 00:12:00,8.71,125.8,16,2.5,005km East of City Of Bayugan (Agusan Del Sur),Agusan Del Sur
2025-10-07 00:10:00,11.07,123.96,8,1.6,003km N 38° W of City Of Bogo (Cebu),Cebu
2025-10-07 00:06:00,11.15,124.13,18,2.1,020km N 55° E of City Of Bogo (Cebu),Cebu
2025-10-07 00:05:00,10.92,123.91,3,2.3,015km S 28° W of City Of Bogo (Cebu),Cebu
2025-10-06 23:59:00,11.12,123.9,1,1.2,013km N 44° W of City Of Bogo (Cebu),Cebu
2025-10-06 23:51:00,11.19,124.05,33,1.9,017km N 25° E of City Of Bogo (Cebu),Cebu
2025-10-06 23:50:00,9.82,124.16,21,1.6,004km S 89° W of Carmen (Bohol),Bohol
2025-10-06 23:48:00,11.07,124.1,13,1.3,014km N 80° E of City Of Bogo (Cebu),Cebu
2025-10-06 23:44:00,11.18,123.98,11,2.7,015km N 02° W of City Of Bogo (Cebu),Cebu
2025-10-06 23:42:00,11.32,124.18,9,1.3,037km N 36° E of City Of Bogo (Cebu),Cebu
2025-10-06 23:32:00,11.06,123.97,12,1.8,002km N 33° W of City Of Bogo (Cebu),Cebu
2025-10-06 23:31:00,5.72,125.31,16,2.6,015km S 46° E of Glan (Sarangani),Sarangani
2025-10-06 23:30:00,10.93,123.87,4,2.5,017km S 44° W of City Of Bogo (Cebu),Cebu
2025-10-06 23:26:00,11.2,124.17,10,1.7,027km N 51° E of City Of Bogo (Cebu),Cebu
2025-10-06 23:24:00,11.08,123.98,14,1.2,020km N 50° E of City Of Bogo (Cebu),Cebu
2025-10-06 23:07:00,11.05,124.03,34,1.5,006km N 81° E of City Of Bogo (Cebu),Cebu
2025-10-06 22:54:00,11.2,124.13,4,1.8,023km N 43° E of City Of Bogo (Cebu),Cebu
2025-10-06 22:45:00,11.15,123.99,21,1.2,011km N 07° E of City Of Bogo (Cebu),Cebu
2025-10-06 22:43:00,11.09,124.04,4,2.4,008km N 57° E of City Of Bogo (Cebu),Cebu
2025-10-06 22:41:00,11.12,124.16,6,1.8,022km N 66° E of City Of Bogo (Cebu),Cebu
2025-10-06 22:40:00,13.05,124.41,9,1.9,024km N 88° E of Prieto Diaz (Sorsogon),Sorsogon
2025-10-06 22:37:00,11.06,124.09,31,1.3,012km N 82° E of City Of Bogo (Cebu),Cebu
2025-10-06 22:31:00,10.69,123.33,30,1.9,021km S 83° W of Toboso (Negros Occidental),Negros Occidental
2025-10-06 22:28:00,11.08,124.11,22,2.6,015km N 78° E of City Of Bogo (Cebu),Cebu
2025-10-06 22:24:00,11.06,124.05,1,1.6,008km N 77° E of City Of Bogo (Cebu),Cebu
2025-10-06 22:23:00,10.94,123.97,1,2.5,012km S 07° W of City Of Bogo (Cebu),Cebu
2025-10-06 22:10:00,11.13,124.05,33,2.0,012km N 37° E of City Of Bogo (Cebu),Cebu
2025-10-06 22:04:00,10.98,123.96,7,3.8,007km S 15° W of City Of Bogo (Cebu),Cebu
2025-10-06 22:00:00,11.16,123.98,33,2.2,013km N 02° E of City Of Bogo (Cebu),Cebu
2025-10-06 21:58:00,11.12,124.02,16,2.1,009km N 30° E of City Of Bogo (Cebu),Cebu
2025-10-06 21:57:00,13.57,123.34,33,2.4,004km N 65° W of Ocampo (Camarines Sur),Camarines Sur
2025-10-06 21:53:00,11.12,124.02,33,2.4,009km N 30° E of City Of Bogo (Cebu),Cebu
2025-10-06 21:52:00,11.11,123.98,33,2.2,007km N 03° W of City Of Bogo (Cebu),Cebu
2025-10-06 21:44:00,11.18,124.12,11,2.0,022km N 47° E of City Of Bogo (Cebu),Cebu
2025-10-06 21:35:00,11.11,124.14,26,2.3,019km N 68° E of City Of Bogo (Cebu),Cebu
2025-10-06 21:32:00,10.02,126.39,18,2.8,034km N 89° E of Burgos (Surigao Del Norte),Surigao Del Norte
2025-10-06 21:30:00,11.15,124.04,11,2.7,013km N 30° E of City Of Bogo (Cebu),Cebu
2025-10-06 21:29:00,11.01,123.99,33,2.3,004km S 19° E of City Of Bogo (Cebu),Cebu
2025-10-06 21:22:00,10.91,123.97,9,1.8,015km S 04° W of City Of Bogo (Cebu),Cebu
2025-10-06 21:08:00,11.18,124.12,32,1.8,021km N 45° E of City Of Bogo (Cebu),Cebu
2025-10-06 20:56:00,11.14,124.03,33,2.0,012km N 27° E of City Of Bogo (Cebu),Cebu
2025-10-06 20:38:00,11.13,124.02,9,2.0,010km N 26° E of City Of Bogo (Cebu),Cebu
2025-10-06 20:21:00,10.37,121.9,5,3.3,007km S 26° W of Anini-y (Antique),Antique
2025-10-06 20:18:00,10.68,123.48,12,2.3,006km S 47° W of Toboso (Negros Occidental),Negros Occidental
2025-10-06 20:07:00,11.12,124.17,4,2.9,022km N 67° E of City Of Bogo (Cebu),Cebu
2025-10-06 20:05:00,10.67,123.47,7,3.4,007km S 43° W of Toboso (Negros Occidental),Negros Occidental
2025-10-06 19:56:00,10.66,123.48,10,3.4,007km S 34° W of Toboso (Negros Occidental),Negros Occidental
2025-10-06 19:55:00,10.66,123.45,15,1.5,009km S 52° W of Toboso (Negros Occidental),Negros Occidental
2025-10-06 19:48:00,10.98,123.97,28,1.7,007km S 05° W of City Of Bogo (Cebu),Cebu
2025-10-06 19:37:00,11.02,123.93,6,1.7,006km S 64° W of City Of Bogo (Cebu),Cebu
2025-10-06 19:35:00,10.86,123.87,1,2.6,024km S 31° W of City Of Bogo (Cebu),Cebu
2025-10-06 19:31:00,11.08,124.14,15,1.5,018km N 80° E of City Of Bogo (Cebu),Cebu
2025-10-06 19:23:00,8.08,126.66,16,2.3,028km N 80° E of Lingig (Surigao Del Sur),Surigao Del Sur
2025-10-06 19:23:00,11.13,124.13,9,1.7,019km N 61° E of City Of Bogo (Cebu),Cebu
2025-10-06 19:22:00,11.15,123.92,8,1.5,013km N 30° W of City Of Bogo (Cebu),Cebu
2025-10-06 18:56:00,10.96,124.02,32,2.4,010km S 23° E of City Of Bogo (Cebu),Cebu
2025-10-06 18:54:00,12.04,124.76,29,1.5,007km N 60° W of Gandara (Samar),Samar
2025-10-06 18:49:00,11.14,124.07,28,1.9,014km N 44° E of City Of Bogo (Cebu),Cebu
2025-10-06 18:31:00,8.8,126.4,27,2.9,011km S 89° E of Marihatag (Surigao Del Sur),Surigao Del Sur
2025-10-06 18:21:00,11.04,124.02,2,2.1,004km S 75° E of City Of Bogo (Cebu),Cebu
2025-10-06 18:11:00,11.21,124.16,36,1.2,027km N 48° E of City Of Bogo (Cebu),Cebu
2025-10-06 18:11:00,8.94,126.31,40,1.8,003km N 19° E of Cagwait (Surigao Del Sur),Surigao Del Sur
2025-10-06 18:02:00,10.91,123.92,16,3.0,016km S 22° W of City Of Bogo (Cebu),Cebu
2025-10-06 17:57:00,11.09,123.95,10,4.2,006km N 39° W of City Of Bogo (Cebu),Cebu
2025-10-06 17:43:00,11.0,124.06,24,2.0,011km S 58° E of City Of Bogo (Cebu),Cebu
2025-10-06 17:36:00,11.15,123.99,32,1.8,012km N 04° E of City Of Bogo (Cebu),Cebu
2025-10-06 17:31:00,13.3,124.48,33,2.0,039km S 31° E of Bato (Catanduanes),Catanduanes
2025-10-06 17:23:00,11.18,124.0,8,2.3,015km N 10° E of City Of Bogo (Cebu),Cebu
2025-10-06 16:51:00,10.92,123.96,1,1.8,014km S 10° W of City Of Bogo (Cebu),Cebu
2025-10-06 16:42:00,11.1,124.12,32,1.8,017km N 68° E of City Of Bogo (Cebu),Cebu
2025-10-06 16:37:00,11.05,124.0,9,2.1,002km N 66° E of City Of Bogo (Cebu),Cebu
2025-10-06 16:21:00,9.18,125.69,32,2.0,017km N 67° E of City Of Cabadbaran (Agusan Del Norte),Agusan Del Norte
2025-10-06 16:17:00,11.02,123.95,27,2.1,004km S 53° W of City Of Bogo (Cebu),Cebu
2025-10-06 16:10:00,11.16,123.97,30,1.5,012km N 03° W of City Of Bogo (Cebu),Cebu
2025-10-06 15:57:00,11.15,124.09,2,2.5,016km N 45° E of City Of Bogo (Cebu),Cebu
2025-10-06 15:50:00,11.0,123.95,5,3.9,007km S 32° W of City Of Bogo (Cebu),Cebu
2025-10-06 15:46:00,10.95,123.93,7,3.7,012km S 27° W of City Of Bogo (Cebu),Cebu
2025-10-06 15:43:00,11.14,124.14,3,2.2,021km N 60° E of City Of Bogo (Cebu),Cebu
2025-10-06 15:40:00,11.05,124.06,12,1.8,009km N 86° E of City Of Bogo (Cebu),Cebu
2025-10-06 14:04:00,11.02,124.1,31,1.8,014km S 76° E of City Of Bogo (Cebu),Cebu
2025-10-06 13:56:00,5.96,123.86,570,3.5,046km S 53° W of Palimbang (Sultan Kudarat),Sultan Kudarat
2025-10-06 13:36:00,11.21,123.92,2,2.6,019km N 20° W of City Of Bogo (Cebu),Cebu
2025-10-06 13:33:00,11.23,123.94,2,2.3,021km N 12° W of City Of Bogo (Cebu),Cebu
2025-10-06 13:24:00,10.91,123.88,9,1.8,019km S 37° W of City Of Bogo (Cebu),Cebu
2025-10-06 12:50:00,11.13,123.93,7,2.5,011km N 28° W of City Of Bogo (Cebu),Cebu
2025-10-06 12:43:00,11.01,124.09,25,1.8,013km S 70° E of City Of Bogo (Cebu),Cebu
2025-10-06 12:30:00,10.89,123.9,1,1.7,019km S 27° W of City Of Bogo (Cebu),Cebu
2025-10-06 12:27:00,10.94,123.87,1,2.4,017km S 45° W of City Of Bogo (Cebu),Cebu
2025-10-06 12:09:00,11.08,124.14,4,1.8,018km N 78° E of City Of Bogo (Cebu),Cebu
2025-10-06 11:43:00,11.13,124.12,9,2.7,018km N 60° E of City Of Bogo (Cebu),Cebu
2025-10-06 11:23:00,10.97,123.94,4,2.2,010km S 26° W of City Of Bogo (Cebu),Cebu
2025-10-06 11:08:00,11.06,124.02,11,2.0,005km N 74° E of City Of Bogo (Cebu),Cebu
2025-10-06 11:02:00,11.19,124.18,1,1.9,027km N 53° E of City Of Bogo (Cebu),Cebu
2025-10-06 10:49:00,10.99,124.03,13,1.7,008km S 41° E of City Of Bogo (Cebu),Cebu
2025-10-06 10:24:00,10.92,123.96,1,2.0,014km S 08° W of City Of Bogo (Cebu),Cebu
2025-10-06 10:23:00,10.98,124.1,5,1.8,015km S 62° E of City Of Bogo (Cebu),Cebu
2025-10-06 10:20:00,11.09,124.07,4,2.6,011km N 65° E of City Of Bogo (Cebu),Cebu
2025-10-06 10:19:00,10.98,123.81,3,1.6,020km S 67° W of City Of Bogo (Cebu),Cebu
2025-10-06 10:14:00,8.16,127.47,32,2.5,118km N 83° E of Lingig (Surigao Del Sur),Surigao Del Sur
2025-10-06 10:10:00,8.49,126.67,15,2.6,039km N 70° E of Hinatuan (Surigao Del Sur),Surigao Del Sur
2025-10-06 09:57:00,11.06,124.12,2,1.5,014km N 88° E of City Of Bogo (Cebu),Cebu
2025-10-06 09:56:00,11.06,124.11,33,1.2,014km N 85° E of City Of Bogo (Cebu),Cebu
2025-10-06 09:46:00,10.97,123.95,1,2.9,009km S 21° W of City Of Bogo (Cebu),Cebu
2025-10-06 09:35:00,11.1,123.93,8,2.9,008km N 45° W of City Of Bogo (Cebu),Cebu
2025-10-06 09:27:00,13.65,120.64,107,1.3,021km S 04° E of Calatagan (Batangas),Batangas
2025-10-06 09:25:00,11.07,124.12,31,1.5,016km N 82° E of City Of Bogo (Cebu),Cebu
2025-10-06 09:19:00,10.98,123.92,4,2.1,010km S 41° W of City Of Bogo (Cebu),Cebu
2025-10-06 09:17:00,11.01,124.09,31,1.6,013km S 70° E of City Of Bogo (Cebu),Cebu
2025-10-06 09:04:00,15.48,120.58,43,1.3,016km N 76° W of La Paz (Tarlac),Tarlac
2025-10-06 09:01:00,11.18,124.06,2,1.7,017km N 33° E of City Of Bogo (Cebu),Cebu
2025-10-06 08:37:00,11.1,124.05,17,1.5,010km N 51° E of City Of Bogo (Cebu),Cebu
2025-10-06 08:19:00,11.16,124.19,7,1.3,026km N 61° E of City Of Bogo (Cebu),Cebu
2025-10-06 08:17:00,11.16,124.19,7,1.9,026km N 61° E of City Of Bogo (Cebu),Cebu
2025-10-06 08:16:00,10.96,123.94,27,1.5,011km S 24° W of City Of Bogo (Cebu),Cebu
2025-10-06 07:54:00,11.89,122.21,21,2.6,009km N 36° E of Ibajay (Aklan),Aklan
2025-10-06 07:51:00,11.06,124.0,34,1.5,003km N 43° E of City Of Bogo (Cebu),Cebu
2025-10-06 07:37:00,11.15,123.98,24,2.1,012km N 03° E of City Of Bogo (Cebu),Cebu
2025-10-06 07:25:00,13.76,120.61,108,2.5,008km S 20° W of Calatagan (Batangas),Batangas
2025-10-06 07:20:00,5.92,126.52,53,3.1,095km S 32° E of Governor Generoso (Davao Oriental),Davao Oriental
2025-10-06 07:12:00,10.88,123.9,1,2.3,021km S 25° W of City Of Bogo (Cebu),Cebu
2025-10-06 06:59:00,11.06,124.05,5,4.3,008km N 78° E of City Of Bogo (Cebu),Cebu
2025-10-06 06:55:00,11.23,124.03,4,1.5,021km N 15° E of City Of Bogo (Cebu),Cebu
2025-10-06 06:47:00,10.88,123.92,1,3.2,019km S 19° W of City Of Bogo (Cebu),Cebu
2025-10-06 06:34:00,11.11,124.14,21,2.3,019km N 68° E of City Of Bogo (Cebu),Cebu
2025-10-06 06:21:00,10.95,123.8,5,3.7,022km S 61° W of City Of Bogo (Cebu),Cebu
2025-10-06 06:10:00,11.08,124.04,5,1.6,008km N 65° E of City Of Bogo (Cebu),Cebu
2025-10-06 06:01:00,11.21,124.1,7,1.5,022km N 36° E of City Of Bogo (Cebu),Cebu
2025-10-06 05:50:00,11.19,123.97,7,1.8,016km N 05° W of City Of Bogo (Cebu),Cebu
2025-10-06 05:49:00,12.47,124.7,29,1.7,007km S 64° E of Catarman (Northern Samar),Northern Samar
2025-10-06 05:43:00,11.09,124.09,32,1.1,013km N 66° E of City Of Bogo (Cebu),Cebu
2025-10-06 05:40:00,11.11,124.12,32,1.3,017km N 66° E of City Of Bogo (Cebu),Cebu
2025-10-06 05:39:00,11.16,123.98,27,1.8,012km N 02° E of City Of Bogo (Cebu),Cebu
2025-10-06 05:25:00,10.96,123.96,3,1.8,009km S 10° W of City Of Bogo (Cebu),Cebu
2025-10-06 05:06:00,11.18,124.04,32,1.6,016km N 22° E of City Of Bogo (Cebu),Cebu
2025-10-06 04:52:00,10.97,124.08,33,1.6,014km S 51° E of City Of Bogo (Cebu),Cebu
2025-10-06 04:44:00,9.92,126.06,33,2.8,004km S 56° W of San Isidro (Surigao Del Norte),Surigao Del Norte
2025-10-06 04:34:00,10.88,123.91,2,2.2,020km S 22° W of City Of Bogo (Cebu),Cebu
2025-10-06 04:18:00,11.11,124.08,7,2.0,012km N 58° E of City Of Bogo (Cebu),Cebu
2025-10-06 04:11:00,11.14,124.05,22,1.5,013km N 38° E of City Of Bogo (Cebu),Cebu
2025-10-06 04:10:00,11.03,123.84,26,2.0,016km S 85° W of City Of Bogo (Cebu),Cebu
2025-10-06 04:04:00,11.14,123.98,8,2.5,011km N 02° W of City Of Bogo (Cebu),Cebu
2025-10-06 03:57:00,11.03,124.01,16,1.5,004km S 69° E of City Of Bogo (Cebu),Cebu
2025-10-06 03:42:00,6.72,124.89,33,2.8,004km S 47° E of Datu Paglas (Maguindanao Del Sur),Maguindanao Del Sur
2025-10-06 03:39:00,10.99,124.02,3,2.0,008km S 34° E of City Of Bogo (Cebu),Cebu
2025-10-06 03:32:00,11.13,123.98,27,1.5,010km N 02° E of City Of Bogo (Cebu),Cebu
2025-10-06 03:21:00,11.17,124.12,33,1.4,020km N 49° E of City Of Bogo (Cebu),Cebu
2025-10-06 03:18:00,11.03,124.02,35,1.4,005km S 71° E of City Of Bogo (Cebu),Cebu
2025-10-06 03:15:00,10.94,123.93,8,2.7,013km S 26° W of City Of Bogo (Cebu),Cebu
2025-10-06 03:08:00,17.07,120.63,108,2.2,002km S 75° E of Sigay (Ilocos Sur),Ilocos Sur
2025-10-06 03:02:00,11.15,123.97,11,1.8,012km N 03° W of City Of Bogo (Cebu),Cebu
2025-10-06 02:57:00,10.94,123.78,4,2.3,024km S 62° W of City Of Bogo (Cebu),Cebu
2025-10-06 02:50:00,10.95,123.93,4,2.7,012km S 28° W of City Of Bogo (Cebu),Cebu
2025-10-06 02:45:00,10.98,124.02,31,1.8,008km S 29° E of City Of Bogo (Cebu),Cebu
2025-10-06 02:41:00,11.08,123.96,8,1.9,005km N 34° W of City Of Bogo (Cebu),Cebu
2025-10-06 02:36:00,13.45,120.5,34,1.2,006km N 48° E of Paluan (Occidental Mindoro),Occidental Mindoro
2025-10-06 02:33:00,11.01,123.96,26,1.8,005km S 32° W of City Of Bogo (Cebu),Cebu
2025-10-06 02:28:00,10.97,123.97,26,2.3,008km S 06° W of City Of Bogo (Cebu),Cebu
2025-10-06 02:26:00,9.13,123.42,12,2.1,008km S 67° W of San Juan (Siquijor),Siquijor
2025-10-06 02:16:00,13.56,120.74,32,1.5,013km N 06° E of Abra De Ilog (Occidental Mindoro),Occidental Mindoro
2025-10-06 02:14:00,11.12,123.98,16,1.7,008km North of City Of Bogo (Cebu),Cebu
2025-10-06 01:55:00,10.89,123.87,10,2.0,021km S 34° W of City Of Bogo (Cebu),Cebu
2025-10-06 01:48:00,10.9,123.9,2,2.0,018km S 27° W of City Of Bogo (Cebu),Cebu
2025-10-06 01:45:00,9.83,126.21,30,1.9,008km N 50° E of General Luna (Surigao Del Norte),Surigao Del Norte
2025-10-06 01:42:00,10.98,123.94,8,3.5,009km S 33° W of City Of Bogo (Cebu),Cebu
2025-10-06 01:41:00,11.15,124.13,17,2.4,020km N 54° E of City Of Bogo (Cebu),Cebu
2025-10-06 01:23:00,4.66,124.97,26,4.8,097km S 31° W of Balut Island (Municipality Of Sarangani) (Davao Occidental),Davao Occidental
2025-10-06 01:12:00,10.95,124.0,4,2.3,011km S 13° E of City Of Bogo (Cebu),Cebu
2025-10-06 00:54:00,10.91,124.02,2,2.3,015km S 18° E of City Of Bogo (Cebu),Cebu
2025-10-06 00:52:00,9.48,126.08,40,2.1,018km N 49° E of Carrascal (Surigao Del Sur),Surigao Del Sur
2025-10-06 00:31:00,11.11,123.98,2,3.3,007km N 03° W of City Of Bogo (Cebu),Cebu
2025-10-06 00:27:00,11.15,123.97,17,2.7,011km N 08° W of City Of Bogo (Cebu),Cebu
2025-10-06 00:22:00,10.94,123.87,1,2.8,017km S 47° W of City Of Bogo (Cebu),Cebu
2025-10-06 00:18:00,11.13,124.06,24,1.1,013km N 46° E of City Of Bogo (Cebu),Cebu
2025-10-06 00:14:00,11.03,124.02,8,2.0,005km S 67° E of City Of Bogo (Cebu),Cebu
2025-10-06 00:11:00,10.99,124.03,8,2.8,008km S 37° E of City Of Bogo (Cebu),Cebu
2025-10-06 00:01:00,11.1,124.03,22,1.1,008km N 40° E of City Of Bogo (Cebu),Cebu
2025-10-05 23:59:00,11.13,123.97,29,2.2,009km N 09° W of City Of Bogo (Cebu),Cebu
2025-10-05 23:58:00,7.87,126.99,13,2.2,057km N 56° E of Baganga (Davao Oriental),Davao Oriental
2025-10-05 23:48:00,10.96,124.1,16,1.3,016km S 52° E of City Of Bogo (Cebu),Cebu
2025-10-05 23:46:00,11.2,124.08,33,1.0,020km N 32° E of City Of Bogo (Cebu),Cebu
2025-10-05 23:29:00,13.23,120.82,26,1.4,020km N 34° E of Santa Cruz (Occidental Mindoro),Occidental Mindoro
2025-10-05 23:27:00,11.16,123.98,18,1.8,012km N 01° E of City Of Bogo (Cebu),Cebu
2025-10-05 23:22:00,11.17,123.98,11,1.9,014km N 02° W of City Of Bogo (Cebu),Cebu
2025-10-05 23:20:00,11.08,123.96,7,2.4,004km N 25° W of City Of Bogo (Cebu),Cebu
2025-10-05 23:12:00,11.09,123.95,1,3.2,006km N 38° W of City Of Bogo (Cebu),Cebu
2025-10-05 22:59:00,9.41,126.33,17,1.8,021km N 44° E of Cortes (Surigao Del Sur),Surigao Del Sur
2025-10-05 22:57:00,11.15,123.93,8,2.0,012km N 27° W of City Of Bogo (Cebu),Cebu
2025-10-05 22:55:00,7.52,126.87,25,2.4,034km S 80° E of Baganga (Davao Oriental),Davao Oriental
2025-10-05 22:36:00,9.24,126.49,21,3.9,033km S 84° E of Cortes (Surigao Del Sur),Surigao Del Sur
2025-10-05 22:28:00,11.16,123.95,5,2.4,012km N 15° W of City Of Bogo (Cebu),Cebu
2025-10-05 22:15:00,10.91,123.97,25,2.2,015km S 05° W of City Of Bogo (Cebu),Cebu
2025-10-05 22:09:00,10.96,124.0,1,2.1,010km S 12° E of City Of Bogo (Cebu),Cebu
2025-10-05 21:59:00,10.89,123.92,27,2.8,018km S 20° W of City Of Bogo (Cebu),Cebu
2025-10-05 21:52:00,6.65,125.93,149,3.5,015km N 90° W of Governor Generoso (Davao Oriental),Davao Oriental
2025-10-05 21:34:00,13.97,120.57,110,1.5,012km S 49° W of Lian (Batangas),Batangas
2025-10-05 21:27:00,11.08,124.09,8,2.2,012km N 71° E of City Of Bogo (Cebu),Cebu
2025-10-05 21:16:00,5.19,126.19,43,3.9,085km S 68° E of Sarangani Island (Municipality Of Sarangani) (Davao Occidental),Davao Occidental
2025-10-05 21:15:00,11.11,124.13,24,2.0,018km N 66° E of City Of Bogo (Cebu),Cebu
2025-10-05 21:11:00,13.26,120.79,32,1.9,021km N 21° E of Santa Cruz (Occidental Mindoro),Occidental Mindoro
2025-10-05 21:07:00,13.2,120.77,9,1.9,013km N 23° E of Santa Cruz (Occidental Mindoro),Occidental Mindoro
2025-10-05 21:07:00,11.19,124.01,10,1.7,016km N 13° E of City Of Bogo (Cebu),Cebu
2025-10-05 21:04:00,10.9,123.95,1,2.2,016km S 11° W of City Of Bogo (Cebu),Cebu
2025-10-05 20:54:00,13.11,120.72,10,4.0,002km N 05° W of Santa Cruz (Occidental Mindoro),Occidental Mindoro
2025-10-05 20:51:00,11.14,123.93,4,3.6,011km N 28° W of City Of Bogo (Cebu),Cebu
2025-10-05 20:49:00,11.16,123.97,17,1.4,013km N 04° W of City Of Bogo (Cebu),Cebu
2025-10-05 20:38:00,11.17,123.97,17,2.3,014km N 05° W of City Of Bogo (Cebu),Cebu
2025-10-05 20:28:00,11.19,124.06,10,1.2,018km N 30° E of City Of Bogo (Cebu),Cebu
2025-10-05 20:23:00,11.02,124.08,34,1.7,012km S 75° E of City Of Bogo (Cebu),Cebu
2025-10-05 20:21:00,16.95,121.36,24,2.4,005km S 57° E of Aguinaldo (Ifugao),Ifugao
2025-10-05 20:14:00,19.33,121.78,34,2.8,024km S 35° W of Babuyan Island (Calayan) (Cagayan),Cagayan
2025-10-05 19:43:00,11.13,124.08,4,3.5,014km N 48° E of City Of Bogo (Cebu),Cebu
2025-10-05 19:31:00,10.87,124.09,32,1.3,023km S 32° E of City Of Bogo (Cebu),Cebu
2025-10-05 19:28:00,10.99,123.93,10,2.2,008km S 42° W of City Of Bogo (Cebu),Cebu
2025-10-05 19:18:00,11.0,123.92,1,2.0,008km S 52° W of City Of Bogo (Cebu),Cebu
2025-10-05 19:11:00,11.02,124.11,4,1.9,014km S 79° E of City Of Bogo (Cebu),Cebu
2025-10-05 19:07:00,13.66,120.65,67,1.9,020km S 05° E of Calatagan (Batangas),Batangas
2025-10-05 19:06:00,11.12,123.95,7,3.6,009km N 19° W of City Of Bogo (Cebu),Cebu
2025-10-05 18:59:00,11.13,124.11,2,2.0,017km N 56° E of City Of Bogo (Cebu),Cebu
2025-10-05 18:47:00,11.18,123.94,5,2.2,016km N 16° W of City Of Bogo (Cebu),Cebu
2025-10-05 18:43:00,11.12,123.97,4,1.5,008km N 11° W of City Of Bogo (Cebu),Cebu
2025-10-05 18:36:00,11.15,123.97,26,1.7,012km N 04° W of City Of Bogo (Cebu),Cebu
2025-10-05 18:30:00,4.09,127.98,37,4.4,318km S 61° E of Sarangani Island (Municipality Of Sarangani) (Davao Occidental),Davao Occidental
2025-10-05 18:27:00,10.88,123.94,1,1.9,019km S 11° W of City Of Bogo (Cebu),Cebu
2025-10-05 18:20:00,7.96,124.88,8,2.0,015km N 20° E of Pangantucan (Bukidnon),Bukidnon
2025-10-05 18:12:00,10.89,123.76,18,1.7,030km S 54° W of City Of Bogo (Cebu),Cebu
2025-10-05 18:11:00,11.15,124.15,8,1.5,021km N 59° E of City Of Bogo (Cebu),Cebu
2025-10-05 18:03:00,11.11,124.02,33,1.4,008km N 37° E of City Of Bogo (Cebu),Cebu
2025-10-05 18:02:00,11.08,123.98,8,1.8,004km North of City Of Bogo (Cebu),Cebu
2025-10-05 17:57:00,11.2,124.06,30,1.7,019km N 29° E of City Of Bogo (Cebu),Cebu
2025-10-05 17:52:00,10.92,123.96,6,2.1,014km S 09° W of City Of Bogo (Cebu),Cebu
2025-10-05 17:42:00,11.15,124.02,27,1.1,012km N 22° E of City Of Bogo (Cebu),Cebu
2025-10-05 17:40:00,11.16,124.13,34,2.1,021km N 53° E of City Of Bogo (Cebu),Cebu
2025-10-05 17:01:00,6.4,126.19,33,3.3,030km S 25° E of Governor Generoso (Davao Oriental),Davao Oriental
2025-10-05 16:48:00,6.75,125.15,17,2.5,001km S 45° W of Magsaysay (Davao Del Sur),Davao Del Sur
2025-10-05 16:34:00,16.49,119.69,32,2.8,025km N 63° W of Bolinao (Pangasinan),Pangasinan
2025-10-05 16:25:00,10.96,123.95,11,3.8,010km S 16° W of City Of Bogo (Cebu),Cebu
2025-10-05 16:19:00,11.11,123.92,9,2.4,009km N 43° W of City Of Bogo (Cebu),Cebu
2025-10-05 16:02:00,13.57,120.69,105,2.9,014km N 14° W of Abra De Ilog (Occidental Mindoro),Occidental Mindoro
2025-10-05 15:57:00,11.0,124.0,6,2.2,005km S 42° E of City Of Bogo (Cebu),Cebu
2025-10-05 15:55:00,11.18,124.18,6,2.3,027km N 56° E of City Of Bogo (Cebu),Cebu
2025-10-05 15:52:00,10.88,123.88,2,2.4,021km S 30° W of City Of Bogo (Cebu),Cebu
2025-10-05 15:43:00,10.87,123.9,1,2.3,021km S 25° W of City Of Bogo (Cebu),Cebu
2025-10-05 15:35:00,11.07,124.06,8,3.0,009km N 70° E of City Of Bogo (Cebu),Cebu
2025-10-05 15:32:00,11.17,123.98,27,1.6,013km N 01° W of City Of Bogo (Cebu),Cebu
2025-10-05 15:29:00,10.94,123.93,8,2.8,013km S 27° W of City Of Bogo (Cebu),Cebu
2025-10-05 15:20:00,11.09,124.07,16,2.2,011km N 65° E of City Of Bogo (Cebu),Cebu
2025-10-05 15:19:00,11.12,124.08,5,2.3,013km N 55° E of City Of Bogo (Cebu),Cebu
2025-10-05 15:09:00,11.18,123.94,12,2.4,015km N 17° W of City Of Bogo (Cebu),Cebu
2025-10-05 15:05:00,11.18,124.14,11,1.6,023km N 50° E of City Of Bogo (Cebu),Cebu
2025-10-05 14:54:00,11.04,124.09,6,2.5,012km S 84° E of City Of Bogo (Cebu),Cebu
2025-10-05 14:52:00,11.18,124.07,8,2.2,018km N 36° E of City Of Bogo (Cebu),Cebu
2025-10-05 14:49:00,11.04,124.02,30,1.4,005km S 86° E of City Of Bogo (Cebu),Cebu
2025-10-05 14:47:00,11.07,124.02,27,1.9,005km N 56° E of City Of Bogo (Cebu),Cebu
2025-10-05 14:28:00,11.09,123.87,3,1.9,012km N 69° W of City Of Bogo (Cebu),Cebu
2025-10-05 14:22:00,11.08,124.05,25,1.6,009km N 63° E of City Of Bogo (Cebu),Cebu
2025-10-05 14:16:00,11.1,123.94,8,2.9,007km N 33° W of City Of Bogo (Cebu),Cebu
2025-10-05 14:14:00,11.15,123.98,34,1.8,011km N 02° E of City Of Bogo (Cebu),Cebu
2025-10-05 13:58:00,10.9,123.98,7,3.0,016km S 01° E of City Of Bogo (Cebu),Cebu
2025-10-05 13:55:00,11.16,123.99,10,3.1,012km N 06° E of City Of Bogo (Cebu),Cebu
2025-10-05 13:54:00,11.03,124.02,30,1.4,005km S 67° E of City Of Bogo (Cebu),Cebu
2025-10-05 13:50:00,11.01,124.01,33,2.1,005km S 41° E of City Of Bogo (Cebu),Cebu
2025-10-05 13:50:00,11.14,124.04,31,1.7,013km N 33° E of City Of Bogo (Cebu),Cebu
2025-10-05 13:47:00,10.91,123.92,4,2.9,017km S 24° W of City Of Bogo (Cebu),Cebu
2025-10-05 13:43:00,11.05,124.0,29,2.0,002km N 70° E of City Of Bogo (Cebu),Cebu
2025-10-05 13:41:00,10.98,124.01,2,2.1,008km S 22° E of City Of Bogo (Cebu),Cebu
2025-10-05 13:31:00,10.99,124.0,2,2.8,007km S 23° E of City Of Bogo (Cebu),Cebu
2025-10-05 13:29:00,10.85,123.89,3,2.2,024km S 25° W of City Of Bogo (Cebu),Cebu
2025-10-05 13:24:00,11.01,124.0,33,1.5,004km S 26° E of City Of Bogo (Cebu),Cebu
2025-10-05 13:20:00,11.0,124.01,15,1.4,006km S 37° E of City Of Bogo (Cebu),Cebu
2025-10-05 13:16:00,8.31,126.58,27,2.5,028km S 76° E of Hinatuan (Surigao Del Sur),Surigao Del Sur
2025-10-05 13:12:00,20.03,121.08,16,3.4,090km S 67° W of Sabtang (Batanes),Batanes
2025-10-05 13:11:00,11.12,124.14,7,2.4,019km N 67° E of City Of Bogo (Cebu),Cebu
2025-10-05 13:03:00,11.3,124.08,33,2.2,030km N 21° E of City Of Bogo (Cebu),Cebu
2025-10-05 12:59:00,8.06,126.18,7,2.2,013km N 77° E of Trento (Agusan Del Sur),Agusan Del Sur
2025-10-05 12:52:00,11.1,124.1,6,2.0,015km N 67° E of City Of Bogo (Cebu),Cebu
2025-10-05 12:47:00,11.06,124.07,33,1.6,010km N 83° E of City Of Bogo (Cebu),Cebu
2025-10-05 12:46:00,11.16,124.09,4,2.9,017km N 42° E of City Of Bogo (Cebu),Cebu
2025-10-05 12:44:00,11.13,124.11,6,2.8,017km N 58° E of City Of Bogo (Cebu),Cebu
2025-10-05 12:38:00,11.14,124.07,18,1.9,015km N 43° E of City Of Bogo (Cebu),Cebu
2025-10-05 12:17:00,11.06,124.08,5,2.3,011km N 81° E of City Of Bogo (Cebu),Cebu
2025-10-05 12:15:00,11.29,124.14,10,1.6,033km N 33° E of City Of Bogo (Cebu),Cebu
2025-10-05 12:06:00,10.88,123.73,19,2.4,033km S 56° W of City Of Bogo (Cebu),Cebu
2025-10-05 11:55:00,11.43,123.86,2,1.8,045km N 17° W of City Of Bogo (Cebu),Cebu
2025-10-05 11:37:00,11.1,124.18,7,2.1,023km N 74° E of City Of Bogo (Cebu),Cebu
2025-10-05 11:30:00,11.08,124.01,28,1.4,005km N 46° E of City Of Bogo (Cebu),Cebu
2025-10-05 11:17:00,11.1,124.03,33,1.7,014km N 47° E of City Of Bogo (Cebu),Cebu
2025-10-05 11:15:00,10.93,123.89,25,2.2,016km S 39° W of City Of Bogo (Cebu),Cebu
2025-10-05 11:15:00,10.93,123.89,25,2.2,016km S 39° W of City Of Bogo (Cebu),Cebu
2025-10-05 11:07:00,11.07,124.02,30,2.0,005km N 61° E of City Of Bogo (Cebu),Cebu
2025-10-05 11:03:00,10.98,124.03,1,2.1,009km S 39° E of City Of Bogo (Cebu),Cebu
2025-10-05 11:02:00,10.95,124.0,6,2.7,011km S 11° E of City Of Bogo (Cebu),Cebu
2025-10-05 10:51:00,10.89,124.03,17,1.9,018km S 18° E of City Of Bogo (Cebu),Cebu
2025-10-05 10:49:00,11.1,124.09,5,4.5,013km N 62° E of City Of Bogo (Cebu),Cebu
2025-10-05 10:47:00,11.04,123.98,1,2.3,001km S 06° E of City Of Bogo (Cebu),Cebu
2025-10-05 10:37:00,7.2,123.43,29,2.6,029km S 05° E of Tabina (Zamboanga Del Sur),Zamboanga Del Sur
2025-10-05 10:31:00,11.08,124.08,3,2.4,012km N 70° E of City Of Bogo (Cebu),Cebu
2025-10-05 10:27:00,11.14,124.1,1,2.4,017km N 52° E of City Of Bogo (Cebu),Cebu
2025-10-05 10:26:00,11.16,123.98,21,1.4,012km N 02° E of City Of Bogo (Cebu),Cebu
2025-10-05 10:25:00,11.15,124.04,31,1.3,013km N 28° E of City Of Bogo (Cebu),Cebu
2025-10-05 10:24:00,11.3,124.11,14,1.8,032km N 27° E of City Of Bogo (Cebu),Cebu
2025-10-05 10:22:00,11.13,124.12,7,1.6,018km N 59° E of City Of Bogo (Cebu),Cebu
2025-10-05 10:21:00,11.16,123.97,26,1.6,013km N 06° W of City Of Bogo (Cebu),Cebu
2025-10-05 10:17:00,11.01,123.93,27,2.3,007km S 52° W of City Of Bogo (Cebu),Cebu
2025-10-05 10:07:00,10.94,123.93,4,2.6,013km S 23° W of City Of Bogo (Cebu),Cebu
2025-10-05 09:57:00,11.08,124.11,22,1.8,015km N 77° E of City Of Bogo (Cebu),Cebu
2025-10-05 09:45:00,18.27,119.86,13,4.8,072km N 68° W of Currimao (Ilocos Norte),Ilocos Norte
2025-10-05 09:25:00,10.88,123.91,6,2.7,020km S 23° W of City Of Bogo (Cebu),Cebu
2025-10-05 09:18:00,15.36,121.4,12,2.0,003km S 15° E of Dingalan (Aurora),Aurora
2025-10-05 09:12:00,11.07,124.06,21,1.3,009km N 71° E of City Of Bogo (Cebu),Cebu
2025-10-05 09:06:00,10.84,123.95,3,2.2,023km S 08° W of City Of Bogo (Cebu),Cebu
2025-10-05 09:02:00,10.96,123.9,8,2.5,013km S 36° W of City Of Bogo (Cebu),Cebu
2025-10-05 08:58:00,11.13,123.94,4,4.1,010km N 27° W of City Of Bogo (Cebu),Cebu
2025-10-05 08:58:00,11.12,123.96,6,1.7,009km N 16° W of City Of Bogo (Cebu),Cebu
2025-10-05 08:56:00,11.09,124.12,5,2.8,017km N 72° E of City Of Bogo (Cebu),Cebu
2025-10-05 08:54:00,7.84,126.75,24,3.3,033km N 80° E of Cateel (Davao Oriental),Davao Oriental
2025-10-05 08:53:00,10.98,124.04,32,1.8,010km S 39° E of City Of Bogo (Cebu),Cebu
2025-10-05 08:47:00,11.1,124.0,25,1.4,006km N 21° E of City Of Bogo (Cebu),Cebu
2025-10-05 08:46:00,11.01,123.99,3,2.3,004km S 22° E of City Of Bogo (Cebu),Cebu
2025-10-05 08:39:00,9.66,125.55,34,2.3,002km S 85° E of Sison (Surigao Del Norte),Surigao Del Norte
2025-10-05 08:30:00,10.87,123.92,7,1.9,021km S 18° W of City Of Bogo (Cebu),Cebu
2025-10-05 08:27:00,10.86,123.94,5,3.1,021km S 12° W of City Of Bogo (Cebu),Cebu
2025-10-05 08:04:00,10.89,123.9,6,2.2,019km S 26° W of City Of Bogo (Cebu),Cebu
2025-10-05 07:59:00,11.03,123.93,2,2.4,006km S 70° W of City Of Bogo (Cebu),Cebu
2025-10-05 07:52:00,10.98,124.15,35,1.3,020km S 69° E of City Of Bogo (Cebu),Cebu
2025-10-05 07:35:00,11.16,123.93,6,2.8,014km N 25° W of City Of Bogo (Cebu),Cebu
2025-10-05 07:34:00,15.67,121.12,33,1.8,004km S 32° E of Rizal (Nueva Ecija),Nueva Ecija
2025-10-05 07:27:00,11.09,124.08,33,1.8,012km N 67° E of City Of Bogo (Cebu),Cebu
2025-10-05 07:07:00,11.13,123.95,6,1.9,010km N 20° W of City Of Bogo (Cebu),Cebu
2025-10-05 07:02:00,11.06,124.07,33,1.5,010km N 84° E of City Of Bogo (Cebu),Cebu
2025-10-05 06:56:00,11.15,124.13,8,1.9,020km N 57° E of City Of Bogo (Cebu),Cebu
2025-10-05 06:49:00,9.82,126.19,30,1.5,006km N 42° E of General Luna (Surigao Del Norte),Surigao Del Norte
2025-10-05 06:47:00,11.17,123.97,30,1.4,014km N 04° W of City Of Bogo (Cebu),Cebu
2025-10-05 06:45:00,11.16,124.19,5,2.6,026km N 61° E of City Of Bogo (Cebu),Cebu
2025-10-05 06:35:00,10.91,123.9,13,2.8,017km S 30° W of City Of Bogo (Cebu),Cebu
2025-10-05 06:34:00,10.87,123.93,1,2.0,021km S 17° W of City Of Bogo (Cebu),Cebu
2025-10-05 06:27:00,10.9,123.84,8,2.8,022km S 44° W of City Of Bogo (Cebu),Cebu
2025-10-05 06:26:00,10.89,123.87,5,2.0,021km S 35° W of City Of Bogo (Cebu),Cebu
2025-10-05 06:23:00,10.87,123.86,4,2.3,024km S 33° W of City Of Bogo (Cebu),Cebu
2025-10-05 06:11:00,6.97,125.72,42,3.0,012km S 02° E of Island Garden City Of Samal (Davao Del Norte),Davao Del Norte
2025-10-05 06:09:00,11.14,124.16,33,2.2,022km N 61° E of City Of Bogo (Cebu),Cebu
2025-10-05 05:58:00,11.18,124.14,34,1.7,023km N 51° E of City Of Bogo (Cebu),Cebu
2025-10-05 05:55:00,11.17,124.05,7,2.4,016km N 30° E of City Of Bogo (Cebu),Cebu
2025-10-05 05:49:00,11.09,123.85,31,1.9,015km N 72° W of City Of Bogo (Cebu),Cebu
2025-10-05 05:46:00,11.08,123.97,16,2.4,004km N 18° W of City Of Bogo (Cebu),Cebu
2025-10-05 05:44:00,11.08,124.08,13,1.8,011km N 70° E of City Of Bogo (Cebu),Cebu
2025-10-05 05:39:00,9.5,122.39,28,3.1,014km S 37° W of Hinoba-an (Negros Occidental),Negros Occidental
2025-10-05 05:32:00,11.1,124.1,31,2.7,014km N 64° E of City Of Bogo (Cebu),Cebu
2025-10-05 05:30:00,11.15,123.93,7,2.6,013km N 25° W of City Of Bogo (Cebu),Cebu
2025-10-05 05:24:00,11.1,124.08,12,2.5,013km N 60° E of City Of Bogo (Cebu),Cebu
2025-10-05 05:19:00,10.89,123.9,5,3.3,019km S 27° W of City Of Bogo (Cebu),Cebu
2025-10-05 05:17:00,11.04,123.94,5,3.4,004km S 74° W of City Of Bogo (Cebu),Cebu
2025-10-05 05:05:00,15.35,121.38,10,1.7,004km S 16° W of Dingalan (Aurora),Aurora
2025-10-05 04:59:00,10.91,123.98,8,2.4,015km S 02° W of City Of Bogo (Cebu),Cebu
2025-10-05 04:52:00,11.16,123.98,31,1.4,013km N 01° E of City Of Bogo (Cebu),Cebu
2025-10-05 04:50:00,11.06,124.1,6,3.0,013km N 86° E of City Of Bogo (Cebu),Cebu
2025-10-05 04:42:00,11.05,124.12,32,1.5,015km N 87° E of City Of Bogo (Cebu),Cebu
2025-10-05 04:20:00,11.0,124.02,28,2.1,007km S 37° E of City Of Bogo (Cebu),Cebu
2025-10-05 04:18:00,11.12,124.01,8,2.3,009km N 23° E of City Of Bogo (Cebu),Cebu
2025-10-05 04:12:00,10.9,124.01,26,2.4,017km S 13° E of City Of Bogo (Cebu),Cebu
2025-10-05 04:07:00,9.0,126.5,25,1.9,024km N 83° E of Bayabas (Surigao Del Sur),Surigao Del Sur
2025-10-05 04:07:00,11.05,124.13,26,1.4,017km N 87° E of City Of Bogo (Cebu),Cebu
2025-10-05 04:06:00,14.53,123.14,25,2.0,021km N 75° E of Tinaga Island (Vinzons) (Camarines Norte),Camarines Norte
2025-10-05 03:59:00,10.94,123.92,6,2.1,013km S 31° W of City Of Bogo (Cebu),Cebu
2025-10-05 03:54:00,10.99,123.91,33,2.1,010km S 48° W of City Of Bogo (Cebu),Cebu
2025-10-05 03:52:00,11.11,124.09,6,2.1,014km N 59° E of City Of Bogo (Cebu),Cebu
2025-10-05 03:50:00,10.91,123.91,1,3.8,017km S 25° W of City Of Bogo (Cebu),Cebu
2025-10-05 03:48:00,11.16,123.91,2,3.4,014km N 33° W of City Of Bogo (Cebu),Cebu
2025-10-05 03:37:00,16.35,120.64,7,1.7,004km S 77° W of Itogon (Benguet),Benguet
2025-10-05 03:32:00,10.96,124.08,15,2.3,015km S 47° E of City Of Bogo (Cebu),Cebu
2025-10-05 03:29:00,10.87,124.11,26,2.2,025km S 36° E of City Of Bogo (Cebu),Cebu
2025-10-05 03:28:00,11.12,124.04,13,1.8,010km N 40° E of City Of Bogo (Cebu),Cebu
2025-10-05 03:15:00,10.99,124.06,33,2.3,011km S 54° E of City Of Bogo (Cebu),Cebu
2025-10-05 03:09:00,10.93,123.98,7,4.0,013km South of City Of Bogo (Cebu),Cebu
2025-10-05 03:03:00,11.03,124.01,4,2.3,004km S 58° E of City Of Bogo (Cebu),Cebu
2025-10-05 03:01:00,11.12,124.12,2,1.7,017km N 63° E of City Of Bogo (Cebu),Cebu
2025-10-05 02:55:00,10.91,123.95,6,3.3,016km S 12° W of City Of Bogo (Cebu),Cebu
2025-10-05 02:51:00,11.06,123.97,9,2.1,002km N 47° W of City Of Bogo (Cebu),Cebu
2025-10-05 02:44:00,11.19,124.18,7,1.6,027km N 55° E of City Of Bogo (Cebu),Cebu
2025-10-05 02:31:00,11.07,123.94,26,1.6,005km N 64° W of City Of Bogo (Cebu),Cebu
2025-10-05 02:29:00,11.14,124.17,7,3.8,024km N 63° E of City Of Bogo (Cebu),Cebu
2025-10-05 02:22:00,11.07,124.04,24,1.6,007km N 68° E of City Of Bogo (Cebu),Cebu
2025-10-05 02:10:00,8.01,126.78,12,2.5,041km S 85° E of Lingig (Surigao Del Sur),Surigao Del Sur
2025-10-05 02:01:00,9.37,125.54,4,4.2,004km N 38° E of Jabonga (Agusan Del Norte),Agusan Del Norte
2025-10-05 01:58:00,11.18,123.95,24,2.1,015km N 13° W of City Of Bogo (Cebu),Cebu
2025-10-05 01:57:00,10.94,123.97,10,2.7,012km S 07° W of City Of Bogo (Cebu),Cebu
2025-10-05 01:51:00,11.15,124.19,6,2.1,025km N 62° E of City Of Bogo (Cebu),Cebu
2025-10-05 01:43:00,11.02,124.05,5,2.1,008km S 66° E of City Of Bogo (Cebu),Cebu
2025-10-05 01:37:00,10.94,123.93,5,1.8,013km S 27° W of City Of Bogo (Cebu),Cebu
2025-10-05 01:35:00,11.12,124.06,8,2.0,012km N 46° E of City Of Bogo (Cebu),Cebu
2025-10-05 01:25:00,11.09,124.04,24,1.5,009km N 51° E of City Of Bogo (Cebu),Cebu
2025-10-05 01:24:00,11.14,124.15,10,1.6,021km N 61° E of City Of Bogo (Cebu),Cebu
2025-10-05 01:17:00,11.11,124.05,20,1.5,011km N 46° E of City Of Bogo (Cebu),Cebu
2025-10-05 01:16:00,11.08,123.97,26,2.0,004km N 11° W of City Of Bogo (Cebu),Cebu
2025-10-05 01:14:00,10.97,123.88,1,2.3,014km S 53° W of City Of Bogo (Cebu),Cebu
2025-10-05 01:11:00,11.17,124.08,9,1.8,017km N 38° E of City Of Bogo (Cebu),Cebu
2025-10-05 01:10:00,10.94,123.85,6,3.1,018km S 51° W of City Of Bogo (Cebu),Cebu
2025-10-05 01:05:00,11.12,124.01,22,1.5,009km N 20° E of City Of Bogo (Cebu),Cebu
2025-10-05 00:59:00,11.15,124.12,6,1.9,019km N 55° E of City Of Bogo (Cebu),Cebu
2025-10-05 00:51:00,11.15,124.04,24,1.9,013km N 32° E of City Of Bogo (Cebu),Cebu
2025-10-05 00:47:00,11.07,124.08,8,2.5,011km N 76° E of City Of Bogo (Cebu),Cebu
2025-10-05 00:44:00,10.9,123.93,2,3.3,018km S 18° W of City Of Bogo (Cebu),Cebu
2025-10-05 00:43:00,11.13,123.96,5,1.5,010km N 15° W of City Of Bogo (Cebu),Cebu
2025-10-05 00:37:00,10.91,124.03,26,2.4,016km S 19° E of City Of Bogo (Cebu),Cebu
2025-10-05 00:33:00,11.02,124.06,5,2.0,010km S 71° E of City Of Bogo (Cebu),Cebu
2025-10-05 00:31:00,11.01,123.9,23,2.1,010km S 64° W of City Of Bogo (Cebu),Cebu
2025-10-05 00:30:00,11.05,124.06,23,1.4,009km N 88° E of City Of Bogo (Cebu),Cebu
2025-10-05 00:26:00,11.03,123.96,7,2.2,003km S 43° W of City Of Bogo (Cebu),Cebu
2025-10-05 00:21:00,11.08,124.07,34,1.8,010km N 72° E of City Of Bogo (Cebu),Cebu
2025-10-05 00:14:00,11.15,123.95,9,3.7,012km N 14° W of City Of Bogo (Cebu),Cebu
2025-10-05 00:10:00,11.01,124.1,6,1.7,013km S 74° E of City Of Bogo (Cebu),Cebu
2025-10-05 00:09:00,11.03,124.11,6,2.4,015km S 84° E of City Of Bogo (Cebu),Cebu
2025-10-05 00:02:00,11.05,124.01,27,2.0,004km N 76° E of City Of Bogo (Cebu),Cebu
2025-10-04 23:55:00,10.97,124.06,25,1.8,012km S 48° E of City Of Bogo (Cebu),Cebu
2025-10-04 23:54:00,11.09,124.06,25,2.4,010km N 64° E of City Of Bogo (Cebu),Cebu
2025-10-04 23:52:00,9.29,122.65,39,2.2,013km S 04° E of Basay (Negros Oriental),Negros Oriental
2025-10-04 23:49:00,11.85,125.77,32,2.0,034km N 84° E of Sulat (Eastern Samar),Eastern Samar
2025-10-04 23:48:00,11.17,123.98,33,1.5,013km N 02° E of City Of Bogo (Cebu),Cebu
2025-10-04 23:47:00,11.16,123.99,32,1.3,012km N 04° E of City Of Bogo (Cebu),Cebu
2025-10-04 23:42:00,11.14,124.08,6,2.0,015km N 46° E of City Of Bogo (Cebu),Cebu
2025-10-04 23:36:00,11.12,124.1,8,1.8,015km N 59° E of City Of Bogo (Cebu),Cebu
2025-10-04 23:35:00,11.08,124.08,29,1.8,012km N 73° E of City Of Bogo (Cebu),Cebu
2025-10-04 23:30:00,10.88,123.91,7,1.7,020km S 24° W of City Of Bogo (Cebu),Cebu
2025-10-04 23:29:00,11.07,123.94,31,1.6,005km N 52° W of City Of Bogo (Cebu),Cebu
2025-10-04 23:27:00,11.09,124.27,24,1.5,033km N 82° E of City Of Bogo (Cebu),Cebu
2025-10-04 23:19:00,10.92,123.9,7,2.4,016km S 33° W of City Of Bogo (Cebu),Cebu
2025-10-04 23:17:00,10.93,123.95,11,2.5,013km S 13° W of City Of Bogo (Cebu),Cebu
2025-10-04 23:13:00,8.07,127.4,46,2.1,107km N 60° E of Baganga (Davao Oriental),Davao Oriental
2025-10-04 23:13:00,11.11,124.07,30,2.0,012km N 55° E of City Of Bogo (Cebu),Cebu
2025-10-04 23:03:00,11.14,123.96,9,2.3,011km N 10° W of City Of Bogo (Cebu),Cebu
2025-10-04 23:00:00,11.05,124.04,6,3.6,007km N 89° E of City Of Bogo (Cebu),Cebu
2025-10-04 22:56:00,11.08,123.87,27,1.8,012km N 72° W of City Of Bogo (Cebu),Cebu
2025-10-04 22:54:00,10.89,123.89,3,3.2,020km S 29° W of City Of Bogo (Cebu),Cebu
2025-10-04 22:52:00,10.89,123.88,7,2.0,020km S 33° W of City Of Bogo (Cebu),Cebu
2025-10-04 22:49:00,11.15,124.03,34,1.6,013km N 24° E of City Of Bogo (Cebu),Cebu
2025-10-04 22:46:00,11.06,124.06,8,2.3,009km N 78° E of City Of Bogo (Cebu),Cebu
2025-10-04 22:39:00,9.59,126.23,35,1.8,022km S 20° E of General Luna (Surigao Del Norte),Surigao Del Norte
2025-10-04 22:35:00,11.02,124.04,6,2.1,007km S 68° E of City Of Bogo (Cebu),Cebu
2025-10-04 22:29:00,10.97,123.93,8,2.3,010km S 30° W of City Of Bogo (Cebu),Cebu
2025-10-04 22:26:00,13.81,120.56,80,1.5,008km S 75° W of Calatagan (Batangas),Batangas
2025-10-04 22:17:00,10.95,123.96,7,3.2,011km S 10° W of City Of Bogo (Cebu),Cebu
2025-10-04 22:15:00,10.96,123.93,6,3.4,011km S 29° W of City Of Bogo (Cebu),Cebu
2025-10-04 22:11:00,11.15,124.03,32,1.8,013km N 27° E of City Of Bogo (Cebu),Cebu
2025-10-04 22:09:00,10.98,123.99,34,1.5,007km S 08° E of City Of Bogo (Cebu),Cebu
2025-10-04 22:03:00,11.33,125.42,35,2.0,016km N 54° W of General Macarthur (Eastern Samar),Eastern Samar
2025-10-04 21:46:00,10.99,123.99,28,2.2,007km S 13° E of City Of Bogo (Cebu),Cebu
2025-10-04 21:44:00,10.9,123.97,5,3.1,017km S 04° W of City Of Bogo (Cebu),Cebu
2025-10-04 21:40:00,11.02,124.05,33,2.1,009km S 72° E of City Of Bogo (Cebu),Cebu
2025-10-04 21:39:00,11.0,124.02,33,1.5,007km S 41° E of City Of Bogo (Cebu),Cebu
2025-10-04 21:38:00,11.02,124.01,36,2.0,004km S 52° E of City Of Bogo (Cebu),Cebu
2025-10-04 21:35:00,18.56,121.8,2,1.6,028km N 36° E of Aparri (Cagayan),Cagayan
2025-10-04 21:35:00,11.02,123.98,31,1.3,003km South of City Of Bogo (Cebu),Cebu
2025-10-04 21:28:00,11.08,124.11,16,1.7,015km N 75° E of City Of Bogo (Cebu),Cebu
2025-10-04 21:24:00,11.1,124.11,34,2.0,016km N 68° E of City Of Bogo (Cebu),Cebu
2025-10-04 21:22:00,11.17,123.98,24,1.3,013km N 01° W of City Of Bogo (Cebu),Cebu
2025-10-04 21:19:00,11.0,123.91,8,2.7,009km S 54° W of City Of Bogo (Cebu),Cebu
2025-10-04 21:06:00,11.1,124.1,7,2.8,014km N 66° E of City Of Bogo (Cebu),Cebu
2025-10-04 21:02:00,11.27,124.18,9,2.9,033km N 42° E of City Of Bogo (Cebu),Cebu
2025-10-04 20:57:00,18.59,121.04,11,2.4,005km S 60° W of Claveria (Cagayan),Cagayan
2025-10-04 20:54:00,11.15,124.13,5,2.1,020km N 55° E of City Of Bogo (Cebu),Cebu
2025-10-04 20:52:00,11.14,123.88,5,1.9,015km N 49° W of City Of Bogo (Cebu),Cebu
2025-10-04 20:50:00,11.17,123.96,18,1.7,013km N 07° W of City Of Bogo (Cebu),Cebu
2025-10-04 20:35:00,11.0,124.0,24,2.3,005km S 24° E of City Of Bogo (Cebu),Cebu
2025-10-04 20:33:00,11.17,124.03,20,1.4,015km N 23° E of City Of Bogo (Cebu),Cebu
2025-10-04 20:25:00,11.03,124.08,26,2.1,011km S 83° E of City Of Bogo (Cebu),Cebu
2025-10-04 20:20:00,11.0,124.0,5,2.5,006km S 25° E of City Of Bogo (Cebu),Cebu
2025-10-04 20:11:00,11.17,123.96,9,2.1,014km N 09° W of City Of Bogo (Cebu),Cebu
2025-10-04 20:06:00,10.98,124.03,30,1.6,009km S 35° E of City Of Bogo (Cebu),Cebu
2025-10-04 20:02:00,10.86,124.09,32,2.4,024km S 32° E of City Of Bogo (Cebu),Cebu
2025-10-04 19:52:00,11.18,123.88,2,2.9,018km N 36° W of City Of Bogo (Cebu),Cebu
2025-10-04 19:49:00,11.02,124.04,6,2.5,007km S 67° E of City Of Bogo (Cebu),Cebu
2025-10-04 19:46:00,11.12,123.98,9,1.6,008km N 02° E of City Of Bogo (Cebu),Cebu
2025-10-04 19:24:00,9.36,125.46,2,3.5,006km N 75° W of Jabonga (Agusan Del Norte),Agusan Del Norte
2025-10-04 19:29:00,10.88,123.91,9,3.5,020km S 22° W of City Of Bogo (Cebu),Cebu
2025-10-04 19:22:00,14.05,120.54,108,1.4,010km S 72° W of Nasugbu (Batangas),Batangas
2025-10-04 19:19:00,9.38,125.58,20,2.3,009km N 63° E of Jabonga (Agusan Del Norte),Agusan Del Norte
2025-10-04 19:16:00,11.07,123.91,1,2.2,008km N 69° W of City Of Bogo (Cebu),Cebu
2025-10-04 19:13:00,11.0,124.01,6,3.0,006km S 37° E of City Of Bogo (Cebu),Cebu
2025-10-04 19:05:00,10.9,123.96,7,3.2,016km S 06° W of City Of Bogo (Cebu),Cebu
2025-10-04 18:58:00,11.0,123.98,31,1.4,005km S 05° W of City Of Bogo (Cebu),Cebu
2025-10-04 18:57:00,11.07,124.04,33,1.4,007km N 70° E of City Of Bogo (Cebu),Cebu
2025-10-04 18:52:00,10.9,123.88,4,4.0,019km S 34° W of City Of Bogo (Cebu),Cebu
2025-10-04 18:43:00,10.91,123.89,1,2.0,018km S 34° W of City Of Bogo (Cebu),Cebu
2025-10-04 18:35:00,11.11,124.15,1,2.7,019km N 70° E of City Of Bogo (Cebu),Cebu
2025-10-04 18:28:00,10.99,124.02,10,2.7,008km S 34° E of City Of Bogo (Cebu),Cebu
2025-10-04 18:25:00,10.89,123.93,1,1.9,018km S 18° W of City Of Bogo (Cebu),Cebu
2025-10-04 18:21:00,10.92,123.85,6,2.7,020km S 46° W of City Of Bogo (Cebu),Cebu
2025-10-04 18:17:00,10.96,123.95,4,2.0,011km S 21° W of City Of Bogo (Cebu),Cebu
2025-10-04 18:11:00,11.05,124.06,6,1.5,009km N 85° E of City Of Bogo (Cebu),Cebu
2025-10-04 18:06:00,11.0,124.0,28,1.7,005km S 22° E of City Of Bogo (Cebu),Cebu
2025-10-04 18:03:00,10.91,123.98,12,1.8,015km S 02° E of City Of Bogo (Cebu),Cebu
2025-10-04 17:56:00,10.9,123.87,5,2.0,021km S 36° W of City Of Bogo (Cebu),Cebu
2025-10-04 17:50:00,10.88,123.87,11,4.1,022km S 34° W of City Of Bogo (Cebu),Cebu
2025-10-04 17:41:00,10.9,123.88,5,4.6,019km S 34° W of City Of Bogo (Cebu),Cebu
2025-10-04 17:37:00,10.93,123.98,22,1.7,013km S 01° E of City Of Bogo (Cebu),Cebu
2025-10-04 17:36:00,11.04,124.03,39,1.2,006km S 79° E of City Of Bogo (Cebu),Cebu
2025-10-04 17:34:00,10.9,123.89,5,2.9,018km S 30° W of City Of Bogo (Cebu),Cebu
2025-10-04 17:30:00,10.9,123.87,5,4.4,020km S 36° W of City Of Bogo (Cebu),Cebu
2025-10-04 17:30:00,13.55,120.29,10,1.7,020km S 13° E of Looc (Occidental Mindoro),Occidental Mindoro
2025-10-04 17:18:00,11.08,124.1,30,1.6,013km N 72° E of City Of Bogo (Cebu),Cebu
2025-10-04 17:13:00,10.94,123.81,6,2.3,022km S 57° W of City Of Bogo (Cebu),Cebu
2025-10-04 17:06:00,10.88,123.97,5,4.0,018km S 02° W of City Of Bogo (Cebu),Cebu
2025-10-04 16:58:00,10.93,123.9,5,2.5,016km S 34° W of City Of Bogo (Cebu),Cebu
2025-10-04 16:50:00,11.04,123.99,1,2.3,002km S 79° E of City Of Bogo (Cebu),Cebu
2025-10-04 16:46:00,8.14,127.41,24,2.9,111km N 84° E of Lingig (Surigao Del Sur),Surigao Del Sur
2025-10-04 16:40:00,11.05,124.03,31,2.4,005km N 80° E of City Of Bogo (Cebu),Cebu
2025-10-04 16:36:00,11.15,124.12,3,1.8,019km N 54° E of City Of Bogo (Cebu),Cebu
2025-10-04 16:05:00,11.15,124.15,33,1.7,021km N 58° E of City Of Bogo (Cebu),Cebu
2025-10-04 15:56:00,9.75,123.84,30,2.6,001km N 20° W of Maribojoc (Bohol),Bohol
2025-10-04 15:52:00,10.95,124.06,33,1.7,013km S 40° E of City Of Bogo (Cebu),Cebu
2025-10-04 15:47:00,11.11,124.26,21,2.3,032km N 78° E of City Of Bogo (Cebu),Cebu
2025-10-04 15:34:00,10.99,123.91,5,2.8,009km S 51° W of City Of Bogo (Cebu),Cebu
2025-10-04 15:33:00,11.1,123.84,7,1.8,016km N 67° W of City Of Bogo (Cebu),Cebu
2025-10-04 15:30:00,11.1,124.13,33,2.9,017km N 71° E of City Of Bogo (Cebu),Cebu
2025-10-04 15:22:00,10.96,123.95,5,2.7,010km S 20° W of City Of Bogo (Cebu),Cebu
2025-10-04 15:17:00,10.87,123.91,5,2.4,021km S 21° W of City Of Bogo (Cebu),Cebu
2025-10-04 15:14:00,10.94,123.85,25,2.6,019km S 51° W of City Of Bogo (Cebu),Cebu
2025-10-04 15:08:00,11.08,124.18,28,2.1,023km N 82° E of City Of Bogo (Cebu),Cebu
2025-10-04 15:07:00,10.98,123.75,5,2.4,026km S 74° W of City Of Bogo (Cebu),Cebu
2025-10-04 15:05:00,7.78,126.65,35,1.5,021km S 88° E of Cateel (Davao Oriental),Davao Oriental
2025-10-04 14:59:00,11.03,124.04,5,2.3,007km S 79° E of City Of Bogo (Cebu),Cebu
2025-10-04 14:44:00,10.94,123.99,32,2.3,012km S 08° E of City Of Bogo (Cebu),Cebu
2025-10-04 14:41:00,15.14,122.35,17,2.1,045km N 19° E of Patnanungan (Quezon),Quezon
2025-10-04 14:25:00,18.73,121.54,90,3.8,023km S 55° E of Fuga Island (Aparri) (Cagayan),Cagayan
2025-10-04 14:24:00,11.03,124.04,2,1.7,007km S 78° E of City Of Bogo (Cebu),Cebu
2025-10-04 14:01:00,11.15,124.0,33,1.7,012km N 11° E of City Of Bogo (Cebu),Cebu
2025-10-04 13:53:00,7.72,126.72,16,3.4,024km N 48° E of Baganga (Davao Oriental),Davao Oriental
2025-10-04 13:41:00,11.15,124.07,33,1.6,016km N 41° E of City Of Bogo (Cebu),Cebu
2025-10-04 13:35:00,11.09,124.05,25,1.4,009km N 60° E of City Of Bogo (Cebu),Cebu
2025-10-04 13:28:00,11.17,123.97,15,1.6,014km N 04° W of City Of Bogo (Cebu),Cebu
2025-10-04 13:23:00,11.16,124.05,10,2.1,015km N 33° E of City Of Bogo (Cebu),Cebu
2025-10-04 13:14:00,11.12,124.01,16,1.9,009km N 23° E of City Of Bogo (Cebu),Cebu
2025-10-04 12:55:00,13.54,120.65,64,2.6,013km N 39° W of Abra De Ilog (Occidental Mindoro),Occidental Mindoro
2025-10-04 12:47:00,11.11,124.12,9,1.9,017km N 66° E of City Of Bogo (Cebu),Cebu
2025-10-04 12:38:00,10.93,124.09,27,2.3,017km S 43° E of City Of Bogo (Cebu),Cebu
2025-10-04 12:27:00,11.16,124.16,11,2.0,023km N 57° E of City Of Bogo (Cebu),Cebu
2025-10-04 12:26:00,11.15,124.15,34,1.8,022km N 58° E of City Of Bogo (Cebu),Cebu
2025-10-04 12:22:00,11.09,124.1,32,2.5,014km N 69° E of City Of Bogo (Cebu),Cebu
2025-10-04 12:19:00,11.05,123.96,32,1.4,003km N 78° W of City Of Bogo (Cebu),Cebu
2025-10-04 12:11:00,11.2,124.16,8,2.6,026km N 49° E of City Of Bogo (Cebu),Cebu
2025-10-04 12:05:00,11.28,124.2,23,1.6,035km N 43° E of City Of Bogo (Cebu),Cebu
2025-10-04 12:04:00,10.98,124.27,32,2.1,033km S 77° E of City Of Bogo (Cebu),Cebu
2025-10-04 12:03:00,10.9,124.06,30,1.9,019km S 27° E of City Of Bogo (Cebu),Cebu
2025-10-04 11:58:00,11.09,124.07,26,1.7,011km N 65° E of City Of Bogo (Cebu),Cebu
2025-10-04 11:56:00,10.91,123.94,5,2.2,016km S 18° W of City Of Bogo (Cebu),Cebu
2025-10-04 11:54:00,11.03,124.23,25,2.5,028km S 86° E of City Of Bogo (Cebu),Cebu
2025-10-04 11:49:00,10.82,123.94,17,1.7,025km S 09° W of City Of Bogo (Cebu),Cebu
2025-10-04 11:40:00,10.86,124.06,29,1.8,022km S 22° E of City Of Bogo (Cebu),Cebu
2025-10-04 11:24:00,11.01,124.04,32,1.3,008km S 56° E of City Of Bogo (Cebu),Cebu
2025-10-04 10:44:00,11.12,124.06,33,1.6,012km N 50° E of City Of Bogo (Cebu),Cebu
2025-10-04 10:39:00,11.06,124.08,32,2.3,011km N 80° E of City Of Bogo (Cebu),Cebu
2025-10-04 10:38:00,11.17,123.86,6,1.9,019km N 43° W of City Of Bogo (Cebu),Cebu
2025-10-04 10:36:00,10.84,124.17,33,2.0,030km S 42° E of City Of Bogo (Cebu),Cebu
2025-10-04 10:19:00,11.27,123.95,8,2.1,025km N 06° W of City Of Bogo (Cebu),Cebu
2025-10-04 10:12:00,11.21,123.91,5,2.9,019km N 25° W of City Of Bogo (Cebu),Cebu
2025-10-04 10:09:00,11.08,124.05,6,1.9,009km N 61° E of City Of Bogo (Cebu),Cebu
2025-10-04 10:04:00,11.04,124.08,27,1.9,011km S 83° E of City Of Bogo (Cebu),Cebu
2025-10-04 09:49:00,11.02,124.08,5,1.7,011km S 77° E of City Of Bogo (Cebu),Cebu
2025-10-04 09:46:00,20.13,121.27,33,2.7,067km S 70° W of Sabtang (Batanes),Batanes
2025-10-04 09:37:00,10.97,123.96,11,2.8,009km S 11° W of City Of Bogo (Cebu),Cebu
2025-10-04 09:35:00,11.05,123.96,5,2.1,002km N 87° W of City Of Bogo (Cebu),Cebu
2025-10-04 09:23:00,10.96,124.06,16,1.6,013km S 41° E of City Of Bogo (Cebu),Cebu
2025-10-04 09:09:00,11.03,123.97,5,2.9,002km S 59° W of City Of Bogo (Cebu),Cebu
2025-10-04 08:58:00,11.01,123.95,3,2.4,005km S 35° W of City Of Bogo (Cebu),Cebu
2025-10-04 08:48:00,11.01,124.21,28,1.8,026km S 83° E of City Of Bogo (Cebu),Cebu
2025-10-04 08:47:00,10.96,123.99,6,1.9,010km S 05° E of City Of Bogo (Cebu),Cebu
2025-10-04 08:39:00,11.05,123.95,18,2.4,003km N 75° W of City Of Bogo (Cebu),Cebu
2025-10-04 08:26:00,11.11,124.04,25,1.7,013km N 43° E of City Of Bogo (Cebu),Cebu
2025-10-04 08:06:00,11.11,124.09,12,2.4,014km N 61° E of City Of Bogo (Cebu),Cebu
2025-10-04 07:51:00,11.0,123.93,18,2.8,007km S 43° W of City Of Bogo (Cebu),Cebu
2025-10-04 07:42:00,10.21,126.67,21,4.9,069km N 72° E of Burgos (Surigao Del Norte),Surigao Del Norte
2025-10-04 07:33:00,11.3,124.16,23,2.5,035km N 35° E of City Of Bogo (Cebu),Cebu
2025-10-04 07:23:00,11.12,124.06,26,2.5,012km N 47° E of City Of Bogo (Cebu),Cebu
2025-10-04 07:12:00,11.14,124.17,5,3.2,024km N 74° E of City Of Bogo (Cebu),Cebu
2025-10-04 07:02:00,9.27,126.57,22,3.8,041km S 89° E of Cortes (Surigao Del Sur),Surigao Del Sur
2025-10-04 07:02:00,10.92,123.84,12,2.2,021km S 48° W of City Of Bogo (Cebu),Cebu
2025-10-04 06:54:00,11.02,123.99,23,2.5,004km S 23° E of City Of Bogo (Cebu),Cebu
2025-10-04 06:41:00,10.89,123.93,3,2.0,019km S 17° W of City Of Bogo (Cebu),Cebu
2025-10-04 06:39:00,10.96,123.94,30,2.2,010km S 26° W of City Of Bogo (Cebu),Cebu
2025-10-04 05:53:00,11.16,124.11,33,1.5,019km N 49° E of City Of Bogo (Cebu),Cebu
2025-10-04 05:46:00,10.92,123.89,5,2.1,018km S 34° W of City Of Bogo (Cebu),Cebu
2025-10-04 05:41:00,11.14,124.12,8,2.5,019km N 55° E of City Of Bogo (Cebu),Cebu
2025-10-04 05:34:00,11.08,124.03,8,1.8,007km N 55° E of City Of Bogo (Cebu),Cebu
2025-10-04 05:28:00,10.95,123.93,2,1.9,012km S 26° W of City Of Bogo (Cebu),Cebu
2025-10-04 05:24:00,11.17,124.2,8,2.2,028km N 61° E of City Of Bogo (Cebu),Cebu
2025-10-04 05:15:00,10.86,123.69,8,2.7,021km N 85° E of City Of Escalante (Negros Occidental),Negros Occidental
2025-10-04 04:42:00,11.08,123.89,29,2.3,010km N 69° W of City Of Bogo (Cebu),Cebu
2025-10-04 04:34:00,10.94,124.28,33,1.6,017km S 41° W of Palompon (Leyte),Leyte
2025-10-04 04:26:00,10.9,123.96,24,2.6,016km S 08° W of City Of Bogo (Cebu),Cebu
2025-10-04 04:11:00,11.1,124.2,25,2.1,024km N 76° E of City Of Bogo (Cebu),Cebu
2025-10-04 04:01:00,11.05,123.97,8,3.6,001km S 82° W of City Of Bogo (Cebu),Cebu
2025-10-04 04:00:00,8.76,126.4,30,2.0,012km S 68° E of Marihatag (Surigao Del Sur),Surigao Del Sur
2025-10-04 03:57:00,11.07,123.96,21,2.6,003km N 46° W of City Of Bogo (Cebu),Cebu
2025-10-04 03:52:00,11.1,124.01,12,2.3,007km N 49° E of City Of Bogo (Cebu),Cebu
2025-10-04 03:45:00,11.11,124.08,17,2.1,013km N 57° E of City Of Bogo (Cebu),Cebu
2025-10-04 03:35:00,10.97,123.95,7,3.1,009km S 19° W of City Of Bogo (Cebu),Cebu
2025-10-04 03:32:00,11.09,124.09,5,2.8,013km N 70° E of City Of Bogo (Cebu),Cebu
2025-10-04 03:26:00,11.19,124.06,10,1.9,018km N 31° E of City Of Bogo (Cebu),Cebu
2025-10-04 03:22:00,11.18,123.95,8,1.6,015km N 12° W of City Of Bogo (Cebu),Cebu
2025-10-04 03:18:00,11.13,124.1,32,1.7,017km N 54° E of City Of Bogo (Cebu),Cebu
2025-10-04 03:17:00,11.16,124.0,20,1.6,013km N 12° E of City Of Bogo (Cebu),Cebu
2025-10-04 03:06:00,11.17,124.07,32,1.9,017km N 35° E of City Of Bogo (Cebu),Cebu
2025-10-04 03:05:00,11.1,124.14,32,1.6,019km N 72° E of City Of Bogo (Cebu),Cebu
2025-10-04 03:02:00,11.01,123.95,3,2.0,006km S 39° W of City Of Bogo (Cebu),Cebu
2025-10-04 02:58:00,11.04,123.97,21,2.7,001km S 59° W of City Of Bogo (Cebu),Cebu
2025-10-04 02:47:00,10.9,123.95,6,3.7,017km S 09° W of City Of Bogo (Cebu),Cebu
2025-10-04 02:46:00,8.09,126.49,28,3.7,010km N 58° E of Lingig (Surigao Del Sur),Surigao Del Sur
2025-10-04 02:42:00,11.07,124.23,12,2.1,028km N 80° E of City Of Bogo (Cebu),Cebu
2025-10-04 02:32:00,11.15,124.03,20,1.5,012km N 24° E of City Of Bogo (Cebu),Cebu
2025-10-04 02:28:00,11.18,124.15,33,2.4,024km N 53° E of City Of Bogo (Cebu),Cebu
2025-10-04 02:25:00,11.01,123.92,22,2.3,008km S 58° W of City Of Bogo (Cebu),Cebu
2025-10-04 02:19:00,11.12,124.11,8,2.4,017km N 61° E of City Of Bogo (Cebu),Cebu
2025-10-04 02:17:00,11.0,123.96,6,2.7,006km S 21° W of City Of Bogo (Cebu),Cebu
2025-10-04 02:07:00,11.22,124.17,7,1.7,028km N 48° E of City Of Bogo (Cebu),Cebu
2025-10-04 02:06:00,11.07,123.97,4,2.2,003km N 14° W of City Of Bogo (Cebu),Cebu
2025-10-04 02:02:00,10.95,123.96,5,2.9,011km S 16° W of City Of Bogo (Cebu),Cebu
2025-10-04 01:51:00,11.14,124.06,6,3.2,014km N 40° E of City Of Bogo (Cebu),Cebu
2025-10-04 01:45:00,10.91,123.96,9,2.7,015km S 10° W of City Of Bogo (Cebu),Cebu
2025-10-04 01:43:00,5.78,127.34,107,2.9,171km S 55° E of Governor Generoso (Davao Oriental),Davao Oriental
2025-10-04 01:38:00,11.16,124.16,4,2.8,024km N 58° E of City Of Bogo (Cebu),Cebu
2025-10-04 01:36:00,11.11,124.14,4,2.7,019km N 65° E of City Of Bogo (Cebu),Cebu
2025-10-04 01:29:00,11.13,123.96,10,2.2,010km N 16° W of City Of Bogo (Cebu),Cebu
2025-10-04 01:24:00,10.91,123.97,10,3.5,015km S 3° W of City Of Bogo (Cebu),Cebu
2025-10-04 01:17:00,11.01,124.01,9,2.6,005km S 40° E of City Of Bogo (Cebu),Cebu
2025-10-04 01:15:00,10.95,123.99,4,2.9,010km S 04° E of City Of Bogo (Cebu),Cebu
2025-10-04 01:07:00,10.97,123.9,10,2.3,012km S 44° W of City Of Bogo (Cebu),Cebu
2025-10-04 01:06:00,11.07,124.12,34,2.4,016km N 79° E of City Of Bogo (Cebu),Cebu
2025-10-04 00:59:00,11.02,123.95,5,2.8,005km S 46° W of City Of Bogo (Cebu),Cebu
2025-10-04 00:47:00,10.92,123.97,5,2.5,018km S 31° E of City Of Bogo (Cebu),Cebu
2025-10-04 00:40:00,11.09,124.08,9,3.4,012km N 65° E of City Of Bogo (Cebu),Cebu
2025-10-04 00:32:00,11.23,123.92,4,2.5,021km N 18° W of City Of Bogo (Cebu),Cebu
2025-10-04 00:20:00,11.19,124.14,9,2.2,024km N 47° E of City Of Bogo (Cebu),Cebu
2025-10-04 00:14:00,18.76,121.05,13,1.9,017km N 11° W of Claveria (Cagayan),Cagayan
2025-10-04 00:10:00,11.17,124.11,20,2.1,020km N 46° E of City Of Bogo (Cebu),Cebu
2025-10-04 00:09:00,10.98,123.97,21,2.0,008km S 10° W of City Of Bogo (Cebu),Cebu
2025-10-04 00:06:00,15.34,120.33,133,3.1,022km S 43° W of San Jose (Tarlac),Tarlac
2025-10-04 00:03:00,11.15,124.04,31,1.5,013km N 30° E of City Of Bogo (Cebu),Cebu
2025-10-04 00:03:00,11.16,124.07,33,1.6,016km N 37° E of City Of Bogo (Cebu),Cebu
2025-10-04 00:01:00,11.21,123.87,2,2.8,021km N 33° W of City Of Bogo (Cebu),Cebu
2025-10-03 23:58:00,11.12,124.09,7,2.7,015km N 56° E of City Of Bogo (Cebu),Cebu
2025-10-03 23:52:00,13.67,120.6,102,2.6,018km S 12° W of Calatagan (Batangas),Batangas
2025-10-03 23:50:00,10.91,123.93,6,2.3,015km S 19° W of City Of Bogo (Cebu),Cebu
2025-10-03 23:46:00,11.01,123.85,15,2.3,015km S 74° W of City Of Bogo (Cebu),Cebu
2025-10-03 23:40:00,10.85,123.78,10,2.1,031km S 46° W of City Of Bogo (Cebu),Cebu
2025-10-03 23:37:00,11.1,124.07,7,2.8,011km N 58° E of City Of Bogo (Cebu),Cebu
2025-10-03 23:35:00,10.91,123.94,6,1.6,016km S 14° W of City Of Bogo (Cebu),Cebu
2025-10-03 23:34:00,10.88,123.93,5,2.0,019km S 17° W of City Of Bogo (Cebu),Cebu
2025-10-03 23:22:00,10.95,123.96,2,2.4,011km S 10° W of City Of Bogo (Cebu),Cebu
2025-10-03 23:20:00,11.18,124.26,11,2.1,034km N 64° E of City Of Bogo (Cebu),Cebu
2025-10-03 23:18:00,10.95,123.89,7,2.1,015km S 44° W of City Of Bogo (Cebu),Cebu
2025-10-03 23:14:00,11.41,123.91,11,2.2,040km N 10° W of City Of Bogo (Cebu),Cebu
2025-10-03 23:07:00,11.14,124.03,5,2.4,012km N 29° E of City Of Bogo (Cebu),Cebu
2025-10-03 22:51:00,11.17,123.94,10,2.3,015km N 18° W of City Of Bogo (Cebu),Cebu
2025-10-03 22:46:00,10.93,123.95,7,2.3,014km S 15° W of City Of Bogo (Cebu),Cebu
2025-10-03 22:41:00,10.92,123.94,6,3.0,017km S 11° W of City Of Bogo (Cebu),Cebu
2025-10-03 22:35:00,11.14,124.05,24,2.2,013km N 39° E of City Of Bogo (Cebu),Cebu
2025-10-03 22:29:00,10.9,124.01,19,2.4,016km S 10° E of City Of Bogo (Cebu),Cebu
2025-10-03 22:26:00,11.16,124.0,8,2.2,013km N 11° E of City Of Bogo (Cebu),Cebu
2025-10-03 22:22:00,11.12,123.95,3,3.7,008km N 20° W of City Of Bogo (Cebu),Cebu
2025-10-03 22:19:00,11.05,124.03,15,2.1,006km N 83° E of City Of Bogo (Cebu),Cebu
2025-10-03 22:17:00,10.99,123.96,7,2.7,006km S 18° W of City Of Bogo (Cebu),Cebu
2025-10-03 22:15:00,10.9,123.9,5,2.8,018km S 28° W of City Of Bogo (Cebu),Cebu
2025-10-03 22:09:00,11.1,124.21,5,2.8,026km N 78° E of City Of Bogo (Cebu),Cebu
2025-10-03 22:03:00,10.9,123.92,1,2.2,017km S 23° W of City Of Bogo (Cebu),Cebu
2025-10-03 21:58:00,11.15,124.05,29,1.5,014km N 35° E of City Of Bogo (Cebu),Cebu
2025-10-03 21:49:00,11.08,124.08,17,1.4,012km N 71° E of City Of Bogo (Cebu),Cebu
2025-10-03 21:44:00,11.03,124.04,1,2.0,007km S 74° E of City Of Bogo (Cebu),Cebu
2025-10-03 21:41:00,10.93,123.92,18,2.4,015km S 25° W of City Of Bogo (Cebu),Cebu
2025-10-03 21:39:00,11.02,123.87,6,2.4,012km S 77° W of City Of Bogo (Cebu),Cebu
2025-10-03 21:32:00,7.17,126.78,13,2.4,027km S 81° E of Manay (Davao Oriental),Davao Oriental
2025-10-03 21:25:00,11.06,124.12,31,2.4,015km N 83° E of City Of Bogo (Cebu),Cebu
2025-10-03 21:16:00,10.9,124.08,23,2.0,020km S 34° E of City Of Bogo (Cebu),Cebu
2025-10-03 21:09:00,11.03,124.05,5,1.5,008km S 79° E of City Of Bogo (Cebu),Cebu
2025-10-03 21:07:00,11.26,124.19,21,2.3,033km N 44° E of City Of Bogo (Cebu),Cebu
2025-10-03 21:00:00,10.89,123.86,4,1.7,022km S 36° W of City Of Bogo (Cebu),Cebu
2025-10-03 20:57:00,11.16,123.99,7,2.3,013km N 05° E of City Of Bogo (Cebu),Cebu
2025-10-03 20:53:00,11.09,124.08,4,1.6,012km N 65° E of City Of Bogo (Cebu),Cebu
2025-10-03 20:42:00,11.0,123.93,1,2.4,007km S 41° W of City Of Bogo (Cebu),Cebu
2025-10-03 20:37:00,11.28,124.14,11,2.4,032km N 34° E of City Of Bogo (Cebu),Cebu
2025-10-03 20:28:00,10.96,123.94,2,3.4,010km S 27° W of City Of Bogo (Cebu),Cebu
2025-10-03 20:19:00,11.23,123.91,6,3.2,021km N 20° W of City Of Bogo (Cebu),Cebu
2025-10-03 20:17:00,11.13,123.95,10,2.8,010km N 17° W of City Of Bogo (Cebu),Cebu
2025-10-03 20:15:00,10.89,123.98,7,2.3,017km S 01° E of City Of Bogo (Cebu),Cebu
2025-10-03 20:12:00,11.1,124.07,7,2.4,011km N 60° E of City Of Bogo (Cebu),Cebu
2025-10-03 19:56:00,11.16,123.97,14,1.7,013km N 03° W of City Of Bogo (Cebu),Cebu
2025-10-03 19:42:00,13.97,120.38,58,1.6,029km S 68° W of Nasugbu (Batangas),Batangas
2025-10-03 19:39:00,11.17,123.89,13,2.0,017km N 35° W of City Of Bogo (Cebu),Cebu
2025-10-03 19:29:00,11.02,123.87,7,2.6,013km S 77° W of City Of Bogo (Cebu),Cebu
2025-10-03 19:24:00,11.18,123.97,16,2.1,015km N 03° W of City Of Bogo (Cebu),Cebu
2025-10-03 19:22:00,11.15,124.14,7,2.6,021km N 58° E of City Of Bogo (Cebu),Cebu
2025-10-03 19:20:00,10.97,123.94,2,2.7,010km S 26° W of City Of Bogo (Cebu),Cebu
2025-10-03 19:17:00,11.09,124.06,3,3.8,010km N 60° E of City Of Bogo (Cebu),Cebu
2025-10-03 19:11:00,11.14,124.04,29,1.6,012km N 35° E of City Of Bogo (Cebu),Cebu
2025-10-03 19:10:00,10.96,124.01,22,1.6,010km S 19° E of City Of Bogo (Cebu),Cebu
2025-10-03 19:04:00,11.15,124.14,26,2.5,020km N 58° E of City Of Bogo (Cebu),Cebu
2025-10-03 19:03:00,11.07,124.06,2,1.5,009km N 75° E of City Of Bogo (Cebu),Cebu
2025-10-03 19:02:00,11.1,124.14,5,2.5,019km N 71° E of City Of Bogo (Cebu),Cebu
2025-10-03 18:55:00,11.14,124.04,28,2.3,012km N 36° E of City Of Bogo (Cebu),Cebu
2025-10-03 18:48:00,10.9,124.11,31,2.7,022km S 41° E of City Of Bogo (Cebu),Cebu
2025-10-03 18:33:00,11.09,124.05,4,2.8,009km N 57° E of City Of Bogo (Cebu),Cebu
2025-10-03 18:15:00,11.21,123.96,4,3.1,018km N 07° W of City Of Bogo (Cebu),Cebu
2025-10-03 18:12:00,11.15,124.13,13,2.9,020km N 54° E of City Of Bogo (Cebu),Cebu
2025-10-03 18:04:00,11.1,124.16,10,1.5,020km N 72° E of City Of Bogo (Cebu),Cebu
2025-10-03 17:56:00,11.34,124.16,5,1.9,015km N 55° E of City Of Bogo (Cebu),Cebu
2025-10-03 17:52:00,10.96,123.94,6,2.0,010km S 25° W of City Of Bogo (Cebu),Cebu
2025-10-03 17:45:00,10.89,124.11,5,2.0,022km S 39° E of City Of Bogo (Cebu),Cebu
2025-10-03 17:38:00,11.03,123.93,4,1.6,005km S 70° W of City Of Bogo (Cebu),Cebu
2025-10-03 17:33:00,11.12,124.11,15,1.8,016km N 59° E of City Of Bogo (Cebu),Cebu
2025-10-03 17:28:00,11.07,124.09,2,1.8,013km N 79° E of City Of Bogo (Cebu),Cebu
2025-10-03 17:21:00,11.16,124.14,29,2.2,021km N 55° E of City Of Bogo (Cebu),Cebu
2025-10-03 17:14:00,11.2,124.25,7,2.1,034km N 61° E of City Of Bogo (Cebu),Cebu
2025-10-03 17:07:00,11.06,124.03,8,2.7,005km N 72° E of City Of Bogo (Cebu),Cebu
2025-10-03 17:00:00,9.71,123.93,28,2.3,002km N 26° E of Corella (Bohol),Bohol
2025-10-03 16:50:00,11.13,124.1,7,2.3,016km N 54° E of City Of Bogo (Cebu),Cebu
2025-10-03 16:47:00,11.16,124.07,6,2.2,015km N 38° E of City Of Bogo (Cebu),Cebu
2025-10-03 16:44:00,11.07,124.14,35,1.8,018km N 81° E of City Of Bogo (Cebu),Cebu
2025-10-03 16:25:00,11.14,124.12,8,2.0,019km N 55° E of City Of Bogo (Cebu),Cebu
2025-10-03 16:24:00,10.91,123.92,6,2.1,017km S 23° W of City Of Bogo (Cebu),Cebu
2025-10-03 16:13:00,11.19,124.16,33,1.8,026km N 52° E of City Of Bogo (Cebu),Cebu
2025-10-03 16:04:00,11.07,124.0,32,1.6,003km N 49° E of City Of Bogo (Cebu),Cebu
2025-10-03 16:00:00,11.1,124.15,5,2.1,020km N 74° E of City Of Bogo (Cebu),Cebu
2025-10-03 15:36:00,11.1,124.04,27,1.9,008km N 46° E of City Of Bogo (Cebu),Cebu
2025-10-03 15:34:00,13.27,120.45,35,1.4,016km N 72° W of Mamburao (Occidental Mindoro),Occidental Mindoro
2025-10-03 15:33:00,11.13,124.07,27,1.7,014km N 49° E of City Of Bogo (Cebu),Cebu
2025-10-03 15:32:00,10.92,123.94,4,1.9,014km S 15° W of City Of Bogo (Cebu),Cebu
2025-10-03 15:30:00,11.13,124.05,27,1.7,012km N 41° E of City Of Bogo (Cebu),Cebu
2025-10-03 15:24:00,10.84,123.37,7,2.1,006km S 50° W of City Of Sagay (Negros Occidental),Negros Occidental
2025-10-03 15:19:00,11.07,124.12,12,1.4,016km N 81° E of City Of Bogo (Cebu),Cebu
2025-10-03 14:31:00,11.05,124.03,7,2.3,006km N 85° E of City Of Bogo (Cebu),Cebu
2025-10-03 14:20:00,11.16,124.0,6,2.3,013km N 10° E of City Of Bogo (Cebu),Cebu
2025-10-03 14:11:00,10.93,123.92,26,1.6,014km S 28° W of City Of Bogo (Cebu),Cebu
2025-10-03 14:09:00,11.1,124.11,6,2.0,015km N 69° E of City Of Bogo (Cebu),Cebu
2025-10-03 14:07:00,10.9,123.8,7,2.1,025km S 49° W of City Of Bogo (Cebu),Cebu
2025-10-03 14:05:00,11.02,123.99,19,1.4,004km S 23° E of City Of Bogo (Cebu),Cebu
2025-10-03 14:01:00,11.1,123.93,6,1.9,008km N 40° W of City Of Bogo (Cebu),Cebu
2025-10-03 13:43:00,10.99,123.97,26,2.2,007km S 10° W of City Of Bogo (Cebu),Cebu
2025-10-03 13:25:00,10.91,123.9,6,1.5,017km S 30° W of City Of Bogo (Cebu),Cebu
2025-10-03 13:19:00,11.17,124.17,9,2.0,026km N 56° E of City Of Bogo (Cebu),Cebu
2025-10-03 13:15:00,11.1,124.1,5,2.5,015km N 66° E of City Of Bogo (Cebu),Cebu
2025-10-03 13:06:00,10.97,123.99,9,2.5,008km S 11° E of City Of Bogo (Cebu),Cebu
2025-10-03 12:57:00,11.2,124.12,8,2.2,023km N 41° E of City Of Bogo (Cebu),Cebu
2025-10-03 12:55:00,18.54,120.82,21,2.0,003km N 34° E of Dumalneg (Ilocos Norte),Ilocos Norte
2025-10-03 12:41:00,10.75,123.95,18,2.1,006km N 84° W of Sogod (Cebu),Cebu
2025-10-03 12:30:00,11.15,123.95,6,1.4,012km N 13° W of City Of Bogo (Cebu),Cebu
2025-10-03 12:28:00,11.18,123.96,10,1.9,015km N 07° W of City Of Bogo (Cebu),Cebu
2025-10-03 12:21:00,11.16,124.11,24,1.8,020km N 49° E of City Of Bogo (Cebu),Cebu
2025-10-03 12:18:00,11.12,124.14,8,2.0,019km N 64° E of City Of Bogo (Cebu),Cebu
2025-10-03 12:13:00,10.98,123.94,6,3.0,009km S 27° W of City Of Bogo (Cebu),Cebu
2025-10-03 12:13:00,11.09,123.94,4,1.3,007km N 44° W of City Of Bogo (Cebu),Cebu
2025-10-03 12:11:00,10.99,123.96,7,2.0,007km S 16° W of City Of Bogo (Cebu),Cebu
2025-10-03 12:07:00,10.99,123.98,7,2.7,006km S 04° E of City Of Bogo (Cebu),Cebu
2025-10-03 12:04:00,9.31,126.37,25,2.2,020km N 78° E of Cortes (Surigao Del Sur),Surigao Del Sur
2025-10-03 12:01:00,11.17,124.03,7,2.1,014km N 21° E of City Of Bogo (Cebu),Cebu
2025-10-03 11:56:00,11.11,124.04,20,1.7,010km N 45° E of City Of Bogo (Cebu),Cebu
2025-10-03 11:50:00,10.9,123.93,2,2.3,017km S 18° W of City Of Bogo (Cebu),Cebu
2025-10-03 11:42:00,11.1,124.06,30,2.1,011km N 58° E of City Of Bogo (Cebu),Cebu
2025-10-03 11:39:00,10.94,123.96,5,1.6,007km N 87° W of Tabogon (Cebu),Cebu
2025-10-03 11:29:00,11.0,123.92,7,1.7,008km S 53° W of City Of Bogo (Cebu),Cebu
2025-10-03 11:26:00,11.14,124.04,32,1.8,012km N 36° E of City Of Bogo (Cebu),Cebu
2025-10-03 11:19:00,11.01,123.99,30,2.2,005km S 19° E of City Of Bogo (Cebu),Cebu
2025-10-03 11:16:00,10.99,124.05,31,2.2,010km S 49° E of City Of Bogo (Cebu),Cebu
2025-10-03 11:08:00,11.1,124.09,8,2.5,014km N 66° E of City Of Bogo (Cebu),Cebu
2025-10-03 11:00:00,11.14,124.18,7,1.9,024km N 64° E of City Of Bogo (Cebu),Cebu
2025-10-03 10:57:00,11.04,124.1,8,2.3,013km S 87° E of City Of Bogo (Cebu),Cebu
2025-10-03 10:54:00,11.14,123.99,11,2.0,010km N 04° E of City Of Bogo (Cebu),Cebu
2025-10-03 10:50:00,10.98,123.98,7,1.9,007km S 02° W of City Of Bogo (Cebu),Cebu
2025-10-03 10:47:00,11.05,124.01,33,1.8,004km N 85° E of City Of Bogo (Cebu),Cebu
2025-10-03 10:38:00,11.0,124.08,8,1.9,012km S 63° E of City Of Bogo (Cebu),Cebu
2025-10-03 10:37:00,11.13,124.11,6,2.2,017km N 59° E of City Of Bogo (Cebu),Cebu
2025-10-03 10:34:00,11.1,124.02,17,2.1,008km N 38° E of City Of Bogo (Cebu),Cebu
2025-10-03 10:09:00,9.6,125.55,16,2.6,006km N 24° W of Tubod (Surigao Del Norte),Surigao Del Norte
2025-10-03 09:57:00,11.06,124.07,17,1.8,010km N 84° E of City Of Bogo (Cebu),Cebu
2025-10-03 09:37:00,11.08,123.95,33,2.0,005km N 36° W of City Of Bogo (Cebu),Cebu
2025-10-03 09:34:00,11.14,123.98,33,1.7,010km N 02° E of City Of Bogo (Cebu),Cebu
2025-10-03 09:23:00,11.05,124.12,33,1.8,016km N 87° E of City Of Bogo (Cebu),Cebu
2025-10-03 09:17:00,10.97,124.19,26,1.9,024km S 70° E of City Of Bogo (Cebu),Cebu
2025-10-03 09:08:00,11.15,123.96,10,1.8,011km N 09° W of City Of Bogo (Cebu),Cebu
2025-10-03 08:48:00,10.91,123.93,1,2.2,016km S 21° W of City Of Bogo (Cebu),Cebu
2025-10-03 08:30:00,11.13,124.05,22,1.4,012km N 40° E of City Of Bogo (Cebu),Cebu
2025-10-03 08:26:00,11.05,124.21,36,2.1,025km N 89° E of City Of Bogo (Cebu),Cebu
2025-10-03 08:22:00,11.24,124.02,32,2.0,022km N 12° E of City Of Bogo (Cebu),Cebu
2025-10-03 08:10:00,11.0,123.82,4,2.4,019km S 74° W of City Of Bogo (Cebu),Cebu
2025-10-03 07:46:00,11.17,124.25,7,2.5,032km N 65° E of City Of Bogo (Cebu),Cebu
2025-10-03 07:41:00,11.1,123.92,5,3.1,009km N 47° W of City Of Bogo (Cebu),Cebu
2025-10-03 07:39:00,10.91,123.94,5,2.8,015km S 14° W of City Of Bogo (Cebu),Cebu
2025-10-03 07:13:00,11.06,124.06,32,1.4,009km N 77° E of City Of Bogo (Cebu),Cebu
2025-10-03 06:56:00,7.93,122.57,32,1.6,005km N 62° E of Kalawit (Zamboanga Del Norte),Zamboanga Del Norte
2025-10-03 06:54:00,11.08,124.14,4,2.1,018km N 77° E of City Of Bogo (Cebu),Cebu
2025-10-03 06:39:00,11.13,124.18,23,1.5,024km N 68° E of City Of Bogo (Cebu),Cebu
2025-10-03 06:30:00,11.17,124.09,32,1.4,019km N 42° E of City Of Bogo (Cebu),Cebu
2025-10-03 06:27:00,11.14,124.1,5,3.1,017km N 52° E of City Of Bogo (Cebu),Cebu
2025-10-03 06:24:00,18.92,120.97,3,1.8,032km S 50° W of Dalupiri Island (Calayan) (Cagayan),Cagayan
2025-10-03 06:05:00,11.02,124.11,31,2.6,014km S 78° E of City Of Bogo (Cebu),Cebu
2025-10-03 06:04:00,11.1,123.94,5,2.3,007km N 41° W of City Of Bogo (Cebu),Cebu
2025-10-03 05:59:00,11.0,124.04,5,4.2,009km S 51° E of City Of Bogo (Cebu),Cebu
2025-10-03 05:59:00,11.09,124.04,5,1.8,008km N 56° E of City Of Bogo (Cebu),Cebu
2025-10-03 05:53:00,11.08,124.05,4,2.8,009km N 62° E of City Of Bogo (Cebu),Cebu
2025-10-03 05:52:00,11.09,124.04,18,1.3,008km N 49° E of City Of Bogo (Cebu),Cebu
2025-10-03 05:49:00,10.89,123.92,2,2.5,019km S 21° W of City Of Bogo (Cebu),Cebu
2025-10-03 05:46:00,11.13,124.13,11,1.5,019km N 62° E of City Of Bogo (Cebu),Cebu
2025-10-03 05:42:00,11.16,124.04,33,1.4,014km N 29° E of City Of Bogo (Cebu),Cebu
2025-10-03 05:39:00,11.11,124.14,10,5.1,019km N 68° E of City Of Bogo (Cebu),Cebu
2025-10-03 05:28:00,10.93,123.93,1,1.6,014km S 24° W of City Of Bogo (Cebu),Cebu
2025-10-03 05:23:00,11.13,124.16,7,3.7,022km N 66° E of City Of Bogo (Cebu),Cebu
2025-10-03 05:21:00,15.69,122.07,3,3.0,051km S 13° E of Dinalungan (Aurora),Aurora
2025-10-03 05:19:00,8.27,126.59,33,2.3,030km S 69° E of Hinatuan (Surigao Del Sur),Surigao Del Sur
2025-10-03 05:18:00,10.93,123.9,2,2.0,017km S 33° W of City Of Bogo (Cebu),Cebu
2025-10-03 05:15:00,11.05,124.0,3,1.8,003km N 76° E of City Of Bogo (Cebu),Cebu
2025-10-03 05:14:00,11.04,124.04,2,2.0,006km S 79° E of City Of Bogo (Cebu),Cebu
2025-10-03 05:11:00,11.15,124.12,5,2.6,019km N 55° E of City Of Bogo (Cebu),Cebu
2025-10-03 05:00:00,11.03,124.13,33,1.1,017km S 84° E of City Of Bogo (Cebu),Cebu
2025-10-03 04:54:00,10.76,124.04,1,2.0,033km S 11° E of City Of Bogo (Cebu),Cebu
2025-10-03 04:53:00,17.77,120.67,29,1.5,006km N 34° W of Lagayan (Abra),Abra
2025-10-03 04:50:00,11.11,124.2,22,2.7,025km N 73° E of City Of Bogo (Cebu),Cebu
2025-10-03 04:50:00,10.95,123.97,7,1.4,011km S 06° W of City Of Bogo (Cebu),Cebu
2025-10-03 04:49:00,11.11,124.04,22,1.5,010km N 43° E of City Of Bogo (Cebu),Cebu
2025-10-03 04:47:00,10.98,124.08,18,2.3,013km S 57° E of City Of Bogo (Cebu),Cebu
2025-10-03 04:36:00,10.93,123.83,1,1.6,021km S 52° W of City Of Bogo (Cebu),Cebu
2025-10-03 04:31:00,10.99,124.12,24,2.4,016km S 69° E of City Of Bogo (Cebu),Cebu
2025-10-03 04:29:00,11.09,124.14,34,1.8,018km N 76° E of City Of Bogo (Cebu),Cebu
2025-10-03 04:27:00,11.02,124.01,1,2.4,005km S 49° E of City Of Bogo (Cebu),Cebu
2025-10-03 04:24:00,11.02,123.76,9,2.1,024km S 83° W of City Of Bogo (Cebu),Cebu
2025-10-03 04:22:00,10.94,123.91,1,2.3,013km S 34° W of City Of Bogo (Cebu),Cebu
2025-10-03 04:20:00,10.97,124.0,26,1.4,009km S 15° E of City Of Bogo (Cebu),Cebu
2025-10-03 04:17:00,11.1,123.99,7,2.3,006km N 14° E of City Of Bogo (Cebu),Cebu
2025-10-03 04:16:00,11.15,123.98,27,1.5,012km N 01° W of City Of Bogo (Cebu),Cebu
2025-10-03 04:12:00,11.18,123.9,8,3.7,017km N 31° W of City Of Bogo (Cebu),Cebu
2025-10-03 04:10:00,11.13,123.92,28,2.8,011km N 39° W of City Of Bogo (Cebu),Cebu
2025-10-03 04:00:00,11.11,124.02,19,1.1,009km N 35° E of City Of Bogo (Cebu),Cebu
2025-10-03 03:57:00,11.11,124.07,24,1.4,012km N 57° E of City Of Bogo (Cebu),Cebu
2025-10-03 03:55:00,10.97,124.1,33,1.6,015km S 59° E of City Of Bogo (Cebu),Cebu
2025-10-03 03:50:00,11.18,124.06,6,2.5,017km N 32° E of City Of Bogo (Cebu),Cebu
2025-10-03 03:42:00,11.02,123.94,5,3.6,006km S 56° W of City Of Bogo (Cebu),Cebu
2025-10-03 03:39:00,11.3,124.17,15,1.9,035km N 38° E of City Of Bogo (Cebu),Cebu
2025-10-03 03:35:00,11.28,124.2,5,1.9,031km N 57° E of Medellin (Cebu),Cebu
2025-10-03 03:34:00,11.15,124.02,33,2.4,010km N 17° E of City Of Bogo (Cebu),Cebu
2025-10-03 03:31:00,15.74,121.97,13,3.1,044km S 87° E of Baler (Aurora),Aurora
2025-10-03 03:29:00,10.98,123.99,31,1.6,007km S 13° E of City Of Bogo (Cebu),Cebu
2025-10-03 03:18:00,11.13,124.09,33,1.3,015km N 54° E of City Of Bogo (Cebu),Cebu
2025-10-03 03:17:00,11.16,123.95,8,1.2,013km N 14° W of City Of Bogo (Cebu),Cebu
2025-10-03 03:16:00,11.03,123.94,5,2.8,005km S 72° W of City Of Bogo (Cebu),Cebu
2025-10-03 03:14:00,11.09,124.09,9,1.9,013km N 70° E of City Of Bogo (Cebu),Cebu
2025-10-03 03:12:00,11.24,124.18,12,2.6,031km N 46° E of City Of Bogo (Cebu),Cebu
2025-10-03 03:06:00,11.01,124.0,5,2.4,005km S 26° E of City Of Bogo (Cebu),Cebu
2025-10-03 03:06:00,11.15,124.14,4,1.8,023km N 63° E of City Of Bogo (Cebu),Cebu
2025-10-03 03:01:00,11.13,124.21,34,1.5,027km N 69° E of City Of Bogo (Cebu),Cebu
2025-10-03 02:52:00,11.12,124.2,1,2.0,025km N 70° E of City Of Bogo (Cebu),Cebu
2025-10-03 02:49:00,11.05,124.04,19,1.7,006km N 85° E of City Of Bogo (Cebu),Cebu
2025-10-03 02:48:00,10.96,123.94,1,1.7,010km S 22° W of City Of Bogo (Cebu),Cebu
2025-10-03 02:47:00,11.1,124.04,17,1.2,009km N 50° E of City Of Bogo (Cebu),Cebu
2025-10-03 02:46:00,10.98,123.96,5,2.4,008km S 16° W of City Of Bogo (Cebu),Cebu
2025-10-03 02:45:00,11.01,123.86,15,1.7,014km S 72° W of City Of Bogo (Cebu),Cebu
2025-10-03 02:38:00,6.88,126.07,29,2.1,006km N 16° W of San Isidro (Davao Oriental),Davao Oriental
2025-10-03 02:28:00,11.01,124.04,6,2.1,007km S 59° E of City Of Bogo (Cebu),Cebu
2025-10-03 02:26:00,11.06,124.09,17,2.2,012km N 85° E of City Of Bogo (Cebu),Cebu
2025-10-03 02:25:00,11.03,124.03,33,1.4,005km S 71° E of City Of Bogo (Cebu),Cebu
2025-10-03 02:24:00,11.04,124.0,31,1.8,002km S 64° E of City Of Bogo (Cebu),Cebu
2025-10-03 02:21:00,11.03,124.03,1,1.4,006km S 77° E of City Of Bogo (Cebu),Cebu
2025-10-03 02:06:00,10.91,123.94,5,2.4,016km S 14° W of City Of Bogo (Cebu),Cebu
2025-10-03 02:03:00,11.04,124.12,2,3.4,016km S 89° E of City Of Bogo (Cebu),Cebu
2025-10-03 02:00:00,11.06,124.15,11,2.0,019km N 86° E of City Of Bogo (Cebu),Cebu
2025-10-03 01:56:00,11.08,124.0,19,1.8,004km N 29° E of City Of Bogo (Cebu),Cebu
2025-10-03 01:54:00,13.24,122.14,1,1.6,012km S 32° E of Torrijos (Marinduque),Marinduque
2025-10-03 01:54:00,11.13,124.01,25,1.2,009km N 19° E of City Of Bogo (Cebu),Cebu
2025-10-03 01:47:00,10.96,123.76,5,3.8,026km S 68° W of City Of Bogo (Cebu),Cebu
2025-10-03 01:40:00,10.97,123.9,1,2.1,012km S 45° W of City Of Bogo (Cebu),Cebu
2025-10-03 01:42:00,11.16,124.11,33,1.7,020km N 49° E of City Of Bogo (Cebu),Cebu
2025-10-03 01:40:00,11.14,123.99,27,1.5,010km N 09° E of City Of Bogo (Cebu),Cebu
2025-10-03 01:38:00,11.15,123.98,7,1.7,012km N 01° W of City Of Bogo (Cebu),Cebu
2025-10-03 01:36:00,11.12,123.99,5,2.2,008km N 11° E of City Of Bogo (Cebu),Cebu
2025-10-03 01:24:00,11.22,123.97,9,2.5,020km N 02° W of City Of Bogo (Cebu),Cebu
2025-10-03 01:20:00,10.95,124.01,19,3.0,011km S 15° E of City Of Bogo (Cebu),Cebu
2025-10-03 01:13:00,10.89,123.94,1,1.8,017km S 13° W of City Of Bogo (Cebu),Cebu
2025-10-03 01:10:00,11.11,124.08,4,2.5,013km N 58° E of City Of Bogo (Cebu),Cebu
2025-10-03 01:09:00,11.02,123.87,29,1.7,012km S 76° W of City Of Bogo (Cebu),Cebu
2025-10-03 01:04:00,10.97,123.78,9,2.8,024km S 68° W of City Of Bogo (Cebu),Cebu
2025-10-03 01:00:00,10.87,124.08,12,2.2,023km S 28° E of City Of Bogo (Cebu),Cebu
2025-10-03 00:57:00,11.03,123.98,36,1.2,002km S 14° E of City Of Bogo (Cebu),Cebu
2025-10-03 00:54:00,11.34,124.19,5,2.1,034km N 47° E of Medellin (Cebu),Cebu
2025-10-03 00:52:00,11.07,124.08,33,1.4,012km N 76° E of City Of Bogo (Cebu),Cebu
2025-10-03 00:51:00,11.1,124.04,19,1.5,008km N 47° E of City Of Bogo (Cebu),Cebu
2025-10-03 00:48:00,10.96,123.92,4,3.4,012km S 33° W of City Of Bogo (Cebu),Cebu
2025-10-03 00:47:00,11.09,124.04,20,2.5,009km N 55° E of City Of Bogo (Cebu),Cebu
2025-10-03 00:41:00,10.94,123.91,5,2.6,014km S 31° W of City Of Bogo (Cebu),Cebu
2025-10-03 00:40:00,11.08,124.03,10,2.4,007km N 51° E of City Of Bogo (Cebu),Cebu
2025-10-03 00:38:00,11.06,124.05,4,2.3,007km N 85° E of City Of Bogo (Cebu),Cebu
2025-10-03 00:30:00,11.15,124.08,11,2.0,016km N 44° E of City Of Bogo (Cebu),Cebu
2025-10-03 00:21:00,11.16,124.19,4,2.1,025km N 62° E of City of Bogo (Cebu),Cebu
2025-10-03 00:20:00,11.29,124.05,12,1.8,028km N 15° E of City Of Bogo (Cebu),Cebu
2025-10-03 00:17:00,11.13,124.0,29,1.5,010km N 16° E of City Of Bogo (Cebu),Cebu
2025-10-03 00:16:00,10.94,123.92,1,2.0,013km S 28° W of City Of Bogo (Cebu),Cebu
2025-10-03 00:07:00,11.01,124.0,11,4.2,005km S 32° E of City Of Bogo (Cebu),Cebu
2025-10-03 00:05:00,11.19,124.12,31,1.5,022km N 44° E of City Of Bogo (Cebu),Cebu
2025-10-03 00:01:00,11.17,123.99,14,2.3,014km N 06° E of City Of Bogo (Cebu),Cebu
2025-10-02 23:56:00,10.93,123.96,5,3.3,013km S 07° W of City Of Bogo (Cebu),Cebu
2025-10-02 23:55:00,11.16,123.99,9,2.0,005km N 45° E of Medellin (Cebu),Cebu
2025-10-02 23:49:00,11.15,123.99,25,1.3,011km N 06° E of City Of Bogo (Cebu),Cebu
2025-10-02 23:47:00,11.12,124.01,23,1.4,009km N 20° E of City Of Bogo (Cebu),Cebu
2025-10-02 23:41:00,11.01,124.13,5,2.5,017km S 75° E of City Of Bogo (Cebu),Cebu
2025-10-02 23:40:00,10.93,123.93,5,2.0,013km S 23° W of City Of Bogo (Cebu),Cebu
2025-10-02 23:38:00,10.95,123.95,5,2.4,009km N 80° W of Tabogon (Cebu),Cebu
2025-10-02 23:37:00,11.09,124.05,19,1.8,009km N 58° E of City Of Bogo (Cebu),Cebu
2025-10-02 23:34:00,11.19,124.17,7,2.8,026km N 51° E of City Of Bogo (Cebu),Cebu
2025-10-02 23:31:00,10.9,123.94,5,2.9,018km S 15° W of City Of Bogo (Cebu),Cebu
2025-10-02 23:26:00,11.11,124.03,18,2.1,009km N 42° E of City Of Bogo (Cebu),Cebu
2025-10-02 23:22:00,11.15,123.99,17,1.3,011km N 03° E of City Of Bogo (Cebu),Cebu
2025-10-02 23:21:00,10.97,123.92,6,2.3,012km S 39° W of City Of Bogo (Cebu),Cebu
2025-10-02 23:17:00,11.13,124.11,25,1.7,017km N 57° E of City Of Bogo (Cebu),Cebu
2025-10-02 23:16:00,11.02,124.07,38,1.3,010km S 75° E of City Of Bogo (Cebu),Cebu
2025-10-02 23:14:00,11.14,124.18,8,2.6,024km N 65° E of City Of Bogo (Cebu),Cebu
2025-10-02 23:12:00,10.87,124.02,25,1.4,020km S 13° E of City Of Bogo (Cebu),Cebu
2025-10-02 23:06:00,11.33,124.19,11,1.9,034km N 48° E of Medellin (Cebu),Cebu
2025-10-02 23:03:00,16.12,122.1,14,2.4,016km S 83° E of Dinalungan (Aurora),Aurora
2025-10-02 23:01:00,11.24,124.22,4,1.5,034km N 51° E of City Of Bogo (Cebu),Cebu
2025-10-02 22:49:00,11.11,123.98,5,3.0,007km N 02° E of City Of Bogo (Cebu),Cebu
2025-10-02 22:48:00,11.24,124.1,32,2.8,024km N 31° E of City Of Bogo (Cebu),Cebu
2025-10-02 22:47:00,11.14,124.0,24,1.8,010km N 10° E of City Of Bogo (Cebu),Cebu
2025-10-02 22:46:00,11.11,124.09,32,1.2,014km N 59° E of City Of Bogo (Cebu),Cebu
2025-10-02 22:45:00,10.97,124.05,25,1.6,012km S 54° E of City Of Bogo (Cebu),Cebu
2025-10-02 22:44:00,11.05,123.83,26,1.6,016km N 88° W of City Of Bogo (Cebu),Cebu
2025-10-02 22:39:00,11.16,124.0,25,2.0,005km N 46° E of Medellin (Cebu),Cebu
2025-10-02 22:37:00,11.07,124.05,16,1.6,009km N 72° E of City Of Bogo (Cebu),Cebu
2025-10-02 22:33:00,10.93,123.98,8,2.4,013km S 01° W of City Of Bogo (Cebu),Cebu
2025-10-02 22:32:00,11.1,124.09,33,1.8,013km N 65° E of City Of Bogo (Cebu),Cebu
2025-10-02 22:27:00,11.05,124.04,2,3.2,007km N 85° E of City Of Bogo (Cebu),Cebu
2025-10-02 22:26:00,10.98,124.02,31,2.4,008km S 34° E of City Of Bogo (Cebu),Cebu
2025-10-02 22:24:00,11.15,123.98,21,1.5,012km N 03° E of City Of Bogo (Cebu),Cebu
2025-10-02 22:20:00,10.84,123.88,5,3.3,025km S 26° W of City Of Bogo (Cebu),Cebu
2025-10-02 22:11:00,11.09,124.11,7,1.5,010km S 68° E of City Of Bogo (Cebu),Cebu
2025-10-02 21:56:00,11.14,123.97,9,1.3,010km N 07° W of City Of Bogo (Cebu),Cebu
2025-10-02 21:55:00,11.24,124.18,5,2.1,031km N 47° E of City Of Bogo (Cebu),Cebu
2025-10-02 21:49:00,10.89,123.92,9,2.2,019km S 22° W of City Of Bogo (Cebu),Cebu
2025-10-02 21:44:00,11.13,124.0,26,1.8,009km N 17° E of City Of Bogo (Cebu),Cebu
2025-10-02 21:37:00,11.0,123.98,1,1.7,006km S 04° E of City Of Bogo (Cebu),Cebu
2025-10-02 21:31:00,10.86,123.93,5,2.5,021km S 15° W of City Of Bogo (Cebu),Cebu
2025-10-02 21:30:00,10.96,124.01,27,1.5,010km S 20° E of City Of Bogo (Cebu),Cebu
2025-10-02 21:26:00,10.77,124.02,21,2.1,031km S 08° E of City Of Bogo (Cebu),Cebu
2025-10-02 21:14:00,11.32,124.05,35,1.4,032km N 15° E of City Of Bogo (Cebu),Cebu
2025-10-02 20:59:00,11.1,124.09,3,1.9,014km N 64° E of City Of Bogo (Cebu),Cebu
2025-10-02 20:57:00,11.02,124.04,12,2.5,007km S 70° E of City Of Bogo (Cebu),Cebu
2025-10-02 20:51:00,11.04,124.0,6,2.8,002km S 79° E of City Of Bogo (Cebu),Cebu
2025-10-02 20:49:00,11.28,124.11,3,2.8,030km N 29° E of City Of Bogo (Cebu),Cebu
2025-10-02 20:45:00,11.11,123.94,5,2.9,008km N 35° W of City Of Bogo (Cebu),Cebu
2025-10-02 20:41:00,11.17,124.05,28,2.0,015km N 30° E of City Of Bogo (Cebu),Cebu
2025-10-02 20:40:00,11.07,124.08,33,1.8,011km N 77° E of City Of Bogo (Cebu),Cebu
2025-10-02 20:33:00,11.16,123.98,30,2.1,013km N 02° E of City Of Bogo (Cebu),Cebu
2025-10-02 20:27:00,10.98,124.04,1,2.2,005km N 10° E of Tabogon (Cebu),Cebu
2025-10-02 20:25:00,10.96,124.12,34,2.4,019km S 58° E of City Of Bogo (Cebu),Cebu
2025-10-02 20:23:00,10.87,123.9,1,1.8,021km S 24° W of City Of Bogo (Cebu),Cebu
2025-10-02 20:20:00,10.96,123.89,10,2.1,013km S 44° W of City Of Bogo (Cebu),Cebu
2025-10-02 20:18:00,10.91,123.89,5,3.4,018km S 35° W of City Of Bogo (Cebu),Cebu
2025-10-02 20:15:00,11.14,124.11,27,2.0,018km N 53° E of City Of Bogo (Cebu),Cebu
2025-10-02 20:12:00,11.2,124.1,33,2.8,021km N 39° E of City Of Bogo (Cebu),Cebu
2025-10-02 20:11:00,11.08,124.02,29,2.7,006km N 49° E of City Of Bogo (Cebu),Cebu
2025-10-02 20:05:00,10.99,123.75,4,2.9,026km S 76° W of City Of Bogo (Cebu),Cebu
2025-10-02 20:05:00,10.98,123.79,18,2.0,022km S 70° W of City Of Bogo (Cebu),Cebu
2025-10-02 19:56:00,11.1,124.12,8,2.7,017km N 68° E of City Of Bogo (Cebu),Cebu
2025-10-02 19:55:00,10.92,123.88,1,2.5,018km S 39° W of City Of Bogo (Cebu),Cebu
2025-10-02 19:51:00,10.89,123.89,1,2.6,020km S 28° W of City Of Bogo (Cebu),Cebu
2025-10-02 19:47:00,13.69,120.62,122,1.8,016km S 07° W of Calatagan (Batangas),Batangas
2025-10-02 19:46:00,10.99,124.01,5,3.1,007km S 26° E of City Of Bogo (Cebu),Cebu
2025-10-02 19:26:00,10.1,126.21,16,2.2,017km N 58° E of Burgos (Surigao Del Norte),Surigao Del Norte
2025-10-02 19:19:00,11.1,124.04,19,2.0,009km N 49° E of City Of Bogo (Cebu),Cebu
2025-10-02 19:15:00,10.98,124.04,23,1.5,010km S 44° E of City Of Bogo (Cebu),Cebu
2025-10-02 19:12:00,11.12,124.05,18,1.3,011km N 46° E of City Of Bogo (Cebu),Cebu
2025-10-02 19:12:00,14.09,120.33,28,1.8,032km N 87° W of Nasugbu (Batangas),Batangas
2025-10-02 19:09:00,11.13,124.13,6,2.3,019km N 61° E of City of Bogo (Cebu),Cebu
2025-10-02 19:06:00,11.14,124.26,4,2.1,033km N 72° E of City Of Bogo (Cebu),Cebu
2025-10-02 18:59:00,11.17,124.18,9,1.8,026km N 58° E of City Of Bogo (Cebu),Cebu
2025-10-02 18:50:00,11.09,124.07,9,1.6,011km N 62° E of City Of Bogo (Cebu),Cebu
2025-10-02 18:37:00,11.16,124.13,6,2.1,021km N 53° E of City Of Bogo (Cebu),Cebu
2025-10-02 18:34:00,11.18,123.98,30,1.7,014km N 01° E of City Of Bogo (Cebu),Cebu
2025-10-02 18:33:00,11.14,124.06,18,1.9,014km N 38° E of City Of Bogo (Cebu),Cebu
2025-10-02 18:31:00,11.05,124.1,35,1.5,013km N 89° E of City Of Bogo (Cebu),Cebu
2025-10-02 18:27:00,11.07,124.04,5,3.7,007km N 67° E of City Of Bogo (Cebu),Cebu
2025-10-02 18:23:00,11.09,124.05,20,1.2,009km N 55° E of City Of Bogo (Cebu),Cebu
2025-10-02 18:21:00,11.11,124.1,5,4.4,015km N 63° E of City Of Bogo (Cebu),Cebu
2025-10-02 18:21:00,11.06,124.04,12,1.5,007km N 79° E of City Of Bogo (Cebu),Cebu
2025-10-02 18:19:00,11.05,124.04,32,2.1,007km N 87° E of City Of Bogo (Cebu),Cebu
2025-10-02 18:14:00,11.16,123.96,26,1.5,013km N 07° W of City Of Bogo (Cebu),Cebu
2025-10-02 18:14:00,11.14,123.99,24,1.3,011km N 08° E of City Of Bogo (Cebu),Cebu
2025-10-02 18:13:00,13.9,120.48,70,1.9,018km N 68° W of Calatagan (Batangas),Batangas
2025-10-02 18:06:00,11.08,124.05,19,1.6,009km N 62° E of City Of Bogo (Cebu),Cebu
2025-10-02 18:02:00,11.07,123.97,33,1.5,003km N 17° W of City Of Bogo (Cebu),Cebu
2025-10-02 18:00:00,10.91,124.0,22,1.8,015km S 07° E of City Of Bogo (Cebu),Cebu
2025-10-02 17:58:00,11.1,124.13,5,2.4,017km N 69° E of City Of Bogo (Cebu),Cebu
2025-10-02 17:56:00,11.11,123.91,1,2.8,010km N 44° W of City Of Bogo (Cebu),Cebu
2025-10-02 17:44:00,11.23,124.22,6,2.2,033km N 52° E of City Of Bogo (Cebu),Cebu
2025-10-02 17:40:00,10.93,124.01,25,2.1,014km S 12° E of City Of Bogo (Cebu),Cebu
2025-10-02 17:19:00,10.93,123.95,5,2.3,013km S 16° W of City Of Bogo (Cebu),Cebu
2025-10-02 17:14:00,10.87,123.93,4,2.0,020km S 16° W of City Of Bogo (Cebu),Cebu
2025-10-02 17:03:00,11.18,124.04,28,2.3,017km N 24° E of City Of Bogo (Cebu),Cebu
2025-10-02 16:58:00,11.27,124.11,27,1.9,028km N 30° E of City Of Bogo (Cebu),Cebu
2025-10-02 16:56:00,11.18,124.17,5,3.1,025km N 56° E of City Of Bogo (Cebu),Cebu
2025-10-02 16:51:00,11.0,124.09,13,2.4,013km S 67° E of City Of Bogo (Cebu),Cebu
2025-10-02 16:50:00,11.13,124.15,8,1.9,021km N 64° E of City Of Bogo (Cebu),Cebu
2025-10-02 16:48:00,11.08,124.15,32,1.8,019km N 80° E of City Of Bogo (Cebu),Cebu
2025-10-02 16:48:00,11.12,124.06,21,1.4,012km N 50° E of City Of Bogo (Cebu),Cebu
2025-10-02 16:38:00,11.02,124.17,7,2.2,021km S 81° E of City Of Bogo (Cebu),Cebu
2025-10-02 16:36:00,11.02,124.04,12,2.7,007km S 67° E of City Of Bogo (Cebu),Cebu
2025-10-02 16:35:00,11.1,123.97,45,1.7,006km N 06° W of City Of Bogo (Cebu),Cebu
2025-10-02 16:31:00,11.16,124.08,28,2.2,017km N 42° E of City Of Bogo (Cebu),Cebu
2025-10-02 16:26:00,11.16,124.02,31,1.4,014km N 20° E of City Of Bogo (Cebu),Cebu
2025-10-02 16:21:00,10.9,123.94,7,2.2,017km S 15° W of City Of Bogo (Cebu),Cebu
2025-10-02 16:18:00,11.14,124.14,9,2.2,021km N 60° E of City Of Bogo (Cebu),Cebu
2025-10-02 16:17:00,11.09,123.96,7,2.5,005km N 23° W of City Of Bogo (Cebu),Cebu
2025-10-02 16:15:00,10.91,123.87,7,3.0,019km S 40° W of City Of Bogo (Cebu),Cebu
2025-10-02 16:06:00,20.0,121.22,14,3.9,077km S 62° W of Sabtang (Batanes),Batanes
2025-10-02 16:05:00,10.99,123.84,28,2.2,017km S 66° W of City Of Bogo (Cebu),Cebu
2025-10-02 16:00:00,10.98,123.93,33,1.5,009km S 38° W of City Of Bogo (Cebu),Cebu
2025-10-02 15:46:00,11.07,124.25,6,2.2,029km N 85° E of City Of Bogo (Cebu),Cebu
2025-10-02 15:39:00,11.12,124.01,20,1.9,009km N 21° E of City Of Bogo (Cebu),Cebu
2025-10-02 15:35:00,11.03,124.06,6,2.9,009km S 77° E of City Of Bogo (Cebu),Cebu
2025-10-02 15:26:00,11.01,123.98,32,2.1,004km S 03° E of City Of Bogo (Cebu),Cebu
2025-10-02 15:24:00,10.98,123.97,31,1.6,007km S 06° W of City Of Bogo (Cebu),Cebu
2025-10-02 15:22:00,11.24,124.12,9,1.9,026km N 36° E of City Of Bogo (Cebu),Cebu
2025-10-02 15:18:00,10.96,123.91,30,2.9,012km S 38° W of City Of Bogo (Cebu),Cebu
2025-10-02 15:16:00,11.14,124.1,29,1.4,017km N 53° E of City Of Bogo (Cebu),Cebu
2025-10-02 15:14:00,10.99,123.88,32,1.7,013km S 60° W of City Of Bogo (Cebu),Cebu
2025-10-02 15:09:00,10.85,123.93,6,2.9,022km S 13° W of City Of Bogo (Cebu),Cebu
2025-10-02 15:06:00,11.12,124.16,10,1.9,021km N 68° E of City Of Bogo (Cebu),Cebu
2025-10-02 15:05:00,11.37,124.09,21,2.2,038km N 18° E of City Of Bogo (Cebu),Cebu
2025-10-02 14:58:00,11.17,124.17,9,1.9,025km N 58° E of City Of Bogo (Cebu),Cebu
2025-10-02 14:55:00,11.08,123.99,23,2.6,004km N 15° E of City Of Bogo (Cebu),Cebu
2025-10-02 14:52:00,11.11,124.15,11,2.0,020km N 68° E of City Of Bogo (Cebu),Cebu
2025-10-02 14:51:00,11.0,123.93,1,2.6,008km S 49° W of City Of Bogo (Cebu),Cebu
2025-10-02 14:45:00,11.13,124.02,7,2.0,010km N 24° E of City Of Bogo (Cebu),Cebu
2025-10-02 14:39:00,13.94,120.55,80,1.3,015km N 39° W of Calatagan (Batangas),Batangas
2025-10-02 14:34:00,11.14,124.1,33,1.8,017km N 53° E of City Of Bogo (Cebu),Cebu
2025-10-02 14:30:00,11.16,124.1,19,2.1,018km N 45° E of City Of Bogo (Cebu),Cebu
2025-10-02 14:23:00,11.12,124.09,6,2.6,015km N 56° E of City Of Bogo (Cebu),Cebu
2025-10-02 14:14:00,11.01,124.27,16,2.0,032km S 83° E of City Of Bogo (Cebu),Cebu
2025-10-02 14:08:00,8.29,127.0,14,2.4,071km N 67° E of Lingig (Surigao Del Sur),Surigao Del Sur
2025-10-02 13:50:00,10.92,123.88,4,3.3,018km S 38° W of City Of Bogo (Cebu),Cebu
2025-10-02 13:48:00,10.88,123.9,6,1.8,021km S 24° W of City Of Bogo (Cebu),Cebu
2025-10-02 13:44:00,11.0,123.98,22,1.8,005km S 03° W of City Of Bogo (Cebu),Cebu
2025-10-02 13:40:00,10.81,123.94,24,1.8,027km S 10° W of City Of Bogo (Cebu),Cebu
2025-10-02 13:29:00,11.03,124.01,42,1.9,004km S 62° E of City Of Bogo (Cebu),Cebu
2025-10-02 13:26:00,11.0,124.06,18,2.3,010km S 58° E of City Of Bogo (Cebu),Cebu
2025-10-02 13:11:00,10.95,123.91,7,3.0,013km S 33° W of City Of Bogo (Cebu),Cebu
2025-10-02 13:04:00,11.22,124.17,7,1.6,029km N 48° E of City Of Bogo (Cebu),Cebu
2025-10-02 13:03:00,11.14,124.02,29,1.2,011km N 24° E of City Of Bogo (Cebu),Cebu
2025-10-02 12:58:00,11.08,123.94,6,3.5,005km N 49° W of City Of Bogo (Cebu),Cebu
2025-10-02 12:57:00,11.14,124.14,32,1.2,020km N 59° E of City Of Bogo (Cebu),Cebu
2025-10-02 12:54:00,10.95,123.98,8,3.2,010km South of City Of Bogo (Cebu),Cebu
2025-10-02 12:49:00,10.99,124.03,34,1.8,008km S 44° E of City Of Bogo (Cebu),Cebu
2025-10-02 12:43:00,10.96,123.92,9,3.7,011km S 34° W of City Of Bogo (Cebu),Cebu
2025-10-02 12:40:00,11.04,124.22,24,2.3,026km S 88° E of City Of Bogo (Cebu),Cebu
2025-10-02 12:35:00,11.01,124.09,23,3.1,013km S 70° E of City Of Bogo (Cebu),Cebu
2025-10-02 12:29:00,11.04,124.09,9,2.1,012km S 86° E of City Of Bogo (Cebu),Cebu
2025-10-02 12:28:00,11.18,124.13,11,2.1,022km N 47° E of City Of Bogo (Cebu),Cebu
2025-10-02 12:22:00,10.95,123.99,1,2.3,011km S 08° E of City Of Bogo (Cebu),Cebu
2025-10-02 12:19:00,10.95,123.84,18,2.4,019km S 54° W of City Of Bogo (Cebu),Cebu
2025-10-02 12:07:00,10.95,123.99,3,1.8,011km S 04° E of City Of Bogo (Cebu),Cebu
2025-10-02 12:01:00,10.99,123.99,4,2.9,006km S 08° E of City Of Bogo (Cebu),Cebu
2025-10-02 12:00:00,11.04,124.03,26,2.6,006km S 79° E of City Of Bogo (Cebu),Cebu
2025-10-02 11:58:00,18.72,121.0,3,2.3,015km N 34° W of Claveria (Cagayan),Cagayan
2025-10-02 11:50:00,10.92,123.95,4,3.4,015km S 16° W of City Of Bogo (Cebu),Cebu
2025-10-02 11:43:00,10.99,124.01,34,2.1,006km S 27° E of City Of Bogo (Cebu),Cebu
2025-10-02 11:34:00,11.08,124.04,24,1.3,008km N 61° E of City Of Bogo (Cebu),Cebu
2025-10-02 11:33:00,11.01,123.89,18,2.6,011km S 71° W of City Of Bogo (Cebu),Cebu
2025-10-02 11:25:00,11.0,123.99,29,1.7,006km S 08° E of City Of Bogo (Cebu),Cebu
2025-10-02 11:23:00,10.88,123.54,20,2.5,006km N 51° E of City Of Escalante (Negros Occidental),Negros Occidental
2025-10-02 11:20:00,11.19,124.2,2,1.3,029km N 57° E of City Of Bogo (Cebu),Cebu
2025-10-02 11:18:00,10.02,126.17,16,3.8,010km S 89° E of Burgos (Surigao Del Norte),Surigao Del Norte
2025-10-02 11:14:00,10.91,123.95,7,3.3,015km S 11° W of City Of Bogo (Cebu),Cebu
2025-10-02 11:11:00,11.08,124.12,31,2.1,015km N 77° E of City Of Bogo (Cebu),Cebu
2025-10-02 11:09:00,11.14,124.2,6,2.0,026km N 66° E of City Of Bogo (Cebu),Cebu
2025-10-02 11:08:00,10.98,124.05,26,2.4,011km S 43° E of City Of Bogo (Cebu),Cebu
2025-10-02 11:05:00,10.99,123.96,5,2.9,007km S 22° W of City Of Bogo (Cebu),Cebu
2025-10-02 11:01:00,11.17,124.12,21,2.6,021km N 48° E of City Of Bogo (Cebu),Cebu
2025-10-02 10:56:00,15.07,119.63,32,1.7,047km S 77° W of Cabangan (Zambales),Zambales
2025-10-02 10:54:00,11.02,124.24,24,2.1,028km S 85° E of City Of Bogo (Cebu),Cebu
2025-10-02 10:51:00,11.0,123.93,18,2.2,007km S 46° W of City Of Bogo (Cebu),Cebu
2025-10-02 10:48:00,11.09,124.16,28,1.7,020km N 76° E of City Of Bogo (Cebu),Cebu
2025-10-02 10:40:00,11.14,124.03,21,2.2,012km N 25° E of City Of Bogo (Cebu),Cebu
2025-10-02 10:37:00,11.07,124.29,26,1.8,035km N 86° E of City Of Bogo (Cebu),Cebu
2025-10-02 10:31:00,11.09,123.99,33,1.9,005km N 17° E of City Of Bogo (Cebu),Cebu
2025-10-02 10:18:00,11.19,124.05,31,2.4,017km N 24° E of City Of Bogo (Cebu),Cebu
2025-10-02 10:25:00,11.14,123.97,10,2.3,010km N 06° W of City Of Bogo (Cebu),Cebu
2025-10-02 10:20:00,10.98,123.91,10,2.7,011km S 45° W of City Of Bogo (Cebu),Cebu
2025-10-02 10:01:00,11.12,123.86,29,4.5,015km N 58° W of City Of Bogo (Cebu),Cebu
2025-10-02 10:05:00,11.05,124.0,13,2.2,002km N 76° E of City Of Bogo (Cebu),Cebu
2025-10-02 09:59:00,11.16,123.95,18,1.8,013km N 16° W of City Of Bogo (Cebu),Cebu
2025-10-02 09:42:00,13.61,120.57,72,1.8,024km N 27° E of Paluan (Occidental Mindoro),Occidental Mindoro
2025-10-02 09:34:00,10.93,123.89,8,2.5,016km S 38° W of City Of Bogo (Cebu),Cebu
2025-10-02 09:25:00,10.91,123.97,32,2.5,016km S 06° W of City Of Bogo (Cebu),Cebu
2025-10-02 09:31:00,10.99,123.98,6,4.0,006km S 03° W of City Of Bogo (Cebu),Cebu
2025-10-02 09:20:00,11.02,123.89,5,2.9,010km S 70° W of City Of Bogo (Cebu),Cebu
2025-10-02 09:14:00,11.01,124.09,25,1.8,013km S 74° E of City Of Bogo (Cebu),Cebu
2025-10-02 09:12:00,11.14,124.07,26,2.1,015km N 43° E of City Of Bogo (Cebu),Cebu
2025-10-02 09:07:00,11.14,124.0,33,1.7,011km N 12° E of City Of Bogo (Cebu),Cebu
2025-10-02 09:03:00,11.19,124.13,2,2.6,023km N 46° E of City Of Bogo (Cebu),Cebu
2025-10-02 08:54:00,11.0,124.05,5,3.4,009km S 58° E of City Of Bogo (Cebu),Cebu
2025-10-02 08:40:00,10.97,123.93,23,1.3,010km S 31° W of City Of Bogo (Cebu),Cebu
2025-10-02 08:29:00,11.22,123.99,13,2.6,019km N 03° E of City Of Bogo (Cebu),Cebu
2025-10-02 08:27:00,11.13,124.02,11,2.5,010km N 24° E of City Of Bogo (Cebu),Cebu
2025-10-02 08:23:00,11.36,124.37,2,2.2,006km S 36° E of San Isidro (Leyte),Leyte
2025-10-02 08:14:00,11.15,124.19,34,1.7,026km N 63° E of City Of Bogo (Cebu),Cebu
2025-10-02 08:06:00,11.12,124.17,4,3.4,023km N 69° E of City Of Bogo (Cebu),Cebu
2025-10-02 07:53:00,11.1,123.98,19,2.2,006km N 01° E of City Of Bogo (Cebu),Cebu
2025-10-02 07:52:00,11.14,123.99,24,1.4,011km N 08° E of City Of Bogo (Cebu),Cebu
2025-10-02 07:43:00,11.15,124.09,16,1.6,017km N 45° E of City Of Bogo (Cebu),Cebu
2025-10-02 07:39:00,11.05,124.07,3,3.8,009km N 87° E of City Of Bogo (Cebu),Cebu
2025-10-02 07:35:00,11.11,124.03,28,2.6,009km N 35° E of City Of Bogo (Cebu),Cebu
2025-10-02 07:34:00,13.83,120.54,89,1.8,009km S 88° W of Calatagan (Batangas),Batangas
2025-10-02 07:31:00,16.95,119.78,10,3.6,063km N 11° W of Bolinao (Pangasinan),Pangasinan
2025-10-02 07:24:00,10.89,123.97,2,3.6,018km S 04° W of City Of Bogo (Cebu),Cebu
2025-10-02 07:20:00,11.11,124.01,29,2.7,008km N 22° E of City Of Bogo (Cebu),Cebu
2025-10-02 07:13:00,10.81,123.9,4,1.9,027km S 19° W of City Of Bogo (Cebu),Cebu
2025-10-02 07:10:00,10.93,123.91,10,3.6,014km S 30° W of City Of Bogo (Cebu),Cebu
2025-10-02 07:04:00,11.0,124.04,10,2.3,009km S 54° E of City Of Bogo (Cebu),Cebu
2025-10-02 06:56:00,10.92,123.96,10,3.9,014km S 8° W of City Of Bogo (Cebu),Cebu
2025-10-02 06:43:00,11.0,124.07,4,2.8,011km S 63° E of City Of Bogo (Cebu),Cebu
2025-10-02 06:42:00,11.11,124.08,9,2.2,013km N 58° E of City Of Bogo (Cebu),Cebu
2025-10-02 06:33:00,10.92,123.94,2,2.4,015km S 18° W of City Of Bogo (Cebu),Cebu
2025-10-02 06:32:00,11.18,124.04,5,2.2,017km N 23° E of City Of Bogo (Cebu),Cebu
2025-10-02 06:26:00,10.9,123.88,2,2.2,020km S 33° W of City Of Bogo (Cebu),Cebu
2025-10-02 06:14:00,10.97,124.0,3,2.8,009km S 12° E of City Of Bogo (Cebu),Cebu
2025-10-02 06:05:00,10.87,123.9,2,2.8,022km S 25° W of City Of Bogo (Cebu),Cebu
2025-10-02 06:03:00,11.28,124.07,30,1.7,028km N 21° E of City Of Bogo (Cebu),Cebu
2025-10-02 06:03:00,11.26,124.03,33,1.1,024km N 12° E of City Of Bogo (Cebu),Cebu
2025-10-02 05:57:00,10.91,123.9,5,2.9,018km S 28° W of City Of Bogo (Cebu),Cebu
2025-10-02 05:44:00,11.21,124.19,7,1.9,029km N 51° E of City Of Bogo (Cebu),Cebu
2025-10-02 05:42:00,10.83,123.87,10,3.7,026km S 26° W of City Of Bogo (Cebu),Cebu
2025-10-02 05:31:00,10.92,123.9,2,1.5,016km S 32° W of City Of Bogo (Cebu),Cebu
2025-10-02 05:26:00,11.14,124.19,8,2.3,025km N 66° E of City Of Bogo (Cebu),Cebu
2025-10-02 05:23:00,10.9,123.88,2,2.6,020km S 35° W of City Of Bogo (Cebu),Cebu
2025-10-02 05:20:00,10.9,123.92,2,3.1,018km S 23° W of City Of Bogo (Cebu),Cebu
2025-10-02 05:12:00,10.92,123.96,6,2.6,015km S 08° W of City Of Bogo (Cebu),Cebu
2025-10-02 05:11:00,11.07,124.16,3,1.6,020km N 82° E of City Of Bogo (Cebu),Cebu
2025-10-02 05:07:00,11.16,123.97,10,3.1,012km N 05° W of City Of Bogo (Cebu),Cebu
2025-10-02 05:03:00,10.9,123.95,2,2.9,018km S 14° W of City Of Bogo (Cebu),Cebu
2025-10-02 04:55:00,10.86,124.02,22,2.4,022km S 11° E of City Of Bogo (Cebu),Cebu
2025-10-02 04:53:00,11.02,123.98,22,1.7,003km S 02° E of City Of Bogo (Cebu),Cebu
2025-10-02 04:47:00,11.14,124.15,8,2.8,021km N 60° E of City Of Bogo (Cebu),Cebu
2025-10-02 04:44:00,10.98,124.08,2,1.8,013km S 58° E of City Of Bogo (Cebu),Cebu
2025-10-02 04:41:00,10.9,123.93,10,4.2,017km S 18° W of City Of Bogo (Cebu),Cebu
2025-10-02 04:33:00,10.89,123.94,2,3.5,018km S 15° W of City Of Bogo (Cebu),Cebu
2025-10-02 04:26:00,11.06,123.95,31,1.3,003km N 67° W of City Of Bogo (Cebu),Cebu
2025-10-02 04:23:00,10.97,123.94,1,2.8,009km S 27° W of City Of Bogo (Cebu),Cebu
2025-10-02 04:19:00,11.12,123.94,3,2.1,009km N 26° W of City Of Bogo (Cebu),Cebu
2025-10-02 04:19:00,11.04,124.04,4,1.6,006km S 86° E of City Of Bogo (Cebu),Cebu
2025-10-02 04:16:00,11.06,124.07,18,2.4,010km N 79° E of City Of Bogo (Cebu),Cebu
2025-10-02 04:05:00,11.1,124.13,7,2.4,018km N 71° E of City Of Bogo (Cebu),Cebu
2025-10-02 04:01:00,11.12,124.14,10,3.3,019km N 65° E of City Of Bogo (Cebu),Cebu
2025-10-02 03:54:00,10.88,123.94,1,3.0,018km S 12° W of City Of Bogo (Cebu),Cebu
2025-10-02 03:49:00,11.11,124.07,5,2.5,012km N 54° E of City Of Bogo (Cebu),Cebu
2025-10-02 03:48:00,10.99,124.06,1,2.3,010km S 54° E of City Of Bogo (Cebu),Cebu
2025-10-02 03:43:00,11.03,124.0,10,2.9,002km S 50° E of City Of Bogo (Cebu),Cebu
2025-10-02 03:42:00,11.1,124.04,13,1.6,009km N 49° E of City Of Bogo (Cebu),Cebu
2025-10-02 03:39:00,11.13,123.97,5,2.6,009km N 03° W of City Of Bogo (Cebu),Cebu
2025-10-02 03:32:00,11.17,124.18,5,2.0,025km N 58° E of City Of Bogo (Cebu),Cebu
2025-10-02 03:21:00,11.18,124.06,32,1.5,017km N 29° E of City Of Bogo (Cebu),Cebu
2025-10-02 03:17:00,11.0,124.18,23,2.2,022km S 76° E of City Of Bogo (Cebu),Cebu
2025-10-02 03:11:00,11.18,123.99,31,1.5,015km N 04° E of City Of Bogo (Cebu),Cebu
2025-10-02 03:05:00,11.13,124.14,5,2.0,020km N 61° E of City Of Bogo (Cebu),Cebu
2025-10-02 03:03:00,10.96,124.14,20,1.2,020km S 61° E of City Of Bogo (Cebu),Cebu
2025-10-02 03:01:00,11.23,124.09,29,1.5,023km N 30° E of City Of Bogo (Cebu),Cebu
2025-10-02 02:59:00,11.17,124.16,7,4.0,024km N 55° E of City Of Bogo (Cebu),Cebu
2025-10-02 02:45:00,10.92,123.95,10,3.0,014km S 13° W of City Of Bogo (Cebu),Cebu
2025-10-02 02:42:00,11.1,123.96,2,2.3,006km N 16° W of City Of Bogo (Cebu),Cebu
2025-10-02 02:28:00,11.18,123.9,20,1.9,017km N 30° W of City Of Bogo (Cebu),Cebu
2025-10-02 02:27:00,11.14,124.2,4,2.1,026km N 67° E of City Of Bogo (Cebu),Cebu
2025-10-02 02:24:00,11.12,123.94,24,1.8,009km N 29° W of City Of Bogo (Cebu),Cebu
2025-10-02 02:18:00,11.06,123.97,7,1.9,002km N 22° W of City Of Bogo (Cebu),Cebu
2025-10-02 02:07:00,11.03,123.96,3,2.1,003km S 45° W of City Of Bogo (Cebu),Cebu
2025-10-02 02:04:00,10.99,123.93,21,2.0,008km S 45° W of City Of Bogo (Cebu),Cebu
2025-10-02 02:03:00,11.13,124.14,4,1.4,020km N 63° E of City Of Bogo (Cebu),Cebu
2025-10-02 02:01:00,11.16,124.14,3,2.6,022km N 53° E of City Of Bogo (Cebu),Cebu
2025-10-02 01:59:00,11.12,124.19,5,2.9,024km N 71° E of City Of Bogo (Cebu),Cebu
2025-10-02 01:49:00,11.17,124.01,29,1.1,014km N 14° E of City Of Bogo (Cebu),Cebu
2025-10-02 01:45:00,11.07,124.15,29,2.3,019km N 81° E of City Of Bogo (Cebu),Cebu
2025-10-02 01:36:00,11.44,123.37,74,1.7,024km S 85° E of Estancia (Iloilo),Iloilo
2025-10-02 01:35:00,11.01,123.99,12,1.6,004km S 10° E of City Of Bogo (Cebu),Cebu
2025-10-02 01:23:00,10.9,123.92,6,2.9,017km S 22° W of City Of Bogo (Cebu),Cebu
2025-10-02 01:29:00,11.13,124.11,3,2.0,017km N 59° E of City Of Bogo (Cebu),Cebu
2025-10-02 01:28:00,10.89,123.93,4,2.4,018km S 19° W of City Of Bogo (Cebu),Cebu
2025-10-02 01:18:00,10.99,123.95,4,2.3,007km S 31° W of City Of Bogo (Cebu),Cebu
2025-10-02 01:11:00,10.97,124.04,22,1.7,011km S 34° E of City Of Bogo (Cebu),Cebu
2025-10-02 01:05:00,10.89,123.92,5,2.5,019km S 21° W of City Of Bogo (Cebu),Cebu
2025-10-02 01:01:00,10.91,123.9,1,2.4,017km S 30° W of City Of Bogo (Cebu),Cebu
2025-10-02 00:52:00,14.12,120.47,114,2.7,018km N 74° W of Nasugbu (Batangas),Batangas
2025-10-02 00:51:00,11.12,124.09,1,2.5,014km N 56° E of City Of Bogo (Cebu),Cebu
2025-10-02 00:50:00,11.02,123.98,4,1.6,003km S 07° E of City Of Bogo (Cebu),Cebu
2025-10-02 00:43:00,10.91,123.97,7,3.6,015km S 05° W of City Of Bogo (Cebu),Cebu
2025-10-02 00:42:00,11.09,124.05,11,1.5,009km N 57° E of City Of Bogo (Cebu),Cebu
2025-10-02 00:38:00,11.04,124.01,2,2.7,004km S 70° E of City Of Bogo (Cebu),Cebu
2025-10-02 00:37:00,11.17,124.1,24,1.9,019km N 43° E of City Of Bogo (Cebu),Cebu
2025-10-02 00:34:00,11.0,124.02,5,4.0,006km S 40° E of City Of Bogo (Cebu),Cebu
2025-10-02 00:21:00,10.92,123.91,1,2.0,016km S 28° W of City Of Bogo (Cebu),Cebu
2025-10-02 00:24:00,10.88,124.02,32,1.5,019km S 14° E of City Of Bogo (Cebu),Cebu
2025-10-02 00:22:00,11.13,124.17,4,2.4,023km N 66° E of City Of Bogo (Cebu),Cebu
2025-10-02 00:18:00,11.11,124.16,5,3.9,021km N 71° E of City Of Bogo (Cebu),Cebu
2025-10-02 00:16:00,11.18,124.03,22,1.6,015km N 21° E of City Of Bogo (Cebu),Cebu
2025-10-02 00:15:00,10.88,123.95,1,2.7,019km S 09° W of City Of Bogo (Cebu),Cebu
2025-10-02 00:13:00,11.14,124.13,11,2.2,019km N 60° E of City Of Bogo (Cebu),Cebu
2025-10-02 00:13:00,11.14,124.13,11,2.2,019km N 60° E of City Of Bogo (Cebu),Cebu
2025-10-02 00:08:00,11.07,123.96,4,2.1,003km N 39° W of City Of Bogo (Cebu),Cebu
2025-10-02 00:07:00,11.03,123.91,10,1.4,008km S 79° W of City Of Bogo (Cebu),Cebu
2025-10-02 00:01:00,13.17,122.17,15,2.3,019km S 28° E of Torrijos (Marinduque),Marinduque
2025-10-01 23:59:00,10.91,123.97,6,1.9,015km S 03° W of City Of Bogo (Cebu),Cebu
2025-10-01 23:50:00,18.75,119.65,12,3.1,109km N 76° W of Burgos (Ilocos Norte),Ilocos Norte
2025-10-01 23:50:00,11.2,124.25,21,2.0,034km N 61° E of City Of Bogo (Cebu),Cebu
2025-10-01 23:48:00,11.12,124.18,11,2.3,024km N 69° E of City Of Bogo (Cebu),Cebu
2025-10-01 23:47:00,11.19,124.16,25,2.1,025km N 52° E of City Of Bogo (Cebu),Cebu
2025-10-01 23:43:00,11.16,123.93,2,3.7,014km N 26° W of City Of Bogo (Cebu),Cebu
2025-10-01 23:40:00,11.1,123.95,5,3.6,007km N 29° W of City Of Bogo (Cebu),Cebu
2025-10-01 23:40:00,11.23,124.24,27,1.6,035km N 55° E of City Of Bogo (Cebu),Cebu
2025-10-01 23:30:00,10.89,123.98,34,2.4,017km S 01° W of City Of Bogo (Cebu),Cebu
2025-10-01 23:25:00,11.09,124.01,7,2.4,006km N 41° E of City Of Bogo (Cebu),Cebu
2025-10-01 23:19:00,10.88,123.94,3,2.7,019km S 12° W of City Of Bogo (Cebu),Cebu
2025-10-01 23:16:00,10.95,123.99,1,3.3,011km S 07° E of City Of Bogo (Cebu),Cebu
2025-10-01 23:12:00,11.17,124.19,4,1.7,026km N 59° E of City Of Bogo (Cebu),Cebu
2025-10-01 23:11:00,11.15,124.15,3,2.6,021km N 59° E of City Of Bogo (Cebu),Cebu
2025-10-01 23:08:00,11.15,124.15,4,2.7,022km N 59° E of City Of Bogo (Cebu),Cebu
2025-10-01 23:04:00,10.91,123.98,25,2.0,015km S 02° W of City Of Bogo (Cebu),Cebu
2025-10-01 23:03:00,11.14,124.21,3,1.8,028km N 67° E of City Of Bogo (Cebu),Cebu
2025-10-01 22:56:00,11.14,124.14,10,4.2,020km N 59° E of City Of Bogo (Cebu),Cebu
2025-10-01 22:49:00,11.25,123.99,33,3.0,022km N 03° E of City Of Bogo (Cebu),Cebu
2025-10-01 22:46:00,11.15,124.17,7,5.0,023km N 62° E of City Of Bogo (Cebu),Cebu
2025-10-01 22:37:00,11.04,124.15,2,2.0,018km S 87° E of City Of Bogo (Cebu),Cebu
2025-10-01 22:37:00,11.14,124.08,8,1.4,015km N 49° E of City Of Bogo (Cebu),Cebu
2025-10-01 22:36:00,13.64,120.7,141,2.2,019km S 82° W of Tingloy (Batangas),Batangas
2025-10-01 22:32:00,11.1,124.01,12,2.2,007km N 31° E of City Of Bogo (Cebu),Cebu
2025-10-01 22:31:00,18.23,120.27,18,2.4,033km N 46° W of Currimao (Ilocos Norte),Ilocos Norte
2025-10-01 22:27:00,11.1,123.96,7,4.4,006km N 24° W of City Of Bogo (Cebu),Cebu
2025-10-01 22:20:00,11.12,123.98,12,1.8,008km N 01° E of City Of Bogo (Cebu),Cebu
2025-10-01 22:10:00,11.0,124.03,19,2.2,007km S 43° E of City Of Bogo (Cebu),Cebu
2025-10-01 22:11:00,11.14,123.97,9,2.2,010km N 07° W of City Of Bogo (Cebu),Cebu
2025-10-01 22:13:00,11.03,124.05,2,3.5,008km S 74° E of City Of Bogo (Cebu),Cebu
2025-10-01 22:09:00,11.18,124.16,17,1.4,024km N 53° E of City Of Bogo (Cebu),Cebu
2025-10-01 22:05:00,10.98,123.98,2,2.5,007km S 03° W of City Of Bogo (Cebu),Cebu
2025-10-01 22:03:00,11.19,124.06,18,1.6,018km N 29° E of City Of Bogo (Cebu),Cebu
2025-10-01 22:01:00,10.98,123.95,26,1.5,008km S 20° W of City Of Bogo (Cebu),Cebu
2025-10-01 21:54:00,11.26,124.05,9,1.6,025km N 19° E of City Of Bogo (Cebu),Cebu
2025-10-01 21:48:00,10.88,124.08,20,1.3,021km S 32° E of City Of Bogo (Cebu),Cebu
2025-10-01 21:51:00,11.13,124.0,24,1.3,010km N 16° E of City Of Bogo (Cebu),Cebu
2025-10-01 21:46:00,11.04,124.07,3,2.7,010km S 83° E of City Of Bogo (Cebu),Cebu
2025-10-01 21:39:00,11.08,124.03,33,1.7,007km N 58° E of City Of Bogo (Cebu),Cebu
2025-10-01 21:40:00,11.02,124.02,2,2.2,005km S 55° E of City Of Bogo (Cebu),Cebu
2025-10-01 21:38:00,10.93,123.89,5,2.9,016km S 40° W of City Of Bogo (Cebu),Cebu
2025-10-01 21:36:00,10.88,123.93,8,2.1,020km S 16° W of City Of Bogo (Cebu),Cebu
2025-10-01 21:32:00,10.98,124.04,7,3.3,010km S 40° E of City Of Bogo (Cebu),Cebu
2025-10-01 21:32:00,11.09,123.9,20,2.2,010km N 63° W of City Of Bogo (Cebu),Cebu
2025-10-01 21:21:00,11.05,124.02,34,1.7,005km N 82° E of City Of Bogo (Cebu),Cebu
2025-10-01 21:27:00,10.9,123.97,10,3.5,016km S 3° W of City Of Bogo (Cebu),Cebu
2025-10-01 21:16:00,11.23,124.24,3,2.3,035km N 54° E of City Of Bogo (Cebu),Cebu
2025-10-01 21:11:00,11.13,124.11,2,2.2,017km N 57° E of City Of Bogo (Cebu),Cebu
2025-10-01 21:14:00,11.38,124.13,32,1.4,020km N 45° E of Daanbantayan (Cebu),Cebu
2025-10-01 21:09:00,11.41,124.17,62,2.0,019km N 89° W of San Isidro (Leyte),Leyte
2025-10-01 20:53:00,10.95,123.97,5,2.1,011km S 06° W of City Of Bogo (Cebu),Cebu
2025-10-01 21:03:00,10.82,123.94,10,4.9,025km S 9° W of City Of Bogo (Cebu),Cebu
2025-10-01 20:47:00,10.63,124.0,10,3.6,046km S 2° E of City Of Bogo (Cebu),Cebu
2025-10-01 20:46:00,10.93,123.99,2,1.5,013km S 07° E of City Of Bogo (Cebu),Cebu
2025-10-01 20:42:00,11.2,124.07,33,2.2,020km N 29° E of City Of Bogo (Cebu),Cebu
2025-10-01 20:39:00,10.99,123.98,4,2.3,007km S 04° W of City Of Bogo (Cebu),Cebu
2025-10-01 20:35:00,10.98,124.02,25,2.4,008km S 30° E of City Of Bogo (Cebu),Cebu
2025-10-01 20:22:00,11.16,124.07,34,2.3,016km N 37° E of City Of Bogo (Cebu),Cebu
2025-10-01 20:19:00,11.03,123.92,47,1.8,006km S 78° W of City Of Bogo (Cebu),Cebu
2025-10-01 20:16:00,10.95,123.9,3,2.8,014km S 37° W of City Of Bogo (Cebu),Cebu
2025-10-01 20:11:00,11.01,124.06,4,2.8,009km S 65° E of City Of Bogo (Cebu),Cebu
2025-10-01 20:07:00,11.19,124.16,21,2.6,025km N 51° E of City Of Bogo (Cebu),Cebu
2025-10-01 20:06:00,10.97,124.05,1,1.4,012km S 43° E of City Of Bogo (Cebu),Cebu
2025-10-01 20:01:00,11.02,124.0,2,2.9,003km S 34° E of City Of Bogo (Cebu),Cebu
2025-10-01 19:58:00,10.9,124.07,28,2.6,018km S 32° E of City Of Bogo (Cebu),Cebu
2025-10-01 19:55:00,11.07,123.96,2,1.8,003km N 37° W of City Of Bogo (Cebu),Cebu
2025-10-01 19:53:00,10.85,123.92,1,2.2,023km S 15° W of City Of Bogo (Cebu),Cebu
2025-10-01 19:47:00,11.22,124.23,9,1.5,033km N 56° E of City Of Bogo (Cebu),Cebu
2025-10-01 19:40:00,10.9,123.91,1,2.6,018km S 24° W of City Of Bogo (Cebu),Cebu
2025-10-01 19:36:00,11.04,123.9,60,2.3,009km S 82° W of City Of Bogo (Cebu),Cebu
2025-10-01 19:32:00,11.07,124.08,11,2.4,011km N 74° E of City Of Bogo (Cebu),Cebu
2025-10-01 19:30:00,11.15,124.25,33,1.0,032km N 69° E of City Of Bogo (Cebu),Cebu
2025-10-01 19:28:00,11.14,123.96,47,2.7,011km N 13° W of City Of Bogo (Cebu),Cebu
2025-10-01 19:22:00,11.14,124.03,31,2.2,012km N 26° E of City Of Bogo (Cebu),Cebu
2025-10-01 19:18:00,11.07,124.0,24,1.4,004km N 47° E of City Of Bogo (Cebu),Cebu
2025-10-01 19:16:00,18.44,120.91,7,2.5,002km S 18° E of Adams (Ilocos Norte),Ilocos Norte
2025-10-01 19:12:00,11.02,124.02,10,3.9,005km S 57° E of City Of Bogo (Cebu),Cebu
2025-10-01 18:59:00,10.85,123.91,4,2.1,023km S 19° W of City Of Bogo (Cebu),Cebu
2025-10-01 18:47:00,10.93,124.0,6,3.5,013km S 12° E of City Of Bogo (Cebu),Cebu
2025-10-01 18:43:00,11.08,124.09,2,3.2,013km N 75° E of City Of Bogo (Cebu),Cebu
2025-10-01 18:42:00,11.14,124.21,5,2.1,027km N 69° E of City Of Bogo (Cebu),Cebu
2025-10-01 18:39:00,11.13,124.2,2,2.1,026km N 68° E of City Of Bogo (Cebu),Cebu
2025-10-01 18:38:00,10.95,123.9,1,2.2,014km S 37° W of City Of Bogo (Cebu),Cebu
2025-10-01 18:36:00,11.26,123.99,31,1.1,024km N 02° E of City Of Bogo (Cebu),Cebu
2025-10-01 18:34:00,11.35,124.12,33,2.0,037km N 25° E of City Of Bogo (Cebu),Cebu
2025-10-01 18:23:00,10.92,123.98,4,2.8,014km S 05° W of City Of Bogo (Cebu),Cebu
2025-10-01 18:21:00,11.05,124.08,8,2.1,011km N 87° E of City Of Bogo (Cebu),Cebu
2025-10-01 18:12:00,10.96,123.99,1,2.5,010km S 08° E of City Of Bogo (Cebu),Cebu
2025-10-01 18:04:00,11.02,123.93,6,3.5,006km S 60° W of City Of Bogo (Cebu),Cebu
2025-10-01 17:54:00,11.11,123.95,10,3.8,007km N 24° W of City Of Bogo (Cebu),Cebu
2025-10-01 17:37:00,11.05,124.01,12,3.0,003km N 79° E of City Of Bogo (Cebu),Cebu
2025-10-01 17:35:00,10.86,123.97,18,3.0,021km S 04° W of City Of Bogo (Cebu),Cebu
2025-10-01 17:34:00,10.98,123.97,3,2.0,007km S 07° W of City Of Bogo (Cebu),Cebu
2025-10-01 17:31:00,11.14,124.38,33,1.3,008km S 17° W of Villaba (Leyte),Leyte
2025-10-01 17:25:00,11.19,124.18,6,2.3,027km N 55° E of City Of Bogo (Cebu),Cebu
2025-10-01 17:15:00,10.95,123.92,2,4.0,013km S 29° W of City Of Bogo (Cebu),Cebu
2025-10-01 17:03:00,10.96,123.97,2,2.5,010km S 07° W of City Of Bogo (Cebu),Cebu
2025-10-01 17:02:00,11.11,123.98,36,1.1,008km N 02° W of City Of Bogo (Cebu),Cebu
2025-10-01 17:01:00,10.95,123.92,6,2.7,013km S 31° W of City Of Bogo (Cebu),Cebu
2025-10-01 17:00:00,11.11,124.09,7,2.6,014km N 59° E of City Of Bogo (Cebu),Cebu
2025-10-01 16:58:00,11.01,124.0,32,1.7,005km S 33° E of City Of Bogo (Cebu),Cebu
2025-10-01 16:59:00,11.14,124.12,6,2.3,018km N 56° E of City Of Bogo (Cebu),Cebu
2025-10-01 16:56:00,11.16,124.14,7,3.0,021km N 56° E of City Of Bogo (Cebu),Cebu
2025-10-01 16:51:00,10.39,123.34,12,3.6,006km N 15° E of Vallehermoso (Negros Oriental),Negros Oriental
2025-10-01 16:48:00,11.07,123.96,2,3.9,003km N 47° W of City Of Bogo (Cebu),Cebu
2025-10-01 16:43:00,11.1,124.09,5,4.1,013km N 64° E of City Of Bogo (Cebu),Cebu
2025-10-01 16:42:00,10.94,123.98,5,1.5,012km S 02° E of City Of Bogo (Cebu),Cebu
2025-10-01 16:32:00,13.75,120.57,122,1.7,011km S 34° W of Calatagan (Batangas),Batangas
2025-10-01 16:31:00,11.08,124.1,5,4.0,014km N 74° E of City Of Bogo (Cebu),Cebu
2025-10-01 16:15:00,11.02,123.96,5,3.5,003km S 39° W of City Of Bogo (Cebu),Cebu
2025-10-01 16:13:00,11.22,124.07,35,1.7,021km N 29° E of City Of Bogo (Cebu),Cebu
2025-10-01 16:12:00,11.13,124.0,14,1.3,010km N 13° E of City Of Bogo (Cebu),Cebu
2025-10-01 16:11:00,11.14,124.15,3,1.5,022km N 61° E of City Of Bogo (Cebu),Cebu
2025-10-01 16:05:00,11.16,124.18,7,2.9,025km N 60° E of City Of Bogo (Cebu),Cebu
2025-10-01 16:03:00,11.0,123.99,2,3.3,005km S 13° E of City Of Bogo (Cebu),Cebu
2025-10-01 16:00:00,11.13,124.26,30,1.4,032km N 73° E of City Of Bogo (Cebu),Cebu
2025-10-01 15:57:00,11.11,124.11,9,2.6,015km N 64° E of City Of Bogo (Cebu),Cebu
2025-10-01 15:47:00,11.0,123.93,26,1.6,007km S 48° W of City Of Bogo (Cebu),Cebu
2025-10-01 15:45:00,11.17,124.16,12,1.7,024km N 55° E of City Of Bogo (Cebu),Cebu
2025-10-01 15:48:00,10.99,123.97,2,4.5,006km S 08° W of City Of Bogo (Cebu),Cebu
2025-10-01 15:30:00,11.11,124.11,28,3.1,015km N 65° E of City Of Bogo (Cebu),Cebu
2025-10-01 15:43:00,11.17,123.99,27,1.3,014km N 06° E of City Of Bogo (Cebu),Cebu
2025-10-01 15:42:00,11.12,123.98,27,1.6,008km N 02° W of City Of Bogo (Cebu),Cebu
2025-10-01 15:35:00,10.93,123.96,2,1.7,013km S 10° W of City Of Bogo (Cebu),Cebu
2025-10-01 15:28:00,11.18,123.92,30,1.9,016km N 22° W of City Of Bogo (Cebu),Cebu
2025-10-01 15:33:00,11.19,123.99,27,1.8,016km N 05° E of City Of Bogo (Cebu),Cebu
2025-10-01 15:25:00,10.96,123.99,31,1.1,010km S 06° E of City Of Bogo (Cebu),Cebu
2025-10-01 15:24:00,11.14,124.1,34,1.4,017km N 51° E of City Of Bogo (Cebu),Cebu
2025-10-01 15:22:00,11.12,124.06,34,1.5,012km N 48° E of City Of Bogo (Cebu),Cebu
2025-10-01 15:21:00,11.05,123.96,9,1.5,002km N 72° W of City Of Bogo (Cebu),Cebu
2025-10-01 15:16:00,11.14,124.16,23,2.2,022km N 61° E of City Of Bogo (Cebu),Cebu
2025-10-01 15:15:00,11.08,124.23,32,1.4,028km N 82° E of City Of Bogo (Cebu),Cebu
2025-10-01 15:10:00,11.03,123.97,4,4.1,002km S 45° W of City Of Bogo (Cebu),Cebu
2025-10-01 15:09:00,11.06,123.96,1,2.4,003km N 51° W of City Of Bogo (Cebu),Cebu
2025-10-01 15:05:00,11.01,124.01,3,2.5,005km S 44° E of City Of Bogo (Cebu),Cebu
2025-10-01 15:03:00,11.02,124.02,6,1.4,006km S 53° E of City Of Bogo (Cebu),Cebu
2025-10-01 14:59:00,11.09,124.2,27,2.1,025km N 79° E of City Of Bogo (Cebu),Cebu
2025-10-01 14:56:00,10.93,123.94,4,3.2,013km S 19° W of City Of Bogo (Cebu),Cebu
2025-10-01 14:51:00,11.14,124.16,6,3.2,023km N 62° E of City Of Bogo (Cebu),Cebu
2025-10-01 14:50:00,10.89,123.89,6,3.5,020km S 29° W of City Of Bogo (Cebu),Cebu
2025-10-01 14:38:00,11.12,124.06,14,1.5,012km N 47° E of City Of Bogo (Cebu),Cebu
2025-10-01 14:35:00,11.08,124.0,30,1.6,005km N 35° E of City Of Bogo (Cebu),Cebu
2025-10-01 14:32:00,10.97,123.95,4,2.4,009km S 18° W of City Of Bogo (Cebu),Cebu
2025-10-01 14:30:00,11.22,124.15,32,2.5,027km N 43° E of City Of Bogo (Cebu),Cebu
2025-10-01 14:27:00,11.11,123.93,4,2.0,009km N 35° W of City Of Bogo (Cebu),Cebu
2025-10-01 14:24:00,10.89,123.85,9,2.2,022km S 38° W of City Of Bogo (Cebu),Cebu
2025-10-01 14:18:00,11.01,123.97,2,3.0,004km S 21° W of City Of Bogo (Cebu),Cebu
2025-10-01 14:14:00,11.17,124.01,20,1.6,014km N 15° E of City Of Bogo (Cebu),Cebu
2025-10-01 14:10:00,11.11,123.96,7,3.7,008km N 14° W of City Of Bogo (Cebu),Cebu
2025-10-01 14:06:00,10.92,123.88,2,3.2,018km S 39° W of City Of Bogo (Cebu),Cebu
2025-10-01 14:02:00,17.57,122.28,55,3.5,021km N 13° E of Maconacon (Isabela),Isabela
2025-10-01 14:01:00,11.13,124.12,4,2.4,018km N 59° E of City Of Bogo (Cebu),Cebu
2025-10-01 13:59:00,11.18,124.01,14,2.7,016km N 14° E of City Of Bogo (Cebu),Cebu
2025-10-01 13:56:00,10.34,126.74,13,3.3,081km N 64° E of Burgos (Surigao Del Norte),Surigao Del Norte
2025-10-01 13:54:00,11.21,124.17,33,1.5,028km N 48° E of City Of Bogo (Cebu),Cebu
2025-10-01 13:52:00,10.98,124.04,33,1.6,010km S 45° E of City Of Bogo (Cebu),Cebu
2025-10-01 13:41:00,11.16,124.11,16,2.3,019km N 49° E of City Of Bogo (Cebu),Cebu
2025-10-01 13:36:00,10.99,123.99,2,2.4,006km S 09° E of City Of Bogo (Cebu),Cebu
2025-10-01 13:34:00,11.1,124.03,19,1.8,008km N 44° E of City Of Bogo (Cebu),Cebu
2025-10-01 13:30:00,11.18,124.15,5,2.7,025km N 51° E of City Of Bogo (Cebu),Cebu
2025-10-01 13:25:00,11.0,123.95,4,2.7,006km S 26° W of City Of Bogo (Cebu),Cebu
2025-10-01 13:22:00,11.13,123.93,5,2.6,010km N 34° W of City Of Bogo (Cebu),Cebu
2025-10-01 13:17:00,11.17,124.07,33,1.3,017km N 36° E of City Of Bogo (Cebu),Cebu
2025-10-01 13:14:00,11.02,124.03,8,2.5,006km S 57° E of City Of Bogo (Cebu),Cebu
2025-10-01 13:10:00,11.18,124.16,4,3.0,025km N 54° E of City Of Bogo (Cebu),Cebu
2025-10-01 13:06:00,11.06,123.99,10,1.6,002km N 24° E of City Of Bogo (Cebu),Cebu
2025-10-01 13:04:00,10.05,126.3,33,2.2,025km N 82° E of Burgos (Surigao Del Norte),Surigao Del Norte
2025-10-01 12:54:00,11.16,124.19,5,2.9,027km N 61° E of City Of Bogo (Cebu),Cebu
2025-10-01 12:42:00,11.09,123.94,10,4.3,006km N 41° W of City Of Bogo (Cebu),Cebu
2025-10-01 12:30:00,11.09,124.02,11,2.1,006km N 39° E of City Of Bogo (Cebu),Cebu
2025-10-01 12:29:00,11.06,124.05,10,1.9,008km N 79° E of City Of Bogo (Cebu),Cebu
2025-10-01 12:24:00,10.95,124.05,5,1.6,013km S 37° E of City Of Bogo (Cebu),Cebu
2025-10-01 12:27:00,11.11,124.01,18,2.6,008km N 24° E of City Of Bogo (Cebu),Cebu
2025-10-01 12:23:00,11.07,123.94,17,1.4,005km N 58° W of City Of Bogo (Cebu),Cebu
2025-10-01 12:21:00,11.12,124.05,19,1.8,011km N 45° E of City Of Bogo (Cebu),Cebu
2025-10-01 12:21:00,10.99,123.94,32,1.4,008km S 35° W of City Of Bogo (Cebu),Cebu
2025-10-01 12:20:00,11.05,123.95,27,1.3,004km N 78° W of City Of Bogo (Cebu),Cebu
2025-10-01 12:19:00,11.01,123.94,4,3.3,006km S 50° W of City Of Bogo (Cebu),Cebu
2025-10-01 12:18:00,10.95,123.71,16,1.3,031km S 70° W of City Of Bogo (Cebu),Cebu
2025-10-01 12:16:00,11.06,124.05,36,1.3,008km N 80° E of City Of Bogo (Cebu),Cebu
2025-10-01 12:15:00,11.24,124.11,27,1.4,026km N 35° E of City Of Bogo (Cebu),Cebu
2025-10-01 12:10:00,10.96,123.97,10,4.1,009km S 6° W of City Of Bogo (Cebu),Cebu
2025-10-01 12:08:00,13.54,120.68,10,3.2,011km N 25° W of Abra De Ilog (Occidental Mindoro),Occidental Mindoro
2025-10-01 12:06:00,10.94,123.93,1,3.3,013km S 25° W of City Of Bogo (Cebu),Cebu
2025-10-01 12:05:00,11.01,124.04,1,2.5,008km S 56° E of City Of Bogo (Cebu),Cebu
2025-10-01 11:53:00,10.91,123.89,1,2.4,018km S 33° W of City Of Bogo (Cebu),Cebu
2025-10-01 11:49:00,11.06,124.05,11,2.2,008km N 82° E of City Of Bogo (Cebu),Cebu
2025-10-01 11:47:00,11.18,124.0,32,1.4,015km N 09° E of City Of Bogo (Cebu),Cebu
2025-10-01 11:46:00,11.02,124.06,34,1.6,009km S 73° E of City Of Bogo (Cebu),Cebu
2025-10-01 11:39:00,11.18,124.21,4,2.8,029km N 59° E of City Of Bogo (Cebu),Cebu
2025-10-01 11:36:00,10.8,124.0,15,1.8,028km S 04° E of City Of Bogo (Cebu),Cebu
2025-10-01 11:23:00,10.96,123.94,1,2.5,011km S 24° W of City Of Bogo (Cebu),Cebu
2025-10-01 11:23:00,10.95,123.92,27,1.2,012km S 33° W of City Of Bogo (Cebu),Cebu
2025-10-01 11:21:00,11.14,124.02,11,2.7,011km N 21° E of City Of Bogo (Cebu),Cebu
2025-10-01 11:19:00,11.12,124.07,26,1.6,013km N 49° E of City Of Bogo (Cebu),Cebu
2025-10-01 11:16:00,10.9,124.01,5,3.2,016km S 11° E of City Of Bogo (Cebu),Cebu
2025-10-01 11:08:00,11.02,123.81,21,2.5,019km S 83° W of City Of Bogo (Cebu),Cebu
2025-10-01 11:07:00,10.93,123.92,6,1.7,015km S 26° W of City Of Bogo (Cebu),Cebu
2025-10-01 11:06:00,11.05,123.94,9,1.7,004km N 83° W of City Of Bogo (Cebu),Cebu
2025-10-01 11:03:00,10.99,123.94,13,2.4,008km S 32° W of City Of Bogo (Cebu),Cebu
2025-10-01 11:02:00,11.16,124.19,4,2.4,026km N 61° E of City Of Bogo (Cebu),Cebu
2025-10-01 10:54:00,11.18,124.1,37,1.8,020km N 40° E of City Of Bogo (Cebu),Cebu
2025-10-01 10:51:00,11.0,123.98,33,2.6,005km S 06° E of City Of Bogo (Cebu),Cebu
2025-10-01 10:50:00,10.96,124.05,18,1.5,012km S 38° E of City Of Bogo (Cebu),Cebu
2025-10-01 10:48:00,10.96,123.95,2,2.2,011km S 20° W of City Of Bogo (Cebu),Cebu
2025-10-01 10:46:00,10.87,123.95,2,2.2,020km S 10° W of City Of Bogo (Cebu),Cebu
2025-10-01 10:44:00,11.08,124.28,32,1.6,033km N 83° E of City Of Bogo (Cebu),Cebu
2025-10-01 10:37:00,11.1,123.97,9,3.0,006km N 08° W of City Of Bogo (Cebu),Cebu
2025-10-01 10:36:00,11.14,124.06,10,1.5,013km N 40° E of City Of Bogo (Cebu),Cebu
2025-10-01 10:36:00,11.01,124.09,20,1.4,012km S 72° E of City Of Bogo (Cebu),Cebu
2025-10-01 10:22:00,11.1,123.89,1,1.5,012km N 60° W of City Of Bogo (Cebu),Cebu
2025-10-01 10:19:00,11.03,124.03,1,1.9,006km S 69° E of City Of Bogo (Cebu),Cebu
2025-10-01 10:16:00,11.08,124.0,30,1.7,004km N 34° E of City Of Bogo (Cebu),Cebu
2025-10-01 10:10:00,11.08,124.05,3,3.2,008km N 65° E of City Of Bogo (Cebu),Cebu
2025-10-01 10:05:00,11.62,123.19,50,2.6,032km N 61° W of City Of Bogo (Cebu),Cebu
2025-10-01 10:02:00,11.01,124.11,18,1.4,014km S 75° E of City Of Bogo (Cebu),Cebu
2025-10-01 10:01:00,11.03,124.1,24,1.6,013km S 80° E of City Of Bogo (Cebu),Cebu
2025-10-01 09:53:00,11.07,124.23,1,1.6,028km N 85° E of City Of Bogo (Cebu),Cebu
2025-10-01 09:57:00,11.0,124.02,5,1.8,007km S 45° E of City Of Bogo (Cebu),Cebu
2025-10-01 09:51:00,10.91,123.99,29,1.3,015km S 03° E of City Of Bogo (Cebu),Cebu
2025-10-01 09:49:00,10.99,124.08,15,1.6,013km S 62° E of City Of Bogo (Cebu),Cebu
2025-10-01 09:46:00,10.84,123.86,10,2.6,026km S 29° W of City Of Bogo (Cebu),Cebu
2025-10-01 09:38:00,10.97,123.94,4,1.4,009km S 29° W of City Of Bogo (Cebu),Cebu
2025-10-01 09:35:00,11.09,124.06,2,3.2,010km N 59° E of City Of Bogo (Cebu),Cebu
2025-10-01 09:30:00,10.9,123.91,5,2.3,018km S 27° W of City Of Bogo (Cebu),Cebu
2025-10-01 09:27:00,10.94,123.9,2,2.3,015km S 34° W of City Of Bogo (Cebu),Cebu
2025-10-01 09:23:00,11.07,124.1,32,1.7,014km N 78° E of City Of Bogo (Cebu),Cebu
2025-10-01 09:21:00,11.19,124.04,33,1.3,018km N 23° E of City Of Bogo (Cebu),Cebu
2025-10-01 09:20:00,11.27,124.05,51,1.4,026km N 16° E of City Of Bogo (Cebu),Cebu
2025-10-01 09:19:00,11.12,124.05,33,2.0,011km N 43° E of City Of Bogo (Cebu),Cebu
2025-10-01 09:18:00,10.91,123.86,2,1.5,020km S 40° W of City Of Bogo (Cebu),Cebu
2025-10-01 09:15:00,11.16,124.18,4,2.4,026km N 61° E of City Of Bogo (Cebu),Cebu
2025-10-01 09:12:00,11.05,124.09,4,2.6,012km N 86° E of City Of Bogo (Cebu),Cebu
2025-10-01 09:02:00,11.13,123.94,11,2.2,010km N 25° W of City Of Bogo (Cebu),Cebu
2025-10-01 08:58:00,11.06,123.89,32,2.1,010km N 81° W of City Of Bogo (Cebu),Cebu
2025-10-01 08:54:00,11.19,124.12,33,2.4,023km N 44° E of City Of Bogo (Cebu),Cebu
2025-10-01 08:53:00,10.91,123.98,32,1.8,015km S 01° E of City Of Bogo (Cebu),Cebu
2025-10-01 08:57:00,11.07,123.87,23,2.3,012km N 79° W of City Of Bogo (Cebu),Cebu
2025-10-01 08:52:00,11.2,124.14,19,1.7,024km N 46° E of City Of Bogo (Cebu),Cebu
2025-10-01 08:47:00,10.91,123.65,13,3.4,017km N 64° E of City Of Escalante (Negros Occidental),Negros Occidental
2025-10-01 08:51:00,11.12,123.96,24,2.0,009km N 14° W of City Of Bogo (Cebu),Cebu
2025-10-01 08:42:00,11.14,124.19,3,2.2,025km N 66° E of City Of Bogo (Cebu),Cebu
2025-10-01 08:41:00,11.12,123.85,23,1.8,017km N 60° W of City Of Bogo (Cebu),Cebu
2025-10-01 08:40:00,11.05,124.04,6,2.1,006km N 89° E of City Of Bogo (Cebu),Cebu
2025-10-01 08:36:00,10.94,123.93,2,3.5,013km S 24° W of City Of Bogo (Cebu),Cebu
2025-10-01 08:33:00,10.96,124.0,5,3.0,009km S 11° E of City Of Bogo (Cebu),Cebu
2025-10-01 08:26:00,11.01,124.03,31,2.0,006km S 55° E of City Of Bogo (Cebu),Cebu
2025-10-01 08:23:00,10.95,123.88,2,3.7,015km S 46° W of City Of Bogo (Cebu),Cebu
2025-10-01 08:21:00,11.11,124.0,12,3.0,008km N 20° E of City Of Bogo (Cebu),Cebu
2025-10-01 08:20:00,11.09,124.12,33,1.7,016km N 71° E of City Of Bogo (Cebu),Cebu
2025-10-01 08:18:00,11.17,124.11,2,2.5,020km N 46° E of City Of Bogo (Cebu),Cebu
2025-10-01 08:16:00,11.08,124.05,32,2.1,009km N 67° E of City Of Bogo (Cebu),Cebu
2025-10-01 08:15:00,11.16,124.05,32,2.0,015km N 32° E of City Of Bogo (Cebu),Cebu
2025-10-01 08:12:00,10.94,123.65,15,2.7,038km S 72° W of City Of Bogo (Cebu),Cebu
2025-10-01 08:10:00,10.95,123.98,17,2.0,011km S 02° W of City Of Bogo (Cebu),Cebu
2025-10-01 08:07:00,11.08,123.91,3,2.7,009km N 62° W of City Of Bogo (Cebu),Cebu
2025-10-01 08:06:00,11.09,124.24,5,1.7,017km N 72° W of Palompon (Leyte),Leyte
2025-10-01 08:03:00,11.01,123.99,12,2.8,005km S 12° E of City Of Bogo (Cebu),Cebu
2025-10-01 07:59:00,11.14,124.1,34,2.0,017km N 50° E of City Of Bogo (Cebu),Cebu
2025-10-01 07:56:00,11.17,123.97,22,2.0,014km N 05° W of City Of Bogo (Cebu),Cebu
2025-10-01 07:55:00,10.95,123.99,21,2.2,011km S 08° E of City Of Bogo (Cebu),Cebu
2025-10-01 07:54:00,11.13,123.92,2,2.1,011km N 35° W of City Of Bogo (Cebu),Cebu
2025-10-01 07:52:00,11.03,124.06,23,2.1,009km S 76° E of City Of Bogo (Cebu),Cebu
2025-10-01 07:46:00,11.02,123.94,38,2.4,005km S 54° W of City Of Bogo (Cebu),Cebu
2025-10-01 07:41:00,11.11,124.1,6,1.4,015km N 64° E of City Of Bogo (Cebu),Cebu
2025-10-01 07:41:00,11.08,124.08,6,3.6,012km N 73° E of City Of Bogo (Cebu),Cebu
2025-10-01 07:35:00,10.91,123.73,11,2.1,031km S 62° W of City Of Bogo (Cebu),Cebu
2025-10-01 07:32:00,10.93,124.12,28,2.5,020km S 49° E of City Of Bogo (Cebu),Cebu
2025-10-01 07:31:00,11.17,124.02,32,1.9,014km N 19° E of City Of Bogo (Cebu),Cebu
2025-10-01 07:24:00,11.02,123.89,22,2.0,011km S 71° W of City Of Bogo (Cebu),Cebu
2025-10-01 07:22:00,11.0,123.94,5,2.6,007km S 43° W of City Of Bogo (Cebu),Cebu
2025-10-01 07:19:00,10.91,123.87,41,2.1,019km S 39° W of City Of Bogo (Cebu),Cebu
2025-10-01 07:14:00,10.83,123.89,8,2.1,026km S 21° W of City Of Bogo (Cebu),Cebu
2025-10-01 07:12:00,11.14,123.99,25,1.8,011km N 04° E of City Of Bogo (Cebu),Cebu
2025-10-01 07:11:00,11.15,123.89,31,1.6,015km N 39° W of City Of Bogo (Cebu),Cebu
2025-10-01 07:09:00,11.21,124.16,10,2.2,027km N 49° E of City Of Bogo (Cebu),Cebu
2025-10-01 07:07:00,10.97,124.13,25,1.9,018km S 63° E of City Of Bogo (Cebu),Cebu
2025-10-01 07:03:00,11.22,124.43,29,2.4,004km N 78° E of Villaba (Leyte),Leyte
2025-10-01 07:01:00,10.98,123.96,5,4.4,007km S 13° W of City Of Bogo (Cebu),Cebu
2025-10-01 06:59:00,10.91,124.01,25,1.9,004km S 37° W of Tabogon (Cebu),Cebu
2025-10-01 06:55:00,11.11,124.01,33,1.6,007km N 24° E of City Of Bogo (Cebu),Cebu
2025-10-01 06:48:00,10.98,123.97,19,2.0,007km S 11° W of City Of Bogo (Cebu),Cebu
2025-10-01 06:42:00,11.18,123.97,17,1.9,015km N 03° W of City Of Bogo (Cebu),Cebu
2025-10-01 06:40:00,10.97,124.0,15,2.3,008km S 14° E of City Of Bogo (Cebu),Cebu
2025-10-01 06:43:00,10.97,123.94,32,2.1,009km S 30° W of City Of Bogo (Cebu),Cebu
2025-10-01 06:38:00,11.26,124.09,24,2.1,026km N 26° E of City Of Bogo (Cebu),Cebu
2025-10-01 06:36:00,11.2,124.12,32,1.4,015km S 68° E of Daanbantayan (Cebu),Cebu
2025-10-01 06:34:00,11.11,124.07,30,2.0,012km N 54° E of City Of Bogo (Cebu),Cebu
2025-10-01 06:33:00,11.02,123.94,31,1.9,006km S 56° W of City Of Bogo (Cebu),Cebu
2025-10-01 06:30:00,11.02,124.25,54,2.6,030km S 85° E of City Of Bogo (Cebu),Cebu
2025-10-01 06:28:00,11.14,124.06,9,2.0,014km N 42° E of City Of Bogo (Cebu),Cebu
2025-10-01 06:27:00,11.14,124.09,9,1.7,016km N 49° E of City Of Bogo (Cebu),Cebu
2025-10-01 06:20:00,11.65,123.63,28,1.5,034km S 25° W of Cawayan (Masbate),Masbate
2025-10-01 06:24:00,10.93,123.97,2,2.3,013km S 05° W of City Of Bogo (Cebu),Cebu
2025-10-01 06:17:00,11.06,124.08,13,2.4,011km N 80° E of City Of Bogo (Cebu),Cebu
2025-10-01 06:15:00,10.98,124.05,21,2.3,010km S 46° E of City Of Bogo (Cebu),Cebu
2025-10-01 06:12:00,11.12,124.19,2,2.0,025km N 70° E of City Of Bogo (Cebu),Cebu
2025-10-01 06:07:00,11.01,123.84,26,1.9,016km S 74° W of City Of Bogo (Cebu),Cebu
2025-10-01 06:11:00,11.15,124.0,24,2.0,012km N 13° E of City Of Bogo (Cebu),Cebu
2025-10-01 06:09:00,11.11,123.93,22,2.2,009km N 37° W of City Of Bogo (Cebu),Cebu
2025-10-01 06:08:00,10.86,123.9,4,2.5,022km S 22° W of City Of Bogo (Cebu),Cebu
2025-10-01 05:58:00,11.18,123.97,23,2.4,015km N 04° W of City Of Bogo (Cebu),Cebu
2025-10-01 05:53:00,11.06,124.08,2,2.3,011km N 80° E of City Of Bogo (Cebu),Cebu
2025-10-01 05:55:00,11.15,123.95,8,1.7,012km N 16° W of City Of Bogo (Cebu),Cebu
2025-10-01 05:51:00,11.04,124.01,7,1.9,003km S 73° E of City Of Bogo (Cebu),Cebu
2025-10-01 05:50:00,11.09,124.02,33,2.2,007km N 41° E of City Of Bogo (Cebu),Cebu
2025-10-01 05:47:00,10.98,123.97,37,2.6,008km S 06° W of City Of Bogo (Cebu),Cebu
2025-10-01 05:46:00,11.19,123.95,22,1.8,016km N 10° W of City Of Bogo (Cebu),Cebu
2025-10-01 05:46:00,11.19,123.95,22,1.8,016km N 10° W of City Of Bogo (Cebu),Cebu
2025-10-01 05:45:00,11.12,123.97,4,2.7,008km N 08° W of City Of Bogo (Cebu),Cebu
2025-10-01 05:42:00,11.16,123.98,32,2.1,013km N 01° E of City Of Bogo (Cebu),Cebu
2025-10-01 05:41:00,10.99,123.95,2,2.1,007km S 32° W of City Of Bogo (Cebu),Cebu
2025-10-01 05:35:00,10.94,124.0,19,3.5,012km S 10° E of City Of Bogo (Cebu),Cebu
2025-10-01 05:30:00,11.14,123.87,5,3.0,015km N 48° W of City Of Bogo (Cebu),Cebu
2025-10-01 05:29:00,9.6,122.25,121,2.0,024km S 89° W of Hinoba-an (Negros Occidental),Negros Occidental
2025-10-01 05:23:00,10.92,123.92,24,2.1,016km S 24° W of City Of Bogo (Cebu),Cebu
2025-10-01 05:20:00,11.15,123.98,31,1.7,011km N 01° W of City Of Bogo (Cebu),Cebu
2025-10-01 05:15:00,10.89,124.1,29,2.1,022km S 39° E of City Of Bogo (Cebu),Cebu
2025-10-01 05:10:00,11.08,124.05,23,2.5,008km N 64° E of City Of Bogo (Cebu),Cebu
2025-10-01 05:09:00,10.85,123.99,36,1.8,022km S 02° E of City Of Bogo (Cebu),Cebu
2025-10-01 05:02:00,11.15,123.96,9,3.1,011km N 10° W of City Of Bogo (Cebu),Cebu
2025-10-01 05:01:00,11.19,123.95,23,2.1,016km N 13° W of City Of Bogo (Cebu),Cebu
2025-10-01 04:59:00,11.37,123.9,35,2.6,036km N 14° W of City Of Bogo (Cebu),Cebu
2025-10-01 04:57:00,9.9,126.18,24,2.4,010km N 68° E of Pilar (Surigao Del Norte),Surigao Del Norte
2025-10-01 04:56:00,11.28,124.02,34,2.2,026km N 10° E of City Of Bogo (Cebu),Cebu
2025-10-01 04:55:00,10.85,123.92,2,2.5,023km S 17° W of City Of Bogo (Cebu),Cebu
2025-10-01 04:51:00,11.04,123.92,5,2.1,006km S 88° W of City Of Bogo (Cebu),Cebu
2025-10-01 04:47:00,10.89,123.88,2,2.2,021km S 33° W of City Of Bogo (Cebu),Cebu
2025-10-01 04:44:00,10.9,123.96,4,3.7,016km S 09° W of City Of Bogo (Cebu),Cebu
2025-10-01 04:41:00,11.08,123.94,2,2.9,005km N 45° W of City Of Bogo (Cebu),Cebu
2025-10-01 04:36:00,11.14,123.87,20,2.6,016km N 49° W of City Of Bogo (Cebu),Cebu
2025-10-01 04:30:00,11.03,123.93,26,3.4,005km S 74° W of City Of Bogo (Cebu),Cebu
2025-10-01 04:27:00,10.93,123.97,7,3.6,013km S 03° W of City Of Bogo (Cebu),Cebu
2025-10-01 04:24:00,11.12,123.8,24,3.0,022km N 68° W of City Of Bogo (Cebu),Cebu
2025-10-01 04:20:00,11.07,123.91,3,2.3,008km N 71° W of City Of Bogo (Cebu),Cebu
2025-10-01 04:16:00,11.18,123.98,17,2.4,015km N 01° E of City Of Bogo (Cebu),Cebu
2025-10-01 04:17:00,10.87,123.88,2,2.1,022km S 29° W of City Of Bogo (Cebu),Cebu
2025-10-01 04:15:00,11.12,123.99,5,1.7,009km N 10° E of City Of Bogo (Cebu),Cebu
2025-10-01 04:13:00,11.5,124.05,30,1.5,027km S 02° E of Esperanza (Masbate),Masbate
2025-10-01 04:18:00,13.64,120.54,87,3.0,024km S 25° W of Calatagan (Batangas),Batangas
2025-10-01 04:12:00,8.8,126.52,27,2.1,025km N 89° E of Marihatag (Surigao Del Sur),Surigao Del Sur
2025-10-01 04:09:00,10.8,123.93,25,3.0,028km S 11° W of City Of Bogo (Cebu),Cebu
2025-10-01 04:11:00,18.67,121.9,7,2.2,027km S 08° E of Camiguin Island (Calayan) (Cagayan),Cagayan
2025-10-01 04:07:00,11.14,123.93,7,1.8,012km N 27° W of City Of Bogo (Cebu),Cebu
2025-10-01 04:05:00,10.73,123.93,18,2.2,008km S 77° W of Sogod (Cebu),Cebu
2025-10-01 04:04:00,11.15,123.96,4,2.3,012km N 13° W of City Of Bogo (Cebu),Cebu
2025-10-01 04:03:00,11.17,124.15,9,2.2,023km N 54° E of City Of Bogo (Cebu),Cebu
2025-10-01 03:56:00,11.04,124.04,18,1.8,007km S 86° E of City Of Bogo (Cebu),Cebu
2025-10-01 03:55:00,11.07,124.08,2,2.7,011km N 75° E of City Of Bogo (Cebu),Cebu
2025-10-01 03:47:00,11.09,124.18,30,1.6,022km N 77° E of City Of Bogo (Cebu),Cebu
2025-10-01 03:51:00,8.84,126.47,32,3.4,019km N 77° E of Marihatag (Surigao Del Sur),Surigao Del Sur
2025-10-01 03:50:00,11.1,124.1,9,3.1,015km N 68° E of City Of Bogo (Cebu),Cebu
2025-10-01 03:44:00,11.1,124.16,2,3.5,020km N 72° E of City Of Bogo (Cebu),Cebu
2025-10-01 03:41:00,11.17,124.12,34,2.5,021km N 47° E of City Of Bogo (Cebu),Cebu
2025-10-01 03:39:00,11.19,124.15,12,2.0,024km N 50° E of City Of Bogo (Cebu),Cebu
2025-10-01 03:38:00,11.16,124.11,34,1.9,015km S 50° E of Daanbantayan (Cebu),Cebu
2025-10-01 03:37:00,10.98,124.25,28,2.0,030km S 75° E of City Of Bogo (Cebu),Cebu
2025-10-01 03:35:00,11.14,124.14,5,2.8,019km S 52° E of Daanbantayan (Cebu),Cebu
2025-10-01 03:30:00,11.05,123.99,4,4.5,001km N 68° E of City Of Bogo (Cebu),Cebu
2025-10-01 03:29:00,11.0,123.92,25,2.1,008km S 53° W of City Of Bogo (Cebu),Cebu
2025-10-01 03:27:00,11.05,123.95,24,1.8,003km S 88° W of City Of Bogo (Cebu),Cebu
2025-10-01 03:18:00,11.09,123.84,22,1.5,016km N 72° W of City Of Bogo (Cebu),Cebu
2025-10-01 03:16:00,11.08,123.98,34,2.2,003km North of City Of Bogo (Cebu),Cebu
2025-10-01 03:15:00,10.95,123.96,4,2.2,011km S 11° W of City Of Bogo (Cebu),Cebu
2025-10-01 03:13:00,11.17,124.05,19,2.3,011km S 34° E of Daanbantayan (Cebu),Cebu
2025-10-01 03:10:00,11.15,124.13,9,2.4,020km N 54° E of City Of Bogo (Cebu),Cebu
2025-10-01 03:07:00,11.21,123.99,32,1.4,018km N 03° E of City Of Bogo (Cebu),Cebu
2025-10-01 03:05:00,11.31,123.91,7,2.3,031km N 15° W of City Of Bogo (Cebu),Cebu
2025-10-01 03:03:00,10.91,123.9,9,1.4,015km S 77° W of Tabogon (Cebu),Cebu
2025-10-01 03:02:00,11.07,124.0,15,1.4,003km N 50° E of City Of Bogo (Cebu),Cebu
2025-10-01 02:58:00,12.04,123.48,48,2.0,022km S 09° W of Milagros (Masbate),Masbate
2025-10-01 02:55:00,11.16,124.16,2,2.6,024km N 57° E of City Of Bogo (Cebu),Cebu
2025-10-01 02:45:00,11.84,123.88,123,2.0,006km S 48° W of Placer (Masbate),Masbate
2025-10-01 02:52:00,11.2,124.07,25,2.2,020km N 31° E of City Of Bogo (Cebu),Cebu
2025-10-01 02:51:00,11.04,124.17,18,2.2,021km S 88° E of City Of Bogo (Cebu),Cebu
2025-10-01 02:44:00,11.1,123.92,45,2.7,009km N 50° W of City Of Bogo (Cebu),Cebu
2025-10-01 02:40:00,11.12,124.16,6,3.7,022km N 67° E of City Of Bogo (Cebu),Cebu
2025-10-01 02:26:00,10.99,124.11,33,1.8,015km S 66° E of City Of Bogo (Cebu),Cebu
2025-10-01 02:36:00,11.14,123.97,33,2.6,010km N 04° W of City Of Bogo (Cebu),Cebu
2025-10-01 02:25:00,11.13,124.14,3,2.6,020km N 63° E of City Of Bogo (Cebu),Cebu
2025-10-01 02:34:00,11.28,123.96,33,2.1,025km N 04° W of City Of Bogo (Cebu),Cebu
2025-10-01 02:32:00,11.13,123.89,23,2.3,013km N 48° W of City Of Bogo (Cebu),Cebu
2025-10-01 02:19:00,11.14,123.96,24,2.1,010km N 12° W of City Of Bogo (Cebu),Cebu
2025-10-01 02:24:00,11.28,124.07,13,1.5,028km N 21° E of City Of Bogo (Cebu),Cebu
2025-10-01 02:20:00,11.21,124.06,34,2.5,020km N 27° E of City Of Bogo (Cebu),Cebu
2025-10-01 02:18:00,11.2,124.08,33,1.6,020km N 32° E of City Of Bogo (Cebu),Cebu
2025-10-01 02:13:00,11.17,124.03,25,2.2,014km N 21° E of City Of Bogo (Cebu),Cebu
2025-10-01 02:12:00,11.07,124.06,35,2.3,009km N 75° E of City Of Bogo (Cebu),Cebu
2025-10-01 02:09:00,11.43,123.88,31,3.4,044km N 14° W of City Of Bogo (Cebu),Cebu
2025-10-01 02:07:00,10.95,123.96,2,2.6,010km S 14° W of City Of Bogo (Cebu),Cebu
2025-10-01 02:06:00,10.99,124.01,10,2.1,007km S 29° E of City Of Bogo (Cebu),Cebu
2025-10-01 01:55:00,10.9,124.02,38,2.5,017km S 14° E of City Of Bogo (Cebu),Cebu
2025-10-01 01:52:00,11.16,123.98,31,2.6,013km N 01° W of City Of Bogo (Cebu),Cebu
2025-10-01 01:52:00,11.16,123.98,31,2.6,013km N 01° W of City Of Bogo (Cebu),Cebu
2025-10-01 01:48:00,11.17,124.09,5,2.2,019km N 41° E of City Of Bogo (Cebu),Cebu
2025-10-01 01:35:00,11.03,124.03,9,1.5,006km S 68° E of City Of Bogo (Cebu),Cebu
2025-10-01 01:34:00,11.13,123.87,24,2.2,015km N 52° W of City Of Bogo (Cebu),Cebu
2025-10-01 01:33:00,11.07,124.09,8,1.4,012km N 79° E of City Of Bogo (Cebu),Cebu
2025-10-01 01:47:00,11.13,124.01,18,2.3,010km N 16° E of City Of Bogo (Cebu),Cebu
2025-10-01 01:41:00,11.31,124.02,31,1.9,029km N 08° E of City Of Bogo (Cebu),Cebu
2025-10-01 01:39:00,11.0,124.04,11,2.2,009km S 51° E of City Of Bogo (Cebu),Cebu
2025-10-01 01:30:00,11.15,124.17,2,3.4,024km N 60° E of City Of Bogo (Cebu),Cebu
2025-10-01 01:27:00,10.93,124.07,15,1.6,016km S 38° E of City Of Bogo (Cebu),Cebu
2025-10-01 01:24:00,11.16,124.16,7,3.1,023km N 58° E of City Of Bogo (Cebu),Cebu
2025-10-01 01:20:00,11.37,124.07,35,2.1,037km N 16° E of City Of Bogo (Cebu),Cebu
2025-10-01 01:16:00,11.14,124.19,3,3.5,026km N 66° E of City Of Bogo (Cebu),Cebu
2025-10-01 01:14:00,11.08,124.16,32,2.0,020km N 79° E of City Of Bogo (Cebu),Cebu
2025-10-01 01:12:00,11.04,124.04,33,3.5,006km S 85° E of City Of Bogo (Cebu),Cebu
2025-10-01 01:09:00,11.17,124.05,16,2.9,016km N 30° E of City Of Bogo (Cebu),Cebu
2025-10-01 01:08:00,11.09,124.16,2,2.3,021km N 75° E of City Of Bogo (Cebu),Cebu
2025-10-01 01:05:00,11.04,124.22,2,1.5,026km S 89° E of City Of Bogo (Cebu),Cebu
2025-10-01 01:04:00,11.14,124.1,8,2.1,017km N 53° E of City Of Bogo (Cebu),Cebu
2025-10-01 01:01:00,11.09,124.09,2,2.6,013km N 66° E of City Of Bogo (Cebu),Cebu
2025-10-01 00:59:00,11.17,124.04,4,3.8,015km N 26° E of City Of Bogo (Cebu),Cebu
2025-10-01 00:55:00,11.3,124.09,4,2.6,030km N 23° E of City Of Bogo (Cebu),Cebu
2025-10-01 00:53:00,11.31,123.95,31,3.1,030km N 07° W of City Of Bogo (Cebu),Cebu
2025-10-01 00:51:00,11.06,124.11,10,4.5,014km N 84° E of City Of Bogo (Cebu),Cebu
2025-10-01 00:48:00,11.14,123.89,6,2.9,014km N 43° W of City Of Bogo (Cebu),Cebu
2025-10-01 00:48:00,11.21,124.08,18,1.4,021km N 32° E of City Of Bogo (Cebu),Cebu
2025-10-01 00:47:00,10.86,124.09,31,1.5,024km S 29° E of City Of Bogo (Cebu),Cebu
2025-10-01 00:45:00,10.95,123.94,4,2.1,012km S 23° W of City Of Bogo (Cebu),Cebu
2025-10-01 00:43:00,11.02,124.04,4,2.8,007km S 65° E of City Of Bogo (Cebu),Cebu
2025-10-01 00:38:00,11.03,124.01,33,1.9,004km S 61° E of City Of Bogo (Cebu),Cebu
2025-10-01 00:35:00,11.06,123.97,5,1.7,002km N 36° W of City Of Bogo (Cebu),Cebu
2025-10-01 00:34:00,11.18,124.17,5,4.8,025km N 56° E of City Of Bogo (Cebu),Cebu
2025-10-01 00:31:00,10.94,124.01,9,3.0,013km S 16° E of City Of Bogo (Cebu),Cebu
2025-10-01 00:28:00,11.03,123.92,2,3.1,006km S 72° W of City Of Bogo (Cebu),Cebu
2025-10-01 00:26:00,11.15,124.11,4,1.4,018km N 52° E of City Of Bogo (Cebu),Cebu
2025-10-01 00:21:00,10.86,123.95,30,1.8,020km S 08° W of City Of Bogo (Cebu),Cebu
2025-10-01 00:19:00,11.01,124.0,2,2.5,005km S 22° E of City Of Bogo (Cebu),Cebu
2025-10-01 00:15:00,11.19,124.11,3,2.4,022km N 41° E of City Of Bogo (Cebu),Cebu
2025-10-01 00:12:00,11.08,124.11,6,2.5,015km N 77° E of City Of Bogo (Cebu),Cebu
2025-10-01 00:06:00,10.95,123.89,2,2.0,014km S 42° W of City Of Bogo (Cebu),Cebu
2025-10-01 00:04:00,11.05,123.97,8,3.6,001km N 49° W of City Of Bogo (Cebu),Cebu
2025-10-01 00:01:00,10.83,123.95,10,4.5,024km S 08° W of City Of Bogo (Cebu),Cebu
