date_time,latitude,longitude,depth,magnitude,location
30 September 2025 - 11:59 PM,11.08,124.06,007,3.8,010km N 67° E of City Of Bogo (Cebu)
30 September 2025 - 11:51 PM,10.77,123.70,011,2.6,015km N 70° W of Tuburan (Cebu)
30 September 2025 - 11:49 PM,11.18,123.99,030,2.0,015km N 03° E of City Of Bogo (Cebu)
30 September 2025 - 11:47 PM,11.15,124.16,006,2.6,023km N 60° E of City Of Bogo (Cebu)
30 September 2025 - 11:42 PM,11.12,124.03,031,2.2,010km N 31° E of City Of Bogo (Cebu)
30 September 2025 - 11:41 PM,11.12,124.03,031,2.2,010km N 31° E of City Of Bogo (Cebu)
30 September 2025 - 11:35 PM,11.24,123.92,026,3.4,023km N 17° W of City Of Bogo (Cebu)
30 September 2025 - 11:33 PM,11.04,123.93,008,3.0,005km S 86° W of City Of Bogo (Cebu)
30 September 2025 - 11:32 PM,11.06,124.06,007,2.2,009km N 77° E of City Of Bogo (Cebu)
30 September 2025 - 11:29 PM,10.97,123.91,002,2.2,011km S 44° W of City Of Bogo (Cebu)
30 September 2025 - 11:25 PM,11.13,124.03,007,2.6,011km N 30° E of City Of Bogo (Cebu)
30 September 2025 - 11:24 PM,11.02,123.96,002,2.8,006km S 10° W of City Of Bogo (Cebu)
30 September 2025 - 11:12 PM,11.05,123.95,080,3.4,004km N 81° W of City Of Bogo (Cebu)
30 September 2025 - 11:06 PM,16.92,120.61,024,2.5,009km N 67° E of Alilem (Ilocos Sur)
30 September 2025 - 10:58 PM,11.02,123.90,008,2.9,009km S 69° W of City Of Bogo (Cebu)
30 September 2025 - 10:52 PM,11.00,124.09,005,3.2,013km S 66° E of City Of Bogo (Cebu)
30 September 2025 - 10:47 PM,11.10,123.87,085,2.4,013km N 62° W of City Of Bogo (Cebu)
30 September 2025 - 10:39 PM,10.98,124.00,003,3.8,005km N 32° W of Tabogon (Cebu)
30 September 2025 - 10:32 PM,11.03,124.02,005,3.9,005km S 63° E of City Of Bogo (Cebu)
30 September 2025 - 10:28 PM,10.81,124.14,028,2.8,013km S 74° E of Borbon (Cebu)
30 September 2025 - 10:24 PM,11.03,124.02,004,4.0,004km S 68° E of City Of Bogo (Cebu)
30 September 2025 - 09:59 PM,11.10,124.14,005,6.9,019km N 70° E of City Of Bogo (Cebu)
30 September 2025 - 09:42 PM,09.11,123.17,002,3.1,004km N 65° W of Zamboanguita (Negros Oriental)
30 September 2025 - 08:44 PM,16.51,122.23,022,1.5,004km S 67° W of Dinapigue (Isabela)
30 September 2025 - 08:24 PM,08.05,125.94,026,2.1,003km S 38° W of Veruela (Agusan Del Sur)
30 September 2025 - 07:03 PM,12.76,121.23,002,2.0,027km S 64° W of Bansud (Oriental Mindoro)
30 September 2025 - 06:27 PM,15.48,121.74,021,2.0,036km S 32° E of Baler (Aurora)
30 September 2025 - 06:11 PM,04.65,127.90,045,3.4,285km S 71° E of Sarangani Island (Municipality Of Sarangani) (Davao Occidental)
30 September 2025 - 05:32 PM,08.10,126.27,147,1.8,014km S 20° W of City Of Bislig (Surigao Del Sur)
30 September 2025 - 03:25 PM,13.54,120.84,002,2.0,013km N 73° W of Puerto Galera (Oriental Mindoro)
30 September 2025 - 01:03 PM,09.88,126.58,017,2.6,048km N 77° E of General Luna (Surigao Del Norte)
30 September 2025 - 12:47 PM,15.40,121.94,004,3.1,053km N 15° E of Panukulan (Quezon)
30 September 2025 - 12:27 PM,13.54,120.85,002,2.9,013km S 09° W of Tingloy (Batangas)
30 September 2025 - 12:21 PM,13.83,119.86,022,2.1,028km S 85° W of Lubang (Occidental Mindoro)
30 September 2025 - 06:56 AM,12.73,125.18,006,2.3,022km N 17° E of Palapag (Northern Samar)
30 September 2025 - 06:53 AM,15.11,119.76,028,1.7,032km S 80° W of Cabangan (Zambales)
30 September 2025 - 06:40 AM,18.48,120.94,026,2.0,005km N 59° E of Adams (Ilocos Norte)
30 September 2025 - 06:31 AM,11.52,124.39,006,2.4,005km S 13° W of Naval (Biliran)
30 September 2025 - 05:37 AM,13.79,120.62,084,1.8,005km S 12° W of Calatagan (Batangas)
30 September 2025 - 04:53 AM,13.18,124.96,009,3.0,072km N 14° W of Palapag (Northern Samar)
30 September 2025 - 03:58 AM,12.82,125.33,013,2.7,038km N 37° E of Palapag (Northern Samar)
30 September 2025 - 03:54 AM,12.95,124.47,032,1.7,032km S 71° E of Prieto Diaz (Sorsogon)
30 September 2025 - 03:51 AM,14.78,123.99,035,1.7,083km N 14° W of Pandan (Catanduanes)
30 September 2025 - 03:49 AM,12.88,125.40,003,3.3,048km N 40° E of Palapag (Northern Samar)
30 September 2025 - 03:47 AM,13.34,120.58,014,1.7,013km N 07° W of Mamburao (Occidental Mindoro)
30 September 2025 - 03:46 AM,07.15,124.02,003,2.4,009km N 02° W of Datu Blah T. Sinsuat (Maguindanao Del Norte)
30 September 2025 - 03:02 AM,12.91,124.04,002,2.4,006km N 41° E of Casiguran (Sorsogon)
30 September 2025 - 03:01 AM,06.49,127.03,022,3.0,089km S 46° E of Tarragona (Davao Oriental)
30 September 2025 - 02:36 AM,06.62,126.70,017,2.4,055km S 30° E of Tarragona (Davao Oriental)
30 September 2025 - 02:20 AM,07.71,122.17,009,1.5,003km N 75° E of Siocon (Zamboanga Del Norte)
30 September 2025 - 02:17 AM,07.09,124.06,013,1.7,005km N 65° E of Datu Blah T. Sinsuat (Maguindanao Del Norte)
30 September 2025 - 02:15 AM,13.64,120.52,178,1.7,024km S 31° W of Calatagan (Batangas)
30 September 2025 - 01:51 AM,15.15,122.72,002,2.0,065km N 39° E of Jomalig (Quezon)
30 September 2025 - 01:41 AM,13.64,120.57,101,3.2,022km S 17° W of Calatagan (Batangas)
30 September 2025 - 01:32 AM,13.39,120.63,019,1.7,012km S 60° W of Abra De Ilog (Occidental Mindoro)
30 September 2025 - 01:14 AM,18.57,121.07,019,1.9,005km S 11° W of Claveria (Cagayan)
30 September 2025 - 12:57 AM,14.05,120.41,121,3.3,024km S 83° W of Nasugbu (Batangas)
30 September 2025 - 12:52 AM,09.34,125.61,009,1.7,010km N 38° E of Santiago (Agusan Del Norte)
30 September 2025 - 12:48 AM,14.00,120.33,124,3.8,034km S 75° W of Nasugbu (Batangas)
30 September 2025 - 12:38 AM,14.40,123.57,029,2.0,054km N 39° E of Siruma (Camarines Sur)
30 September 2025 - 12:22 AM,11.68,125.84,003,2.3,042km N 61° E of Maydolong (Eastern Samar)
30 September 2025 - 12:18 AM,18.66,120.71,015,3.8,014km N 37° W of Pagudpud (Ilocos Norte)
30 September 2025 - 12:14 AM,05.72,125.89,146,3.0,034km S 52° E of Jose Abad Santos (Davao Occidental)
29 September 2025 - 10:48 PM,12.07,124.52,028,1.6,009km N 86° W of City Of Calbayog (Samar)
29 September 2025 - 10:28 PM,07.68,122.97,008,1.6,002km S 63° W of Diplahan (Zamboanga Sibugay)
29 September 2025 - 10:09 PM,12.53,123.55,003,1.9,008km N 40° E of Baleno (Masbate)
29 September 2025 - 09:06 PM,07.47,122.09,005,1.8,014km S 26° W of Sirawai (Zamboanga Del Norte)
29 September 2025 - 09:02 PM,12.82,125.26,017,2.0,035km N 28° E of Palapag (Northern Samar)
29 September 2025 - 08:46 PM,09.62,126.01,026,1.7,005km N 89° E of Socorro (Surigao Del Norte)
29 September 2025 - 08:45 PM,13.67,120.55,102,3.2,020km S 26° W of Calatagan (Batangas)
29 September 2025 - 08:23 PM,07.14,123.99,009,2.8,009km N 24° W of Datu Blah T. Sinsuat (Maguindanao Del Norte)
29 September 2025 - 08:21 PM,10.51,125.05,005,2.7,014km S 42° E of Mahaplag (Leyte)
29 September 2025 - 08:11 PM,07.92,122.09,006,3.0,014km N 28° W of Baliguian (Zamboanga Del Norte)
29 September 2025 - 07:21 PM,10.47,126.09,020,2.0,050km S 54° E of Homonhon Island (Guiuan) (Eastern Samar)
29 September 2025 - 06:57 PM,12.50,123.57,003,1.8,009km N 68° E of Baleno (Masbate)
29 September 2025 - 05:57 PM,12.59,125.18,010,3.7,008km N 53° E of Palapag (Northern Samar)
29 September 2025 - 05:30 PM,13.70,120.61,079,1.5,015km S 08° W of Calatagan (Batangas)
29 September 2025 - 04:40 PM,12.78,125.26,007,2.1,030km N 31° E of Palapag (Northern Samar)
29 September 2025 - 04:39 PM,13.00,125.40,020,1.3,059km N 32° E of Palapag (Northern Samar)
29 September 2025 - 04:30 PM,13.72,120.60,082,1.4,014km S 17° W of Calatagan (Batangas)
29 September 2025 - 03:53 PM,09.99,126.17,033,2.2,011km S 71° E of Burgos (Surigao Del Norte)
29 September 2025 - 03:48 PM,06.17,125.32,122,3.3,008km N 20° E of Alabel (Sarangani)
29 September 2025 - 02:40 PM,12.89,125.34,016,2.4,046km N 33° E of Palapag (Northern Samar)
29 September 2025 - 02:30 PM,14.09,124.13,003,2.4,006km N 42° W of Pandan (Catanduanes)
29 September 2025 - 02:24 PM,12.69,125.15,007,2.6,017km N 13° E of Palapag (Northern Samar)
29 September 2025 - 02:18 PM,12.55,125.13,005,2.5,001km N 63° E of Palapag (Northern Samar)
29 September 2025 - 02:16 PM,12.81,125.23,013,2.5,032km N 23° E of Palapag (Northern Samar)
29 September 2025 - 02:13 PM,12.87,125.32,014,2.8,043km N 32° E of Palapag (Northern Samar)
29 September 2025 - 02:10 PM,12.91,125.36,014,3.5,048km N 33° E of Palapag (Northern Samar)
29 September 2025 - 01:02 PM,12.51,123.65,010,2.5,015km S 07° W of Monreal (Masbate)
29 September 2025 - 12:30 PM,12.66,125.15,009,2.6,013km N 16° E of Palapag (Northern Samar)
29 September 2025 - 12:20 PM,07.79,124.62,004,2.4,007km N 86° W of Amai Manabilang (Lanao Del Sur)
29 September 2025 - 11:00 AM,05.80,125.79,116,4.4,020km S 52° E of Jose Abad Santos (Davao Occidental)
29 September 2025 - 10:21 AM,12.91,125.37,009,3.6,049km N 35° E of Palapag (Northern Samar)
29 September 2025 - 09:06 AM,06.72,125.11,011,2.3,006km S 54° W of Magsaysay (Davao Del Sur)
29 September 2025 - 09:00 AM,09.05,126.51,021,1.8,027km N 70° E of Bayabas (Surigao Del Sur)
29 September 2025 - 08:32 AM,09.60,122.15,023,2.5,034km N 90° W of Hinoba-an (Negros Occidental)
29 September 2025 - 07:43 AM,10.44,123.13,002,2.1,012km N 60° W of City Of Canlaon (Negros Oriental)
29 September 2025 - 06:45 AM,06.44,126.77,033,2.1,076km S 28° E of Tarragona (Davao Oriental)
29 September 2025 - 05:11 AM,06.24,125.88,138,1.8,020km N 74° E of Don Marcelino (Davao Occidental)
29 September 2025 - 04:32 AM,08.66,126.14,034,2.0,006km N 61° E of Lianga (Surigao Del Sur)
29 September 2025 - 04:30 AM,08.82,123.28,023,1.5,024km N 36° W of City Of Dapitan (Zamboanga Del Norte)
29 September 2025 - 04:26 AM,17.52,122.96,033,2.5,073km N 73° E of Divilacan (Isabela)
29 September 2025 - 04:17 AM,11.72,125.70,027,4.0,027km S 81° E of San Julian (Eastern Samar)
29 September 2025 - 03:23 AM,12.85,125.26,013,2.2,038km N 25° E of Palapag (Northern Samar)
29 September 2025 - 03:19 AM,16.71,120.03,022,2.1,033km N 72° W of City Of San Fernando (La Union)
29 September 2025 - 03:17 AM,15.07,123.05,002,2.4,067km N 10° E of Tinaga Island (Vinzons) (Camarines Norte)
29 September 2025 - 03:13 AM,12.82,125.29,017,4.5,038km N 06° E of Mapanas (Northern Samar)
29 September 2025 - 02:46 AM,08.26,126.59,030,2.0,030km N 80° E of City Of Bislig (Surigao Del Sur)
29 September 2025 - 02:15 AM,07.75,124.53,008,1.5,018km S 76° W of Amai Manabilang (Lanao Del Sur)
29 September 2025 - 02:12 AM,12.80,125.30,012,2.4,034km N 35° E of Palapag (Northern Samar)
29 September 2025 - 02:06 AM,08.90,122.56,020,2.0,055km S 71° W of Siaton (Negros Oriental)
29 September 2025 - 01:54 AM,06.65,126.57,017,2.2,046km S 17° E of Tarragona (Davao Oriental)
29 September 2025 - 01:45 AM,07.73,126.61,037,2.2,018km N 17° E of Baganga (Davao Oriental)
29 September 2025 - 01:18 AM,08.54,121.49,032,2.4,108km N 42° W of Baliguian (Zamboanga Del Norte)
29 September 2025 - 01:04 AM,13.81,120.61,143,2.2,003km S 46° W of Calatagan (Batangas)
29 September 2025 - 12:55 AM,10.74,125.58,069,2.6,016km N 89° W of Homonhon Island (Guiuan) (Eastern Samar)
29 September 2025 - 12:32 AM,09.32,125.92,014,2.4,006km S 35° W of Carrascal (Surigao Del Sur)
28 September 2025 - 11:52 PM,12.81,123.56,007,1.7,012km S 21° W of Donsol (Sorsogon)
28 September 2025 - 11:38 PM,06.63,125.16,010,1.9,011km S 34° W of Matanao (Davao Del Sur)
28 September 2025 - 10:51 PM,06.87,123.77,021,2.3,035km S 51° W of Datu Blah T. Sinsuat (Maguindanao Del Norte)
28 September 2025 - 10:28 PM,05.63,126.40,102,3.8,089km S 70° E of Jose Abad Santos (Davao Occidental)
28 September 2025 - 10:17 PM,14.16,119.80,011,2.0,048km N 46° W of Lubang (Occidental Mindoro)
28 September 2025 - 10:15 PM,12.77,123.52,035,1.2,017km S 29° W of Donsol (Sorsogon)
28 September 2025 - 10:13 PM,10.91,124.94,035,1.5,003km N 35° W of La Paz (Leyte)
28 September 2025 - 10:07 PM,10.74,124.97,006,2.4,004km S 83° W of Abuyog (Leyte)
28 September 2025 - 09:13 PM,08.94,127.49,033,2.5,130km N 89° E of Cagwait (Surigao Del Sur)
28 September 2025 - 07:31 PM,07.64,124.57,002,1.9,016km S 89° W of Wao (Lanao Del Sur)
28 September 2025 - 07:13 PM,07.08,123.97,002,2.8,005km N 76° W of Datu Blah T. Sinsuat (Maguindanao Del Norte)
28 September 2025 - 05:22 PM,07.74,122.10,009,1.8,006km N 46° W of Siocon (Zamboanga Del Norte)
28 September 2025 - 04:45 PM,07.91,122.67,032,2.0,007km S 01° E of Tampilisan (Zamboanga Del Norte)
28 September 2025 - 03:36 PM,11.29,125.54,032,1.6,005km N 07° E of General Macarthur (Eastern Samar)
28 September 2025 - 03:21 PM,12.52,123.61,002,1.7,013km N 65° E of Baleno (Masbate)
28 September 2025 - 03:14 PM,12.54,123.60,003,2.6,013km N 57° E of Baleno (Masbate)
28 September 2025 - 03:06 PM,08.75,126.44,030,2.0,017km S 71° E of Marihatag (Surigao Del Sur)
28 September 2025 - 02:57 PM,12.54,123.55,007,2.4,010km N 37° E of Baleno (Masbate)
28 September 2025 - 02:20 PM,10.01,126.14,033,1.4,007km S 82° E of Burgos (Surigao Del Norte)
28 September 2025 - 02:06 PM,09.78,126.12,033,1.5,004km S 79° W of General Luna (Surigao Del Norte)
28 September 2025 - 01:15 PM,14.15,120.48,105,1.8,018km N 64° W of Nasugbu (Batangas)
28 September 2025 - 12:22 PM,09.31,126.76,008,3.4,063km N 86° E of Cortes (Surigao Del Sur)
28 September 2025 - 11:40 AM,09.90,124.55,013,1.7,005km N 38° E of Mabini (Bohol)
28 September 2025 - 10:22 AM,12.81,125.28,012,2.8,035km N 32° E of Palapag (Northern Samar)
28 September 2025 - 09:07 AM,12.29,120.76,008,2.5,029km S 49° W of Rizal (Occidental Mindoro)
28 September 2025 - 09:06 AM,12.54,123.54,008,1.9,009km N 32° E of Baleno (Masbate)
28 September 2025 - 08:29 AM,12.52,123.58,004,2.5,010km N 58° E of Baleno (Masbate)
28 September 2025 - 08:18 AM,09.30,123.21,005,3.0,004km N 65° W of Valencia (Negros Oriental)
28 September 2025 - 07:37 AM,08.05,122.97,004,2.5,012km S 21° E of Leon B. Postigo (Zamboanga Del Norte)
28 September 2025 - 06:51 AM,08.47,126.75,016,2.8,047km N 75° E of Hinatuan (Surigao Del Sur)
28 September 2025 - 05:50 AM,09.80,122.46,013,2.0,005km N 40° E of City Of Sipalay (Negros Occidental)
28 September 2025 - 04:33 AM,05.11,127.61,007,3.5,235km S 68° E of Jose Abad Santos (Davao Occidental)
28 September 2025 - 04:02 AM,08.78,126.54,024,2.3,027km S 85° E of Marihatag (Surigao Del Sur)
28 September 2025 - 04:00 AM,09.76,122.23,022,2.3,022km S 87° W of City Of Sipalay (Negros Occidental)
28 September 2025 - 03:19 AM,12.50,123.57,008,1.9,009km N 66° E of Baleno (Masbate)
28 September 2025 - 03:08 AM,09.39,126.52,014,1.8,038km N 71° E of Cortes (Surigao Del Sur)
28 September 2025 - 03:05 AM,08.96,126.50,022,1.4,023km N 79° E of Cagwait (Surigao Del Sur)
28 September 2025 - 01:14 AM,08.38,124.44,024,1.6,017km S 80° E of Manticao (Misamis Oriental)
28 September 2025 - 01:13 AM,18.52,120.82,024,1.4,002km S 86° E of Dumalneg (Ilocos Norte)
28 September 2025 - 12:59 AM,10.05,126.13,012,2.3,007km N 58° E of Burgos (Surigao Del Norte)
28 September 2025 - 12:53 AM,09.80,123.91,010,2.4,003km N 35° E of Antequera (Bohol)
28 September 2025 - 12:45 AM,10.39,125.12,017,1.7,009km S 89° W of Hinunangan (Southern Leyte)
28 September 2025 - 12:38 AM,07.89,122.91,026,1.9,014km S 30° E of Godod (Zamboanga Del Norte)
28 September 2025 - 12:30 AM,08.98,126.46,022,2.2,019km N 69° E of Cagwait (Surigao Del Sur)
28 September 2025 - 12:15 AM,09.38,126.26,017,2.5,013km N 34° E of Cortes (Surigao Del Sur)
27 September 2025 - 11:30 PM,10.45,123.14,001,3.0,024km N 83° E of City Of La Carlota (Negros Occidental)
27 September 2025 - 11:27 PM,06.57,126.43,015,2.6,041km S 76° E of Governor Generoso (Davao Oriental)
27 September 2025 - 11:21 PM,10.06,126.15,022,1.6,010km N 61° E of Burgos (Surigao Del Norte)
27 September 2025 - 11:20 PM,09.74,122.20,025,2.0,025km S 81° W of City Of Sipalay (Negros Occidental)
27 September 2025 - 11:11 PM,10.02,126.33,033,1.9,028km East of Burgos (Surigao Del Norte)
27 September 2025 - 11:05 PM,10.02,126.13,011,3.9,006km N 89° E of Burgos (Surigao Del Norte)
27 September 2025 - 11:03 PM,09.78,122.56,022,2.9,010km S 57° W of Candoni (Negros Occidental)
27 September 2025 - 11:03 PM,10.01,126.11,009,3.0,004km S 75° E of Burgos (Surigao Del Norte)
27 September 2025 - 10:59 PM,10.08,126.16,009,4.0,010km N 58° E of Burgos (Surigao Del Norte)
27 September 2025 - 10:58 PM,08.05,124.86,033,1.4,018km N 71° W of Lantapan (Bukidnon)
27 September 2025 - 09:52 PM,07.68,126.48,074,2.4,013km S 13° E of Cateel (Davao Oriental)
27 September 2025 - 09:47 PM,08.77,122.68,015,2.7,050km S 50° W of Siaton (Negros Oriental)
27 September 2025 - 09:35 PM,05.68,126.45,057,3.1,093km S 74° E of Jose Abad Santos (Davao Occidental)
27 September 2025 - 09:06 PM,08.09,124.53,010,1.6,017km S 26° W of Talakag (Bukidnon)
27 September 2025 - 08:59 PM,11.80,125.31,021,2.6,016km N 70° W of San Julian (Eastern Samar)
27 September 2025 - 07:26 PM,12.70,125.25,015,2.7,026km N 42° E of Palapag (Northern Samar)
27 September 2025 - 07:09 PM,12.09,121.60,017,2.2,019km N 16° E of Caluya (Antique)
27 September 2025 - 06:00 PM,07.81,124.40,034,1.6,005km S 73° E of Ganassi (Lanao Del Sur)
27 September 2025 - 05:25 PM,18.76,121.00,002,2.1,019km N 28° W of Claveria (Cagayan)
27 September 2025 - 05:24 PM,07.09,126.80,025,2.5,032km S 66° E of Manay (Davao Oriental)
27 September 2025 - 05:00 PM,09.98,126.10,014,2.2,005km N 18° E of San Isidro (Surigao Del Norte)
27 September 2025 - 03:16 PM,08.22,124.55,012,2.2,006km S 77° W of Talakag (Bukidnon)
27 September 2025 - 01:39 PM,12.52,123.56,006,2.3,008km N 51° E of Baleno (Masbate)
27 September 2025 - 01:10 PM,07.98,126.58,041,1.7,019km S 71° E of Lingig (Surigao Del Sur)
27 September 2025 - 01:03 PM,14.16,119.38,008,2.4,087km N 68° W of Lubang (Occidental Mindoro)
27 September 2025 - 12:32 PM,13.06,124.33,032,2.0,015km N 80° E of Prieto Diaz (Sorsogon)
27 September 2025 - 12:03 PM,13.73,120.57,099,1.8,014km S 31° W of Calatagan (Batangas)
27 September 2025 - 10:30 AM,16.21,120.42,017,1.6,007km S 75° W of Rosario (La Union)
27 September 2025 - 10:22 AM,08.36,123.25,024,2.3,017km S 14° W of Katipunan (Zamboanga Del Norte)
27 September 2025 - 09:16 AM,08.41,123.30,015,2.2,011km S 11° E of Katipunan (Zamboanga Del Norte)
27 September 2025 - 07:17 AM,08.92,122.58,026,2.1,052km S 72° W of Siaton (Negros Oriental)
27 September 2025 - 05:56 AM,06.73,123.43,633,3.8,071km N 82° W of Lebak (Sultan Kudarat)
27 September 2025 - 05:02 AM,13.54,120.89,002,2.8,009km N 58° W of Puerto Galera (Oriental Mindoro)
27 September 2025 - 03:36 AM,06.37,125.74,024,1.7,015km S 74° E of Malita (Davao Occidental)
27 September 2025 - 03:22 AM,10.30,123.13,011,1.7,013km S 79° E of La Castellana (Negros Occidental)
27 September 2025 - 03:20 AM,08.97,126.04,021,2.0,003km N 11° E of San Miguel (Surigao Del Sur)
27 September 2025 - 03:12 AM,10.36,123.05,021,2.2,005km N 43° E of La Castellana (Negros Occidental)
27 September 2025 - 03:11 AM,12.54,124.79,010,2.4,005km N 58° E of Mondragon (Northern Samar)
27 September 2025 - 03:08 AM,14.61,123.31,033,2.4,041km N 70° E of Tinaga Island (Vinzons) (Camarines Norte)
27 September 2025 - 03:05 AM,08.47,123.41,032,1.4,005km S 80° W of PiÑan (Zamboanga Del Norte)
27 September 2025 - 03:03 AM,08.93,126.65,019,2.1,038km N 89° E of Cagwait (Surigao Del Sur)
27 September 2025 - 02:09 AM,10.81,125.58,006,2.2,017km N 64° W of Homonhon Island (Guiuan) (Eastern Samar)
27 September 2025 - 02:04 AM,17.61,120.64,002,1.8,001km S 30° W of Tayum (Abra)
27 September 2025 - 01:58 AM,05.97,124.95,028,1.7,013km N 23° W of Maasim (Sarangani)
27 September 2025 - 01:49 AM,07.64,124.69,028,1.7,004km N 85° W of Wao (Lanao Del Sur)
27 September 2025 - 01:36 AM,07.68,124.56,005,3.1,019km N 75° W of Wao (Lanao Del Sur)
27 September 2025 - 01:35 AM,05.04,126.05,009,2.4,080km S 53° E of Sarangani Island (Municipality Of Sarangani) (Davao Occidental)
27 September 2025 - 01:29 AM,14.14,122.94,032,1.7,002km N 81° E of Talisay (Camarines Norte)
27 September 2025 - 01:18 AM,12.89,124.47,028,1.6,026km N 26° E of Biri (Northern Samar)
27 September 2025 - 01:07 AM,12.86,124.49,034,1.6,024km N 35° E of Biri (Northern Samar)
27 September 2025 - 12:51 AM,12.84,125.19,006,3.6,034km N 15° E of Palapag (Northern Samar)
27 September 2025 - 12:43 AM,08.65,125.58,022,2.3,008km S 64° W of Esperanza (Agusan Del Sur)
27 September 2025 - 12:25 AM,12.58,125.57,015,2.3,036km N 53° E of Gamay (Northern Samar)
26 September 2025 - 11:57 PM,09.62,125.80,010,3.6,009km N 52° E of Claver (Surigao Del Norte)
26 September 2025 - 11:16 PM,08.47,123.16,003,4.1,009km S 54° E of Manukan (Zamboanga Del Norte)
26 September 2025 - 10:52 PM,08.21,125.85,026,2.5,003km N 15° W of Loreto (Agusan Del Sur)
26 September 2025 - 10:43 PM,10.70,121.92,008,1.9,006km S 89° W of Hamtic (Antique)
26 September 2025 - 10:12 PM,07.57,126.13,022,2.7,012km S 26° E of Compostela (Davao De Oro)
26 September 2025 - 09:13 PM,10.73,121.84,013,4.3,011km S 79° W of San Jose De Buenavista (Antique)
26 September 2025 - 08:08 PM,14.09,122.78,033,1.3,009km S 39° W of Labo (Camarines Norte)
26 September 2025 - 08:08 PM,09.99,123.24,007,2.4,004km N 68° E of Jimalalud (Negros Oriental)
26 September 2025 - 07:44 PM,13.24,123.82,010,2.5,005km N 81° E of Santo Domingo (Albay)
26 September 2025 - 07:20 PM,13.72,120.74,025,1.5,016km N 66° W of Tingloy (Batangas)
26 September 2025 - 06:14 PM,08.43,123.21,011,2.2,010km S 16° W of President Manuel A. Roxas (Zamboanga Del Norte)
26 September 2025 - 05:29 PM,13.57,120.67,006,1.9,015km N 22° W of Abra De Ilog (Occidental Mindoro)
26 September 2025 - 04:48 PM,09.62,126.21,035,2.0,018km S 17° E of General Luna (Surigao Del Norte)
26 September 2025 - 02:27 PM,13.85,120.58,156,3.1,006km N 73° W of Calatagan (Batangas)
26 September 2025 - 01:56 PM,07.12,124.07,017,3.2,008km N 47° E of Datu Blah T. Sinsuat (Maguindanao Del Norte)
26 September 2025 - 01:32 PM,14.97,121.37,008,3.3,033km S 89° E of Doña Remedios Trinidad (Bulacan)
26 September 2025 - 11:45 AM,06.62,125.15,009,2.6,012km S 86° W of Kiblawan (Davao Del Sur)
26 September 2025 - 11:41 AM,13.12,124.20,032,2.8,009km N 03° E of Prieto Diaz (Sorsogon)
26 September 2025 - 11:40 AM,07.95,127.07,002,3.2,070km N 54° E of Baganga (Davao Oriental)
26 September 2025 - 09:31 AM,05.80,126.16,035,2.3,059km S 77° E of Jose Abad Santos (Davao Occidental)
26 September 2025 - 09:04 AM,12.33,123.54,033,1.8,010km S 66° W of City Of Masbate (Masbate)
26 September 2025 - 08:46 AM,05.90,124.13,009,3.3,035km S 11° W of Palimbang (Sultan Kudarat)
26 September 2025 - 07:33 AM,05.63,125.96,053,2.6,047km S 48° E of Jose Abad Santos (Davao Occidental)
26 September 2025 - 07:22 AM,09.82,125.70,019,2.0,013km S 16° E of Cagdianao (Dinagat Islands)
26 September 2025 - 06:54 AM,12.55,123.60,005,2.5,012km S 37° W of Monreal (Masbate)
26 September 2025 - 06:48 AM,12.82,125.32,014,4.4,039km N 10° E of Mapanas (Northern Samar)
26 September 2025 - 06:38 AM,12.49,123.58,005,1.8,009km N 79° E of Baleno (Masbate)
26 September 2025 - 06:25 AM,14.61,119.77,008,2.8,051km S 42° W of San Antonio (Zambales)
26 September 2025 - 06:16 AM,12.53,123.61,005,2.3,013km N 63° E of Baleno (Masbate)
26 September 2025 - 05:53 AM,07.92,126.99,003,2.4,061km N 51° E of Baganga (Davao Oriental)
26 September 2025 - 04:00 AM,07.81,126.81,008,2.3,040km N 87° E of Cateel (Davao Oriental)
26 September 2025 - 03:11 AM,13.73,120.59,098,1.8,012km S 23° W of Calatagan (Batangas)
26 September 2025 - 01:59 AM,15.70,120.72,019,3.0,006km N 50° W of Guimba (Nueva Ecija)
26 September 2025 - 01:58 AM,06.58,125.25,014,3.7,004km S 15° W of Kiblawan (Davao Del Sur)
26 September 2025 - 01:49 AM,08.98,126.30,024,2.0,002km N 63° E of Bayabas (Surigao Del Sur)
26 September 2025 - 01:44 AM,15.80,121.95,029,1.6,041km N 84° E of Baler (Aurora)
26 September 2025 - 01:30 AM,15.74,121.90,014,1.5,036km S 87° E of Baler (Aurora)
26 September 2025 - 12:29 AM,12.53,123.59,003,2.0,012km N 60° E of Baleno (Masbate)
26 September 2025 - 12:06 AM,15.13,122.05,002,2.5,033km N 15° E of Burdeos (Quezon)
25 September 2025 - 11:57 PM,12.53,123.56,007,3.8,009km N 48° E of Baleno (Masbate)
25 September 2025 - 10:44 PM,06.96,126.64,163,2.3,024km S 66° E of Tarragona (Davao Oriental)
25 September 2025 - 10:13 PM,12.57,121.97,004,2.0,007km N 38° W of San Andres (Romblon)
25 September 2025 - 09:15 PM,13.63,119.38,012,1.7,084km S 72° W of Lubang (Occidental Mindoro)
25 September 2025 - 09:09 PM,09.88,126.29,014,2.5,019km N 55° E of General Luna (Surigao Del Norte)
25 September 2025 - 09:07 PM,15.72,121.96,021,1.6,043km S 85° E of Baler (Aurora)
25 September 2025 - 08:47 PM,09.23,122.15,009,1.8,054km S 40° W of Hinoba-an (Negros Occidental)
25 September 2025 - 07:04 PM,09.88,125.45,007,2.0,011km N 27° W of City Of Surigao (Surigao Del Norte)
25 September 2025 - 05:12 PM,16.38,122.17,012,1.9,005km S 80° W of Dilasag (Aurora)
25 September 2025 - 05:05 PM,08.10,126.68,031,1.5,030km N 77° E of Lingig (Surigao Del Sur)
25 September 2025 - 05:00 PM,15.73,122.00,012,4.1,046km S 06° E of Dinalungan (Aurora)
25 September 2025 - 04:57 PM,15.73,121.97,020,1.9,044km S 85° E of Baler (Aurora)
25 September 2025 - 04:35 PM,18.40,120.97,009,1.9,010km S 47° E of Adams (Ilocos Norte)
25 September 2025 - 04:24 PM,12.60,123.51,003,2.1,014km N 04° E of Baleno (Masbate)
25 September 2025 - 02:50 PM,15.55,122.38,017,2.6,080km S 34° E of Dinalungan (Aurora)
25 September 2025 - 11:57 AM,13.53,120.64,001,2.4,014km N 45° W of Abra De Ilog (Occidental Mindoro)
25 September 2025 - 10:28 AM,09.55,126.51,011,3.5,046km S 57° E of General Luna (Surigao Del Norte)
25 September 2025 - 10:12 AM,16.75,119.88,038,2.3,040km N 02° W of Bolinao (Pangasinan)
25 September 2025 - 09:10 AM,10.08,125.10,014,2.0,010km N 59° E of Padre Burgos (Southern Leyte)
25 September 2025 - 08:37 AM,10.01,125.07,014,3.7,007km S 73° E of Padre Burgos (Southern Leyte)
25 September 2025 - 07:11 AM,13.40,120.29,008,1.8,019km S 85° W of Paluan (Occidental Mindoro)
25 September 2025 - 06:57 AM,07.82,121.98,010,2.9,021km N 55° W of Siocon (Zamboanga Del Norte)
25 September 2025 - 05:28 AM,05.71,127.00,035,3.5,151km S 82° E of Jose Abad Santos (Davao Occidental)
25 September 2025 - 04:22 AM,17.97,120.78,010,2.1,014km S 85° E of Banna (Ilocos Norte)
25 September 2025 - 03:57 AM,08.49,125.74,029,2.0,001km S 22° W of San Luis (Agusan Del Sur)
25 September 2025 - 03:56 AM,16.96,119.85,024,3.6,058km N 78° W of Luna (La Union)
25 September 2025 - 03:02 AM,09.50,123.83,010,1.7,013km S 43° E of Panglao (Bohol)
25 September 2025 - 03:02 AM,16.20,122.11,016,1.6,009km S 11° W of Casiguran (Aurora)
25 September 2025 - 01:51 AM,09.04,126.49,023,1.9,024km N 70° E of Bayabas (Surigao Del Sur)
24 September 2025 - 11:29 PM,10.02,126.02,024,2.1,002km West of Santa Monica (Surigao Del Norte)
24 September 2025 - 11:07 PM,14.26,119.28,020,2.8,101km N 64° W of Lubang (Occidental Mindoro)
24 September 2025 - 10:04 PM,15.54,119.94,039,2.0,002km N 79° W of Masinloc (Zambales)
24 September 2025 - 06:18 PM,08.71,126.85,007,2.6,068km N 56° E of Hinatuan (Surigao Del Sur)
24 September 2025 - 05:46 PM,10.26,126.25,012,3.0,033km N 36° E of Burgos (Surigao Del Norte)
24 September 2025 - 04:19 PM,05.38,126.31,070,2.8,093km S 83° E of Sarangani Island (Municipality Of Sarangani) (Davao Occidental)
24 September 2025 - 04:09 PM,13.68,120.62,087,1.6,017km S 05° W of Calatagan (Batangas)
24 September 2025 - 04:00 PM,19.10,122.50,035,2.2,070km N 73° E of Camiguin Island (Calayan) (Cagayan)
24 September 2025 - 03:12 PM,13.68,120.25,012,2.2,004km S 01° E of Looc (Occidental Mindoro)
24 September 2025 - 11:37 AM,09.32,126.40,013,2.3,023km N 78° E of Cortes (Surigao Del Sur)
24 September 2025 - 10:09 AM,06.82,126.75,018,2.5,042km S 53° E of Tarragona (Davao Oriental)
24 September 2025 - 07:32 AM,10.50,126.78,028,3.6,093km N 56° E of Burgos (Surigao Del Norte)
24 September 2025 - 07:08 AM,14.13,120.42,078,2.0,024km N 74° W of Nasugbu (Batangas)
24 September 2025 - 06:44 AM,07.19,124.00,005,3.2,014km N 09° W of Datu Blah T. Sinsuat (Maguindanao Del Norte)
24 September 2025 - 06:03 AM,03.24,126.71,045,4.1,280km S 31° E of Balut Island (Municipality Of Sarangani) (Davao Occidental)
24 September 2025 - 05:47 AM,06.48,125.85,154,3.1,028km N 74° E of Malita (Davao Occidental)
24 September 2025 - 05:14 AM,12.75,121.21,004,2.5,030km S 64° W of Bansud (Oriental Mindoro)
24 September 2025 - 04:47 AM,12.01,126.09,013,2.2,066km S 88° E of Dolores (Eastern Samar)
24 September 2025 - 02:14 AM,10.06,126.30,014,3.0,026km N 79° E of Burgos (Surigao Del Norte)
24 September 2025 - 02:12 AM,07.58,126.06,005,1.8,009km N 67° W of New Bataan (Davao De Oro)
24 September 2025 - 02:09 AM,09.76,126.73,021,2.3,063km S 87° E of General Luna (Surigao Del Norte)
24 September 2025 - 02:05 AM,09.88,126.18,025,2.1,009km N 81° E of Pilar (Surigao Del Norte)
24 September 2025 - 01:57 AM,09.56,126.49,018,2.5,046km N 47° E of Cortes (Surigao Del Sur)
24 September 2025 - 01:19 AM,05.79,127.66,053,3.4,193km S 44° E of Tarragona (Davao Oriental)
24 September 2025 - 01:06 AM,13.68,120.63,097,1.7,017km S 01° E of Calatagan (Batangas)
24 September 2025 - 12:41 AM,07.87,124.63,007,2.6,011km N 30° W of Amai Manabilang (Lanao Del Sur)
23 September 2025 - 11:57 PM,04.94,127.52,134,4.1,235km S 75° E of Sarangani Island (Municipality Of Sarangani) (Davao Occidental)
23 September 2025 - 11:39 PM,06.50,126.98,051,3.9,085km S 44° E of Tarragona (Davao Oriental)
23 September 2025 - 11:04 PM,07.22,122.03,033,1.9,008km S 26° W of Sibuco (Zamboanga Del Norte)
23 September 2025 - 10:39 PM,09.76,126.32,014,1.9,018km S 83° E of General Luna (Surigao Del Norte)
23 September 2025 - 10:18 PM,10.99,125.78,014,2.5,008km S 56° E of Guiuan (Eastern Samar)
23 September 2025 - 09:40 PM,06.23,126.39,093,2.3,059km S 37° E of Governor Generoso (Davao Oriental)
23 September 2025 - 09:15 PM,09.29,126.05,017,2.0,007km N 11° W of Lanuza (Surigao Del Sur)
23 September 2025 - 09:12 PM,05.49,125.69,167,3.0,024km N 86° E of Sarangani Island (Municipality Of Sarangani) (Davao Occidental)
23 September 2025 - 08:49 PM,08.58,123.37,033,1.9,003km S 80° E of City Of Dipolog (Zamboanga Del Norte)
23 September 2025 - 08:20 PM,10.02,126.11,032,1.5,004km N 82° E of Burgos (Surigao Del Norte)
23 September 2025 - 08:09 PM,10.13,126.16,017,3.8,016km N 37° E of Burgos (Surigao Del Norte)
23 September 2025 - 07:48 PM,20.40,123.23,026,2.8,132km S 87° E of Basco (Batanes)
23 September 2025 - 05:09 PM,07.82,122.73,026,1.4,003km N 54° W of Kabasalan (Zamboanga Sibugay)
23 September 2025 - 02:36 PM,07.50,125.65,038,2.0,005km S 43° E of Santo Tomas (Davao Del Norte)
23 September 2025 - 02:31 PM,17.37,120.27,026,2.5,019km N 75° W of San Esteban (Ilocos Sur)
23 September 2025 - 01:56 PM,15.91,120.73,026,2.4,006km N 75° E of Balungao (Pangasinan)
23 September 2025 - 11:42 AM,13.88,120.43,205,2.6,022km N 76° W of Calatagan (Batangas)
23 September 2025 - 07:54 AM,06.51,126.10,121,2.3,016km S 09° E of Governor Generoso (Davao Oriental)
23 September 2025 - 07:46 AM,07.14,124.03,011,3.2,008km N 07° E of Datu Blah T. Sinsuat (Maguindanao Del Norte)
23 September 2025 - 07:20 AM,07.09,123.98,001,2.0,005km N 67° W of Datu Blah T. Sinsuat (Maguindanao Del Norte)
23 September 2025 - 07:17 AM,09.66,126.68,014,3.0,058km S 77° E of General Luna (Surigao Del Norte)
23 September 2025 - 06:14 AM,09.45,126.24,024,2.3,020km N 15° E of Cortes (Surigao Del Sur)
23 September 2025 - 05:34 AM,07.80,124.55,004,2.3,015km N 83° W of Amai Manabilang (Lanao Del Sur)
23 September 2025 - 05:22 AM,16.54,120.67,007,3.1,008km N 30° E of Tublay (Benguet)
23 September 2025 - 04:32 AM,19.65,121.27,020,4.5,048km N 27° W of Calayan (Cagayan)
23 September 2025 - 04:18 AM,10.13,126.17,014,2.3,016km N 41° E of Burgos (Surigao Del Norte)
23 September 2025 - 03:48 AM,05.42,127.27,016,2.7,190km S 44° E of Governor Generoso (Davao Oriental)
23 September 2025 - 03:24 AM,07.74,122.15,008,2.0,004km N 30° E of Siocon (Zamboanga Del Norte)
23 September 2025 - 03:01 AM,09.55,126.12,030,2.2,019km S 65° E of Socorro (Surigao Del Norte)
23 September 2025 - 03:01 AM,07.11,124.19,028,1.5,017km N 53° W of Datu Odin Sinsuat (Maguindanao Del Norte)
23 September 2025 - 02:23 AM,07.50,126.08,033,1.6,008km S 53° W of New Bataan (Davao De Oro)
23 September 2025 - 02:20 AM,09.29,126.52,008,1.7,036km N 87° E of Cortes (Surigao Del Sur)
23 September 2025 - 02:06 AM,09.33,126.25,016,2.1,009km N 46° E of Cortes (Surigao Del Sur)
23 September 2025 - 02:05 AM,07.70,124.76,024,1.7,005km S 12° E of Kalilangan (Bukidnon)
23 September 2025 - 02:05 AM,07.50,126.05,035,1.4,012km S 61° W of New Bataan (Davao De Oro)
23 September 2025 - 01:50 AM,05.31,126.36,024,2.7,100km S 79° E of Sarangani Island (Municipality Of Sarangani) (Davao Occidental)
23 September 2025 - 01:27 AM,07.55,126.05,033,2.1,009km S 89° W of New Bataan (Davao De Oro)
23 September 2025 - 01:14 AM,08.77,126.26,024,2.2,005km N 59° E of San Agustin (Surigao Del Sur)
23 September 2025 - 12:38 AM,10.46,123.86,002,2.4,014km N 47° W of Consolacion (Cebu)
23 September 2025 - 12:06 AM,07.71,122.16,009,1.5,003km N 75° E of Siocon (Zamboanga Del Norte)
22 September 2025 - 11:20 PM,06.02,125.96,042,2.0,035km S 56° E of Don Marcelino (Davao Occidental)
22 September 2025 - 11:05 PM,07.09,123.88,034,1.5,016km N 81° W of Datu Blah T. Sinsuat (Maguindanao Del Norte)
22 September 2025 - 10:53 PM,07.07,123.97,002,2.6,005km N 88° W of Datu Blah T. Sinsuat (Maguindanao Del Norte)
22 September 2025 - 10:51 PM,08.47,125.84,047,2.7,007km N 67° E of Talacogon (Agusan Del Sur)
22 September 2025 - 10:40 PM,07.08,124.00,003,2.2,002km N 60° W of Datu Blah T. Sinsuat (Maguindanao Del Norte)
22 September 2025 - 10:32 PM,07.14,123.99,001,3.3,008km N 22° W of Datu Blah T. Sinsuat (Maguindanao Del Norte)
22 September 2025 - 10:27 PM,07.10,123.99,002,3.1,005km N 50° W of Datu Blah T. Sinsuat (Maguindanao Del Norte)
22 September 2025 - 10:06 PM,07.05,123.95,001,2.8,008km S 75° W of Datu Blah T. Sinsuat (Maguindanao Del Norte)
22 September 2025 - 10:00 PM,07.06,123.96,001,2.6,007km S 85° W of Datu Blah T. Sinsuat (Maguindanao Del Norte)
22 September 2025 - 09:47 PM,07.63,121.99,019,2.2,018km S 61° W of Siocon (Zamboanga Del Norte)
22 September 2025 - 06:49 PM,06.01,125.46,072,2.4,020km N 76° E of Malapatan (Sarangani)
22 September 2025 - 06:40 PM,10.01,126.18,009,2.7,011km S 87° E of Burgos (Surigao Del Norte)
22 September 2025 - 05:43 PM,10.09,123.50,012,2.1,003km S 19° W of Barili (Cebu)
22 September 2025 - 05:15 PM,08.22,126.05,001,2.6,007km N 52° E of Bunawan (Agusan Del Sur)
22 September 2025 - 03:17 PM,05.84,126.33,052,3.0,076km S 84° E of Jose Abad Santos (Davao Occidental)
22 September 2025 - 02:21 PM,11.25,124.60,007,2.7,007km S 43° W of Capoocan (Leyte)
22 September 2025 - 02:17 PM,13.01,121.22,003,1.9,019km S 21° W of Victoria (Oriental Mindoro)
22 September 2025 - 01:49 PM,07.68,121.90,011,2.5,026km S 85° W of Siocon (Zamboanga Del Norte)
22 September 2025 - 01:40 PM,07.47,126.07,017,2.9,011km S 40° W of New Bataan (Davao De Oro)
22 September 2025 - 11:26 AM,07.72,125.68,004,2.8,006km S 58° W of San Isidro (Davao Del Norte)
22 September 2025 - 11:02 AM,07.84,121.97,010,4.4,024km N 50° W of Siocon (Zamboanga Del Norte)
22 September 2025 - 10:11 AM,07.82,121.91,004,4.6,028km N 63° W of Siocon (Zamboanga Del Norte)
22 September 2025 - 09:52 AM,10.77,124.86,001,2.2,008km S 75° W of Javier (Leyte)
22 September 2025 - 08:10 AM,12.53,123.53,009,2.3,008km N 29° E of Baleno (Masbate)
22 September 2025 - 08:04 AM,06.55,126.36,032,2.6,034km S 71° E of Governor Generoso (Davao Oriental)
22 September 2025 - 06:56 AM,05.49,125.84,136,2.7,041km N 87° E of Sarangani Island (Municipality Of Sarangani) (Davao Occidental)
22 September 2025 - 06:01 AM,13.87,120.45,019,1.6,020km N 77° W of Calatagan (Batangas)
22 September 2025 - 05:22 AM,14.29,119.21,032,2.6,110km N 64° W of Lubang (Occidental Mindoro)
22 September 2025 - 03:56 AM,07.97,122.33,025,1.6,009km S 79° W of Gutalac (Zamboanga Del Norte)
22 September 2025 - 03:26 AM,07.76,122.26,027,1.6,014km S 65° E of Baliguian (Zamboanga Del Norte)
22 September 2025 - 02:22 AM,05.68,127.17,088,2.6,162km S 48° E of Governor Generoso (Davao Oriental)
22 September 2025 - 02:15 AM,18.48,120.95,001,2.4,005km N 67° E of Adams (Ilocos Norte)
22 September 2025 - 02:12 AM,12.31,125.22,011,2.9,003km N 43° W of Jipapad (Eastern Samar)
22 September 2025 - 01:53 AM,10.49,125.96,018,2.6,038km S 43° E of Homonhon Island (Guiuan) (Eastern Samar)
22 September 2025 - 01:31 AM,12.84,124.27,111,4.0,013km S 77° E of Barcelona (Sorsogon)
22 September 2025 - 01:13 AM,13.79,123.10,035,1.5,007km N 15° W of Cabusao (Camarines Sur)
22 September 2025 - 01:10 AM,13.12,119.54,020,2.5,102km S 49° W of Looc (Occidental Mindoro)
22 September 2025 - 12:58 AM,08.72,126.39,027,1.9,013km S 48° E of Marihatag (Surigao Del Sur)
22 September 2025 - 12:48 AM,10.16,122.41,004,2.4,032km N 49° W of Cauayan (Negros Occidental)
21 September 2025 - 10:36 PM,05.92,127.62,028,3.7,180km S 46° E of Tarragona (Davao Oriental)
21 September 2025 - 09:55 PM,13.56,120.38,002,2.2,023km S 37° E of Looc (Occidental Mindoro)
21 September 2025 - 09:51 PM,13.46,120.11,011,2.3,033km S 28° W of Looc (Occidental Mindoro)
21 September 2025 - 09:11 PM,14.01,119.99,013,2.2,022km N 41° W of Lubang (Occidental Mindoro)
21 September 2025 - 07:04 PM,10.52,125.04,002,2.4,013km S 87° W of Silago (Southern Leyte)
21 September 2025 - 06:42 PM,17.54,120.68,006,3.1,004km N 82° W of Bucay (Abra)
21 September 2025 - 06:02 PM,16.47,122.33,007,2.6,010km S 49° E of Dinapigue (Isabela)
21 September 2025 - 05:46 PM,16.52,121.06,003,3.1,003km S 59° E of Ambaguio (Nueva Vizcaya)
21 September 2025 - 05:02 PM,14.37,120.37,112,2.3,015km S 60° W of Mariveles (Bataan)
21 September 2025 - 04:25 PM,12.90,124.34,099,4.0,022km S 45° E of Prieto Diaz (Sorsogon)
21 September 2025 - 03:39 PM,10.77,122.35,003,2.7,003km N 77° E of Tubungan (Iloilo)
21 September 2025 - 03:05 PM,10.52,126.66,019,3.3,084km N 49° E of Burgos (Surigao Del Norte)
21 September 2025 - 01:21 PM,09.92,125.99,010,2.0,005km S 27° W of San Benito (Surigao Del Norte)
21 September 2025 - 01:12 PM,12.62,124.91,040,2.3,007km N 13° W of Pambujan (Northern Samar)
21 September 2025 - 11:49 AM,15.39,119.90,029,2.6,010km N 51° W of Iba (Zambales)
21 September 2025 - 09:15 AM,10.14,125.10,011,2.0,003km S 51° W of Liloan (Southern Leyte)
21 September 2025 - 08:40 AM,07.76,122.28,019,1.4,015km S 70° E of Baliguian (Zamboanga Del Norte)
21 September 2025 - 08:27 AM,07.74,126.08,021,2.4,008km N 05° W of Compostela (Davao De Oro)
21 September 2025 - 07:50 AM,08.22,126.53,030,1.8,023km N 87° E of City Of Bislig (Surigao Del Sur)
21 September 2025 - 05:37 AM,09.35,126.22,034,2.3,009km N 21° E of Cortes (Surigao Del Sur)
21 September 2025 - 05:03 AM,09.91,123.90,033,1.2,004km N 56° E of Calape (Bohol)
21 September 2025 - 04:20 AM,09.53,122.45,029,2.4,008km S 14° W of Hinoba-an (Negros Occidental)
21 September 2025 - 04:03 AM,07.89,122.12,032,2.8,010km N 18° W of Baliguian (Zamboanga Del Norte)
21 September 2025 - 04:03 AM,14.01,120.43,084,2.9,023km S 73° W of Nasugbu (Batangas)
21 September 2025 - 03:45 AM,11.55,125.27,036,1.6,019km S 68° W of City Of Borongan (Eastern Samar)
21 September 2025 - 03:39 AM,10.00,126.07,023,2.3,002km S 05° W of Burgos (Surigao Del Norte)
21 September 2025 - 02:54 AM,04.76,124.07,476,3.9,149km S 24° W of Kiamba (Sarangani)
21 September 2025 - 02:28 AM,17.64,120.44,003,2.0,004km S 88° E of Santo Domingo (Ilocos Sur)
21 September 2025 - 02:18 AM,08.95,122.84,007,2.3,025km S 59° W of Siaton (Negros Oriental)
21 September 2025 - 02:10 AM,15.35,119.53,033,1.6,042km S 77° W of Palauig (Zambales)
21 September 2025 - 02:03 AM,09.71,126.08,020,2.3,006km S 31° E of Dapa (Surigao Del Norte)
21 September 2025 - 01:56 AM,08.93,122.81,011,2.3,028km S 59° W of Siaton (Negros Oriental)
21 September 2025 - 01:18 AM,09.70,125.93,034,1.3,010km N 22° W of Socorro (Surigao Del Norte)
21 September 2025 - 01:17 AM,05.99,126.27,029,2.2,068km S 70° E of Don Marcelino (Davao Occidental)
21 September 2025 - 01:04 AM,09.67,126.72,030,3.0,063km S 79° E of General Luna (Surigao Del Norte)
21 September 2025 - 12:56 AM,16.93,119.99,017,3.2,043km N 78° W of Luna (La Union)
21 September 2025 - 12:48 AM,13.59,120.89,009,2.0,008km S 16° E of Tingloy (Batangas)
21 September 2025 - 12:48 AM,07.08,124.01,002,2.1,002km N 25° W of Datu Blah T. Sinsuat (Maguindanao Del Norte)
21 September 2025 - 12:44 AM,15.38,119.62,012,2.9,032km S 79° W of Palauig (Zambales)
21 September 2025 - 12:41 AM,12.55,123.53,006,2.6,009km N 20° E of Baleno (Masbate)
21 September 2025 - 12:27 AM,08.54,122.47,017,1.9,053km N 07° W of Labason (Zamboanga Del Norte)
21 September 2025 - 12:08 AM,07.08,124.14,033,2.0,008km N 14° W of Upi (Maguindanao Del Norte)
20 September 2025 - 11:50 PM,17.40,120.41,016,1.5,007km S 69° W of Narvacan (Ilocos Sur)
20 September 2025 - 11:33 PM,13.95,119.88,009,3.0,028km N 68° W of Lubang (Occidental Mindoro)
20 September 2025 - 11:09 PM,08.53,122.43,029,2.5,052km N 12° W of Labason (Zamboanga Del Norte)
20 September 2025 - 10:52 PM,08.38,122.43,029,1.5,036km N 17° W of Labason (Zamboanga Del Norte)
20 September 2025 - 10:50 PM,08.55,122.45,010,2.9,055km N 09° W of Labason (Zamboanga Del Norte)
20 September 2025 - 10:47 PM,08.55,122.42,027,3.7,055km N 13° W of Labason (Zamboanga Del Norte)
20 September 2025 - 10:43 PM,08.55,122.45,015,2.7,053km N 28° W of Liloy (Zamboanga Del Norte)
20 September 2025 - 10:32 PM,08.55,122.36,032,2.2,056km N 18° W of Labason (Zamboanga Del Norte)
20 September 2025 - 10:24 PM,11.35,124.61,021,1.9,007km N 31° W of Capoocan (Leyte)
20 September 2025 - 10:22 PM,13.88,120.54,066,1.5,012km N 62° W of Calatagan (Batangas)
20 September 2025 - 10:03 PM,07.62,124.76,034,1.2,005km S 59° E of Wao (Lanao Del Sur)
20 September 2025 - 08:11 PM,18.33,120.76,001,2.3,015km S 87° E of Pasuquin (Ilocos Norte)
20 September 2025 - 03:43 PM,13.76,120.59,104,1.5,009km S 30° W of Calatagan (Batangas)
20 September 2025 - 02:26 PM,09.27,126.08,010,2.7,005km N 34° E of Lanuza (Surigao Del Sur)
20 September 2025 - 01:32 PM,06.46,126.24,018,4.2,029km S 41° E of Governor Generoso (Davao Oriental)
20 September 2025 - 11:31 AM,13.57,123.70,014,2.1,013km N 07° E of Tiwi (Albay)
20 September 2025 - 10:44 AM,13.68,120.59,118,2.1,018km S 13° W of Calatagan (Batangas)
20 September 2025 - 10:39 AM,03.15,126.87,012,4.0,298km S 33° E of Balut Island (Municipality Of Sarangani) (Davao Occidental)
20 September 2025 - 06:54 AM,12.23,124.87,057,2.2,010km N 12° W of Matuguinao (Samar)
20 September 2025 - 06:19 AM,09.87,126.48,024,2.3,037km N 75° E of General Luna (Surigao Del Norte)
20 September 2025 - 06:18 AM,09.86,126.56,065,1.7,045km N 79° E of General Luna (Surigao Del Norte)
20 September 2025 - 05:27 AM,17.82,120.81,009,2.8,011km N 04° W of Tineg (Abra)
20 September 2025 - 05:13 AM,13.19,120.93,033,1.3,026km N 62° E of Santa Cruz (Occidental Mindoro)
20 September 2025 - 05:09 AM,12.96,121.40,035,1.6,008km S 83° W of Gloria (Oriental Mindoro)
20 September 2025 - 04:43 AM,13.59,120.66,100,2.5,018km N 25° W of Abra De Ilog (Occidental Mindoro)
20 September 2025 - 04:39 AM,18.96,120.99,004,1.9,029km S 54° W of Dalupiri Island (Calayan) (Cagayan)
20 September 2025 - 02:39 AM,09.96,126.27,010,2.7,020km N 82° E of San Isidro (Surigao Del Norte)
20 September 2025 - 02:35 AM,13.19,124.18,032,1.4,005km N 81° E of Rapu-rapu (Albay)
20 September 2025 - 02:23 AM,13.47,123.91,069,2.0,023km N 57° E of City Of Tabaco (Albay)
20 September 2025 - 02:08 AM,12.99,124.54,012,2.6,038km S 82° E of Prieto Diaz (Sorsogon)
20 September 2025 - 02:06 AM,04.39,126.56,120,3.5,170km S 48° E of Balut Island (Municipality Of Sarangani) (Davao Occidental)
20 September 2025 - 01:57 AM,09.64,126.17,029,2.4,016km S 06° E of General Luna (Surigao Del Norte)
20 September 2025 - 01:45 AM,09.50,125.93,020,2.3,014km S 18° W of Socorro (Surigao Del Norte)
20 September 2025 - 01:38 AM,09.42,125.93,001,2.3,006km N 17° W of Carrascal (Surigao Del Sur)
20 September 2025 - 01:30 AM,09.40,125.94,011,3.5,004km N 21° W of Carrascal (Surigao Del Sur)
20 September 2025 - 01:26 AM,16.90,119.91,021,3.2,050km N 84° W of Luna (La Union)
20 September 2025 - 01:17 AM,15.64,120.03,027,1.5,011km N 81° E of Candelaria (Zambales)
20 September 2025 - 12:40 AM,16.91,119.99,018,2.4,042km N 81° W of Luna (La Union)
20 September 2025 - 12:37 AM,04.37,125.69,106,3.5,119km S 15° E of Balut Island (Municipality Of Sarangani) (Davao Occidental)
20 September 2025 - 12:21 AM,09.44,125.28,003,2.2,024km S 34° W of Malimono (Surigao Del Norte)
20 September 2025 - 12:19 AM,12.89,123.10,021,2.1,016km S 84° W of Claveria (Masbate)
20 September 2025 - 12:07 AM,12.80,123.04,006,2.9,025km S 65° W of Claveria (Masbate)
19 September 2025 - 11:49 PM,13.53,120.21,004,1.7,021km S 12° W of Looc (Occidental Mindoro)
19 September 2025 - 11:38 PM,08.15,126.67,026,1.7,031km N 67° E of Lingig (Surigao Del Sur)
19 September 2025 - 11:30 PM,08.08,124.78,033,1.4,026km S 48° E of Talakag (Bukidnon)
19 September 2025 - 10:58 PM,06.44,126.15,024,2.3,025km S 20° E of Governor Generoso (Davao Oriental)
19 September 2025 - 10:43 PM,07.72,126.86,029,2.1,037km N 65° E of Baganga (Davao Oriental)
19 September 2025 - 10:42 PM,17.02,119.63,012,2.9,075km N 22° W of Bolinao (Pangasinan)
19 September 2025 - 10:16 PM,06.73,126.85,151,2.4,057km S 51° E of Tarragona (Davao Oriental)
19 September 2025 - 10:04 PM,10.23,125.91,033,1.6,027km N 32° W of Santa Monica (Surigao Del Norte)
19 September 2025 - 09:23 PM,13.24,120.82,033,2.2,020km N 31° E of Santa Cruz (Occidental Mindoro)
19 September 2025 - 09:10 PM,15.12,122.09,001,2.4,033km N 22° E of Burdeos (Quezon)
19 September 2025 - 08:14 PM,15.11,121.95,012,2.5,023km N 39° E of Panukulan (Quezon)
19 September 2025 - 07:52 PM,07.31,127.02,027,3.4,050km S 87° E of Caraga (Davao Oriental)
19 September 2025 - 07:41 PM,09.98,126.11,022,3.0,005km N 33° E of San Isidro (Surigao Del Norte)
19 September 2025 - 07:11 PM,09.91,126.56,007,2.7,047km N 72° E of General Luna (Surigao Del Norte)
19 September 2025 - 06:28 PM,15.00,121.91,032,1.5,012km N 53° E of Panukulan (Quezon)
19 September 2025 - 06:16 PM,13.18,124.16,005,2.9,004km S 71° E of Rapu-rapu (Albay)
19 September 2025 - 06:08 PM,13.29,120.31,015,2.8,022km S 50° W of Paluan (Occidental Mindoro)
19 September 2025 - 05:56 PM,15.11,122.07,004,3.9,032km N 20° E of Burdeos (Quezon)
19 September 2025 - 05:46 PM,15.03,121.85,024,1.8,011km N 21° E of Panukulan (Quezon)
19 September 2025 - 05:31 PM,12.50,124.64,034,1.6,000km South of Catarman (Northern Samar)
19 September 2025 - 05:25 PM,18.55,120.75,032,2.0,002km N 55° W of Bangui (Ilocos Norte)
19 September 2025 - 04:43 PM,18.13,120.58,023,3.0,006km S 19° W of San Nicolas (Ilocos Norte)
19 September 2025 - 04:03 PM,09.90,125.59,002,1.9,006km S 15° W of Dinagat (Dinagat Islands)
19 September 2025 - 03:58 PM,16.22,122.10,041,1.7,007km S 17° W of Casiguran (Aurora)
19 September 2025 - 02:52 PM,12.24,121.27,005,3.3,012km S 40° W of Bulalacao (Oriental Mindoro)
19 September 2025 - 01:11 PM,09.86,126.20,003,2.5,009km N 29° E of General Luna (Surigao Del Norte)
19 September 2025 - 11:09 AM,10.95,123.24,074,1.6,008km S 88° W of City Of Cadiz (Negros Occidental)
19 September 2025 - 09:21 AM,12.95,124.74,008,2.8,047km N 25° W of Pambujan (Northern Samar)
19 September 2025 - 09:01 AM,13.70,120.98,030,1.6,007km S 36° E of Mabini (Batangas)
19 September 2025 - 08:03 AM,08.04,126.29,036,1.4,014km S 89° W of Lingig (Surigao Del Sur)
19 September 2025 - 07:23 AM,13.89,120.54,084,1.8,012km N 58° W of Calatagan (Batangas)
19 September 2025 - 07:18 AM,06.81,125.81,040,3.3,025km S 67° W of Lupon (Davao Oriental)
19 September 2025 - 06:32 AM,16.90,119.91,017,2.5,050km N 84° W of Luna (La Union)
19 September 2025 - 06:30 AM,16.21,122.36,009,2.7,026km S 38° E of Dilasag (Aurora)
19 September 2025 - 06:02 AM,16.96,119.91,018,3.6,051km N 77° W of Luna (La Union)
19 September 2025 - 05:42 AM,07.69,127.13,020,3.0,064km N 78° E of Baganga (Davao Oriental)
19 September 2025 - 05:03 AM,16.91,119.92,015,3.6,050km N 83° W of Luna (La Union)
19 September 2025 - 04:46 AM,20.00,121.48,032,3.0,055km S 48° W of Sabtang (Batanes)
19 September 2025 - 04:30 AM,13.67,120.62,097,2.2,018km S 04° W of Calatagan (Batangas)
19 September 2025 - 04:30 AM,16.93,119.86,025,2.3,056km N 81° W of Luna (La Union)
19 September 2025 - 04:25 AM,17.06,121.53,158,3.2,011km N 72° W of San Manuel (Isabela)
19 September 2025 - 04:22 AM,08.46,126.64,019,2.6,035km N 73° E of Hinatuan (Surigao Del Sur)
19 September 2025 - 03:56 AM,16.91,119.91,022,2.2,050km N 83° W of Luna (La Union)
19 September 2025 - 03:52 AM,16.95,119.90,020,5.5,052km N 78° W of Luna (La Union)
19 September 2025 - 03:43 AM,15.07,122.12,004,2.0,030km N 34° E of Burdeos (Quezon)
19 September 2025 - 03:35 AM,02.65,126.94,098,4.3,349km S 29° E of Balut Island (Municipality Of Sarangani) (Davao Occidental)
19 September 2025 - 03:21 AM,11.93,125.87,009,3.1,043km S 74° E of Dolores (Eastern Samar)
19 September 2025 - 01:23 AM,12.98,121.41,032,1.5,007km N 80° W of Gloria (Oriental Mindoro)
19 September 2025 - 12:37 AM,10.93,122.95,032,1.7,007km N 34° W of Enrique B. Magalona (Negros Occidental)
19 September 2025 - 12:34 AM,05.30,126.66,015,2.9,131km S 59° E of Jose Abad Santos (Davao Occidental)
19 September 2025 - 12:33 AM,06.98,121.94,018,1.9,038km S 22° W of Sibuco (Zamboanga Del Norte)
18 September 2025 - 11:57 PM,09.74,125.74,125,2.7,016km N 18° E of Gigaquit (Surigao Del Norte)
18 September 2025 - 11:54 PM,08.00,126.66,023,1.9,028km S 82° E of Lingig (Surigao Del Sur)
18 September 2025 - 11:47 PM,15.76,121.07,022,1.3,006km N 31° W of Rizal (Nueva Ecija)
18 September 2025 - 11:25 PM,07.99,126.93,013,4.2,057km N 67° E of Cateel (Davao Oriental)
18 September 2025 - 11:01 PM,06.49,126.71,033,2.3,068km S 25° E of Tarragona (Davao Oriental)
18 September 2025 - 10:53 PM,12.50,125.26,004,3.8,002km N 16° E of Mapanas (Northern Samar)
18 September 2025 - 10:44 PM,17.98,122.18,017,2.6,035km N 73° E of Baggao (Cagayan)
18 September 2025 - 10:32 PM,07.76,127.09,007,3.5,062km N 71° E of Baganga (Davao Oriental)
18 September 2025 - 10:05 PM,13.78,124.18,017,1.5,017km S 55° W of Viga (Catanduanes)
18 September 2025 - 09:57 PM,06.37,125.96,127,2.5,033km S 21° W of Governor Generoso (Davao Oriental)
18 September 2025 - 09:37 PM,19.00,121.06,013,2.3,019km S 53° W of Dalupiri Island (Calayan) (Cagayan)
18 September 2025 - 09:22 PM,15.41,120.11,033,1.5,016km N 35° E of Botolan (Zambales)
18 September 2025 - 09:20 PM,17.93,121.09,012,1.8,014km S 42° W of Kabugao (Apayao)
18 September 2025 - 09:06 PM,05.79,124.93,019,1.6,011km S 43° W of Maasim (Sarangani)
18 September 2025 - 09:01 PM,09.88,126.04,033,1.7,007km N 71° W of Pilar (Surigao Del Norte)
18 September 2025 - 08:43 PM,07.76,127.11,013,4.1,064km N 71° E of Baganga (Davao Oriental)
18 September 2025 - 08:41 PM,06.12,124.31,516,3.4,016km S 53° E of Palimbang (Sultan Kudarat)
18 September 2025 - 07:57 PM,13.26,120.60,015,1.3,004km N 05° E of Mamburao (Occidental Mindoro)
18 September 2025 - 07:12 PM,12.99,124.65,003,3.3,046km N 42° E of Biri (Northern Samar)
18 September 2025 - 07:05 PM,15.20,120.10,019,1.6,006km N 50° E of Cabangan (Zambales)
18 September 2025 - 06:29 PM,08.67,126.63,031,1.5,039km S 69° E of Marihatag (Surigao Del Sur)
18 September 2025 - 06:06 PM,10.59,125.48,073,1.6,027km N 23° W of Loreto (Dinagat Islands)
18 September 2025 - 05:38 PM,07.50,125.99,032,1.5,008km S 85° E of Mawab (Davao De Oro)
18 September 2025 - 04:54 PM,09.30,125.23,004,2.5,031km N 10° E of Magsaysay (Misamis Oriental)
18 September 2025 - 04:38 PM,08.84,127.12,053,2.0,090km S 84° E of Cagwait (Surigao Del Sur)
18 September 2025 - 04:36 PM,14.05,120.45,110,1.5,020km S 81° W of Nasugbu (Batangas)
18 September 2025 - 03:56 PM,15.67,121.06,020,1.6,006km S 47° W of Rizal (Nueva Ecija)
18 September 2025 - 03:45 PM,15.71,121.12,010,2.5,002km N 76° E of Rizal (Nueva Ecija)
18 September 2025 - 03:21 PM,18.63,120.92,012,3.3,016km N 62° E of Pagudpud (Ilocos Norte)
18 September 2025 - 03:06 PM,05.04,125.33,033,2.3,042km S 14° W of Balut Island (Municipality Of Sarangani) (Davao Occidental)
18 September 2025 - 02:59 PM,07.42,124.42,007,2.5,009km S 54° E of Barira (Maguindanao Del Norte)
18 September 2025 - 02:38 PM,18.77,120.52,011,2.6,032km N 24° W of Burgos (Ilocos Norte)
18 September 2025 - 02:32 PM,13.98,120.39,065,3.0,029km S 69° W of Nasugbu (Batangas)
18 September 2025 - 12:03 PM,13.54,120.24,009,2.6,020km S 02° W of Looc (Occidental Mindoro)
18 September 2025 - 11:47 AM,04.36,128.15,112,4.8,322km S 67° E of Sarangani Island (Municipality Of Sarangani) (Davao Occidental)
18 September 2025 - 11:37 AM,09.12,126.82,003,3.7,061km N 74° E of Bayabas (Surigao Del Sur)
18 September 2025 - 10:54 AM,17.66,120.57,015,1.9,009km N 37° W of Bangued (Abra)
18 September 2025 - 10:58 AM,13.27,119.93,031,1.8,061km S 35° W of Looc (Occidental Mindoro)
18 September 2025 - 10:43 AM,15.35,119.84,031,1.8,012km S 39° W of Palauig (Zambales)
18 September 2025 - 10:42 AM,09.36,122.58,015,2.4,009km S 53° W of Basay (Negros Oriental)
18 September 2025 - 09:39 AM,13.52,120.28,003,2.4,022km S 10° E of Looc (Occidental Mindoro)
18 September 2025 - 09:18 AM,08.45,125.72,061,2.7,007km N 84° W of Talacogon (Agusan Del Sur)
18 September 2025 - 08:25 AM,09.02,126.42,034,2.1,016km N 70° E of Bayabas (Surigao Del Sur)
18 September 2025 - 07:57 AM,07.77,127.09,011,2.5,062km N 69° E of Baganga (Davao Oriental)
18 September 2025 - 07:50 AM,07.04,123.99,009,2.6,004km S 47° W of Datu Blah T. Sinsuat (Maguindanao Del Norte)
18 September 2025 - 07:45 AM,07.07,123.97,002,4.2,005km N 88° W of Datu Blah T. Sinsuat (Maguindanao Del Norte)
18 September 2025 - 06:51 AM,05.15,126.41,015,3.5,109km S 71° E of Sarangani Island (Municipality Of Sarangani) (Davao Occidental)
18 September 2025 - 05:57 AM,13.99,120.49,196,3.4,018km S 58° W of Nasugbu (Batangas)
18 September 2025 - 05:42 AM,12.15,125.46,026,1.7,006km S 56° W of San Policarpo (Eastern Samar)
18 September 2025 - 04:55 AM,15.42,121.30,012,1.8,011km N 69° W of Dingalan (Aurora)
18 September 2025 - 04:06 AM,15.72,122.00,006,2.2,047km S 85° E of Baler (Aurora)
18 September 2025 - 03:36 AM,05.89,126.39,067,3.8,083km S 88° E of Jose Abad Santos (Davao Occidental)
18 September 2025 - 03:30 AM,10.49,123.13,002,1.4,016km S 37° E of Murcia (Negros Occidental)
18 September 2025 - 03:21 AM,15.43,120.22,007,1.8,026km N 54° E of Botolan (Zambales)
18 September 2025 - 02:51 AM,13.72,120.61,093,2.2,013km S 10° W of Calatagan (Batangas)
18 September 2025 - 02:11 AM,07.86,126.63,026,4.1,021km N 69° E of Cateel (Davao Oriental)
18 September 2025 - 02:02 AM,13.22,124.02,035,1.9,012km N 74° W of Rapu-rapu (Albay)
18 September 2025 - 01:40 AM,17.68,120.51,030,2.5,009km S 84° E of Magsingal (Ilocos Sur)
18 September 2025 - 01:26 AM,05.16,126.49,001,3.5,118km S 73° E of Sarangani Island (Municipality Of Sarangani) (Davao Occidental)
18 September 2025 - 01:17 AM,10.61,124.63,032,1.4,017km S 79° E of Tudela (Cebu)
18 September 2025 - 01:05 AM,09.03,126.51,020,1.8,025km N 73° E of Bayabas (Surigao Del Sur)
18 September 2025 - 01:00 AM,17.86,120.09,002,2.4,039km N 80° W of Cabugao (Ilocos Sur)
18 September 2025 - 12:16 AM,13.55,120.67,130,2.2,013km N 28° W of Abra De Ilog (Occidental Mindoro)
17 September 2025 - 11:43 PM,18.36,122.28,002,3.7,018km S 52° E of Santa Ana (Cagayan)
17 September 2025 - 11:35 PM,13.76,120.55,082,2.3,012km S 48° W of Calatagan (Batangas)
17 September 2025 - 11:01 PM,18.23,122.08,008,3.0,009km S 71° E of Gonzaga (Cagayan)
17 September 2025 - 10:32 PM,08.02,126.52,027,1.8,012km S 82° E of Lingig (Surigao Del Sur)
17 September 2025 - 10:25 PM,04.92,126.57,051,3.6,136km S 63° E of Sarangani Island (Municipality Of Sarangani) (Davao Occidental)
17 September 2025 - 10:08 PM,08.81,126.56,020,3.0,029km N 89° E of Marihatag (Surigao Del Sur)
17 September 2025 - 09:09 PM,13.53,120.26,006,1.7,021km S 03° E of Looc (Occidental Mindoro)
17 September 2025 - 09:02 PM,13.53,120.30,003,2.3,022km S 14° E of Looc (Occidental Mindoro)
17 September 2025 - 08:54 PM,13.46,120.13,014,2.3,032km S 24° W of Looc (Occidental Mindoro)
17 September 2025 - 08:51 PM,13.42,120.10,009,3.0,037km S 25° W of Looc (Occidental Mindoro)
17 September 2025 - 08:42 PM,09.70,122.28,029,2.3,019km S 66° W of City Of Sipalay (Negros Occidental)
17 September 2025 - 08:19 PM,08.79,126.55,006,2.1,028km S 89° E of Marihatag (Surigao Del Sur)
17 September 2025 - 08:04 PM,07.77,127.09,006,2.2,063km N 69° E of Baganga (Davao Oriental)
17 September 2025 - 07:52 PM,08.26,126.58,091,3.7,029km S 66° E of Hinatuan (Surigao Del Sur)
17 September 2025 - 07:05 PM,20.19,121.26,033,4.0,066km S 76° W of Sabtang (Batanes)
17 September 2025 - 05:50 PM,09.36,126.26,015,2.2,012km N 38° E of Cortes (Surigao Del Sur)
17 September 2025 - 05:19 PM,15.68,121.11,018,1.9,003km S 13° E of Rizal (Nueva Ecija)
17 September 2025 - 04:47 PM,12.84,122.98,005,2.7,030km S 76° W of Claveria (Masbate)
17 September 2025 - 04:43 PM,06.55,126.99,025,4.3,081km S 47° E of Tarragona (Davao Oriental)
17 September 2025 - 04:41 PM,13.75,120.58,096,2.2,010km S 31° W of Calatagan (Batangas)
17 September 2025 - 03:12 PM,17.57,120.80,010,3.9,010km N 69° E of Bucay (Abra)
17 September 2025 - 02:42 PM,05.14,126.25,035,3.3,093km S 67° E of Sarangani Island (Municipality Of Sarangani) (Davao Occidental)
17 September 2025 - 02:14 PM,13.65,120.62,088,2.1,020km S 03° W of Calatagan (Batangas)
17 September 2025 - 02:11 PM,07.55,126.44,115,2.4,014km S 81° W of Baganga (Davao Oriental)
17 September 2025 - 01:05 PM,09.82,125.96,029,2.3,006km S 16° W of Del Carmen (Surigao Del Norte)
17 September 2025 - 11:40 AM,06.84,123.97,026,2.3,020km S 86° W of South Upi (Maguindanao Del Sur)
17 September 2025 - 11:27 AM,09.80,125.94,026,2.0,009km S 22° W of Del Carmen (Surigao Del Norte)
17 September 2025 - 10:39 AM,13.85,120.55,066,1.4,009km N 75° W of Calatagan (Batangas)
17 September 2025 - 10:38 AM,13.86,120.56,060,2.0,009km N 71° W of Calatagan (Batangas)
17 September 2025 - 10:31 AM,09.57,126.23,015,2.4,025km S 18° E of General Luna (Surigao Del Norte)
17 September 2025 - 09:51 AM,05.59,126.87,013,3.5,140km S 75° E of Jose Abad Santos (Davao Occidental)
17 September 2025 - 09:42 AM,05.72,125.96,057,2.8,041km S 58° E of Jose Abad Santos (Davao Occidental)
17 September 2025 - 09:37 AM,10.96,123.85,018,2.0,017km S 54° W of City Of Bogo (Cebu)
17 September 2025 - 09:06 AM,13.64,120.57,032,1.4,022km S 17° W of Calatagan (Batangas)
17 September 2025 - 06:01 AM,05.42,127.07,084,3.8,167km S 71° E of Jose Abad Santos (Davao Occidental)
17 September 2025 - 05:25 AM,12.98,124.35,029,1.9,018km S 69° E of Prieto Diaz (Sorsogon)
17 September 2025 - 05:05 AM,13.40,120.88,023,1.8,013km S 36° W of Puerto Galera (Oriental Mindoro)
17 September 2025 - 04:59 AM,13.80,120.61,108,1.8,004km S 36° W of Calatagan (Batangas)
17 September 2025 - 03:51 AM,09.14,126.77,009,2.3,057km N 71° E of Bayabas (Surigao Del Sur)
17 September 2025 - 03:00 AM,18.42,120.76,028,1.6,012km S 25° W of Dumalneg (Ilocos Norte)
17 September 2025 - 02:56 AM,09.20,126.23,020,1.6,010km S 26° E of Cortes (Surigao Del Sur)
17 September 2025 - 02:54 AM,17.58,122.19,014,3.5,022km N 13° W of Maconacon (Isabela)
17 September 2025 - 02:51 AM,05.99,126.31,066,3.5,072km S 71° E of Don Marcelino (Davao Occidental)
17 September 2025 - 02:47 AM,09.10,126.33,045,2.0,014km N 49° E of Tago (Surigao Del Sur)
17 September 2025 - 02:00 AM,13.68,120.57,091,2.1,018km S 23° W of Calatagan (Batangas)
17 September 2025 - 01:58 AM,15.13,120.24,078,1.5,019km N 68° E of San Felipe (Zambales)
17 September 2025 - 01:51 AM,15.09,123.63,017,2.6,100km N 47° E of Tinaga Island (Vinzons) (Camarines Norte)
17 September 2025 - 01:28 AM,09.12,126.63,008,2.4,042km N 66° E of Bayabas (Surigao Del Sur)
17 September 2025 - 01:19 AM,12.85,123.03,020,1.6,024km S 76° W of Claveria (Masbate)
17 September 2025 - 01:09 AM,12.84,123.03,007,2.5,024km S 73° W of Claveria (Masbate)
17 September 2025 - 12:34 AM,08.29,125.94,033,2.1,012km S 33° W of Rosario (Agusan Del Sur)
17 September 2025 - 12:31 AM,06.34,126.62,030,2.0,070km S 61° E of Governor Generoso (Davao Oriental)
17 September 2025 - 12:19 AM,17.61,122.36,033,3.5,028km N 27° E of Maconacon (Isabela)
17 September 2025 - 12:18 AM,14.28,121.82,019,2.4,003km N 09° W of Cagbalete Island (Mauban) (Quezon)
17 September 2025 - 12:14 AM,19.73,121.35,032,2.6,053km N 14° W of Calayan (Cagayan)
16 September 2025 - 11:38 PM,13.58,121.31,007,2.1,013km S 54° E of Lobo (Batangas)
16 September 2025 - 10:34 PM,18.52,121.11,023,1.4,010km S 18° E of Claveria (Cagayan)
16 September 2025 - 10:31 PM,20.07,121.30,029,3.0,067km S 64° W of Sabtang (Batanes)
16 September 2025 - 10:22 PM,18.47,120.99,021,1.6,010km S 04° W of Santa Praxedes (Cagayan)
16 September 2025 - 09:42 PM,13.41,120.16,013,2.3,035km S 17° W of Looc (Occidental Mindoro)
16 September 2025 - 09:16 PM,05.99,124.11,020,2.4,026km S 20° W of Palimbang (Sultan Kudarat)
16 September 2025 - 08:26 PM,08.04,125.91,033,1.4,006km S 53° W of Veruela (Agusan Del Sur)
16 September 2025 - 07:09 PM,13.31,124.85,001,2.7,065km S 53° E of Baras (Catanduanes)
16 September 2025 - 06:29 PM,08.75,126.36,027,3.5,009km S 52° E of Marihatag (Surigao Del Sur)
16 September 2025 - 05:50 PM,12.84,123.06,006,1.9,021km S 71° W of Claveria (Masbate)
16 September 2025 - 05:41 PM,12.98,121.41,035,1.7,006km N 85° W of Gloria (Oriental Mindoro)
16 September 2025 - 05:31 PM,11.37,125.01,033,1.4,012km N 33° W of Basey (Samar)
16 September 2025 - 04:32 PM,10.09,126.11,007,2.7,008km N 25° E of Burgos (Surigao Del Norte)
16 September 2025 - 03:58 PM,03.70,125.97,026,3.5,199km S 18° E of Balut Island (Municipality Of Sarangani) (Davao Occidental)
16 September 2025 - 02:07 PM,14.21,120.09,033,1.7,039km N 06° W of Lubang (Occidental Mindoro)
16 September 2025 - 01:57 PM,13.84,120.60,009,1.6,004km N 84° W of Calatagan (Batangas)
16 September 2025 - 01:39 PM,10.46,123.11,002,2.7,014km N 54° W of City Of Canlaon (Negros Oriental)
16 September 2025 - 01:32 PM,05.67,126.62,027,2.6,111km S 76° E of Jose Abad Santos (Davao Occidental)
16 September 2025 - 12:56 PM,13.52,120.36,002,2.0,016km N 44° W of Paluan (Occidental Mindoro)
16 September 2025 - 12:52 PM,11.55,124.39,007,2.8,002km S 35° W of Naval (Biliran)
16 September 2025 - 12:48 PM,10.04,126.18,011,3.5,012km N 81° E of Burgos (Surigao Del Norte)
16 September 2025 - 12:39 PM,10.48,123.12,001,1.9,016km S 31° E of Murcia (Negros Occidental)
16 September 2025 - 11:41 AM,17.65,120.42,019,2.1,002km N 61° E of Santo Domingo (Ilocos Sur)
16 September 2025 - 10:32 AM,12.42,125.32,019,1.9,004km N 29° E of Gamay (Northern Samar)
16 September 2025 - 10:12 AM,05.44,126.21,024,3.2,082km S 50° E of Jose Abad Santos (Davao Occidental)
16 September 2025 - 07:20 AM,08.65,126.24,030,1.4,011km S 13° E of San Agustin (Surigao Del Sur)
16 September 2025 - 07:06 AM,08.74,126.50,015,3.4,023km S 74° E of Marihatag (Surigao Del Sur)
16 September 2025 - 06:56 AM,08.75,126.62,006,2.4,035km S 81° E of Marihatag (Surigao Del Sur)
16 September 2025 - 06:54 AM,08.74,126.57,013,2.2,030km S 77° E of Marihatag (Surigao Del Sur)
16 September 2025 - 06:43 AM,10.50,125.35,145,2.6,020km N 54° E of Hinunangan (Southern Leyte)
16 September 2025 - 06:43 AM,14.14,120.43,115,2.1,023km N 72° W of Nasugbu (Batangas)
16 September 2025 - 06:12 AM,09.97,126.33,011,2.4,027km N 83° E of San Isidro (Surigao Del Norte)
16 September 2025 - 05:11 AM,09.83,125.42,025,1.8,006km N 05° W of San Francisco (Surigao Del Norte)
16 September 2025 - 04:18 AM,13.78,120.82,014,1.4,013km N 75° W of Mabini (Batangas)
16 September 2025 - 03:50 AM,05.87,126.03,112,2.7,043km S 83° E of Jose Abad Santos (Davao Occidental)
16 September 2025 - 02:49 AM,07.93,126.42,031,1.9,008km N 33° E of Boston (Davao Oriental)
16 September 2025 - 02:46 AM,13.76,120.69,199,2.2,010km S 38° E of Calatagan (Batangas)
16 September 2025 - 02:46 AM,18.08,120.65,007,1.5,005km S 67° W of Dingras (Ilocos Norte)
16 September 2025 - 02:45 AM,08.72,126.54,027,1.5,028km S 72° E of Marihatag (Surigao Del Sur)
16 September 2025 - 02:41 AM,12.97,121.38,032,1.5,009km S 17° W of Socorro (Oriental Mindoro)
16 September 2025 - 02:39 AM,09.31,125.65,029,1.9,011km N 65° E of Santiago (Agusan Del Norte)
16 September 2025 - 02:24 AM,12.98,121.42,036,1.4,006km N 81° W of Gloria (Oriental Mindoro)
16 September 2025 - 02:08 AM,13.77,120.61,106,2.3,008km S 21° W of Calatagan (Batangas)
16 September 2025 - 02:01 AM,19.23,119.86,039,4.1,115km N 46° W of Burgos (Ilocos Norte)
16 September 2025 - 01:58 AM,08.99,126.48,023,3.4,021km N 69° E of Cagwait (Surigao Del Sur)
16 September 2025 - 01:57 AM,20.78,121.32,026,2.0,055km S 89° W of Itbayat (Batanes)
16 September 2025 - 01:53 AM,10.31,123.12,012,1.9,012km S 80° E of La Castellana (Negros Occidental)
16 September 2025 - 01:50 AM,10.31,125.27,032,1.6,005km N 23° E of Anahawan (Southern Leyte)
16 September 2025 - 01:40 AM,13.33,120.76,009,1.7,013km S 15° E of Abra De Ilog (Occidental Mindoro)
16 September 2025 - 01:32 AM,07.15,126.90,016,2.3,040km S 81° E of Manay (Davao Oriental)
16 September 2025 - 01:04 AM,10.86,122.90,012,2.0,011km N 53° W of City Of Silay (Negros Occidental)
16 September 2025 - 12:54 AM,15.35,121.39,012,1.2,004km S 03° W of Dingalan (Aurora)
16 September 2025 - 12:45 AM,08.75,126.83,017,2.4,059km S 84° E of Marihatag (Surigao Del Sur)
16 September 2025 - 12:35 AM,16.68,119.94,034,1.3,032km N 10° E of Bolinao (Pangasinan)
16 September 2025 - 12:16 AM,18.32,121.76,012,1.7,008km N 62° W of Buguey (Cagayan)
16 September 2025 - 12:13 AM,09.09,125.85,150,2.1,023km S 34° W of Madrid (Surigao Del Sur)
16 September 2025 - 12:06 AM,13.47,123.20,005,1.7,008km N 89° W of Bula (Camarines Sur)
16 September 2025 - 12:04 AM,14.74,120.00,021,1.8,025km S 23° W of San Antonio (Zambales)
15 September 2025 - 11:42 PM,12.61,123.51,036,1.8,017km S 76° W of Monreal (Masbate)
15 September 2025 - 11:22 PM,13.80,120.70,034,1.5,008km S 66° E of Calatagan (Batangas)
15 September 2025 - 11:20 PM,07.08,123.93,032,1.8,010km N 81° W of Datu Blah T. Sinsuat (Maguindanao Del Norte)
15 September 2025 - 11:07 PM,19.01,121.13,027,2.3,013km S 39° W of Dalupiri Island (Calayan) (Cagayan)
15 September 2025 - 11:06 PM,10.46,123.12,006,2.1,018km S 29° E of Murcia (Negros Occidental)
15 September 2025 - 10:58 PM,10.32,123.02,024,1.2,000km S 71° W of La Castellana (Negros Occidental)
15 September 2025 - 10:07 PM,07.54,126.02,010,2.0,009km S 36° E of Nabunturan (Davao De Oro)
15 September 2025 - 09:55 PM,12.79,124.75,047,2.2,030km N 01° W of Mondragon (Northern Samar)
15 September 2025 - 09:53 PM,20.00,121.29,023,3.4,071km S 59° W of Sabtang (Batanes)
15 September 2025 - 09:16 PM,06.45,125.78,053,2.1,020km N 80° E of Malita (Davao Occidental)
15 September 2025 - 09:05 PM,13.70,120.02,014,1.8,020km S 32° W of Lubang (Occidental Mindoro)
15 September 2025 - 08:32 PM,08.12,126.74,019,1.5,037km N 76° E of Lingig (Surigao Del Sur)
15 September 2025 - 08:17 PM,08.14,126.74,020,1.7,037km N 73° E of Lingig (Surigao Del Sur)
15 September 2025 - 07:59 PM,18.56,120.80,014,2.7,004km N 14° W of Dumalneg (Ilocos Norte)
15 September 2025 - 07:43 PM,08.41,126.03,118,1.5,004km N 39° E of Rosario (Agusan Del Sur)
15 September 2025 - 07:26 PM,09.60,123.81,039,1.9,006km S 59° W of Dauis (Bohol)
15 September 2025 - 06:36 PM,09.58,126.55,016,2.7,049km S 62° E of General Luna (Surigao Del Norte)
15 September 2025 - 05:04 PM,10.22,123.05,033,2.0,007km N 80° E of Isabela (Negros Occidental)
15 September 2025 - 03:44 PM,09.96,126.14,034,1.7,006km N 66° E of San Isidro (Surigao Del Norte)
15 September 2025 - 01:00 PM,06.41,126.84,178,2.6,083km S 31° E of Tarragona (Davao Oriental)
15 September 2025 - 12:41 PM,13.01,121.33,016,2.3,009km S 61° W of Socorro (Oriental Mindoro)
15 September 2025 - 11:56 AM,10.45,123.13,002,2.4,020km S 30° E of Murcia (Negros Occidental)
15 September 2025 - 11:34 AM,10.46,123.10,005,2.3,018km S 22° E of Murcia (Negros Occidental)
15 September 2025 - 11:29 AM,10.47,123.09,005,1.8,016km S 20° E of Murcia (Negros Occidental)
15 September 2025 - 11:26 AM,10.46,123.13,001,2.4,019km S 31° E of Murcia (Negros Occidental)
15 September 2025 - 11:21 AM,10.46,123.12,005,2.1,018km S 27° E of Murcia (Negros Occidental)
15 September 2025 - 11:18 AM,10.46,123.12,002,2.0,019km S 28° E of Murcia (Negros Occidental)
15 September 2025 - 11:15 AM,10.46,123.13,001,2.4,020km S 32° E of Murcia (Negros Occidental)
15 September 2025 - 11:03 AM,13.39,120.42,022,1.8,006km S 56° W of Paluan (Occidental Mindoro)
15 September 2025 - 10:06 AM,10.46,123.12,001,2.9,018km S 29° E of Murcia (Negros Occidental)
15 September 2025 - 10:05 AM,10.46,123.12,001,2.7,018km S 28° E of Murcia (Negros Occidental)
15 September 2025 - 10:04 AM,10.46,123.11,005,2.5,018km S 25° E of Murcia (Negros Occidental)
15 September 2025 - 10:03 AM,10.46,123.12,<001,2.5,018km S 29° E of Murcia (Negros Occidental)
15 September 2025 - 10:02 AM,10.46,123.12,002,2.7,018km S 28° E of Murcia (Negros Occidental)
15 September 2025 - 07:52 AM,18.97,121.23,008,2.3,015km S 11° E of Dalupiri Island (Calayan) (Cagayan)
15 September 2025 - 07:32 AM,13.73,120.60,131,2.5,012km S 19° W of Calatagan (Batangas)
15 September 2025 - 06:41 AM,12.95,121.41,027,1.7,007km S 73° W of Gloria (Oriental Mindoro)
15 September 2025 - 06:34 AM,13.55,120.70,007,1.7,012km N 14° W of Abra De Ilog (Occidental Mindoro)
15 September 2025 - 06:24 AM,12.88,121.28,003,4.3,020km N 86° W of Bansud (Oriental Mindoro)
15 September 2025 - 06:17 AM,16.89,121.50,019,2.1,004km S 19° E of Alfonso Lista (Ifugao)
15 September 2025 - 05:59 AM,16.90,121.51,010,2.4,003km S 46° E of Alfonso Lista (Ifugao)
15 September 2025 - 05:39 AM,10.46,123.11,002,2.2,018km S 28° E of Murcia (Negros Occidental)
15 September 2025 - 05:16 AM,06.52,125.89,020,2.4,027km S 55° W of Governor Generoso (Davao Oriental)
15 September 2025 - 04:52 AM,09.49,122.74,021,2.0,013km N 28° W of City Of Bayawan (Negros Oriental)
15 September 2025 - 04:46 AM,13.00,121.33,018,1.5,010km S 51° W of Socorro (Oriental Mindoro)
15 September 2025 - 04:33 AM,10.47,123.12,007,3.6,017km S 30° E of Murcia (Negros Occidental)
15 September 2025 - 04:14 AM,10.47,123.13,006,2.5,018km S 32° E of Murcia (Negros Occidental)
15 September 2025 - 03:59 AM,18.39,121.29,022,1.8,010km S 35° W of Pamplona (Cagayan)
15 September 2025 - 03:27 AM,10.52,126.73,003,3.7,091km N 52° E of Burgos (Surigao Del Norte)
15 September 2025 - 03:21 AM,12.92,121.40,028,1.6,009km N 44° W of Bansud (Oriental Mindoro)
15 September 2025 - 03:16 AM,16.96,120.47,017,1.6,003km N 41° E of Tagudin (Ilocos Sur)
15 September 2025 - 03:07 AM,12.94,121.39,029,1.8,013km S 05° W of Socorro (Oriental Mindoro)
15 September 2025 - 03:02 AM,12.90,121.28,003,2.6,020km N 77° W of Bansud (Oriental Mindoro)
15 September 2025 - 03:00 AM,08.98,126.52,024,2.1,024km N 74° E of Cagwait (Surigao Del Sur)
15 September 2025 - 02:57 AM,12.95,121.17,004,4.7,032km N 73° W of Bansud (Oriental Mindoro)
15 September 2025 - 01:57 AM,08.02,126.42,020,1.4,002km S 28° E of Lingig (Surigao Del Sur)
15 September 2025 - 01:44 AM,11.66,124.33,006,2.0,004km S 55° W of Kawayan (Biliran)
15 September 2025 - 01:42 AM,10.46,123.12,002,2.8,018km S 29° E of Murcia (Negros Occidental)
15 September 2025 - 01:37 AM,10.47,123.12,003,2.1,018km S 30° E of Murcia (Negros Occidental)
15 September 2025 - 01:31 AM,10.48,123.11,007,3.4,016km S 30° E of Murcia (Negros Occidental)
15 September 2025 - 01:28 AM,12.62,123.49,005,2.8,016km N 39° E of Aroroy (Masbate)
15 September 2025 - 01:01 AM,07.72,126.69,021,1.8,021km N 42° E of Baganga (Davao Oriental)
15 September 2025 - 01:00 AM,06.19,126.24,123,2.2,055km S 19° E of Governor Generoso (Davao Oriental)
15 September 2025 - 12:39 AM,17.65,120.48,025,1.5,008km S 56° E of Magsingal (Ilocos Sur)
14 September 2025 - 10:48 PM,12.85,123.04,011,2.5,023km S 75° W of Claveria (Masbate)
14 September 2025 - 10:12 PM,17.81,120.68,028,1.8,011km N 16° W of Lagayan (Abra)
14 September 2025 - 10:09 PM,09.46,125.87,131,2.2,013km N 40° W of Carrascal (Surigao Del Sur)
14 September 2025 - 09:54 PM,06.54,125.95,028,2.3,018km S 48° W of Governor Generoso (Davao Oriental)
14 September 2025 - 09:52 PM,13.57,120.61,030,1.3,019km N 42° W of Abra De Ilog (Occidental Mindoro)
14 September 2025 - 09:50 PM,16.36,120.68,003,1.9,001km N 36° E of Itogon (Benguet)
14 September 2025 - 08:32 PM,10.27,125.67,094,2.2,014km S 43° E of Loreto (Dinagat Islands)
14 September 2025 - 08:09 PM,07.66,127.19,017,2.6,070km N 83° E of Baganga (Davao Oriental)
14 September 2025 - 08:08 PM,17.70,121.05,014,1.6,012km N 70° E of Lacub (Abra)
14 September 2025 - 07:57 PM,07.85,126.32,003,2.3,006km S 66° W of Boston (Davao Oriental)
14 September 2025 - 07:45 PM,13.16,124.72,013,2.2,059km N 77° E of Prieto Diaz (Sorsogon)
14 September 2025 - 06:45 PM,09.81,123.92,012,1.9,004km N 38° E of Antequera (Bohol)
14 September 2025 - 06:18 PM,09.33,126.32,030,1.8,015km N 67° E of Cortes (Surigao Del Sur)
14 September 2025 - 05:03 PM,21.86,121.39,077,3.3,128km N 22° W of Itbayat (Batanes)
14 September 2025 - 04:11 PM,10.45,123.13,003,3.1,020km S 28° E of Murcia (Negros Occidental)
14 September 2025 - 02:59 PM,10.30,123.10,012,2.6,005km N 46° E of Moises Padilla (Negros Occidental)
14 September 2025 - 02:45 PM,12.96,123.12,006,2.3,015km N 65° W of Claveria (Masbate)
14 September 2025 - 02:44 PM,18.66,121.46,040,1.3,023km S 24° E of Fuga Island (Aparri) (Cagayan)
14 September 2025 - 12:49 PM,09.45,126.16,025,2.0,020km N 11° W of Cortes (Surigao Del Sur)
14 September 2025 - 12:06 PM,10.19,125.95,024,2.5,022km N 27° W of Santa Monica (Surigao Del Norte)
14 September 2025 - 11:55 AM,20.17,121.85,033,2.6,018km S 07° W of Sabtang (Batanes)
14 September 2025 - 10:59 AM,12.81,122.95,005,1.9,034km S 72° W of Claveria (Masbate)
14 September 2025 - 10:01 AM,10.51,126.69,007,3.8,087km N 51° E of Burgos (Surigao Del Norte)
14 September 2025 - 09:56 AM,08.42,123.36,033,1.8,012km S 56° W of PiÑan (Zamboanga Del Norte)
14 September 2025 - 09:10 AM,06.60,125.52,037,2.2,007km N 41° E of Santa Maria (Davao Occidental)
14 September 2025 - 08:43 AM,18.95,120.98,011,3.3,029km S 54° W of Dalupiri Island (Calayan) (Cagayan)
14 September 2025 - 07:56 AM,08.80,125.80,034,2.0,011km N 32° E of City Of Bayugan (Agusan Del Sur)
14 September 2025 - 07:25 AM,13.89,120.53,062,1.2,013km N 58° W of Calatagan (Batangas)
14 September 2025 - 07:19 AM,11.87,124.14,005,2.0,019km N 36° E of Esperanza (Masbate)
14 September 2025 - 06:50 AM,10.19,126.16,008,2.6,021km N 25° E of Burgos (Surigao Del Norte)
14 September 2025 - 06:45 AM,12.82,123.00,014,4.5,028km S 70° W of Claveria (Masbate)
14 September 2025 - 06:08 AM,10.45,123.11,004,2.0,019km S 25° E of Murcia (Negros Occidental)
14 September 2025 - 06:06 AM,10.44,123.11,003,1.2,019km S 23° E of Murcia (Negros Occidental)
14 September 2025 - 06:04 AM,10.45,123.12,002,1.3,019km S 27° E of Murcia (Negros Occidental)
14 September 2025 - 06:02 AM,19.29,121.13,003,2.6,022km N 21° W of Dalupiri Island (Calayan) (Cagayan)
14 September 2025 - 05:48 AM,10.44,123.11,005,2.0,020km S 23° E of Murcia (Negros Occidental)
14 September 2025 - 05:32 AM,10.45,126.63,009,3.4,078km N 52° E of Burgos (Surigao Del Norte)
14 September 2025 - 05:30 AM,10.44,123.12,006,4.6,020km S 25° E of Murcia (Negros Occidental)
14 September 2025 - 04:44 AM,18.26,120.81,049,2.0,013km N 03° W of Carasi (Ilocos Norte)
14 September 2025 - 04:38 AM,13.75,120.61,071,1.5,009km S 16° W of Calatagan (Batangas)
14 September 2025 - 03:51 AM,18.74,120.07,023,3.7,066km N 67° W of Burgos (Ilocos Norte)
14 September 2025 - 03:36 AM,13.12,124.16,009,2.0,008km S 25° E of Rapu-rapu (Albay)
14 September 2025 - 03:36 AM,10.15,125.94,030,1.6,018km N 37° W of Santa Monica (Surigao Del Norte)
14 September 2025 - 03:34 AM,10.45,123.13,004,2.3,020km S 29° E of Murcia (Negros Occidental)
14 September 2025 - 03:15 AM,05.15,123.20,598,3.3,160km S 43° W of Palimbang (Sultan Kudarat)
14 September 2025 - 02:39 AM,15.09,119.83,002,2.5,025km S 72° W of Cabangan (Zambales)
14 September 2025 - 01:57 AM,08.74,126.13,018,1.8,011km S 86° W of San Agustin (Surigao Del Sur)
14 September 2025 - 01:53 AM,08.27,126.18,029,2.0,016km N 67° W of City Of Bislig (Surigao Del Sur)
14 September 2025 - 01:39 AM,06.52,124.51,009,1.5,006km S 73° W of Bagumbayan (Sultan Kudarat)
14 September 2025 - 01:24 AM,09.53,126.35,013,1.6,033km N 31° E of Cortes (Surigao Del Sur)
14 September 2025 - 01:22 AM,08.63,125.61,028,2.1,012km S 06° E of Las Nieves (Agusan Del Norte)
14 September 2025 - 01:20 AM,07.81,122.64,033,1.2,006km N 64° E of Ipil (Zamboanga Sibugay)
14 September 2025 - 01:03 AM,13.74,120.63,108,1.9,010km S 02° W of Calatagan (Batangas)
14 September 2025 - 12:26 AM,13.91,122.82,036,1.5,011km N 14° E of Ragay (Camarines Sur)
14 September 2025 - 12:17 AM,13.69,120.59,089,2.1,017km S 17° W of Calatagan (Batangas)
14 September 2025 - 12:14 AM,08.24,127.34,030,2.4,105km N 78° E of Lingig (Surigao Del Sur)
14 September 2025 - 12:08 AM,04.75,123.28,625,4.4,190km S 32° W of Palimbang (Sultan Kudarat)
13 September 2025 - 11:48 PM,09.22,126.23,030,1.4,008km S 36° E of Cortes (Surigao Del Sur)
13 September 2025 - 11:14 PM,13.60,122.98,010,2.1,011km N 83° W of Pamplona (Camarines Sur)
13 September 2025 - 10:45 PM,12.81,121.19,026,1.8,030km S 79° W of Bansud (Oriental Mindoro)
13 September 2025 - 10:19 PM,13.70,120.68,103,1.7,015km S 20° E of Calatagan (Batangas)
13 September 2025 - 10:10 PM,18.54,120.94,004,2.6,006km S 69° W of Santa Praxedes (Cagayan)
13 September 2025 - 10:10 PM,17.81,120.63,034,1.3,012km S 17° W of Nueva Era (Ilocos Norte)
13 September 2025 - 10:08 PM,13.91,120.51,075,1.5,016km N 55° W of Calatagan (Batangas)
13 September 2025 - 09:26 PM,18.39,121.06,035,1.6,018km S 66° E of Adams (Ilocos Norte)
13 September 2025 - 08:57 PM,14.34,120.39,097,1.4,016km S 45° W of Mariveles (Bataan)
13 September 2025 - 08:52 PM,17.12,122.18,021,2.8,026km S 28° W of Divilacan (Isabela)
13 September 2025 - 08:32 PM,13.67,120.61,158,1.4,018km S 09° W of Calatagan (Batangas)
13 September 2025 - 07:49 PM,17.62,120.73,020,2.1,001km N 52° W of Lagangilang (Abra)
13 September 2025 - 05:28 PM,14.05,120.47,121,1.6,018km S 82° W of Nasugbu (Batangas)
13 September 2025 - 04:44 PM,09.25,126.39,018,2.2,022km S 83° E of Cortes (Surigao Del Sur)
13 September 2025 - 04:21 PM,08.82,126.28,032,1.6,003km N 38° W of Marihatag (Surigao Del Sur)
13 September 2025 - 03:53 PM,17.47,120.36,025,2.6,008km S 80° W of Santa (Ilocos Sur)
13 September 2025 - 03:49 PM,13.65,120.63,097,1.4,020km S 02° W of Calatagan (Batangas)
13 September 2025 - 02:42 PM,12.54,123.56,005,1.4,010km N 45° E of Baleno (Masbate)
13 September 2025 - 02:11 PM,08.36,126.03,012,1.5,004km S 45° E of Rosario (Agusan Del Sur)
13 September 2025 - 02:01 PM,18.14,120.49,032,1.6,010km N 17° W of Paoay (Ilocos Norte)
13 September 2025 - 02:01 PM,09.73,122.44,011,1.5,005km S 16° E of City Of Sipalay (Negros Occidental)
13 September 2025 - 01:32 PM,15.47,121.29,011,1.7,005km N 67° W of Gabaldon (Nueva Ecija)
13 September 2025 - 12:57 PM,13.45,119.97,023,2.0,043km S 46° W of Looc (Occidental Mindoro)
13 September 2025 - 12:02 PM,08.77,127.08,007,3.4,086km S 87° E of Marihatag (Surigao Del Sur)
13 September 2025 - 11:05 AM,08.73,126.56,008,2.0,030km S 75° E of Marihatag (Surigao Del Sur)
13 September 2025 - 10:41 AM,05.94,126.95,105,4.0,125km S 51° E of Governor Generoso (Davao Oriental)
13 September 2025 - 09:36 AM,07.60,125.90,008,3.0,008km S 85° W of Nabunturan (Davao De Oro)
13 September 2025 - 08:07 AM,09.22,124.02,012,2.1,041km N 87° E of Maria (Siquijor)
13 September 2025 - 07:49 AM,06.96,125.75,053,2.4,014km S 16° E of Island Garden City Of Samal (Davao Del Norte)
13 September 2025 - 07:49 AM,12.51,123.68,006,2.3,009km S 43° W of San Jacinto (Masbate)
13 September 2025 - 07:32 AM,10.34,126.09,031,1.6,036km N 02° E of Burgos (Surigao Del Norte)
13 September 2025 - 07:05 AM,18.84,120.95,006,1.7,030km N 28° W of Claveria (Cagayan)
13 September 2025 - 06:57 AM,09.24,126.90,015,2.3,074km N 66° E of Bayabas (Surigao Del Sur)
13 September 2025 - 06:57 AM,09.24,126.90,015,2.3,074km N 66° E of Bayabas (Surigao Del Sur)
13 September 2025 - 06:36 AM,05.38,124.99,004,1.9,048km S 86° W of Balut Island (Municipality Of Sarangani) (Davao Occidental)
13 September 2025 - 05:41 AM,08.73,126.37,019,2.0,011km S 48° E of Marihatag (Surigao Del Sur)
13 September 2025 - 05:10 AM,09.59,126.50,017,2.2,043km S 60° E of General Luna (Surigao Del Norte)
13 September 2025 - 04:56 AM,18.51,120.68,035,1.4,003km S 81° E of Burgos (Ilocos Norte)
13 September 2025 - 04:16 AM,08.44,125.94,031,2.2,009km N 49° W of Rosario (Agusan Del Sur)
13 September 2025 - 04:07 AM,15.51,119.10,015,3.2,087km N 84° W of Palauig (Zambales)
13 September 2025 - 04:05 AM,16.81,121.48,022,1.5,007km N 57° W of Ramon (Isabela)
13 September 2025 - 03:32 AM,13.68,120.61,102,1.5,017km S 09° W of Calatagan (Batangas)
13 September 2025 - 03:31 AM,17.45,120.53,020,2.2,001km N 39° E of Nagbukel (Ilocos Sur)
13 September 2025 - 03:28 AM,09.76,123.71,016,2.0,011km S 61° W of Loon (Bohol)
13 September 2025 - 03:06 AM,17.45,120.38,012,2.5,011km S 03° W of Caoayan (Ilocos Sur)
13 September 2025 - 02:59 AM,15.70,121.98,017,1.6,045km S 82° E of Baler (Aurora)
13 September 2025 - 02:51 AM,09.65,122.18,018,2.4,030km S 65° W of City Of Sipalay (Negros Occidental)
13 September 2025 - 02:37 AM,16.78,120.12,031,1.4,025km N 74° W of Bacnotan (La Union)
13 September 2025 - 02:34 AM,14.12,120.51,144,1.7,014km N 70° W of Nasugbu (Batangas)
13 September 2025 - 02:22 AM,09.66,126.30,021,1.8,020km S 48° E of General Luna (Surigao Del Norte)
13 September 2025 - 01:29 AM,12.96,121.01,032,1.8,028km N 62° E of Sablayan (Occidental Mindoro)
13 September 2025 - 01:19 AM,07.76,124.15,005,1.8,002km S 78° W of Tubaran (Lanao Del Sur)
13 September 2025 - 01:13 AM,08.19,127.38,025,2.8,108km N 81° E of Lingig (Surigao Del Sur)
13 September 2025 - 01:04 AM,07.56,126.76,024,1.6,022km S 85° E of Baganga (Davao Oriental)
13 September 2025 - 01:03 AM,08.00,125.92,032,1.4,009km S 25° W of Veruela (Agusan Del Sur)
13 September 2025 - 12:52 AM,13.77,120.64,012,1.3,007km S 05° E of Calatagan (Batangas)
13 September 2025 - 12:05 AM,08.89,126.68,010,1.8,042km S 85° E of Cagwait (Surigao Del Sur)
12 September 2025 - 11:34 PM,09.50,125.86,020,2.2,016km S 59° E of Claver (Surigao Del Norte)
12 September 2025 - 11:13 PM,07.12,124.73,036,2.1,005km N 20° W of Datu Montawal (Maguindanao Del Sur)
12 September 2025 - 10:33 PM,12.98,124.34,024,1.8,017km S 69° E of Prieto Diaz (Sorsogon)
12 September 2025 - 10:30 PM,10.67,124.96,002,2.0,007km N 06° W of Mahaplag (Leyte)
12 September 2025 - 10:25 PM,11.92,125.67,035,1.7,024km S 57° E of Dolores (Eastern Samar)
12 September 2025 - 10:19 PM,09.39,126.19,017,2.3,013km N 04° W of Cortes (Surigao Del Sur)
12 September 2025 - 10:17 PM,15.69,122.00,008,3.3,048km S 81° E of Baler (Aurora)
12 September 2025 - 08:37 PM,08.68,126.70,002,2.6,046km S 74° E of Marihatag (Surigao Del Sur)
12 September 2025 - 08:26 PM,18.74,120.77,021,1.8,020km N 05° W of Pagudpud (Ilocos Norte)
12 September 2025 - 08:24 PM,06.36,126.04,121,2.2,033km S 06° W of Governor Generoso (Davao Oriental)
12 September 2025 - 08:09 PM,06.11,126.27,159,2.2,064km S 81° E of Don Marcelino (Davao Occidental)
12 September 2025 - 07:50 PM,10.01,123.21,019,2.2,003km N 21° E of Jimalalud (Negros Oriental)
12 September 2025 - 05:46 PM,07.95,126.23,008,2.1,019km N 61° W of Boston (Davao Oriental)
12 September 2025 - 04:31 PM,12.71,120.80,029,1.4,015km S 08° E of Sablayan (Occidental Mindoro)
12 September 2025 - 03:49 PM,10.10,126.28,004,3.3,024km N 67° E of Burgos (Surigao Del Norte)
12 September 2025 - 02:38 PM,08.24,125.83,021,2.7,005km S 35° E of La Paz (Agusan Del Sur)
12 September 2025 - 01:37 PM,16.69,121.00,009,1.9,007km N 80° E of Tinoc (Ifugao)
12 September 2025 - 12:01 PM,10.00,123.20,025,2.2,002km N 08° W of Jimalalud (Negros Oriental)
12 September 2025 - 10:33 AM,13.54,120.77,033,1.4,012km N 26° E of Abra De Ilog (Occidental Mindoro)
12 September 2025 - 08:21 AM,17.95,122.34,023,2.5,050km N 83° E of Baggao (Cagayan)
12 September 2025 - 08:10 AM,13.97,120.48,122,2.3,023km N 46° W of Calatagan (Batangas)
12 September 2025 - 07:18 AM,14.04,124.04,003,2.6,011km N 58° W of Caramoran (Catanduanes)
12 September 2025 - 05:45 AM,10.11,125.70,054,2.2,012km N 66° E of Basilisa (Dinagat Islands)
12 September 2025 - 05:41 AM,11.23,124.63,007,2.4,007km S 16° W of Capoocan (Leyte)
12 September 2025 - 05:26 AM,06.44,126.43,026,3.2,047km S 59° E of Governor Generoso (Davao Oriental)
12 September 2025 - 05:16 AM,17.75,120.68,025,2.1,004km N 44° W of Lagayan (Abra)
12 September 2025 - 05:02 AM,07.31,126.55,146,3.7,002km S 41° W of Caraga (Davao Oriental)
12 September 2025 - 04:55 AM,09.59,126.56,015,3.8,050km S 64° E of General Luna (Surigao Del Norte)
12 September 2025 - 04:54 AM,14.14,121.16,033,2.1,003km N 28° E of City Of Santo Tomas (Batangas)
12 September 2025 - 04:31 AM,07.98,126.45,021,2.0,008km S 28° E of Lingig (Surigao Del Sur)
12 September 2025 - 03:55 AM,16.34,120.10,001,2.1,017km N 72° E of Anda (Pangasinan)
12 September 2025 - 03:55 AM,18.51,121.51,010,2.4,009km N 37° E of Abulug (Cagayan)
12 September 2025 - 03:51 AM,08.36,123.23,040,1.9,017km N 47° E of Siayan (Zamboanga Del Norte)
12 September 2025 - 03:49 AM,14.81,123.80,033,2.3,094km N 25° W of Pandan (Catanduanes)
12 September 2025 - 03:45 AM,08.73,125.64,030,2.7,004km S 85° E of Las Nieves (Agusan Del Norte)
12 September 2025 - 03:04 AM,06.08,126.16,143,2.3,054km S 76° E of Don Marcelino (Davao Occidental)
12 September 2025 - 02:41 AM,06.89,127.04,014,2.8,065km S 57° E of Manay (Davao Oriental)
12 September 2025 - 01:17 AM,15.72,121.96,008,2.5,043km S 84° E of Baler (Aurora)
12 September 2025 - 12:43 AM,16.48,122.12,012,2.2,017km S 74° W of Dinapigue (Isabela)
12 September 2025 - 12:25 AM,13.58,123.69,011,1.8,014km N 04° E of Tiwi (Albay)
11 September 2025 - 11:37 PM,05.41,126.62,146,2.9,121km S 63° E of Jose Abad Santos (Davao Occidental)
11 September 2025 - 11:15 PM,15.26,119.87,020,2.6,013km S 58° W of Iba (Zambales)
11 September 2025 - 10:31 PM,10.16,125.45,046,2.3,010km S 70° W of Libjo (Dinagat Islands)
11 September 2025 - 10:29 PM,11.14,125.63,016,3.0,004km S 71° W of Salcedo (Eastern Samar)
11 September 2025 - 10:14 PM,14.73,119.95,025,1.7,028km S 31° W of San Antonio (Zambales)
11 September 2025 - 09:57 PM,08.80,123.45,009,2.1,019km N 11° E of City Of Dapitan (Zamboanga Del Norte)
11 September 2025 - 09:46 PM,06.69,125.97,031,2.5,012km N 69° W of Governor Generoso (Davao Oriental)
11 September 2025 - 08:43 PM,13.60,120.64,130,1.6,020km N 30° W of Abra De Ilog (Occidental Mindoro)
11 September 2025 - 07:44 PM,18.10,120.54,053,2.8,005km N 21° E of Paoay (Ilocos Norte)
11 September 2025 - 07:09 PM,15.71,121.96,007,3.1,043km S 82° E of Baler (Aurora)
11 September 2025 - 06:44 PM,05.73,125.78,119,3.1,025km S 36° E of Jose Abad Santos (Davao Occidental)
11 September 2025 - 04:55 PM,15.74,121.97,004,2.4,044km S 87° E of Baler (Aurora)
11 September 2025 - 04:44 PM,15.71,122.01,009,2.2,048km S 84° E of Baler (Aurora)
11 September 2025 - 04:35 PM,15.71,121.96,013,2.0,043km S 83° E of Baler (Aurora)
11 September 2025 - 04:34 PM,15.73,121.91,013,2.0,037km S 84° E of Baler (Aurora)
11 September 2025 - 04:06 PM,11.41,125.13,082,2.6,015km N 25° E of Basey (Samar)
11 September 2025 - 03:24 PM,15.73,121.96,005,2.1,043km S 86° E of Baler (Aurora)
11 September 2025 - 03:21 PM,07.45,127.11,004,3.0,061km N 77° E of Caraga (Davao Oriental)
11 September 2025 - 03:14 PM,15.71,121.98,009,3.4,045km S 84° E of Baler (Aurora)
11 September 2025 - 02:35 PM,09.44,126.46,011,2.6,035km N 59° E of Cortes (Surigao Del Sur)
11 September 2025 - 02:09 PM,15.24,119.89,026,4.5,013km S 46° W of Iba (Zambales)
11 September 2025 - 12:47 PM,18.41,120.92,007,2.5,007km S 22° E of Adams (Ilocos Norte)
11 September 2025 - 12:23 PM,10.15,123.74,030,1.4,003km S 68° E of San Fernando (Cebu)
11 September 2025 - 11:58 AM,08.40,124.31,010,3.0,002km N 87° E of Manticao (Misamis Oriental)
11 September 2025 - 10:24 AM,14.55,119.88,016,2.4,044km S 71° W of Morong (Bataan)
11 September 2025 - 10:12 AM,06.60,126.43,040,2.6,040km S 81° E of Governor Generoso (Davao Oriental)
11 September 2025 - 08:18 AM,11.08,125.79,012,2.8,016km S 60° E of Salcedo (Eastern Samar)
11 September 2025 - 07:05 AM,12.56,125.90,034,2.4,059km N 46° E of San Policarpo (Eastern Samar)
11 September 2025 - 06:25 AM,18.07,120.87,010,2.5,009km S 31° E of Carasi (Ilocos Norte)
11 September 2025 - 05:26 AM,09.68,125.96,030,2.7,007km N 03° W of Socorro (Surigao Del Norte)
11 September 2025 - 05:08 AM,19.07,121.38,005,2.2,019km S 79° E of Dalupiri Island (Calayan) (Cagayan)
11 September 2025 - 04:50 AM,16.18,121.98,030,1.5,005km N 31° E of Dinalungan (Aurora)
11 September 2025 - 04:21 AM,07.84,126.97,010,1.7,053km N 57° E of Baganga (Davao Oriental)
11 September 2025 - 04:10 AM,15.82,120.55,032,1.6,004km S 48° E of Alcala (Pangasinan)
11 September 2025 - 04:08 AM,06.48,125.89,023,2.5,027km S 46° W of Governor Generoso (Davao Oriental)
11 September 2025 - 04:04 AM,15.78,120.66,024,2.1,001km N 49° W of Cuyapo (Nueva Ecija)
11 September 2025 - 04:03 AM,15.81,120.69,005,3.1,005km N 35° E of Cuyapo (Nueva Ecija)
11 September 2025 - 03:46 AM,16.37,122.19,017,2.2,003km S 39° W of Dilasag (Aurora)
11 September 2025 - 03:40 AM,15.79,120.65,026,1.9,001km N 54° W of Cuyapo (Nueva Ecija)
11 September 2025 - 03:28 AM,16.37,120.43,004,2.2,003km N 37° E of Tubao (La Union)
11 September 2025 - 03:22 AM,02.72,126.67,035,4.0,329km S 25° E of Balut Island (Municipality Of Sarangani) (Davao Occidental)
11 September 2025 - 03:18 AM,13.08,124.06,035,1.5,012km N 21° E of City Of Sorsogon (Sorsogon)
11 September 2025 - 03:06 AM,13.92,120.50,074,1.8,017km N 56° W of Calatagan (Batangas)
11 September 2025 - 02:55 AM,07.61,126.12,032,1.7,007km N 14° W of New Bataan (Davao De Oro)
11 September 2025 - 02:25 AM,13.88,120.50,074,1.8,015km N 69° W of Calatagan (Batangas)
11 September 2025 - 02:22 AM,13.51,120.60,006,1.8,016km N 63° W of Abra De Ilog (Occidental Mindoro)
11 September 2025 - 12:29 AM,09.45,126.93,005,3.6,082km N 77° E of Cortes (Surigao Del Sur)
10 September 2025 - 11:23 PM,15.82,120.69,008,2.5,005km N 33° E of Cuyapo (Nueva Ecija)
10 September 2025 - 11:16 PM,05.36,126.35,002,3.1,098km S 83° E of Sarangani Island (Municipality Of Sarangani) (Davao Occidental)
10 September 2025 - 09:57 PM,13.89,120.56,080,1.5,010km N 48° W of Calatagan (Batangas)
10 September 2025 - 09:50 PM,14.36,123.56,030,1.8,050km N 42° E of Siruma (Camarines Sur)
10 September 2025 - 09:33 PM,10.88,122.32,009,2.5,012km North of Tubungan (Iloilo)
10 September 2025 - 09:21 PM,07.35,126.69,025,1.9,014km N 79° E of Caraga (Davao Oriental)
10 September 2025 - 07:59 PM,05.87,125.81,136,2.2,018km S 77° E of Jose Abad Santos (Davao Occidental)
10 September 2025 - 07:14 PM,13.23,120.89,044,1.5,024km N 48° E of Santa Cruz (Occidental Mindoro)
10 September 2025 - 06:45 PM,14.23,120.26,071,3.1,033km S 47° W of Mariveles (Bataan)
10 September 2025 - 05:01 PM,13.77,120.52,080,3.3,014km S 61° W of Calatagan (Batangas)
10 September 2025 - 04:29 PM,09.83,124.93,012,2.4,018km S 58° W of Limasawa (Southern Leyte)
10 September 2025 - 03:52 PM,07.62,124.73,004,2.8,003km S 20° E of Wao (Lanao Del Sur)
10 September 2025 - 01:30 PM,13.39,120.62,003,2.3,013km S 64° W of Abra De Ilog (Occidental Mindoro)
10 September 2025 - 01:04 PM,13.53,120.69,002,2.8,010km N 26° W of Abra De Ilog (Occidental Mindoro)
10 September 2025 - 12:57 PM,13.38,120.61,002,2.0,014km S 61° W of Abra De Ilog (Occidental Mindoro)
10 September 2025 - 11:56 AM,08.95,122.61,020,2.3,048km S 75° W of Siaton (Negros Oriental)
10 September 2025 - 11:10 AM,12.45,124.83,029,1.3,011km S 47° E of Mondragon (Northern Samar)
10 September 2025 - 11:03 AM,07.91,126.62,087,2.2,022km N 55° E of Cateel (Davao Oriental)
10 September 2025 - 08:40 AM,12.74,123.57,027,1.8,015km N 44° W of Monreal (Masbate)
10 September 2025 - 08:34 AM,20.15,121.34,032,3.2,060km S 70° W of Sabtang (Batanes)
10 September 2025 - 08:14 AM,13.52,124.96,004,3.6,065km S 76° E of Baras (Catanduanes)
10 September 2025 - 08:06 AM,13.43,120.46,032,1.4,002km N 24° W of Paluan (Occidental Mindoro)
10 September 2025 - 06:14 AM,18.19,120.69,006,2.1,003km N 45° W of Piddig (Ilocos Norte)
10 September 2025 - 06:05 AM,11.36,125.53,024,2.7,007km S 21° W of Llorente (Eastern Samar)
10 September 2025 - 05:52 AM,08.34,125.90,011,2.7,012km N 58° E of La Paz (Agusan Del Sur)
10 September 2025 - 05:06 AM,05.75,126.21,114,2.6,065km S 74° E of Jose Abad Santos (Davao Occidental)
10 September 2025 - 04:44 AM,05.72,126.45,034,1.9,092km S 76° E of Jose Abad Santos (Davao Occidental)
10 September 2025 - 04:42 AM,15.25,121.99,017,2.4,040km N 29° E of Panukulan (Quezon)
10 September 2025 - 04:20 AM,08.96,122.38,032,1.9,057km S 30° W of Basay (Negros Oriental)
10 September 2025 - 03:46 AM,08.99,126.50,025,1.8,023km N 69° E of Cagwait (Surigao Del Sur)
10 September 2025 - 03:43 AM,08.91,126.48,015,1.6,019km S 86° E of Cagwait (Surigao Del Sur)
10 September 2025 - 03:35 AM,08.96,126.40,023,4.1,012km N 67° E of Cagwait (Surigao Del Sur)
10 September 2025 - 03:21 AM,18.65,121.19,003,1.7,012km N 64° E of Claveria (Cagayan)
10 September 2025 - 03:09 AM,13.34,120.72,033,1.4,012km S 03° W of Abra De Ilog (Occidental Mindoro)
10 September 2025 - 02:57 AM,06.61,126.41,027,3.4,037km S 82° E of Governor Generoso (Davao Oriental)
10 September 2025 - 02:52 AM,13.38,120.70,014,1.6,008km S 22° W of Abra De Ilog (Occidental Mindoro)
10 September 2025 - 02:42 AM,14.09,119.48,014,1.9,074km N 70° W of Lubang (Occidental Mindoro)
10 September 2025 - 02:36 AM,08.33,125.62,050,1.7,021km N 74° W of La Paz (Agusan Del Sur)
10 September 2025 - 02:10 AM,10.42,125.06,003,1.4,010km N 64° E of Sogod (Southern Leyte)
10 September 2025 - 01:59 AM,17.72,120.10,014,1.9,031km N 64° W of Santa Catalina (Ilocos Sur)
10 September 2025 - 01:56 AM,11.66,122.35,023,1.4,005km N 71° E of Malinao (Aklan)
10 September 2025 - 01:55 AM,11.59,122.24,013,1.7,010km N 47° W of Madalag (Aklan)
10 September 2025 - 01:37 AM,16.98,120.82,005,2.6,001km S 08° W of Tadian (Mountain Province)
10 September 2025 - 01:13 AM,18.43,120.74,019,2.3,012km S 13° W of Bangui (Ilocos Norte)
10 September 2025 - 01:06 AM,13.48,120.40,031,2.3,010km N 47° W of Paluan (Occidental Mindoro)
10 September 2025 - 12:52 AM,09.30,126.48,015,1.8,032km N 86° E of Cortes (Surigao Del Sur)
10 September 2025 - 12:17 AM,13.38,120.72,013,1.7,007km S 08° W of Abra De Ilog (Occidental Mindoro)
09 September 2025 - 11:57 PM,08.71,124.72,026,1.4,007km S 58° W of Balingasag (Misamis Oriental)
09 September 2025 - 11:51 PM,17.21,120.63,010,2.6,007km N 19° E of Gregorio Del Pilar (Ilocos Sur)
09 September 2025 - 11:33 PM,08.21,127.38,038,2.2,109km N 80° E of Lingig (Surigao Del Sur)
09 September 2025 - 08:29 PM,13.73,122.84,002,2.1,010km S 49° W of Lupi (Camarines Sur)
09 September 2025 - 08:20 PM,13.01,124.45,035,1.6,028km S 82° E of Prieto Diaz (Sorsogon)
09 September 2025 - 08:15 PM,14.15,119.71,021,2.0,055km N 54° W of Lubang (Occidental Mindoro)
09 September 2025 - 07:36 PM,08.66,126.59,024,2.1,036km S 64° E of Marihatag (Surigao Del Sur)
09 September 2025 - 07:34 PM,09.38,125.98,107,2.1,004km N 65° E of Carrascal (Surigao Del Sur)
09 September 2025 - 07:15 PM,10.97,125.42,080,4.0,017km S 11° W of Giporlos (Eastern Samar)
09 September 2025 - 07:05 PM,07.61,122.06,006,2.2,010km N 71° W of Sirawai (Zamboanga Del Norte)
09 September 2025 - 05:49 PM,10.31,124.05,031,1.4,011km S 28° E of Liloan (Cebu)
09 September 2025 - 05:23 PM,10.42,123.17,006,1.9,006km N 52° W of City Of Canlaon (Negros Oriental)
09 September 2025 - 02:56 PM,11.26,125.43,028,4.8,012km N 82° W of General Macarthur (Eastern Samar)
09 September 2025 - 02:32 PM,09.36,125.90,035,1.7,005km S 83° W of Carrascal (Surigao Del Sur)
09 September 2025 - 11:31 AM,17.23,120.33,020,2.9,014km N 58° W of City Of Candon (Ilocos Sur)
09 September 2025 - 09:48 AM,17.57,120.60,008,2.4,001km N 80° E of Pidigan (Abra)
09 September 2025 - 09:45 AM,17.71,120.64,019,2.1,003km N 55° W of Danglas (Abra)
09 September 2025 - 09:00 AM,13.70,122.88,002,2.2,011km S 18° W of Lupi (Camarines Sur)
09 September 2025 - 08:28 AM,09.54,126.47,018,2.0,042km N 46° E of Cortes (Surigao Del Sur)
09 September 2025 - 08:16 AM,09.91,125.55,036,1.7,008km S 52° W of Dinagat (Dinagat Islands)
09 September 2025 - 08:13 AM,09.56,126.48,015,2.8,043km S 56° E of General Luna (Surigao Del Norte)
09 September 2025 - 08:01 AM,12.79,123.42,008,2.2,023km S 55° E of Claveria (Masbate)
09 September 2025 - 07:23 AM,07.89,126.25,004,1.7,014km N 83° W of Boston (Davao Oriental)
09 September 2025 - 07:08 AM,13.08,120.94,004,1.9,024km S 88° E of Santa Cruz (Occidental Mindoro)
09 September 2025 - 06:54 AM,05.67,125.09,064,2.3,021km S 39° W of Glan (Sarangani)
09 September 2025 - 05:44 AM,08.11,126.99,015,1.7,064km N 83° E of Lingig (Surigao Del Sur)
09 September 2025 - 05:19 AM,18.42,121.37,005,1.8,005km S 31° E of Pamplona (Cagayan)
09 September 2025 - 04:52 AM,10.02,126.68,018,2.8,063km N 65° E of General Luna (Surigao Del Norte)
09 September 2025 - 04:48 AM,18.56,121.42,003,2.1,014km N 39° E of Pamplona (Cagayan)
09 September 2025 - 04:45 AM,06.61,125.95,002,2.4,014km S 68° W of Governor Generoso (Davao Oriental)
09 September 2025 - 04:36 AM,06.22,126.97,046,3.1,109km S 32° E of Tarragona (Davao Oriental)
09 September 2025 - 04:18 AM,08.85,126.42,029,3.2,014km N 68° E of Marihatag (Surigao Del Sur)
09 September 2025 - 04:00 AM,16.77,119.90,028,1.4,042km N 02° E of Bolinao (Pangasinan)
09 September 2025 - 03:30 AM,12.63,122.15,013,2.0,007km N 10° E of San Agustin (Romblon)
09 September 2025 - 03:07 AM,08.38,126.69,011,1.4,039km N 88° E of Hinatuan (Surigao Del Sur)
09 September 2025 - 03:04 AM,15.94,122.13,027,1.4,029km S 40° E of Dinalungan (Aurora)
09 September 2025 - 02:52 AM,09.93,125.57,123,5.3,005km S 58° W of Dinagat (Dinagat Islands)
09 September 2025 - 02:41 AM,08.48,125.81,032,1.8,005km N 36° E of Talacogon (Agusan Del Sur)
09 September 2025 - 02:22 AM,04.89,123.21,608,4.3,182km S 37° W of Palimbang (Sultan Kudarat)
09 September 2025 - 02:16 AM,10.27,124.86,005,2.0,009km S 78° E of Matalom (Leyte)
09 September 2025 - 02:08 AM,17.78,120.72,030,1.7,006km N 12° E of Lagayan (Abra)
09 September 2025 - 01:50 AM,18.63,121.41,003,2.8,020km N 23° E of Pamplona (Cagayan)
09 September 2025 - 01:27 AM,06.46,125.98,037,2.6,024km S 24° W of Governor Generoso (Davao Oriental)
09 September 2025 - 01:19 AM,07.55,122.12,020,1.8,004km S 31° W of Sirawai (Zamboanga Del Norte)
09 September 2025 - 12:42 AM,17.64,120.55,009,2.7,008km N 14° W of Langiden (Abra)
09 September 2025 - 12:34 AM,07.23,125.64,027,1.9,008km S 32° W of City Of Panabo (Davao Del Norte)
09 September 2025 - 12:31 AM,09.87,122.25,021,2.0,023km N 60° W of City Of Sipalay (Negros Occidental)
09 September 2025 - 12:31 AM,18.80,121.34,002,2.4,007km S 28° W of Fuga Island (Aparri) (Cagayan)
09 September 2025 - 12:16 AM,05.78,126.17,125,3.7,060km S 76° E of Jose Abad Santos (Davao Occidental)
08 September 2025 - 11:31 PM,13.86,120.43,072,2.8,022km N 83° W of Calatagan (Batangas)
08 September 2025 - 11:13 PM,08.31,126.67,009,1.7,037km S 81° E of Hinatuan (Surigao Del Sur)
08 September 2025 - 10:50 PM,06.40,126.78,106,2.6,081km S 27° E of Tarragona (Davao Oriental)
08 September 2025 - 10:11 PM,06.12,125.94,091,3.1,029km S 72° E of Don Marcelino (Davao Occidental)
08 September 2025 - 09:03 PM,17.12,119.14,013,2.9,114km N 45° W of Bolinao (Pangasinan)
08 September 2025 - 08:51 PM,05.85,125.98,172,4.8,037km S 80° E of Jose Abad Santos (Davao Occidental)
08 September 2025 - 08:26 PM,06.40,126.93,033,1.8,089km S 36° E of Tarragona (Davao Oriental)
08 September 2025 - 07:54 PM,12.20,125.08,029,2.1,016km S 19° E of Las Navas (Northern Samar)
08 September 2025 - 07:14 PM,13.74,122.87,003,2.3,007km S 36° W of Lupi (Camarines Sur)
08 September 2025 - 06:10 PM,17.16,121.54,014,2.7,009km N 65° W of Roxas (Isabela)
08 September 2025 - 04:55 PM,16.39,122.04,004,3.2,015km N 35° W of Casiguran (Aurora)
08 September 2025 - 04:42 PM,06.50,125.92,024,2.5,023km S 45° W of Governor Generoso (Davao Oriental)
08 September 2025 - 04:23 PM,06.49,125.90,027,2.7,026km S 47° W of Governor Generoso (Davao Oriental)
08 September 2025 - 03:23 PM,12.54,125.35,005,2.1,012km N 56° E of Mapanas (Northern Samar)
08 September 2025 - 02:17 PM,05.82,125.72,130,2.1,013km S 51° E of Jose Abad Santos (Davao Occidental)
08 September 2025 - 02:00 PM,15.33,122.02,022,1.9,049km N 27° E of Panukulan (Quezon)
08 September 2025 - 10:49 AM,06.90,125.54,045,1.5,016km N 61° E of Santa Cruz (Davao Del Sur)
08 September 2025 - 10:32 AM,17.63,120.60,005,2.4,004km N 35° W of Bangued (Abra)
08 September 2025 - 10:23 AM,06.49,125.90,024,2.7,026km S 46° W of Governor Generoso (Davao Oriental)
08 September 2025 - 09:59 AM,15.72,121.94,011,1.5,041km S 85° E of Baler (Aurora)
08 September 2025 - 09:57 AM,18.06,120.78,007,1.5,004km S 07° E of Solsona (Ilocos Norte)
08 September 2025 - 09:47 AM,09.18,125.66,026,1.5,014km N 62° E of City Of Cabadbaran (Agusan Del Norte)
08 September 2025 - 09:09 AM,08.97,126.40,042,2.1,013km N 90° E of Bayabas (Surigao Del Sur)
08 September 2025 - 08:32 AM,06.47,125.96,038,3.2,024km S 32° W of Governor Generoso (Davao Oriental)
08 September 2025 - 08:20 AM,06.75,125.17,013,3.0,002km S 66° E of Magsaysay (Davao Del Sur)
08 September 2025 - 07:44 AM,13.60,120.64,115,2.2,019km N 30° W of Abra De Ilog (Occidental Mindoro)
08 September 2025 - 06:52 AM,17.65,120.56,006,2.1,008km N 49° W of Bangued (Abra)
08 September 2025 - 05:22 AM,06.51,125.88,022,2.6,026km S 53° W of Governor Generoso (Davao Oriental)
08 September 2025 - 04:57 AM,15.06,119.91,009,2.8,018km S 89° W of San Felipe (Zambales)
08 September 2025 - 03:47 AM,07.06,126.01,042,2.0,011km N 02° E of Banaybanay (Davao Oriental)
08 September 2025 - 03:42 AM,13.67,120.66,091,1.6,019km S 10° E of Calatagan (Batangas)
08 September 2025 - 03:27 AM,08.75,126.52,014,1.5,025km S 77° E of Marihatag (Surigao Del Sur)
08 September 2025 - 03:08 AM,12.16,120.94,034,1.2,025km S 33° W of San Jose (Occidental Mindoro)
08 September 2025 - 02:33 AM,12.75,123.44,033,1.4,027km N 11° E of Aroroy (Masbate)
08 September 2025 - 02:31 AM,12.34,120.89,033,1.4,015km S 31° W of Rizal (Occidental Mindoro)
08 September 2025 - 02:17 AM,12.51,120.73,002,2.1,024km S 74° W of Calintaan (Occidental Mindoro)
08 September 2025 - 01:59 AM,08.21,126.45,032,1.3,015km S 87° E of City Of Bislig (Surigao Del Sur)
08 September 2025 - 01:21 AM,09.51,126.05,013,2.2,015km S 36° E of Socorro (Surigao Del Norte)
08 September 2025 - 01:09 AM,10.19,127.02,033,2.1,105km N 80° E of Burgos (Surigao Del Norte)
08 September 2025 - 01:06 AM,12.30,120.93,032,1.4,016km S 67° W of San Jose (Occidental Mindoro)
08 September 2025 - 12:43 AM,13.31,121.42,012,1.7,018km N 07° W of Pola (Oriental Mindoro)
08 September 2025 - 12:36 AM,08.05,123.42,031,1.6,004km N 72° E of Sominot (Zamboanga Del Sur)
08 September 2025 - 12:30 AM,18.78,121.36,006,2.5,008km S 09° W of Fuga Island (Aparri) (Cagayan)
07 September 2025 - 11:59 PM,09.46,126.19,023,1.6,021km N 01° W of Cortes (Surigao Del Sur)
07 September 2025 - 11:58 PM,14.98,122.63,004,2.0,044km N 46° E of Jomalig (Quezon)
07 September 2025 - 11:52 PM,18.70,121.30,005,2.8,017km N 23° E of Sanchez-mira (Cagayan)
07 September 2025 - 11:48 PM,10.90,124.85,031,1.5,009km S 30° W of Burauen (Leyte)
07 September 2025 - 11:36 PM,03.46,126.50,054,4.6,247km S 29° E of Balut Island (Municipality Of Sarangani) (Davao Occidental)
07 September 2025 - 11:17 PM,07.39,127.36,004,4.0,088km N 85° E of Caraga (Davao Oriental)
07 September 2025 - 10:53 PM,18.94,121.27,014,2.5,015km N 46° W of Fuga Island (Aparri) (Cagayan)
07 September 2025 - 10:53 PM,17.64,120.49,009,2.0,010km N 47° W of Langiden (Abra)
07 September 2025 - 10:47 PM,08.95,126.57,025,1.7,030km N 84° E of Cagwait (Surigao Del Sur)
07 September 2025 - 10:08 PM,06.50,125.93,025,2.6,036km N 75° E of Malita (Davao Occidental)
07 September 2025 - 09:00 PM,09.80,126.49,014,2.6,035km N 84° E of General Luna (Surigao Del Norte)
07 September 2025 - 08:14 PM,09.24,126.42,011,1.7,025km S 82° E of Cortes (Surigao Del Sur)
07 September 2025 - 07:40 PM,13.75,120.59,087,1.4,010km S 24° W of Calatagan (Batangas)
07 September 2025 - 06:25 PM,08.12,126.74,018,1.5,037km N 77° E of Lingig (Surigao Del Sur)
07 September 2025 - 06:18 PM,09.29,126.26,017,2.1,008km N 76° E of Cortes (Surigao Del Sur)
07 September 2025 - 06:04 PM,18.80,121.06,012,2.6,022km N 07° W of Claveria (Cagayan)
07 September 2025 - 05:45 PM,19.94,121.78,024,2.6,045km S 12° W of Sabtang (Batanes)
07 September 2025 - 03:29 PM,09.26,127.13,003,5.1,098km N 71° E of Bayabas (Surigao Del Sur)
07 September 2025 - 03:21 PM,09.48,125.98,026,1.6,013km N 17° E of Carrascal (Surigao Del Sur)
07 September 2025 - 03:16 PM,12.47,123.08,032,1.9,035km S 83° W of Aroroy (Masbate)
07 September 2025 - 03:13 PM,16.38,122.26,010,2.3,006km S 74° E of Dilasag (Aurora)
07 September 2025 - 01:35 PM,06.66,126.59,043,2.5,046km S 21° E of Tarragona (Davao Oriental)
07 September 2025 - 01:29 PM,18.37,121.81,009,1.9,009km N 18° W of Buguey (Cagayan)
07 September 2025 - 01:09 PM,17.99,120.28,021,3.0,022km N 72° W of Badoc (Ilocos Norte)
07 September 2025 - 12:11 PM,10.26,123.76,026,1.9,004km N 76° W of Minglanilla (Cebu)
07 September 2025 - 11:55 AM,17.68,120.56,005,2.9,011km N 33° W of Bangued (Abra)
07 September 2025 - 11:46 AM,05.35,126.01,003,2.5,062km S 78° E of Sarangani Island (Municipality Of Sarangani) (Davao Occidental)
07 September 2025 - 10:49 AM,13.60,120.40,032,1.4,021km S 51° E of Looc (Occidental Mindoro)
07 September 2025 - 09:26 AM,06.30,125.62,058,2.2,012km S 04° E of Malita (Davao Occidental)
07 September 2025 - 09:15 AM,13.20,120.90,047,2.9,023km N 57° E of Santa Cruz (Occidental Mindoro)
07 September 2025 - 08:01 AM,11.69,124.29,008,2.5,007km N 83° W of Kawayan (Biliran)
07 September 2025 - 07:53 AM,08.21,123.38,027,1.3,007km N 35° E of Dumingag (Zamboanga Del Sur)
07 September 2025 - 06:26 AM,07.41,124.94,004,2.7,009km S 03° W of Damulog (Bukidnon)
07 September 2025 - 06:15 AM,15.99,120.19,081,1.9,005km N 38° W of Bugallon (Pangasinan)
07 September 2025 - 05:12 AM,11.92,124.09,004,2.0,006km N 45° E of Pio V. Corpus (Masbate)
07 September 2025 - 05:05 AM,07.50,122.11,004,3.2,010km S 20° W of Sirawai (Zamboanga Del Norte)
07 September 2025 - 05:01 AM,08.78,126.55,026,2.0,027km S 85° E of Marihatag (Surigao Del Sur)
07 September 2025 - 04:52 AM,16.48,120.26,070,2.2,010km N 62° W of Caba (La Union)
07 September 2025 - 04:09 AM,08.82,126.44,021,1.6,016km N 81° E of Marihatag (Surigao Del Sur)
07 September 2025 - 04:06 AM,08.08,126.69,022,1.7,031km N 81° E of Lingig (Surigao Del Sur)
07 September 2025 - 03:59 AM,12.50,120.70,003,2.0,027km S 72° W of Calintaan (Occidental Mindoro)
07 September 2025 - 03:46 AM,09.73,125.77,071,1.8,017km N 27° E of Gigaquit (Surigao Del Norte)
07 September 2025 - 03:42 AM,07.73,127.00,026,2.3,051km N 71° E of Baganga (Davao Oriental)
07 September 2025 - 03:39 AM,07.99,126.76,031,2.0,039km S 82° E of Lingig (Surigao Del Sur)
07 September 2025 - 03:36 AM,13.88,120.57,176,2.4,009km N 49° W of Calatagan (Batangas)
07 September 2025 - 03:27 AM,12.10,124.01,012,1.9,011km N 10° E of Cataingan (Masbate)
07 September 2025 - 03:27 AM,10.90,125.26,035,1.6,026km S 78° E of Dulag (Leyte)
07 September 2025 - 03:05 AM,10.30,125.87,022,2.8,032km S 78° E of Loreto (Dinagat Islands)
07 September 2025 - 03:00 AM,13.19,124.10,008,2.5,003km S 88° W of Rapu-rapu (Albay)
07 September 2025 - 02:54 AM,04.53,125.74,050,2.9,104km S 20° E of Balut Island (Municipality Of Sarangani) (Davao Occidental)
07 September 2025 - 02:14 AM,06.41,125.88,056,2.5,030km S 89° E of Malita (Davao Occidental)
07 September 2025 - 02:10 AM,15.87,121.93,005,2.3,030km S 06° W of Dinalungan (Aurora)
07 September 2025 - 01:44 AM,19.10,121.09,018,2.4,012km S 84° W of Dalupiri Island (Calayan) (Cagayan)
07 September 2025 - 12:56 AM,13.83,120.51,065,1.4,014km N 90° W of Calatagan (Batangas)
07 September 2025 - 12:43 AM,10.21,125.88,023,2.0,027km N 39° W of Santa Monica (Surigao Del Norte)
07 September 2025 - 12:33 AM,08.96,126.27,067,1.8,002km S 59° W of Bayabas (Surigao Del Sur)
07 September 2025 - 12:22 AM,16.77,121.42,019,1.5,012km N 23° W of Cordon (Isabela)
06 September 2025 - 11:36 PM,08.19,126.59,032,1.4,025km N 50° E of Lingig (Surigao Del Sur)
06 September 2025 - 11:21 PM,12.98,125.96,026,2.1,094km N 54° E of Mapanas (Northern Samar)
06 September 2025 - 11:01 PM,09.13,126.52,030,1.5,031km N 55° E of Bayabas (Surigao Del Sur)
06 September 2025 - 10:48 PM,06.25,126.17,125,2.3,046km S 13° E of Governor Generoso (Davao Oriental)
06 September 2025 - 09:56 PM,20.88,119.82,032,3.8,211km N 87° W of Itbayat (Batanes)
06 September 2025 - 09:17 PM,07.99,126.68,030,1.7,030km S 79° E of Lingig (Surigao Del Sur)
06 September 2025 - 08:55 PM,17.65,120.51,006,2.8,010km N 33° W of Langiden (Abra)
06 September 2025 - 08:26 PM,08.25,126.77,008,2.2,046km N 59° E of Lingig (Surigao Del Sur)
06 September 2025 - 07:59 PM,04.57,126.22,116,3.1,128km S 44° E of Balut Island (Municipality Of Sarangani) (Davao Occidental)
06 September 2025 - 07:30 PM,05.72,125.23,019,1.7,011km S 17° E of Glan (Sarangani)
06 September 2025 - 06:53 PM,17.65,121.09,015,1.5,012km N 43° E of Malibcong (Abra)
06 September 2025 - 06:14 PM,17.36,120.30,025,1.6,015km N 76° W of San Esteban (Ilocos Sur)
06 September 2025 - 06:08 PM,08.70,126.44,031,2.2,019km S 54° E of Marihatag (Surigao Del Sur)
06 September 2025 - 05:15 PM,14.27,120.34,108,2.8,025km S 41° W of Mariveles (Bataan)
06 September 2025 - 05:05 PM,09.36,126.28,017,1.8,013km N 44° E of Cortes (Surigao Del Sur)
06 September 2025 - 04:42 PM,06.28,126.87,019,2.6,097km S 65° E of Governor Generoso (Davao Oriental)
06 September 2025 - 04:11 PM,13.15,124.21,011,2.5,010km S 66° E of Rapu-rapu (Albay)
06 September 2025 - 03:36 PM,09.02,125.59,047,2.1,004km S 01° W of Remedios T. Romualdez (Agusan Del Norte)
06 September 2025 - 03:31 PM,09.36,126.68,009,3.5,054km N 80° E of Cortes (Surigao Del Sur)
06 September 2025 - 02:58 PM,05.77,127.10,125,2.5,150km S 49° E of Governor Generoso (Davao Oriental)
06 September 2025 - 02:45 PM,11.29,124.27,034,1.7,011km S 81° W of Tabango (Leyte)
06 September 2025 - 01:09 PM,05.02,126.15,046,3.3,090km S 56° E of Sarangani Island (Municipality Of Sarangani) (Davao Occidental)
06 September 2025 - 12:40 PM,09.52,126.34,002,2.0,031km N 32° E of Cortes (Surigao Del Sur)
06 September 2025 - 12:13 PM,13.87,124.13,054,1.6,013km S 03° W of Caramoran (Catanduanes)
06 September 2025 - 12:13 PM,09.55,125.83,033,1.4,011km S 74° E of Claver (Surigao Del Norte)
06 September 2025 - 11:25 AM,09.99,124.65,033,1.6,018km S 36° E of President Carlos P. Garcia (Bohol)
06 September 2025 - 11:24 AM,10.63,125.98,004,2.0,031km S 65° E of Homonhon Island (Guiuan) (Eastern Samar)
06 September 2025 - 10:56 AM,15.50,119.38,008,2.5,057km N 83° W of Palauig (Zambales)
06 September 2025 - 07:39 AM,08.78,126.99,007,3.3,076km S 88° E of Marihatag (Surigao Del Sur)
06 September 2025 - 07:18 AM,10.51,123.74,019,1.8,002km N 87° E of Balamban (Cebu)
06 September 2025 - 07:16 AM,14.99,124.67,032,4.7,118km N 27° E of Pandan (Catanduanes)
06 September 2025 - 06:18 AM,18.09,121.37,023,2.1,015km S 19° W of Flora (Apayao)
06 September 2025 - 06:16 AM,18.36,120.93,016,1.8,012km S 15° E of Adams (Ilocos Norte)
06 September 2025 - 06:10 AM,06.35,126.16,036,2.7,034km S 16° E of Governor Generoso (Davao Oriental)
06 September 2025 - 06:09 AM,05.77,127.09,033,1.9,149km S 49° E of Governor Generoso (Davao Oriental)
06 September 2025 - 05:49 AM,08.98,126.47,020,2.2,020km N 70° E of Cagwait (Surigao Del Sur)
06 September 2025 - 03:28 AM,10.22,125.89,024,3.0,028km N 37° W of Santa Monica (Surigao Del Norte)
06 September 2025 - 02:54 AM,17.65,120.63,028,1.5,004km N 37° W of Tayum (Abra)
06 September 2025 - 02:45 AM,08.06,122.93,020,2.3,012km N 55° E of Godod (Zamboanga Del Norte)
06 September 2025 - 02:40 AM,17.62,120.44,010,2.4,004km S 64° E of Santo Domingo (Ilocos Sur)
06 September 2025 - 02:17 AM,13.45,123.51,034,1.4,002km N 18° W of Buhi (Camarines Sur)
06 September 2025 - 02:15 AM,13.49,123.58,008,2.1,009km N 47° E of Buhi (Camarines Sur)
06 September 2025 - 02:03 AM,09.65,126.62,022,2.5,053km S 74° E of General Luna (Surigao Del Norte)
06 September 2025 - 01:54 AM,09.53,126.49,001,1.7,043km N 50° E of Cortes (Surigao Del Sur)
06 September 2025 - 01:53 AM,13.44,123.48,031,1.8,004km N 82° W of Buhi (Camarines Sur)
06 September 2025 - 01:42 AM,06.42,125.93,059,2.5,030km S 31° W of Governor Generoso (Davao Oriental)
06 September 2025 - 12:46 AM,10.31,125.91,014,1.9,036km N 24° W of Santa Monica (Surigao Del Norte)
06 September 2025 - 12:22 AM,13.27,123.72,008,2.7,006km S 19° W of Malilipot (Albay)
06 September 2025 - 12:20 AM,07.94,126.36,010,2.0,008km N 12° W of Boston (Davao Oriental)
05 September 2025 - 11:53 PM,09.63,126.60,022,2.8,052km S 71° E of General Luna (Surigao Del Norte)
05 September 2025 - 11:40 PM,06.48,125.92,027,2.5,026km S 40° W of Governor Generoso (Davao Oriental)
05 September 2025 - 11:39 PM,06.33,125.93,079,3.4,030km N 61° E of Don Marcelino (Davao Occidental)
05 September 2025 - 10:50 PM,06.35,126.35,120,3.9,046km S 42° E of Governor Generoso (Davao Oriental)
05 September 2025 - 09:25 PM,07.37,126.56,043,2.8,005km N 07° W of Caraga (Davao Oriental)
05 September 2025 - 09:12 PM,13.23,121.22,029,1.5,009km N 46° W of Victoria (Oriental Mindoro)
05 September 2025 - 09:11 PM,13.78,119.89,004,2.0,027km S 72° W of Lubang (Occidental Mindoro)
05 September 2025 - 09:08 PM,07.48,125.63,033,1.5,006km S 08° E of Santo Tomas (Davao Del Norte)
05 September 2025 - 07:48 PM,12.18,125.15,031,1.7,010km N 77° W of Maslog (Eastern Samar)
05 September 2025 - 06:58 PM,17.68,120.56,009,1.8,011km S 80° W of Danglas (Abra)
05 September 2025 - 05:56 PM,07.43,126.00,002,2.5,012km S 43° E of Mawab (Davao De Oro)
05 September 2025 - 05:42 PM,11.80,125.70,032,1.7,027km S 87° E of Sulat (Eastern Samar)
05 September 2025 - 05:34 PM,07.49,126.23,024,1.9,012km S 60° E of New Bataan (Davao De Oro)
05 September 2025 - 05:06 PM,18.53,120.77,033,1.4,001km S 52° E of Bangui (Ilocos Norte)
05 September 2025 - 04:40 PM,17.76,120.58,008,2.7,012km N 48° W of Danglas (Abra)
05 September 2025 - 04:07 PM,17.73,120.59,008,3.4,009km N 61° W of Danglas (Abra)
05 September 2025 - 02:49 PM,10.01,126.11,032,2.2,004km S 82° E of Burgos (Surigao Del Norte)
05 September 2025 - 02:48 PM,13.56,121.20,003,2.1,009km S 04° W of Lobo (Batangas)
05 September 2025 - 02:09 PM,08.79,126.47,014,2.7,019km S 88° E of Marihatag (Surigao Del Sur)
05 September 2025 - 01:10 PM,12.50,124.88,024,2.1,005km S 08° E of San Roque (Northern Samar)
05 September 2025 - 12:20 PM,08.78,127.08,002,2.6,086km S 89° E of Marihatag (Surigao Del Sur)
05 September 2025 - 12:07 PM,14.94,120.03,025,2.3,007km S 81° W of San Antonio (Zambales)
05 September 2025 - 12:05 PM,08.76,126.92,012,2.0,069km S 86° E of Marihatag (Surigao Del Sur)
05 September 2025 - 11:16 AM,09.49,126.41,017,2.1,034km N 44° E of Cortes (Surigao Del Sur)
05 September 2025 - 11:07 AM,08.79,126.92,010,2.7,069km S 89° E of Marihatag (Surigao Del Sur)
05 September 2025 - 10:56 AM,12.25,125.43,017,2.5,007km S 71° E of Arteche (Eastern Samar)
05 September 2025 - 10:34 AM,14.10,120.46,112,1.3,019km N 81° W of Nasugbu (Batangas)
05 September 2025 - 06:06 AM,09.58,126.49,013,2.6,043km S 59° E of General Luna (Surigao Del Norte)
05 September 2025 - 06:04 AM,18.61,120.80,041,1.7,006km N 17° E of Pagudpud (Ilocos Norte)
05 September 2025 - 05:56 AM,14.92,122.58,002,2.4,037km N 48° E of Jomalig (Quezon)
05 September 2025 - 05:51 AM,07.34,126.05,028,2.1,008km N 73° W of Maragusan (Davao De Oro)
05 September 2025 - 05:31 AM,07.29,122.00,010,3.5,008km West of Sibuco (Zamboanga Del Norte)
05 September 2025 - 05:20 AM,13.83,120.78,021,1.5,012km S 18° W of City Of Calaca (Batangas)
05 September 2025 - 05:18 AM,09.83,122.02,003,3.0,046km N 81° W of City Of Sipalay (Negros Occidental)
05 September 2025 - 04:35 AM,17.23,119.86,022,2.3,063km N 84° W of City Of Candon (Ilocos Sur)
05 September 2025 - 04:21 AM,06.78,123.83,034,1.5,031km N 59° W of Lebak (Sultan Kudarat)
05 September 2025 - 04:19 AM,17.66,120.52,006,3.0,010km S 74° E of Magsingal (Ilocos Sur)
05 September 2025 - 03:51 AM,06.45,126.02,051,3.2,023km S 13° W of Governor Generoso (Davao Oriental)
05 September 2025 - 03:51 AM,17.78,120.65,033,2.1,009km N 41° W of Lagayan (Abra)
05 September 2025 - 02:52 AM,13.65,122.75,036,1.5,019km S 13° W of Ragay (Camarines Sur)
05 September 2025 - 02:32 AM,13.68,122.84,002,3.0,015km S 33° W of Lupi (Camarines Sur)
05 September 2025 - 02:29 AM,15.63,120.27,021,1.5,012km N 85° W of Mayantoc (Tarlac)
05 September 2025 - 02:25 AM,09.77,124.47,006,1.8,002km N 54° W of Guindulman (Bohol)
05 September 2025 - 02:21 AM,17.78,120.64,034,1.5,010km N 15° W of Danglas (Abra)
05 September 2025 - 02:17 AM,07.69,121.97,020,3.0,022km N 60° W of Sirawai (Zamboanga Del Norte)
05 September 2025 - 02:09 AM,13.91,120.52,061,1.8,015km N 53° W of Calatagan (Batangas)
05 September 2025 - 02:02 AM,14.42,120.28,089,2.7,023km S 85° W of Mariveles (Bataan)
05 September 2025 - 01:56 AM,11.26,124.61,005,2.2,005km S 46° W of Capoocan (Leyte)
05 September 2025 - 01:54 AM,07.03,127.41,002,3.2,098km S 78° E of Manay (Davao Oriental)
05 September 2025 - 01:49 AM,08.07,126.50,025,1.7,011km N 71° E of Lingig (Surigao Del Sur)
05 September 2025 - 01:38 AM,09.47,126.21,021,1.7,021km N 04° E of Cortes (Surigao Del Sur)
05 September 2025 - 12:44 AM,17.55,120.45,038,1.6,007km S 68° E of City Of Vigan (Ilocos Sur)
05 September 2025 - 12:41 AM,17.62,120.51,029,1.6,008km N 50° W of Langiden (Abra)
05 September 2025 - 12:38 AM,17.77,120.31,004,3.4,015km N 81° W of San Juan (Ilocos Sur)
05 September 2025 - 12:28 AM,19.21,121.18,008,2.7,012km N 13° W of Dalupiri Island (Calayan) (Cagayan)
05 September 2025 - 12:09 AM,09.46,126.91,009,3.0,081km N 75° E of Cortes (Surigao Del Sur)
04 September 2025 - 11:54 PM,13.18,124.57,001,3.0,044km N 70° E of Prieto Diaz (Sorsogon)
04 September 2025 - 11:48 PM,12.55,124.73,030,2.0,005km N 34° W of Mondragon (Northern Samar)
04 September 2025 - 11:41 PM,13.76,122.79,033,1.4,007km S 01° W of Ragay (Camarines Sur)
04 September 2025 - 11:25 PM,14.26,120.42,122,2.0,021km S 22° W of Mariveles (Bataan)
04 September 2025 - 11:23 PM,19.08,120.93,002,2.6,029km S 83° W of Dalupiri Island (Calayan) (Cagayan)
04 September 2025 - 11:20 PM,07.02,124.01,013,2.3,005km S 12° W of Datu Blah T. Sinsuat (Maguindanao Del Norte)
04 September 2025 - 11:20 PM,06.75,123.78,019,2.4,034km N 69° W of Lebak (Sultan Kudarat)
04 September 2025 - 11:10 PM,17.79,120.65,033,2.2,011km N 12° W of Danglas (Abra)
04 September 2025 - 11:09 PM,09.78,124.52,002,3.1,004km N 65° E of Guindulman (Bohol)
04 September 2025 - 10:44 PM,17.67,120.53,009,2.0,011km N 17° W of Langiden (Abra)
04 September 2025 - 10:44 PM,12.45,123.64,004,1.9,009km N 12° E of City Of Masbate (Masbate)
04 September 2025 - 10:42 PM,17.68,120.56,011,1.8,011km N 36° W of Bangued (Abra)
04 September 2025 - 10:06 PM,17.68,120.56,006,2.0,011km S 82° W of Danglas (Abra)
04 September 2025 - 10:06 PM,09.50,126.37,011,2.2,032km N 38° E of Cortes (Surigao Del Sur)
04 September 2025 - 10:03 PM,17.53,120.47,033,1.6,005km S 78° W of San Quintin (Abra)
04 September 2025 - 10:01 PM,18.85,121.06,023,2.0,027km N 06° W of Claveria (Cagayan)
04 September 2025 - 09:47 PM,06.49,125.86,025,1.8,029km N 72° E of Malita (Davao Occidental)
04 September 2025 - 09:37 PM,17.71,120.59,007,2.3,009km N 78° W of Danglas (Abra)
04 September 2025 - 09:35 PM,17.73,120.58,009,2.3,013km N 83° W of Lagayan (Abra)
04 September 2025 - 09:30 PM,09.58,126.48,029,1.4,043km S 58° E of General Luna (Surigao Del Norte)
04 September 2025 - 09:29 PM,11.86,125.47,024,2.4,007km S 45° E of Taft (Eastern Samar)
04 September 2025 - 09:16 PM,13.11,121.00,003,3.4,031km S 76° W of Victoria (Oriental Mindoro)
04 September 2025 - 09:15 PM,17.64,120.49,002,2.8,011km N 48° W of Langiden (Abra)
04 September 2025 - 08:57 PM,17.28,122.89,030,2.2,055km N 64° E of Palanan (Isabela)
04 September 2025 - 08:46 PM,17.71,120.59,010,2.4,009km N 80° W of Danglas (Abra)
04 September 2025 - 08:39 PM,17.70,120.57,006,3.1,011km N 86° W of Danglas (Abra)
04 September 2025 - 08:37 PM,17.80,120.65,034,1.3,011km N 36° W of Lagayan (Abra)
04 September 2025 - 08:33 PM,17.63,120.52,003,2.4,008km N 42° W of Langiden (Abra)
04 September 2025 - 08:32 PM,17.67,120.55,005,2.3,013km S 78° W of Danglas (Abra)
04 September 2025 - 08:31 PM,17.77,120.64,033,1.7,009km N 47° W of Lagayan (Abra)
04 September 2025 - 08:09 PM,11.14,124.05,033,2.0,010km N 80° E of Medellin (Cebu)
04 September 2025 - 08:00 PM,17.64,120.52,010,4.3,008km N 34° W of Langiden (Abra)
04 September 2025 - 07:55 PM,08.89,126.29,031,2.1,003km S 26° W of Cagwait (Surigao Del Sur)
04 September 2025 - 07:46 PM,17.69,120.56,004,2.6,012km N 29° W of Bangued (Abra)
04 September 2025 - 07:41 PM,15.43,119.63,011,2.9,030km S 89° W of Palauig (Zambales)
04 September 2025 - 07:41 PM,09.52,126.47,022,2.2,040km N 49° E of Cortes (Surigao Del Sur)
04 September 2025 - 07:34 PM,10.20,126.08,004,1.9,021km N 03° E of Burgos (Surigao Del Norte)
04 September 2025 - 07:20 PM,06.69,125.23,002,2.8,002km S 47° E of Matanao (Davao Del Sur)
04 September 2025 - 06:37 PM,09.76,126.38,022,1.7,024km S 84° E of General Luna (Surigao Del Norte)
04 September 2025 - 06:22 PM,09.53,126.56,024,2.2,049km N 55° E of Cortes (Surigao Del Sur)
04 September 2025 - 06:03 PM,09.40,125.43,030,1.6,011km N 57° W of Jabonga (Agusan Del Norte)
04 September 2025 - 06:01 PM,09.49,126.06,008,1.8,018km S 36° E of Socorro (Surigao Del Norte)
04 September 2025 - 05:51 PM,09.58,126.72,009,3.3,065km S 70° E of General Luna (Surigao Del Norte)
04 September 2025 - 05:21 PM,13.70,122.88,001,2.5,011km S 18° W of Lupi (Camarines Sur)
04 September 2025 - 05:21 PM,09.54,126.23,030,2.0,028km S 17° E of General Luna (Surigao Del Norte)
04 September 2025 - 05:17 PM,09.52,126.57,007,2.5,050km N 57° E of Cortes (Surigao Del Sur)
04 September 2025 - 05:13 PM,09.50,126.48,023,2.2,041km N 51° E of Cortes (Surigao Del Sur)
04 September 2025 - 05:09 PM,09.60,126.63,014,3.6,056km S 69° E of General Luna (Surigao Del Norte)
04 September 2025 - 04:33 PM,09.49,126.32,008,1.8,028km N 31° E of Cortes (Surigao Del Sur)
04 September 2025 - 03:52 PM,06.40,125.87,064,3.1,036km S 38° W of Governor Generoso (Davao Oriental)
04 September 2025 - 03:39 PM,08.09,122.08,028,3.7,032km N 14° W of Baliguian (Zamboanga Del Norte)
04 September 2025 - 03:37 PM,09.51,126.49,026,1.7,041km N 51° E of Cortes (Surigao Del Sur)
04 September 2025 - 03:28 PM,07.77,126.07,001,2.3,006km S 15° E of Monkayo (Davao De Oro)
04 September 2025 - 01:24 PM,08.91,125.70,007,1.9,010km N 02° E of Sibagat (Agusan Del Sur)
04 September 2025 - 01:08 PM,13.78,122.72,033,1.5,020km S 87° W of Lupi (Camarines Sur)
04 September 2025 - 01:07 PM,13.67,120.71,030,1.7,017km N 87° W of Tingloy (Batangas)
04 September 2025 - 12:47 PM,18.00,121.22,010,3.0,005km S 56° E of Kabugao (Apayao)
04 September 2025 - 12:39 PM,07.91,126.41,015,2.5,006km N 38° E of Boston (Davao Oriental)
04 September 2025 - 11:55 AM,13.56,120.64,002,3.5,016km N 36° W of Abra De Ilog (Occidental Mindoro)
04 September 2025 - 10:21 AM,13.58,122.85,001,1.8,024km S 17° W of Lupi (Camarines Sur)
04 September 2025 - 10:04 AM,13.67,122.78,004,1.8,020km S 47° W of Lupi (Camarines Sur)
04 September 2025 - 09:58 AM,10.04,125.15,022,3.1,002km S 34° W of San Francisco (Southern Leyte)
04 September 2025 - 09:52 AM,13.75,122.86,002,2.1,008km S 51° W of Lupi (Camarines Sur)
04 September 2025 - 09:37 AM,15.62,121.57,028,1.6,012km S 24° E of San Luis (Aurora)
04 September 2025 - 09:28 AM,09.81,126.03,021,1.7,007km N 25° W of Dapa (Surigao Del Norte)
04 September 2025 - 09:01 AM,02.91,125.82,121,4.6,280km S 09° E of Balut Island (Municipality Of Sarangani) (Davao Occidental)
04 September 2025 - 08:43 AM,10.01,125.14,008,3.6,006km S 25° W of San Francisco (Southern Leyte)
04 September 2025 - 07:50 AM,09.46,126.42,009,3.0,046km S 39° E of General Luna (Surigao Del Norte)
04 September 2025 - 07:04 AM,09.60,126.61,016,4.3,053km S 68° E of General Luna (Surigao Del Norte)
04 September 2025 - 06:45 AM,09.61,126.65,015,4.8,057km S 71° E of General Luna (Surigao Del Norte)
04 September 2025 - 04:36 AM,13.73,120.59,098,2.2,012km S 22° W of Calatagan (Batangas)
04 September 2025 - 04:18 AM,15.76,120.22,003,2.4,009km S 69° W of Mangatarem (Pangasinan)
04 September 2025 - 03:58 AM,06.35,125.89,068,2.7,027km N 51° E of Don Marcelino (Davao Occidental)
04 September 2025 - 03:55 AM,10.15,126.21,014,4.1,020km N 46° E of Burgos (Surigao Del Norte)
04 September 2025 - 03:29 AM,08.66,126.45,019,2.8,022km S 47° E of Marihatag (Surigao Del Sur)
04 September 2025 - 03:24 AM,12.84,124.87,039,3.6,032km N 11° W of Pambujan (Northern Samar)
04 September 2025 - 03:11 AM,15.14,120.02,062,2.6,005km S 59° W of Cabangan (Zambales)
04 September 2025 - 03:04 AM,15.03,121.68,005,2.2,017km N 54° W of Panukulan (Quezon)
04 September 2025 - 02:14 AM,17.40,121.36,019,2.7,014km S 57° W of City Of Tabuk (Kalinga)
04 September 2025 - 01:47 AM,08.85,126.39,026,3.0,011km N 59° E of Marihatag (Surigao Del Sur)
04 September 2025 - 01:34 AM,09.51,125.15,104,1.8,030km S 67° W of Malimono (Surigao Del Norte)
04 September 2025 - 01:19 AM,13.58,120.65,102,2.0,017km N 28° W of Abra De Ilog (Occidental Mindoro)
04 September 2025 - 01:09 AM,05.88,125.06,010,2.3,007km N 71° E of Maasim (Sarangani)
04 September 2025 - 12:05 AM,11.16,122.39,026,2.5,015km N 40° W of Lambunao (Iloilo)
03 September 2025 - 11:25 PM,11.16,122.38,026,4.0,016km N 42° W of Lambunao (Iloilo)
03 September 2025 - 11:16 PM,18.00,120.23,024,2.9,027km N 72° W of Badoc (Ilocos Norte)
03 September 2025 - 11:16 PM,11.13,122.36,026,2.7,015km N 55° W of Lambunao (Iloilo)
03 September 2025 - 08:38 PM,05.74,125.83,100,2.0,028km S 48° E of Jose Abad Santos (Davao Occidental)
03 September 2025 - 07:57 PM,19.97,121.47,033,2.1,058km S 47° W of Sabtang (Batanes)
03 September 2025 - 07:57 PM,09.78,123.87,006,2.6,006km N 38° E of Maribojoc (Bohol)
03 September 2025 - 07:10 PM,13.68,120.61,066,1.4,017km S 08° W of Calatagan (Batangas)
03 September 2025 - 07:09 PM,13.65,120.67,098,1.4,021km S 11° E of Calatagan (Batangas)
03 September 2025 - 04:34 PM,08.08,126.43,047,2.5,005km N 29° E of Lingig (Surigao Del Sur)
03 September 2025 - 03:20 PM,08.31,126.53,033,1.7,021km S 72° E of Hinatuan (Surigao Del Sur)
03 September 2025 - 12:44 PM,08.73,126.43,030,1.5,016km S 62° E of Marihatag (Surigao Del Sur)
03 September 2025 - 12:04 PM,16.28,121.45,009,2.1,017km S 77° E of Kasibu (Nueva Vizcaya)
03 September 2025 - 11:53 AM,17.64,121.00,002,2.0,006km S 60° E of Lacub (Abra)
03 September 2025 - 11:09 AM,11.70,122.28,021,2.0,003km S 46° W of Makato (Aklan)
03 September 2025 - 11:01 AM,17.25,120.62,022,3.0,004km N 74° E of San Emilio (Ilocos Sur)
03 September 2025 - 10:23 AM,13.57,120.70,150,3.1,014km N 13° W of Abra De Ilog (Occidental Mindoro)
03 September 2025 - 10:00 AM,05.97,126.15,111,3.3,057km S 64° E of Don Marcelino (Davao Occidental)
03 September 2025 - 09:28 AM,13.92,120.53,090,1.3,015km N 48° W of Calatagan (Batangas)
03 September 2025 - 08:15 AM,07.75,122.10,017,2.3,006km N 39° W of Siocon (Zamboanga Del Norte)
03 September 2025 - 07:13 AM,09.85,122.57,004,1.8,009km N 78° W of Candoni (Negros Occidental)
03 September 2025 - 07:11 AM,13.12,124.14,004,3.0,008km S 10° E of Rapu-rapu (Albay)
03 September 2025 - 07:08 AM,19.12,121.21,006,2.4,002km N 07° E of Dalupiri Island (Calayan) (Cagayan)
03 September 2025 - 05:42 AM,07.68,126.02,035,1.7,005km S 57° E of Montevista (Davao De Oro)
03 September 2025 - 05:41 AM,08.88,126.37,002,1.2,008km S 58° E of Cagwait (Surigao Del Sur)
03 September 2025 - 05:03 AM,10.96,124.89,032,1.8,002km S 20° W of Burauen (Leyte)
03 September 2025 - 04:58 AM,06.23,125.65,147,2.0,006km N 57° W of Don Marcelino (Davao Occidental)
03 September 2025 - 04:51 AM,08.20,125.88,010,1.9,003km N 38° E of Loreto (Agusan Del Sur)
03 September 2025 - 04:48 AM,13.23,120.34,007,1.5,025km S 34° W of Paluan (Occidental Mindoro)
03 September 2025 - 04:18 AM,11.20,125.56,024,2.6,005km S 23° E of General Macarthur (Eastern Samar)
03 September 2025 - 04:18 AM,05.99,124.84,021,1.3,022km N 51° W of Maasim (Sarangani)
03 September 2025 - 04:17 AM,10.34,126.23,016,2.4,039km N 25° E of Burgos (Surigao Del Norte)
03 September 2025 - 04:06 AM,05.45,125.65,108,2.0,020km S 82° E of Sarangani Island (Municipality Of Sarangani) (Davao Occidental)
03 September 2025 - 03:54 AM,09.08,126.29,034,2.6,012km N 02° E of Bayabas (Surigao Del Sur)
03 September 2025 - 03:41 AM,09.90,125.83,029,1.4,016km N 78° W of Del Carmen (Surigao Del Norte)
03 September 2025 - 03:33 AM,08.01,126.94,012,1.5,058km N 65° E of Cateel (Davao Oriental)
03 September 2025 - 03:20 AM,11.25,125.59,028,4.0,006km N 83° E of General Macarthur (Eastern Samar)
03 September 2025 - 03:17 AM,11.79,125.30,002,1.9,017km N 78° W of San Julian (Eastern Samar)
03 September 2025 - 03:14 AM,08.87,126.39,030,1.6,011km S 63° E of Cagwait (Surigao Del Sur)
03 September 2025 - 03:10 AM,09.53,126.03,008,2.0,012km S 38° E of Socorro (Surigao Del Norte)
03 September 2025 - 03:06 AM,07.69,126.06,004,2.5,004km N 58° W of Compostela (Davao De Oro)
03 September 2025 - 03:00 AM,11.38,125.38,029,1.4,018km S 55° W of Balangkayan (Eastern Samar)
03 September 2025 - 02:28 AM,09.40,126.31,041,2.4,019km N 43° E of Cortes (Surigao Del Sur)
03 September 2025 - 02:21 AM,04.57,126.11,033,2.4,120km S 39° E of Balut Island (Municipality Of Sarangani) (Davao Occidental)
03 September 2025 - 02:02 AM,16.09,119.98,033,1.5,005km N 59° E of Mabini (Pangasinan)
03 September 2025 - 01:39 AM,08.76,126.87,003,1.7,063km S 86° E of Marihatag (Surigao Del Sur)
03 September 2025 - 01:10 AM,06.96,125.17,034,1.5,009km S 89° E of Makilala (Cotabato)
03 September 2025 - 12:41 AM,08.74,126.58,025,2.2,032km S 78° E of Marihatag (Surigao Del Sur)
03 September 2025 - 12:35 AM,05.76,125.95,090,2.5,038km S 63° E of Jose Abad Santos (Davao Occidental)
03 September 2025 - 12:33 AM,08.85,126.24,031,1.7,009km N 50° W of Marihatag (Surigao Del Sur)
03 September 2025 - 12:27 AM,07.96,126.35,029,1.8,011km N 16° W of Boston (Davao Oriental)
03 September 2025 - 12:25 AM,07.67,126.26,120,1.8,019km N 89° E of Compostela (Davao De Oro)
03 September 2025 - 12:22 AM,07.83,124.44,031,1.7,008km S 61° E of Lumba-bayabao (Lanao Del Sur)
03 September 2025 - 12:05 AM,13.55,122.82,027,1.5,025km N 81° W of Pasacao (Camarines Sur)
02 September 2025 - 11:50 PM,16.10,120.15,012,2.3,007km N 58° E of Sual (Pangasinan)
02 September 2025 - 11:39 PM,07.65,124.68,031,1.4,005km N 75° W of Wao (Lanao Del Sur)
02 September 2025 - 11:07 PM,13.25,120.72,032,1.8,014km N 79° E of Mamburao (Occidental Mindoro)
02 September 2025 - 10:53 PM,13.73,122.78,034,1.6,010km S 07° W of Ragay (Camarines Sur)
02 September 2025 - 10:39 PM,08.04,124.24,034,1.8,003km N 04° E of Piagapo (Lanao Del Sur)
02 September 2025 - 10:39 PM,08.04,124.25,034,1.4,003km N 17° E of Piagapo (Lanao Del Sur)
02 September 2025 - 10:05 PM,13.73,120.63,088,1.4,011km S 02° W of Calatagan (Batangas)
02 September 2025 - 09:59 PM,05.25,126.08,044,2.7,072km S 70° E of Sarangani Island (Municipality Of Sarangani) (Davao Occidental)
02 September 2025 - 09:58 PM,10.05,126.15,028,2.2,009km N 69° E of Burgos (Surigao Del Norte)
02 September 2025 - 09:54 PM,05.32,126.14,057,2.0,076km S 77° E of Sarangani Island (Municipality Of Sarangani) (Davao Occidental)
02 September 2025 - 09:50 PM,12.40,120.47,025,2.1,053km N 33° E of Coron (Palawan)
02 September 2025 - 09:44 PM,05.90,126.06,034,2.4,046km S 89° E of Jose Abad Santos (Davao Occidental)
02 September 2025 - 09:32 PM,13.53,120.96,027,1.3,004km N 17° E of Puerto Galera (Oriental Mindoro)
02 September 2025 - 09:32 PM,09.03,126.34,032,1.5,010km N 43° E of Bayabas (Surigao Del Sur)
02 September 2025 - 09:29 PM,13.68,122.85,004,3.0,014km S 30° W of Lupi (Camarines Sur)
02 September 2025 - 08:41 PM,13.94,120.48,185,2.1,021km N 54° W of Calatagan (Batangas)
02 September 2025 - 08:34 PM,13.76,122.72,033,1.2,011km S 49° W of Ragay (Camarines Sur)
02 September 2025 - 08:31 PM,05.54,125.44,109,2.8,008km N 25° W of Sarangani Island (Municipality Of Sarangani) (Davao Occidental)
02 September 2025 - 08:21 PM,13.77,122.86,002,2.3,006km S 68° W of Lupi (Camarines Sur)
02 September 2025 - 08:12 PM,13.68,122.85,002,3.2,014km S 29° W of Lupi (Camarines Sur)
02 September 2025 - 06:40 PM,19.06,120.38,008,3.3,067km N 25° W of Burgos (Ilocos Norte)
02 September 2025 - 06:25 PM,08.22,124.52,033,1.5,009km S 83° W of Talakag (Bukidnon)
02 September 2025 - 04:55 PM,18.20,120.57,033,1.5,002km N 87° W of City Of Laoag (Ilocos Norte)
02 September 2025 - 04:30 PM,08.68,126.94,014,2.5,072km S 79° E of Marihatag (Surigao Del Sur)
02 September 2025 - 04:27 PM,12.31,125.06,032,2.1,004km S 40° E of Las Navas (Northern Samar)
02 September 2025 - 03:09 PM,09.61,122.00,030,4.0,051km S 69° W of City Of Sipalay (Negros Occidental)
02 September 2025 - 02:59 PM,19.10,120.30,003,2.5,074km N 29° W of Burgos (Ilocos Norte)
02 September 2025 - 02:06 PM,18.58,120.60,009,2.3,009km N 29° W of Burgos (Ilocos Norte)
02 September 2025 - 01:11 PM,13.79,123.88,020,1.7,003km N 43° E of Caramoan (Camarines Sur)
02 September 2025 - 12:56 PM,13.61,120.36,001,1.8,017km S 43° E of Looc (Occidental Mindoro)
02 September 2025 - 12:41 PM,19.03,120.36,008,2.4,065km N 28° W of Burgos (Ilocos Norte)
02 September 2025 - 12:40 PM,18.61,120.73,003,1.8,008km N 49° W of Pagudpud (Ilocos Norte)
02 September 2025 - 12:24 PM,06.08,123.98,002,2.2,030km S 70° W of Palimbang (Sultan Kudarat)
02 September 2025 - 11:14 AM,13.58,120.69,005,1.8,015km N 16° W of Abra De Ilog (Occidental Mindoro)
02 September 2025 - 11:10 AM,13.08,121.17,006,1.9,016km S 49° W of Victoria (Oriental Mindoro)
02 September 2025 - 10:51 AM,19.08,120.32,015,2.5,072km N 29° W of Burgos (Ilocos Norte)
02 September 2025 - 10:41 AM,19.13,120.33,011,2.9,076km N 26° W of Burgos (Ilocos Norte)
02 September 2025 - 10:29 AM,19.09,120.50,003,5.1,066km N 14° W of Burgos (Ilocos Norte)
02 September 2025 - 10:20 AM,10.02,121.73,025,4.0,050km S 26° W of Anini-y (Antique)
02 September 2025 - 10:08 AM,08.63,126.47,045,2.0,027km S 46° E of Marihatag (Surigao Del Sur)
02 September 2025 - 09:07 AM,12.50,125.35,032,2.1,011km N 76° E of Mapanas (Northern Samar)
02 September 2025 - 07:42 AM,13.42,120.72,066,1.8,003km S 11° W of Abra De Ilog (Occidental Mindoro)
02 September 2025 - 07:14 AM,14.02,120.50,115,1.4,015km S 69° W of Nasugbu (Batangas)
02 September 2025 - 06:33 AM,11.80,125.82,008,2.7,040km S 87° E of Sulat (Eastern Samar)
02 September 2025 - 05:27 AM,02.58,127.07,158,4.1,363km S 30° E of Balut Island (Municipality Of Sarangani) (Davao Occidental)
02 September 2025 - 05:18 AM,08.64,126.60,026,2.0,038km S 62° E of Marihatag (Surigao Del Sur)
02 September 2025 - 04:19 AM,08.19,126.96,004,2.9,062km N 75° E of Lingig (Surigao Del Sur)
02 September 2025 - 04:15 AM,07.48,125.64,050,2.1,006km S 24° E of Santo Tomas (Davao Del Norte)
02 September 2025 - 03:55 AM,14.07,123.98,028,1.5,018km N 60° W of Caramoran (Catanduanes)
02 September 2025 - 03:53 AM,07.51,124.66,009,2.4,004km N 86° W of Banisilan (Cotabato)
02 September 2025 - 03:47 AM,17.61,120.98,033,1.2,004km N 34° W of Malibcong (Abra)
02 September 2025 - 03:15 AM,16.39,120.17,024,1.4,019km S 89° W of Aringay (La Union)
02 September 2025 - 02:49 AM,14.20,123.98,016,1.7,027km N 49° W of Pandan (Catanduanes)
02 September 2025 - 02:41 AM,13.70,122.86,003,2.9,011km S 33° W of Lupi (Camarines Sur)
02 September 2025 - 02:23 AM,09.52,123.87,033,1.5,012km S 24° W of Baclayon (Bohol)
02 September 2025 - 01:44 AM,15.45,121.80,001,1.5,042km S 37° E of Baler (Aurora)
02 September 2025 - 01:32 AM,19.97,121.71,026,2.3,044km S 23° W of Sabtang (Batanes)
02 September 2025 - 01:29 AM,13.70,120.52,083,2.0,019km S 39° W of Calatagan (Batangas)
02 September 2025 - 12:47 AM,05.23,125.08,027,3.4,043km S 61° W of Balut Island (Municipality Of Sarangani) (Davao Occidental)
02 September 2025 - 12:35 AM,06.26,126.08,137,2.8,043km N 81° E of Don Marcelino (Davao Occidental)
02 September 2025 - 12:13 AM,13.66,121.00,033,1.4,012km S 36° E of Mabini (Batangas)
01 September 2025 - 11:52 PM,15.63,119.97,034,1.2,004km N 87° E of Candelaria (Zambales)
01 September 2025 - 11:45 PM,18.52,120.89,005,3.2,006km N 11° W of Adams (Ilocos Norte)
01 September 2025 - 11:26 PM,08.17,126.99,004,2.3,065km N 78° E of Lingig (Surigao Del Sur)
01 September 2025 - 11:24 PM,08.21,127.03,002,2.8,071km N 75° E of Lingig (Surigao Del Sur)
01 September 2025 - 11:23 PM,10.35,126.04,021,1.6,037km N 06° W of Burgos (Surigao Del Norte)
01 September 2025 - 10:53 PM,08.80,126.32,031,2.1,002km S 85° E of Marihatag (Surigao Del Sur)
01 September 2025 - 10:06 PM,12.30,124.46,004,1.8,017km S 54° E of San Isidro (Northern Samar)
01 September 2025 - 09:56 PM,16.83,120.14,020,1.6,026km S 83° W of Luna (La Union)
01 September 2025 - 09:20 PM,15.07,120.35,036,1.6,023km N 63° E of San Marcelino (Zambales)
01 September 2025 - 08:17 PM,08.30,126.77,008,1.9,048km S 81° E of Hinatuan (Surigao Del Sur)
01 September 2025 - 07:21 PM,08.04,124.89,018,2.4,015km N 72° W of Lantapan (Bukidnon)
01 September 2025 - 06:38 PM,05.22,126.38,048,2.7,105km S 74° E of Sarangani Island (Municipality Of Sarangani) (Davao Occidental)
01 September 2025 - 06:18 PM,10.29,123.12,010,2.3,006km N 65° E of Moises Padilla (Negros Occidental)
01 September 2025 - 05:25 PM,08.77,126.95,015,2.6,071km S 87° E of Marihatag (Surigao Del Sur)
01 September 2025 - 04:38 PM,13.67,122.77,034,1.6,017km S 06° W of Ragay (Camarines Sur)
01 September 2025 - 04:23 PM,13.79,122.88,002,1.8,004km N 87° W of Lupi (Camarines Sur)
01 September 2025 - 04:14 PM,12.48,123.65,004,1.6,012km N 14° E of City Of Masbate (Masbate)
01 September 2025 - 03:10 PM,12.49,122.27,001,2.1,009km S 01° W of Romblon (Romblon)
01 September 2025 - 02:32 PM,13.72,122.86,010,2.4,010km S 32° W of Lupi (Camarines Sur)
01 September 2025 - 02:01 PM,07.17,124.60,005,3.5,007km S 73° E of Midsayap (Cotabato)
01 September 2025 - 12:13 PM,09.34,125.56,002,2.2,009km N 01° E of Santiago (Agusan Del Norte)
01 September 2025 - 11:18 AM,15.48,119.97,027,2.7,006km S 09° E of Masinloc (Zambales)
01 September 2025 - 10:38 AM,13.54,120.80,034,1.6,014km N 38° E of Abra De Ilog (Occidental Mindoro)
01 September 2025 - 10:25 AM,09.95,123.76,034,1.5,013km N 62° W of Calape (Bohol)
01 September 2025 - 10:02 AM,13.18,120.66,019,1.9,009km S 54° E of Mamburao (Occidental Mindoro)
01 September 2025 - 09:05 AM,10.47,126.52,002,3.1,070km N 44° E of Burgos (Surigao Del Norte)
01 September 2025 - 08:28 AM,11.41,125.30,013,1.9,024km S 74° W of Balangkayan (Eastern Samar)
01 September 2025 - 08:15 AM,08.82,126.23,034,1.8,008km N 77° W of Marihatag (Surigao Del Sur)
01 September 2025 - 06:26 AM,13.52,123.56,032,1.5,010km S 24° E of Sagñay (Camarines Sur)
01 September 2025 - 06:08 AM,08.10,125.66,023,1.8,024km S 68° W of Loreto (Agusan Del Sur)
01 September 2025 - 05:18 AM,13.74,120.57,005,1.2,013km S 34° W of Calatagan (Batangas)
01 September 2025 - 04:58 AM,13.72,122.85,003,3.3,011km S 41° W of Lupi (Camarines Sur)
01 September 2025 - 04:52 AM,13.55,120.34,007,1.7,021km S 27° E of Looc (Occidental Mindoro)
01 September 2025 - 04:49 AM,06.39,126.11,017,2.3,029km S 09° E of Governor Generoso (Davao Oriental)
01 September 2025 - 04:17 AM,13.34,120.19,010,3.2,031km S 74° W of Paluan (Occidental Mindoro)
01 September 2025 - 03:36 AM,17.20,120.23,025,2.0,023km N 82° W of City Of Candon (Ilocos Sur)
01 September 2025 - 03:29 AM,10.29,121.89,017,2.7,016km S 15° W of Anini-y (Antique)
01 September 2025 - 02:59 AM,12.89,124.47,066,2.0,026km N 27° E of Biri (Northern Samar)
01 September 2025 - 02:57 AM,04.82,128.35,033,4.0,324km S 68° E of Jose Abad Santos (Davao Occidental)
01 September 2025 - 01:46 AM,13.88,120.61,093,1.7,006km N 28° W of Calatagan (Batangas)
01 September 2025 - 01:26 AM,17.68,122.43,010,2.5,038km N 32° E of Maconacon (Isabela)
01 September 2025 - 01:03 AM,20.06,121.33,046,2.7,065km S 62° W of Sabtang (Batanes)
01 September 2025 - 01:00 AM,06.24,127.58,110,2.3,154km S 54° E of Tarragona (Davao Oriental)
01 September 2025 - 12:15 AM,09.12,126.48,024,1.9,027km N 52° E of Bayabas (Surigao Del Sur)
01 September 2025 - 12:00 AM,05.46,126.42,039,3.2,099km S 60° E of Jose Abad Santos (Davao Occidental)
