date_time,latitude,longitude,depth,magnitude,location
31 October 2025 - 11:57 PM,10.91,123.80,005,4.0,025km S 52° W of City Of Bogo (Cebu)
31 October 2025 - 11:45 PM,11.00,123.94,002,3.0,006km S 41° W of City Of Bogo (Cebu)
31 October 2025 - 11:44 PM,11.03,124.06,004,1.4,009km S 79° E of City Of Bogo (Cebu)
31 October 2025 - 11:39 PM,09.30,126.15,031,1.8,005km N 57° W of Cortes (Surigao Del Sur)
31 October 2025 - 11:32 PM,09.59,126.16,031,1.7,021km S 01° W of General Luna (Surigao Del Norte)
31 October 2025 - 11:30 PM,09.55,126.16,019,3.3,026km S 01° E of General Luna (Surigao Del Norte)
31 October 2025 - 11:23 PM,08.90,126.66,009,1.8,039km S 86° E of Cagwait (Surigao Del Sur)
31 October 2025 - 11:20 PM,11.08,124.12,029,1.6,016km N 78° E of City Of Bogo (Cebu)
31 October 2025 - 11:18 PM,09.99,122.30,019,2.5,028km N 31° W of City Of Sipalay (Negros Occidental)
31 October 2025 - 11:14 PM,06.23,127.38,005,3.3,143km S 41° E of Manay (Davao Oriental)
31 October 2025 - 10:52 PM,07.51,126.77,029,1.8,042km N 37° E of Manay (Davao Oriental)
31 October 2025 - 10:26 PM,06.22,127.45,016,3.1,149km S 43° E of Manay (Davao Oriental)
31 October 2025 - 10:11 PM,13.69,120.67,103,2.3,017km S 16° E of Calatagan (Batangas)
31 October 2025 - 10:11 PM,17.99,119.94,015,2.7,057km N 84° W of Badoc (Ilocos Norte)
31 October 2025 - 09:56 PM,12.27,125.51,013,3.5,010km N 02° E of San Policarpo (Eastern Samar)
31 October 2025 - 09:48 PM,10.99,124.05,009,2.1,010km S 53° E of City Of Bogo (Cebu)
31 October 2025 - 09:27 PM,06.45,125.79,126,2.1,021km N 78° E of Malita (Davao Occidental)
31 October 2025 - 09:13 PM,06.19,127.37,015,4.2,145km S 39° E of Manay (Davao Oriental)
31 October 2025 - 08:53 PM,07.88,126.29,043,1.6,010km N 83° W of Boston (Davao Oriental)
31 October 2025 - 08:42 PM,16.26,121.44,004,2.1,017km S 69° E of Kasibu (Nueva Vizcaya)
31 October 2025 - 08:20 PM,09.31,126.26,028,1.5,010km N 67° E of Cortes (Surigao Del Sur)
31 October 2025 - 07:35 PM,13.21,120.27,021,1.7,031km S 42° W of Paluan (Occidental Mindoro)
31 October 2025 - 07:34 PM,06.94,126.75,026,2.3,038km S 38° E of Manay (Davao Oriental)
31 October 2025 - 06:45 PM,07.90,126.59,014,1.7,019km N 50° E of Cateel (Davao Oriental)
31 October 2025 - 06:31 PM,12.19,125.39,009,2.8,008km N 45° W of Oras (Eastern Samar)
31 October 2025 - 06:14 PM,06.97,123.74,027,3.6,033km S 72° W of Datu Blah T. Sinsuat (Maguindanao Del Norte)
31 October 2025 - 06:10 PM,11.12,124.13,009,2.3,018km N 65° E of City Of Bogo (Cebu)
31 October 2025 - 05:49 PM,07.18,125.64,053,2.8,012km S 18° W of City Of Panabo (Davao Del Norte)
31 October 2025 - 05:33 PM,12.17,125.42,010,2.6,010km S 87° W of San Policarpo (Eastern Samar)
31 October 2025 - 05:28 PM,07.43,127.21,026,3.1,077km N 74° E of Manay (Davao Oriental)
31 October 2025 - 05:00 PM,12.46,125.82,014,3.5,045km N 48° E of San Policarpo (Eastern Samar)
31 October 2025 - 04:57 PM,12.36,125.64,016,4.5,025km N 36° E of San Policarpo (Eastern Samar)
31 October 2025 - 04:30 PM,09.25,126.56,010,2.0,040km S 85° E of Cortes (Surigao Del Sur)
31 October 2025 - 04:03 PM,07.41,127.49,015,3.2,106km N 78° E of Manay (Davao Oriental)
31 October 2025 - 03:37 PM,09.64,126.10,015,3.3,017km S 23° W of General Luna (Surigao Del Norte)
31 October 2025 - 03:20 PM,11.32,123.86,001,2.4,033km N 23° W of City Of Bogo (Cebu)
31 October 2025 - 03:10 PM,11.00,124.02,001,2.2,007km S 43° E of City Of Bogo (Cebu)
31 October 2025 - 02:07 PM,07.41,126.72,011,2.3,029km N 43° E of Manay (Davao Oriental)
31 October 2025 - 01:40 PM,09.62,126.23,033,1.4,019km S 25° E of General Luna (Surigao Del Norte)
31 October 2025 - 01:19 PM,07.99,126.39,017,1.9,006km S 22° W of Lingig (Surigao Del Sur)
31 October 2025 - 12:44 PM,11.01,123.96,034,1.8,004km S 33° W of City Of Bogo (Cebu)
31 October 2025 - 12:26 PM,10.93,123.94,009,2.0,014km S 19° W of City Of Bogo (Cebu)
31 October 2025 - 12:06 PM,10.93,123.94,007,3.2,014km S 20° W of City Of Bogo (Cebu)
31 October 2025 - 12:06 PM,04.78,126.12,033,4.3,104km S 48° E of Balut Island (Municipality Of Sarangani) (Davao Occidental)
31 October 2025 - 11:42 AM,11.22,124.14,027,1.9,026km N 42° E of City Of Bogo (Cebu)
31 October 2025 - 11:17 AM,09.86,123.97,009,2.1,012km N 42° E of Antequera (Bohol)
31 October 2025 - 10:55 AM,11.45,124.48,001,1.7,002km S 33° E of Biliran (Biliran)
31 October 2025 - 10:46 AM,06.19,124.64,004,2.1,009km S 64° W of Lake Sebu (South Cotabato)
31 October 2025 - 10:38 AM,11.01,123.94,002,1.9,006km S 48° W of City Of Bogo (Cebu)
31 October 2025 - 10:29 AM,08.80,126.33,027,2.0,004km S 83° E of Marihatag (Surigao Del Sur)
31 October 2025 - 10:27 AM,11.20,123.94,009,2.3,018km N 13° W of City Of Bogo (Cebu)
31 October 2025 - 10:23 AM,11.01,124.03,002,2.4,007km S 57° E of City Of Bogo (Cebu)
31 October 2025 - 10:08 AM,08.80,126.46,030,3.2,018km N 90° E of Marihatag (Surigao Del Sur)
31 October 2025 - 09:51 AM,08.13,126.65,023,2.3,028km N 70° E of Lingig (Surigao Del Sur)
31 October 2025 - 09:40 AM,07.57,126.77,026,2.2,047km N 32° E of Manay (Davao Oriental)
31 October 2025 - 09:27 AM,14.15,120.38,106,1.6,028km N 73° W of Nasugbu (Batangas)
31 October 2025 - 09:27 AM,07.30,126.85,018,3.7,036km N 74° E of Manay (Davao Oriental)
31 October 2025 - 08:45 AM,12.55,124.95,018,2.4,002km S 66° E of Pambujan (Northern Samar)
31 October 2025 - 08:40 AM,11.08,124.18,003,2.0,022km N 81° E of City Of Bogo (Cebu)
31 October 2025 - 08:33 AM,09.01,126.44,016,1.7,019km N 57° E of Cagwait (Surigao Del Sur)
31 October 2025 - 08:12 AM,08.08,122.14,028,2.4,030km N 01° W of Baliguian (Zamboanga Del Norte)
31 October 2025 - 07:48 AM,09.67,126.19,034,1.5,013km S 16° E of General Luna (Surigao Del Norte)
31 October 2025 - 07:08 AM,11.23,124.07,020,1.9,023km N 26° E of City Of Bogo (Cebu)
31 October 2025 - 06:43 AM,10.86,123.66,011,2.9,017km N 83° E of City Of Escalante (Negros Occidental)
31 October 2025 - 06:39 AM,07.13,126.94,020,2.4,045km S 78° E of Manay (Davao Oriental)
31 October 2025 - 06:20 AM,16.95,120.48,012,1.4,005km N 61° E of Tagudin (Ilocos Sur)
31 October 2025 - 06:18 AM,06.94,125.73,035,1.9,016km S 07° E of Island Garden City Of Samal (Davao Del Norte)
31 October 2025 - 06:14 AM,05.38,126.65,039,3.5,131km S 86° E of Sarangani Island (Municipality Of Sarangani) (Davao Occidental)
31 October 2025 - 05:46 AM,10.87,123.75,020,2.3,031km S 52° W of City Of Bogo (Cebu)
31 October 2025 - 05:33 AM,10.98,124.01,020,1.9,009km S 23° E of City Of Bogo (Cebu)
31 October 2025 - 05:18 AM,07.11,126.96,027,2.0,048km S 76° E of Manay (Davao Oriental)
31 October 2025 - 04:45 AM,13.89,120.28,054,1.5,020km N 10° E of Looc (Occidental Mindoro)
31 October 2025 - 04:28 AM,10.78,124.12,022,1.8,033km S 27° E of City Of Bogo (Cebu)
31 October 2025 - 04:11 AM,02.61,125.85,121,4.4,313km S 09° E of Balut Island (Municipality Of Sarangani) (Davao Occidental)
31 October 2025 - 04:08 AM,09.32,126.14,027,2.1,008km N 48° W of Cortes (Surigao Del Sur)
31 October 2025 - 03:37 AM,11.11,123.98,007,2.4,007km N 01° W of City Of Bogo (Cebu)
31 October 2025 - 03:28 AM,09.66,126.15,031,2.3,014km S 02° W of General Luna (Surigao Del Norte)
31 October 2025 - 03:26 AM,10.94,123.92,005,2.0,014km S 27° W of City Of Bogo (Cebu)
31 October 2025 - 03:26 AM,11.10,124.15,032,1.4,019km N 73° E of City Of Bogo (Cebu)
31 October 2025 - 03:24 AM,16.96,120.14,032,2.4,027km N 65° W of Luna (La Union)
31 October 2025 - 03:09 AM,05.67,127.23,127,3.1,168km S 50° E of Governor Generoso (Davao Oriental)
31 October 2025 - 02:49 AM,08.99,126.48,025,2.4,021km N 69° E of Cagwait (Surigao Del Sur)
31 October 2025 - 02:00 AM,10.96,123.92,003,2.0,012km S 34° W of City Of Bogo (Cebu)
31 October 2025 - 01:55 AM,11.15,123.97,011,2.0,012km N 06° W of City Of Bogo (Cebu)
31 October 2025 - 01:43 AM,11.05,123.99,007,2.2,001km East of City Of Bogo (Cebu)
31 October 2025 - 01:38 AM,08.03,124.44,005,2.0,006km S 33° E of Tagoloan Ii (Lanao Del Sur)
31 October 2025 - 01:33 AM,07.15,127.01,016,3.2,052km S 82° E of Manay (Davao Oriental)
31 October 2025 - 01:29 AM,10.59,126.31,028,2.3,068km N 22° E of Burgos (Surigao Del Norte)
31 October 2025 - 01:24 AM,18.11,119.69,015,3.2,084km N 84° W of Currimao (Ilocos Norte)
31 October 2025 - 01:15 AM,18.45,120.90,001,2.0,001km S 11° E of Adams (Ilocos Norte)
31 October 2025 - 01:13 AM,16.31,120.13,058,2.1,019km N 84° E of Anda (Pangasinan)
31 October 2025 - 01:01 AM,16.01,119.80,013,2.1,008km S 51° W of Burgos (Pangasinan)
31 October 2025 - 12:45 AM,10.94,123.97,001,2.3,011km S 07° W of City Of Bogo (Cebu)
31 October 2025 - 12:36 AM,08.13,127.24,008,3.4,091km N 84° E of Lingig (Surigao Del Sur)
31 October 2025 - 12:21 AM,09.59,126.16,032,2.0,021km S 01° E of General Luna (Surigao Del Norte)
30 October 2025 - 11:47 PM,16.11,119.91,012,2.4,005km N 31° W of Mabini (Pangasinan)
30 October 2025 - 11:34 PM,07.16,127.19,032,2.4,072km S 85° E of Manay (Davao Oriental)
30 October 2025 - 11:25 PM,07.29,127.06,018,2.9,058km N 81° E of Manay (Davao Oriental)
30 October 2025 - 11:04 PM,11.11,124.11,008,1.7,016km N 64° E of City Of Bogo (Cebu)
30 October 2025 - 10:44 PM,11.16,124.12,005,2.2,020km N 50° E of City Of Bogo (Cebu)
30 October 2025 - 10:41 PM,09.64,126.18,031,2.0,016km S 09° E of General Luna (Surigao Del Norte)
30 October 2025 - 10:40 PM,17.80,120.55,026,2.7,010km N 87° E of Cabugao (Ilocos Sur)
30 October 2025 - 10:40 PM,08.02,126.54,066,2.2,014km S 81° E of Lingig (Surigao Del Sur)
30 October 2025 - 10:37 PM,09.60,126.15,036,1.8,020km S 02° W of General Luna (Surigao Del Norte)
30 October 2025 - 10:36 PM,13.08,124.14,087,2.2,007km N 54° W of Prieto Diaz (Sorsogon)
30 October 2025 - 10:16 PM,06.19,127.42,037,2.2,149km S 41° E of Manay (Davao Oriental)
30 October 2025 - 10:01 PM,07.14,127.05,022,3.1,057km S 82° E of Manay (Davao Oriental)
30 October 2025 - 09:57 PM,07.17,127.21,008,3.9,074km S 87° E of Manay (Davao Oriental)
30 October 2025 - 09:49 PM,07.36,127.36,003,2.9,092km N 79° E of Manay (Davao Oriental)
30 October 2025 - 09:44 PM,09.59,126.29,032,1.8,026km S 34° E of General Luna (Surigao Del Norte)
30 October 2025 - 09:31 PM,07.36,127.34,001,3.4,089km N 79° E of Manay (Davao Oriental)
30 October 2025 - 09:31 PM,09.27,126.55,001,1.6,039km S 89° E of Cortes (Surigao Del Sur)
30 October 2025 - 09:23 PM,07.92,126.83,020,2.5,044km N 71° E of Cateel (Davao Oriental)
30 October 2025 - 09:13 PM,11.14,124.07,033,1.3,014km N 43° E of City Of Bogo (Cebu)
30 October 2025 - 09:10 PM,13.89,120.55,085,2.0,011km N 55° W of Calatagan (Batangas)
30 October 2025 - 09:01 PM,07.46,126.72,022,3.5,034km N 36° E of Manay (Davao Oriental)
30 October 2025 - 08:48 PM,08.16,127.02,007,2.1,068km N 78° E of Lingig (Surigao Del Sur)
30 October 2025 - 08:43 PM,07.10,123.67,025,1.9,039km N 85° W of Datu Blah T. Sinsuat (Maguindanao Del Norte)
30 October 2025 - 08:42 PM,07.78,122.09,032,2.4,007km S 67° W of Baliguian (Zamboanga Del Norte)
30 October 2025 - 08:32 PM,08.15,127.18,006,3.4,086km N 82° E of Lingig (Surigao Del Sur)
30 October 2025 - 08:13 PM,11.11,124.10,004,2.5,015km N 63° E of City Of Bogo (Cebu)
30 October 2025 - 07:49 PM,11.03,124.03,028,1.5,005km S 76° E of City Of Bogo (Cebu)
30 October 2025 - 07:31 PM,11.20,124.12,006,2.0,023km N 42° E of City Of Bogo (Cebu)
30 October 2025 - 07:25 PM,15.93,121.95,007,2.0,024km S 02° W of Dinalungan (Aurora)
30 October 2025 - 07:21 PM,10.93,123.94,001,2.2,013km S 18° W of City Of Bogo (Cebu)
30 October 2025 - 07:16 PM,10.93,123.78,003,2.1,026km S 59° W of City Of Bogo (Cebu)
30 October 2025 - 07:06 PM,13.69,123.14,032,1.6,005km S 37° E of Cabusao (Camarines Sur)
30 October 2025 - 07:05 PM,09.64,126.19,034,1.9,017km S 13° E of General Luna (Surigao Del Norte)
30 October 2025 - 07:04 PM,06.10,126.74,035,2.1,096km S 51° E of Governor Generoso (Davao Oriental)
30 October 2025 - 06:42 PM,11.15,123.96,020,2.1,012km N 09° W of City Of Bogo (Cebu)
30 October 2025 - 06:37 PM,10.87,123.97,005,2.1,020km S 03° W of City Of Bogo (Cebu)
30 October 2025 - 06:01 PM,11.12,124.18,006,2.5,023km N 69° E of City Of Bogo (Cebu)
30 October 2025 - 05:54 PM,07.08,127.16,006,2.2,070km S 78° E of Manay (Davao Oriental)
30 October 2025 - 05:42 PM,15.91,121.86,016,1.9,027km S 22° W of Dinalungan (Aurora)
30 October 2025 - 05:40 PM,09.68,126.01,010,2.1,019km S 55° W of General Luna (Surigao Del Norte)
30 October 2025 - 05:40 PM,15.92,121.92,001,2.2,025km S 10° W of Dinalungan (Aurora)
30 October 2025 - 05:40 PM,11.13,124.18,009,1.8,024km N 66° E of City Of Bogo (Cebu)
30 October 2025 - 05:26 PM,11.20,124.14,003,3.3,024km N 48° E of City Of Bogo (Cebu)
30 October 2025 - 04:52 PM,11.13,124.10,028,2.2,016km N 56° E of City Of Bogo (Cebu)
30 October 2025 - 04:15 PM,13.94,119.86,080,2.2,030km N 73° W of Lubang (Occidental Mindoro)
30 October 2025 - 04:12 PM,07.61,126.62,026,2.6,045km N 11° E of Manay (Davao Oriental)
30 October 2025 - 03:32 PM,09.68,126.22,029,2.2,014km S 30° E of General Luna (Surigao Del Norte)
30 October 2025 - 03:31 PM,09.67,126.17,026,2.3,013km S 06° E of General Luna (Surigao Del Norte)
30 October 2025 - 03:30 PM,11.12,124.08,009,2.2,014km N 52° E of City Of Bogo (Cebu)
30 October 2025 - 01:04 PM,07.36,126.84,004,2.3,037km N 63° E of Manay (Davao Oriental)
30 October 2025 - 01:02 PM,07.28,126.81,021,2.4,031km N 76° E of Manay (Davao Oriental)
30 October 2025 - 12:58 PM,09.60,126.19,035,1.5,021km S 10° E of General Luna (Surigao Del Norte)
30 October 2025 - 12:54 PM,07.87,126.13,032,1.5,010km N 60° E of Monkayo (Davao De Oro)
30 October 2025 - 12:37 PM,10.35,125.16,002,2.7,006km S 42° W of Hinunangan (Southern Leyte)
30 October 2025 - 12:18 PM,11.13,123.89,006,1.8,014km N 46° W of City Of Bogo (Cebu)
30 October 2025 - 12:04 PM,11.03,124.00,028,1.9,003km S 46° E of City Of Bogo (Cebu)
30 October 2025 - 12:01 PM,10.94,123.98,005,2.5,012km S 01° E of City Of Bogo (Cebu)
30 October 2025 - 11:40 AM,11.00,124.03,005,2.6,008km S 50° E of City Of Bogo (Cebu)
30 October 2025 - 10:55 AM,07.49,126.74,030,1.9,038km N 36° E of Manay (Davao Oriental)
30 October 2025 - 10:39 AM,09.80,126.14,023,1.8,002km N 45° W of General Luna (Surigao Del Norte)
30 October 2025 - 10:37 AM,11.13,124.18,008,2.2,024km N 66° E of City Of Bogo (Cebu)
30 October 2025 - 10:32 AM,09.65,126.21,033,2.0,015km S 23° E of General Luna (Surigao Del Norte)
30 October 2025 - 10:06 AM,09.88,124.21,020,1.5,007km N 11° E of Carmen (Bohol)
30 October 2025 - 09:47 AM,16.93,120.60,112,2.5,009km N 54° E of Alilem (Ilocos Sur)
30 October 2025 - 09:46 AM,10.97,123.98,005,2.2,009km S 01° E of City Of Bogo (Cebu)
30 October 2025 - 09:07 AM,04.75,125.32,037,3.5,074km S 08° W of Balut Island (Municipality Of Sarangani) (Davao Occidental)
30 October 2025 - 08:18 AM,10.80,122.83,033,1.6,013km S 81° E of Dumangas (Iloilo)
30 October 2025 - 08:17 AM,11.17,123.99,028,1.8,013km N 04° E of City Of Bogo (Cebu)
30 October 2025 - 08:02 AM,11.18,124.01,011,2.0,015km N 13° E of City Of Bogo (Cebu)
30 October 2025 - 07:48 AM,10.75,123.77,006,2.3,007km N 73° W of Tuburan (Cebu)
30 October 2025 - 07:21 AM,10.80,123.73,008,2.8,021km N 59° W of Tabuelan (Cebu)
30 October 2025 - 07:05 AM,11.06,124.05,002,2.1,008km N 76° E of City Of Bogo (Cebu)
30 October 2025 - 07:02 AM,12.97,124.52,012,3.4,036km S 78° E of Prieto Diaz (Sorsogon)
30 October 2025 - 06:01 AM,11.09,123.96,013,2.0,006km N 23° W of City Of Bogo (Cebu)
30 October 2025 - 05:37 AM,11.29,125.60,011,1.8,007km S 19° W of Hernani (Eastern Samar)
30 October 2025 - 05:30 AM,12.99,124.51,012,2.0,035km S 80° E of Prieto Diaz (Sorsogon)
30 October 2025 - 05:29 AM,11.02,123.96,003,2.3,003km S 40° W of City Of Bogo (Cebu)
30 October 2025 - 05:28 AM,12.47,124.62,030,2.2,004km S 27° W of Catarman (Northern Samar)
30 October 2025 - 05:23 AM,10.91,123.81,008,2.0,024km S 50° W of City Of Bogo (Cebu)
30 October 2025 - 04:46 AM,07.16,126.63,020,2.6,011km S 64° E of Manay (Davao Oriental)
30 October 2025 - 04:10 AM,07.50,126.73,027,2.5,021km S 67° E of Baganga (Davao Oriental)
30 October 2025 - 04:09 AM,13.28,120.76,029,1.9,019km S 10° E of Abra De Ilog (Occidental Mindoro)
30 October 2025 - 04:07 AM,08.90,126.36,040,2.8,007km S 70° E of Cagwait (Surigao Del Sur)
30 October 2025 - 03:43 AM,09.69,126.19,018,2.4,011km S 19° E of General Luna (Surigao Del Norte)
30 October 2025 - 03:39 AM,08.94,126.48,024,2.3,020km N 84° E of Cagwait (Surigao Del Sur)
30 October 2025 - 03:34 AM,10.41,125.96,035,1.7,042km N 83° E of Loreto (Dinagat Islands)
30 October 2025 - 03:32 AM,11.09,123.95,006,2.2,006km N 33° W of City Of Bogo (Cebu)
30 October 2025 - 03:28 AM,13.68,120.63,102,1.6,017km S 02° W of Calatagan (Batangas)
30 October 2025 - 03:21 AM,07.15,126.79,030,2.4,028km S 76° E of Manay (Davao Oriental)
30 October 2025 - 03:13 AM,07.02,126.75,027,2.4,032km S 47° E of Manay (Davao Oriental)
30 October 2025 - 02:51 AM,07.32,126.92,022,2.5,044km N 74° E of Manay (Davao Oriental)
30 October 2025 - 02:43 AM,11.12,124.12,006,2.0,018km N 61° E of City Of Bogo (Cebu)
30 October 2025 - 02:25 AM,11.15,124.15,005,2.2,022km N 57° E of City Of Bogo (Cebu)
30 October 2025 - 02:16 AM,10.99,123.95,003,2.8,007km S 23° W of City Of Bogo (Cebu)
30 October 2025 - 02:16 AM,18.61,120.70,005,2.2,012km N 30° E of Burgos (Ilocos Norte)
30 October 2025 - 02:02 AM,11.05,124.08,006,2.3,011km N 88° E of City Of Bogo (Cebu)
30 October 2025 - 01:52 AM,03.82,124.20,439,4.8,223km S 37° W of Balut Island (Municipality Of Sarangani) (Davao Occidental)
30 October 2025 - 01:34 AM,08.93,126.45,018,3.1,016km N 85° E of Cagwait (Surigao Del Sur)
30 October 2025 - 01:18 AM,10.90,123.83,011,2.0,023km S 45° W of City Of Bogo (Cebu)
30 October 2025 - 12:25 AM,11.15,124.18,006,2.4,025km N 61° E of City Of Bogo (Cebu)
30 October 2025 - 12:07 AM,09.65,126.10,022,2.3,015km S 22° W of General Luna (Surigao Del Norte)
30 October 2025 - 12:01 AM,08.51,124.63,007,3.1,004km N 21° W of City Of Cagayan De Oro (Misamis Oriental)
29 October 2025 - 11:42 PM,11.13,124.07,007,2.5,014km N 50° E of City Of Bogo (Cebu)
29 October 2025 - 11:10 PM,13.45,121.59,032,1.5,027km N 90° W of Boac (Marinduque)
29 October 2025 - 11:00 PM,13.51,120.77,033,1.4,009km N 30° E of Abra De Ilog (Occidental Mindoro)
29 October 2025 - 10:48 PM,06.23,126.21,043,2.7,050km S 18° E of Governor Generoso (Davao Oriental)
29 October 2025 - 10:46 PM,13.67,120.58,090,1.5,019km S 16° W of Calatagan (Batangas)
29 October 2025 - 10:39 PM,11.17,124.04,033,1.5,015km N 26° E of City Of Bogo (Cebu)
29 October 2025 - 10:12 PM,10.90,123.82,005,3.9,022km S 47° W of City Of Bogo (Cebu)
29 October 2025 - 10:07 PM,11.03,124.03,001,3.6,006km S 74° E of City Of Bogo (Cebu)
29 October 2025 - 10:04 PM,07.44,126.73,036,3.4,033km N 39° E of Manay (Davao Oriental)
29 October 2025 - 10:01 PM,10.91,123.97,004,2.7,015km S 03° W of City Of Bogo (Cebu)
29 October 2025 - 09:49 PM,11.01,124.00,006,1.8,004km S 26° E of City Of Bogo (Cebu)
29 October 2025 - 09:47 PM,11.06,124.05,004,2.4,008km N 80° E of City Of Bogo (Cebu)
29 October 2025 - 09:40 PM,13.83,120.58,077,1.4,005km S 84° W of Calatagan (Batangas)
29 October 2025 - 09:39 PM,11.25,124.27,006,2.0,014km N 74° W of Villaba (Leyte)
29 October 2025 - 09:30 PM,11.16,124.13,008,1.9,021km N 53° E of City Of Bogo (Cebu)
29 October 2025 - 09:23 PM,12.46,125.10,025,2.1,010km S 10° W of Palapag (Northern Samar)
29 October 2025 - 08:52 PM,11.14,124.02,032,2.0,012km N 24° E of City Of Bogo (Cebu)
29 October 2025 - 08:51 PM,11.11,124.16,007,1.5,020km N 70° E of City Of Bogo (Cebu)
29 October 2025 - 08:21 PM,09.11,122.57,008,3.4,034km S 13° W of Basay (Negros Oriental)
29 October 2025 - 08:16 PM,13.29,121.78,009,2.0,008km S 65° W of Gasan (Marinduque)
29 October 2025 - 08:08 PM,14.65,120.09,027,2.0,019km S 80° W of Morong (Bataan)
29 October 2025 - 07:56 PM,09.65,126.23,019,3.1,017km S 28° E of General Luna (Surigao Del Norte)
29 October 2025 - 07:54 PM,09.55,126.11,005,2.0,026km S 12° W of General Luna (Surigao Del Norte)
29 October 2025 - 07:44 PM,09.60,126.20,024,2.2,020km S 12° E of General Luna (Surigao Del Norte)
29 October 2025 - 07:30 PM,11.38,124.03,033,1.3,037km N 09° E of City Of Bogo (Cebu)
29 October 2025 - 07:21 PM,11.07,124.06,003,2.4,009km N 73° E of City Of Bogo (Cebu)
29 October 2025 - 07:15 PM,09.67,126.12,015,2.7,013km S 17° W of General Luna (Surigao Del Norte)
29 October 2025 - 07:09 PM,05.15,126.35,052,2.9,104km S 70° E of Sarangani Island (Municipality Of Sarangani) (Davao Occidental)
29 October 2025 - 07:06 PM,08.45,126.60,023,2.6,061km S 32° E of Cagwait (Surigao Del Sur)
29 October 2025 - 06:28 PM,07.04,126.98,028,2.5,052km S 69° E of Manay (Davao Oriental)
29 October 2025 - 06:21 PM,10.98,123.95,001,2.5,008km S 22° W of City Of Bogo (Cebu)
29 October 2025 - 06:14 PM,09.83,126.16,027,2.0,005km N 07° E of General Luna (Surigao Del Norte)
29 October 2025 - 05:55 PM,13.53,120.62,089,1.6,015km N 53° W of Abra De Ilog (Occidental Mindoro)
29 October 2025 - 05:48 PM,10.90,123.96,001,2.1,016km S 09° W of City Of Bogo (Cebu)
29 October 2025 - 05:37 PM,07.18,127.02,020,2.3,053km S 87° E of Manay (Davao Oriental)
29 October 2025 - 05:22 PM,09.64,126.17,033,2.1,016km S 05° E of General Luna (Surigao Del Norte)
29 October 2025 - 05:07 PM,07.06,127.02,010,2.4,056km S 73° E of Manay (Davao Oriental)
29 October 2025 - 04:59 PM,07.06,126.99,015,2.9,052km S 71° E of Manay (Davao Oriental)
29 October 2025 - 04:22 PM,09.70,126.26,029,2.1,015km S 50° E of General Luna (Surigao Del Norte)
29 October 2025 - 04:15 PM,11.01,124.07,002,2.0,011km S 68° E of City Of Bogo (Cebu)
29 October 2025 - 04:08 PM,10.69,124.16,009,1.6,016km S 78° E of Catmon (Cebu)
29 October 2025 - 04:01 PM,10.89,123.93,002,2.6,018km S 18° W of City Of Bogo (Cebu)
29 October 2025 - 03:45 PM,09.62,126.05,035,1.6,021km S 34° W of General Luna (Surigao Del Norte)
29 October 2025 - 03:33 PM,07.25,126.84,013,2.1,033km N 83° E of Manay (Davao Oriental)
29 October 2025 - 03:28 PM,09.71,126.60,010,2.0,049km S 80° E of General Luna (Surigao Del Norte)
29 October 2025 - 03:26 PM,09.05,126.21,054,2.2,018km N 33° W of Cagwait (Surigao Del Sur)
29 October 2025 - 03:18 PM,18.65,120.67,006,2.6,016km N 09° E of Burgos (Ilocos Norte)
29 October 2025 - 03:20 PM,07.52,127.10,019,2.3,070km N 61° E of Manay (Davao Oriental)
29 October 2025 - 02:25 PM,10.90,123.98,001,2.0,016km South of City Of Bogo (Cebu)
29 October 2025 - 02:16 PM,10.12,125.73,035,1.5,015km N 68° E of Basilisa (Dinagat Islands)
29 October 2025 - 01:39 PM,13.34,121.69,007,2.0,021km S 54° W of Boac (Marinduque)
29 October 2025 - 12:24 PM,09.01,126.60,011,2.2,034km N 72° E of Cagwait (Surigao Del Sur)
29 October 2025 - 11:48 AM,09.63,126.21,033,1.5,017km S 18° E of General Luna (Surigao Del Norte)
29 October 2025 - 11:43 AM,13.79,120.84,005,2.2,012km N 68° W of Mabini (Batangas)
29 October 2025 - 11:33 AM,05.90,125.68,075,2.7,005km S 76° E of Jose Abad Santos (Davao Occidental)
29 October 2025 - 10:54 AM,10.74,123.66,014,1.4,016km N 80° E of Toboso (Negros Occidental)
29 October 2025 - 09:29 AM,09.60,126.17,030,1.5,021km S 04° E of General Luna (Surigao Del Norte)
29 October 2025 - 09:02 AM,14.01,120.53,114,1.5,013km S 77° W of Lian (Batangas)
29 October 2025 - 08:26 AM,10.81,123.72,002,2.2,015km N 50° W of Tuburan (Cebu)
29 October 2025 - 08:09 AM,05.67,124.06,550,3.9,061km S 14° W of Palimbang (Sultan Kudarat)
29 October 2025 - 07:53 AM,10.79,123.78,011,2.8,008km N 35° W of Tuburan (Cebu)
29 October 2025 - 07:40 AM,10.79,123.76,007,2.6,010km N 44° W of Tuburan (Cebu)
29 October 2025 - 07:28 AM,09.54,126.44,006,2.5,041km S 49° E of General Luna (Surigao Del Norte)
29 October 2025 - 07:04 AM,08.90,126.45,021,2.2,017km S 84° E of Cagwait (Surigao Del Sur)
29 October 2025 - 07:01 AM,08.95,126.38,019,4.6,009km N 67° E of Cagwait (Surigao Del Sur)
29 October 2025 - 07:01 AM,08.96,126.49,024,2.8,021km N 79° E of Cagwait (Surigao Del Sur)
29 October 2025 - 06:34 AM,08.38,126.14,129,2.5,022km N 85° W of Hinatuan (Surigao Del Sur)
29 October 2025 - 06:24 AM,07.27,127.25,016,3.0,079km N 85° E of Manay (Davao Oriental)
29 October 2025 - 06:03 AM,11.19,124.04,033,1.6,017km N 21° E of City Of Bogo (Cebu)
29 October 2025 - 06:01 AM,09.68,126.13,021,2.2,012km S 13° W of General Luna (Surigao Del Norte)
29 October 2025 - 05:57 AM,11.03,124.06,004,2.4,009km S 79° E of City Of Bogo (Cebu)
29 October 2025 - 05:27 AM,15.43,121.80,012,1.7,044km S 35° E of Baler (Aurora)
29 October 2025 - 05:19 AM,11.05,124.07,003,2.6,010km N 89° E of City Of Bogo (Cebu)
29 October 2025 - 05:00 AM,07.11,126.88,009,3.4,040km S 73° E of Manay (Davao Oriental)
29 October 2025 - 04:56 AM,09.64,126.18,032,2.3,017km S 11° E of General Luna (Surigao Del Norte)
29 October 2025 - 04:55 AM,08.06,126.24,025,2.1,020km N 82° E of Trento (Agusan Del Sur)
29 October 2025 - 04:34 AM,10.97,123.94,006,2.5,009km S 27° W of City Of Bogo (Cebu)
29 October 2025 - 04:21 AM,11.11,123.98,018,1.4,007km N 01° E of City Of Bogo (Cebu)
29 October 2025 - 04:17 AM,11.23,124.18,005,2.2,030km N 46° E of City Of Bogo (Cebu)
29 October 2025 - 04:10 AM,10.84,123.71,007,2.4,017km N 83° W of Tabuelan (Cebu)
29 October 2025 - 04:08 AM,09.60,126.24,031,1.6,022km S 23° E of General Luna (Surigao Del Norte)
29 October 2025 - 03:47 AM,11.02,124.03,006,3.4,007km S 58° E of City Of Bogo (Cebu)
29 October 2025 - 03:33 AM,17.99,120.63,025,1.8,003km N 60° W of Banna (Ilocos Norte)
29 October 2025 - 03:20 AM,10.94,124.00,016,2.4,012km S 09° E of City Of Bogo (Cebu)
29 October 2025 - 03:16 AM,07.83,126.48,021,2.1,005km N 29° E of Cateel (Davao Oriental)
29 October 2025 - 03:11 AM,11.20,124.36,016,1.9,004km S 79° W of Villaba (Leyte)
29 October 2025 - 03:10 AM,13.53,120.77,001,3.1,010km N 29° E of Abra De Ilog (Occidental Mindoro)
29 October 2025 - 02:15 AM,15.44,121.77,004,3.1,042km S 33° E of Baler (Aurora)
29 October 2025 - 02:13 AM,15.45,121.77,002,3.3,041km S 33° E of Baler (Aurora)
29 October 2025 - 01:20 AM,09.67,125.99,031,2.2,022km S 55° W of General Luna (Surigao Del Norte)
29 October 2025 - 01:19 AM,11.07,123.96,021,1.8,003km N 34° W of City Of Bogo (Cebu)
29 October 2025 - 12:54 AM,15.81,121.36,003,4.1,013km N 84° W of Maria Aurora (Aurora)
29 October 2025 - 12:52 AM,09.63,126.26,032,1.9,020km S 33° E of General Luna (Surigao Del Norte)
29 October 2025 - 12:24 AM,15.44,121.79,003,3.3,042km S 35° E of Baler (Aurora)
29 October 2025 - 12:15 AM,11.21,123.91,007,1.9,020km N 24° W of City Of Bogo (Cebu)
29 October 2025 - 12:07 AM,06.89,126.80,025,2.3,046km S 39° E of Manay (Davao Oriental)
28 October 2025 - 11:39 PM,15.07,121.50,030,2.4,037km S 19° E of Dingalan (Aurora)
28 October 2025 - 11:11 PM,07.25,127.27,028,3.4,081km N 87° E of Manay (Davao Oriental)
28 October 2025 - 10:32 PM,10.92,123.91,005,2.4,017km S 29° W of City Of Bogo (Cebu)
28 October 2025 - 10:28 PM,12.75,125.18,005,2.3,024km N 17° E of Palapag (Northern Samar)
28 October 2025 - 10:27 PM,11.00,124.07,035,1.6,012km S 64° E of City Of Bogo (Cebu)
28 October 2025 - 10:17 PM,10.87,123.95,007,2.6,020km S 09° W of City Of Bogo (Cebu)
28 October 2025 - 10:02 PM,08.00,126.64,021,1.9,025km S 81° E of Lingig (Surigao Del Sur)
28 October 2025 - 09:49 PM,07.37,123.18,007,1.6,016km S 06° E of Vincenzo A. Sagun (Zamboanga Del Sur)
28 October 2025 - 09:49 PM,11.15,124.02,031,2.4,012km N 21° E of City Of Bogo (Cebu)
28 October 2025 - 09:35 PM,17.64,122.31,010,2.1,029km N 16° E of Maconacon (Isabela)
28 October 2025 - 09:21 PM,17.71,122.51,033,3.0,047km N 39° E of Maconacon (Isabela)
28 October 2025 - 09:10 PM,07.38,126.69,018,3.1,025km N 41° E of Manay (Davao Oriental)
28 October 2025 - 08:55 PM,09.66,126.11,029,2.3,014km S 21° W of General Luna (Surigao Del Norte)
28 October 2025 - 08:48 PM,11.14,124.20,001,2.3,026km N 67° E of City Of Bogo (Cebu)
28 October 2025 - 08:42 PM,09.64,126.21,034,1.7,017km S 21° E of General Luna (Surigao Del Norte)
28 October 2025 - 08:27 PM,10.93,123.97,001,2.3,013km S 03° W of City Of Bogo (Cebu)
28 October 2025 - 07:52 PM,07.60,126.59,020,2.0,043km N 08° E of Manay (Davao Oriental)
28 October 2025 - 07:46 PM,07.13,124.29,053,1.5,009km N 78° W of Kabuntalan (Maguindanao Del Norte)
28 October 2025 - 07:44 PM,06.62,126.92,149,2.7,078km S 32° E of Manay (Davao Oriental)
28 October 2025 - 07:32 PM,04.32,125.53,011,3.1,122km S 06° E of Balut Island (Municipality Of Sarangani) (Davao Occidental)
28 October 2025 - 07:26 PM,09.74,122.34,012,2.7,010km S 72° W of City Of Sipalay (Negros Occidental)
28 October 2025 - 07:19 PM,08.65,124.52,035,2.0,010km N 04° W of City Of El Salvador (Misamis Oriental)
28 October 2025 - 07:08 PM,11.10,124.01,030,1.7,012km N 25° E of City Of Bogo (Cebu)
28 October 2025 - 07:05 PM,11.14,124.15,011,1.7,022km N 61° E of City Of Bogo (Cebu)
28 October 2025 - 07:03 PM,11.82,125.58,008,2.6,013km N 88° E of Sulat (Eastern Samar)
28 October 2025 - 06:37 PM,05.35,124.97,031,2.7,050km S 83° W of Balut Island (Municipality Of Sarangani) (Davao Occidental)
28 October 2025 - 06:33 PM,07.18,123.26,019,3.2,030km S 11° W of Pitogo (Zamboanga Del Sur)
28 October 2025 - 06:32 PM,06.88,126.28,032,1.6,011km S 43° E of City Of Mati (Davao Oriental)
28 October 2025 - 06:28 PM,09.69,126.31,026,3.1,019km S 58° E of General Luna (Surigao Del Norte)
28 October 2025 - 06:14 PM,14.91,121.88,018,1.9,008km S 70° E of Panukulan (Quezon)
28 October 2025 - 05:44 PM,09.26,125.66,016,2.2,011km S 89° E of Santiago (Agusan Del Norte)
28 October 2025 - 05:09 PM,08.90,126.40,030,2.6,011km S 76° E of Cagwait (Surigao Del Sur)
28 October 2025 - 04:48 PM,09.65,126.29,033,1.3,021km S 44° E of General Luna (Surigao Del Norte)
28 October 2025 - 03:21 PM,17.05,120.50,012,1.9,007km S 54° E of Santa Cruz (Ilocos Sur)
28 October 2025 - 03:19 PM,07.49,123.24,020,1.5,008km S 67° E of Vincenzo A. Sagun (Zamboanga Del Sur)
28 October 2025 - 02:54 PM,08.72,126.37,032,2.0,023km S 20° E of Cagwait (Surigao Del Sur)
28 October 2025 - 02:54 PM,11.04,123.96,002,2.6,002km S 75° W of City Of Bogo (Cebu)
28 October 2025 - 02:49 PM,15.48,119.93,034,1.7,006km N 19° E of Palauig (Zambales)
28 October 2025 - 02:49 PM,07.35,127.12,022,2.5,066km N 76° E of Manay (Davao Oriental)
28 October 2025 - 02:30 PM,07.40,127.33,012,3.8,090km N 77° E of Manay (Davao Oriental)
28 October 2025 - 02:11 PM,07.23,126.91,022,2.6,042km N 86° E of Manay (Davao Oriental)
28 October 2025 - 02:09 PM,09.45,125.56,019,2.2,002km West of Kitcharao (Agusan Del Norte)
28 October 2025 - 01:55 PM,09.40,125.53,002,3.3,008km S 38° W of Alegria (Surigao Del Norte)
28 October 2025 - 01:12 PM,14.12,121.28,002,1.9,009km S 42° E of Los Baños (Laguna)
28 October 2025 - 12:42 PM,07.36,127.02,019,2.3,056km N 72° E of Manay (Davao Oriental)
28 October 2025 - 12:34 PM,14.09,121.26,004,3.5,010km S 24° E of Los Baños (Laguna)
28 October 2025 - 12:31 PM,07.42,127.04,022,2.2,060km N 67° E of Manay (Davao Oriental)
28 October 2025 - 12:20 PM,13.76,122.26,005,2.7,012km N 52° E of General Luna (Quezon)
28 October 2025 - 11:31 AM,14.16,121.21,043,2.1,002km S 22° W of Los Baños (Laguna)
28 October 2025 - 11:28 AM,14.15,121.19,032,1.5,004km S 50° W of Los Baños (Laguna)
28 October 2025 - 11:12 AM,10.75,123.81,029,1.9,003km N 45° W of Tuburan (Cebu)
28 October 2025 - 09:09 AM,11.18,124.15,012,2.1,024km N 50° E of City Of Bogo (Cebu)
28 October 2025 - 08:08 AM,11.05,123.98,027,2.0,001km N 45° E of City Of Bogo (Cebu)
28 October 2025 - 08:04 AM,11.14,124.07,026,2.0,015km N 44° E of City Of Bogo (Cebu)
28 October 2025 - 06:10 AM,10.18,124.92,028,1.9,009km N 75° W of Malitbog (Southern Leyte)
28 October 2025 - 05:36 AM,10.99,124.03,002,2.5,009km S 38° E of City Of Bogo (Cebu)
28 October 2025 - 05:18 AM,10.90,123.89,002,1.8,019km S 33° W of City Of Bogo (Cebu)
28 October 2025 - 04:38 AM,18.47,120.82,004,2.0,011km S 21° E of Pagudpud (Ilocos Norte)
28 October 2025 - 03:59 AM,11.16,124.18,017,2.0,025km N 60° E of City Of Bogo (Cebu)
28 October 2025 - 03:55 AM,11.22,124.21,010,1.9,031km N 52° E of City Of Bogo (Cebu)
28 October 2025 - 03:52 AM,11.30,124.13,036,1.8,033km N 30° E of City Of Bogo (Cebu)
28 October 2025 - 03:50 AM,09.54,125.66,043,2.1,007km S 16° E of Bacuag (Surigao Del Norte)
28 October 2025 - 03:33 AM,09.80,125.47,032,1.8,002km N 69° W of City Of Surigao (Surigao Del Norte)
28 October 2025 - 03:31 AM,07.15,126.69,031,2.0,018km S 68° E of Manay (Davao Oriental)
28 October 2025 - 03:26 AM,11.04,124.09,006,2.6,012km S 87° E of City Of Bogo (Cebu)
28 October 2025 - 03:20 AM,10.90,123.89,004,2.3,019km S 30° W of City Of Bogo (Cebu)
28 October 2025 - 03:16 AM,09.68,126.27,032,1.8,017km S 47° E of General Luna (Surigao Del Norte)
28 October 2025 - 03:06 AM,11.16,123.99,021,1.9,013km N 03° E of City Of Bogo (Cebu)
28 October 2025 - 03:02 AM,10.91,123.92,007,2.5,016km S 26° W of City Of Bogo (Cebu)
28 October 2025 - 02:40 AM,06.92,127.45,012,3.0,106km S 72° E of Manay (Davao Oriental)
28 October 2025 - 02:29 AM,09.65,126.21,033,1.7,016km S 23° E of General Luna (Surigao Del Norte)
28 October 2025 - 02:00 AM,11.11,124.04,031,2.2,009km N 43° E of City Of Bogo (Cebu)
28 October 2025 - 01:53 AM,08.70,126.19,028,1.9,026km S 26° W of Cagwait (Surigao Del Sur)
28 October 2025 - 01:49 AM,07.45,126.72,001,2.5,033km N 37° E of Manay (Davao Oriental)
28 October 2025 - 01:43 AM,11.16,124.10,033,1.9,018km N 47° E of City Of Bogo (Cebu)
28 October 2025 - 01:41 AM,09.85,122.44,027,1.8,009km N 07° E of City Of Sipalay (Negros Occidental)
28 October 2025 - 01:40 AM,12.24,123.84,003,2.2,005km N 24° W of Dimasalang (Masbate)
28 October 2025 - 01:35 AM,13.00,121.25,005,2.0,018km S 71° W of Socorro (Oriental Mindoro)
28 October 2025 - 01:30 AM,07.13,126.74,028,1.9,023km S 69° E of Manay (Davao Oriental)
28 October 2025 - 01:10 AM,09.07,126.49,035,1.8,026km N 51° E of Cagwait (Surigao Del Sur)
28 October 2025 - 01:09 AM,18.45,120.98,008,2.4,009km S 80° E of Adams (Ilocos Norte)
28 October 2025 - 01:03 AM,05.28,126.49,101,4.0,115km S 79° E of Sarangani Island (Municipality Of Sarangani) (Davao Occidental)
28 October 2025 - 12:58 AM,09.51,126.10,044,1.7,031km S 12° W of General Luna (Surigao Del Norte)
28 October 2025 - 12:52 AM,11.15,123.92,004,3.0,012km N 29° W of City Of Bogo (Cebu)
28 October 2025 - 12:10 AM,09.59,126.19,035,1.9,022km S 10° E of General Luna (Surigao Del Norte)
27 October 2025 - 11:22 PM,11.07,124.09,011,1.6,012km N 79° E of City Of Bogo (Cebu)
27 October 2025 - 11:19 PM,11.38,124.31,012,2.0,008km S 23° W of Cabucgayan (Biliran)
27 October 2025 - 11:17 PM,10.98,123.92,003,1.9,010km S 41° W of City Of Bogo (Cebu)
27 October 2025 - 11:13 PM,09.60,126.70,006,2.2,063km S 71° E of General Luna (Surigao Del Norte)
27 October 2025 - 10:50 PM,15.44,119.85,022,2.1,007km N 82° W of Palauig (Zambales)
27 October 2025 - 10:39 PM,07.13,126.89,032,2.5,040km S 77° E of Manay (Davao Oriental)
27 October 2025 - 10:37 PM,11.21,124.08,025,1.8,020km N 31° E of City Of Bogo (Cebu)
27 October 2025 - 10:27 PM,07.24,126.85,015,2.5,034km N 85° E of Manay (Davao Oriental)
27 October 2025 - 10:07 PM,15.52,119.98,019,2.7,003km S 69° E of Masinloc (Zambales)
27 October 2025 - 10:06 PM,07.46,127.31,009,2.9,089km N 72° E of Manay (Davao Oriental)
27 October 2025 - 09:52 PM,09.67,126.27,033,1.6,018km S 45° E of General Luna (Surigao Del Norte)
27 October 2025 - 09:25 PM,14.09,122.85,032,1.9,006km N 14° W of San Lorenzo Ruiz (Camarines Norte)
27 October 2025 - 09:09 PM,09.73,126.29,020,2.0,015km S 69° E of General Luna (Surigao Del Norte)
27 October 2025 - 08:57 PM,06.11,126.44,102,2.1,073km S 34° E of Governor Generoso (Davao Oriental)
27 October 2025 - 08:51 PM,10.96,124.07,009,1.9,013km S 46° E of City Of Bogo (Cebu)
27 October 2025 - 08:49 PM,08.83,126.40,043,2.0,012km N 70° E of Marihatag (Surigao Del Sur)
27 October 2025 - 08:38 PM,10.79,123.76,009,2.1,010km N 48° W of Tuburan (Cebu)
27 October 2025 - 08:37 PM,07.49,126.19,003,2.0,009km S 45° E of New Bataan (Davao De Oro)
27 October 2025 - 08:34 PM,08.58,126.47,029,1.4,027km N 33° E of Hinatuan (Surigao Del Sur)
27 October 2025 - 08:11 PM,07.50,126.70,018,1.8,037km N 29° E of Manay (Davao Oriental)
27 October 2025 - 07:59 PM,09.68,126.09,030,1.5,013km S 31° W of General Luna (Surigao Del Norte)
27 October 2025 - 07:53 PM,11.13,124.11,010,1.7,017km N 58° E of City Of Bogo (Cebu)
27 October 2025 - 07:41 PM,07.36,126.80,009,2.2,034km N 60° E of Manay (Davao Oriental)
27 October 2025 - 07:29 PM,14.06,122.85,033,1.5,003km N 37° W of San Lorenzo Ruiz (Camarines Norte)
27 October 2025 - 07:29 PM,14.04,122.79,034,1.5,009km N 87° W of San Lorenzo Ruiz (Camarines Norte)
27 October 2025 - 07:24 PM,09.66,126.23,030,2.5,016km S 29° E of General Luna (Surigao Del Norte)
27 October 2025 - 06:59 PM,09.73,126.21,034,1.8,009km S 48° E of General Luna (Surigao Del Norte)
27 October 2025 - 06:46 PM,16.19,120.85,025,2.6,010km N 72° W of Santa Fe (Nueva Vizcaya)
27 October 2025 - 06:35 PM,09.66,126.25,035,1.8,017km S 37° E of General Luna (Surigao Del Norte)
27 October 2025 - 06:25 PM,13.94,122.89,001,2.1,011km S 11° E of San Lorenzo Ruiz (Camarines Norte)
27 October 2025 - 06:07 PM,13.34,121.70,018,1.9,019km S 52° W of Boac (Marinduque)
27 October 2025 - 05:57 PM,07.03,126.79,020,2.4,034km S 54° E of Manay (Davao Oriental)
27 October 2025 - 05:23 PM,09.56,125.91,003,1.8,009km S 43° W of Socorro (Surigao Del Norte)
27 October 2025 - 05:10 PM,08.79,125.86,016,2.5,014km N 54° E of City Of Bayugan (Agusan Del Sur)
27 October 2025 - 05:03 PM,11.01,123.96,001,2.7,005km S 31° W of City Of Bogo (Cebu)
27 October 2025 - 04:40 PM,13.34,121.64,005,2.8,025km S 61° W of Boac (Marinduque)
27 October 2025 - 04:38 PM,09.21,126.27,007,2.1,033km N 07° W of Cagwait (Surigao Del Sur)
27 October 2025 - 04:38 PM,07.20,127.05,034,2.7,056km S 89° E of Manay (Davao Oriental)
27 October 2025 - 04:35 PM,11.19,124.08,009,2.4,019km N 35° E of City Of Bogo (Cebu)
27 October 2025 - 04:23 PM,08.01,126.27,029,2.3,015km S 80° W of Lingig (Surigao Del Sur)
27 October 2025 - 03:45 PM,13.59,120.66,158,2.3,018km N 23° W of Abra De Ilog (Occidental Mindoro)
27 October 2025 - 03:44 PM,10.88,123.95,001,2.2,019km S 11° W of City Of Bogo (Cebu)
27 October 2025 - 02:58 PM,09.51,125.89,083,2.5,015km S 33° W of Socorro (Surigao Del Norte)
27 October 2025 - 02:55 PM,18.44,120.84,011,2.0,006km S 69° W of Adams (Ilocos Norte)
27 October 2025 - 02:27 PM,07.22,126.76,020,2.2,024km N 87° E of Manay (Davao Oriental)
27 October 2025 - 02:12 PM,11.38,124.11,030,2.3,040km N 20° E of City Of Bogo (Cebu)
27 October 2025 - 01:53 PM,09.90,126.05,032,1.6,018km N 44° W of General Luna (Surigao Del Norte)
27 October 2025 - 01:18 PM,09.65,126.13,029,1.8,014km S 11° W of General Luna (Surigao Del Norte)
27 October 2025 - 12:49 PM,10.97,123.99,004,2.8,008km S 07° E of City Of Bogo (Cebu)
27 October 2025 - 12:44 PM,07.29,127.04,008,2.8,056km N 81° E of Manay (Davao Oriental)
27 October 2025 - 12:28 PM,10.99,123.99,021,1.5,006km S 10° E of City Of Bogo (Cebu)
27 October 2025 - 12:19 PM,11.11,124.03,008,2.3,009km N 40° E of City Of Bogo (Cebu)
27 October 2025 - 12:07 PM,09.64,126.20,035,2.0,016km S 16° E of General Luna (Surigao Del Norte)
27 October 2025 - 12:01 PM,07.39,126.74,012,2.5,029km N 48° E of Manay (Davao Oriental)
27 October 2025 - 12:00 PM,11.96,124.45,001,1.9,004km N 09° E of Santo Niño (Samar)
27 October 2025 - 11:45 AM,11.32,123.99,001,2.5,030km N 01° E of City Of Bogo (Cebu)
27 October 2025 - 11:31 AM,05.40,127.34,033,2.8,196km S 73° E of Jose Abad Santos (Davao Occidental)
27 October 2025 - 11:21 AM,11.66,124.07,028,1.9,009km S 22° E of Esperanza (Masbate)
27 October 2025 - 11:20 AM,11.08,124.31,033,2.3,009km N 67° W of Palompon (Leyte)
27 October 2025 - 11:14 AM,09.62,126.19,032,2.0,019km S 11° E of General Luna (Surigao Del Norte)
27 October 2025 - 10:57 AM,08.80,126.40,027,3.1,017km S 39° E of Cagwait (Surigao Del Sur)
27 October 2025 - 10:39 AM,05.49,126.53,026,3.5,101km S 67° E of Jose Abad Santos (Davao Occidental)
27 October 2025 - 10:27 AM,05.17,126.94,074,3.0,165km S 60° E of Jose Abad Santos (Davao Occidental)
27 October 2025 - 10:26 AM,09.17,125.77,036,1.6,023km S 64° W of Madrid (Surigao Del Sur)
27 October 2025 - 10:05 AM,11.02,124.08,001,2.4,012km S 73° E of City Of Bogo (Cebu)
27 October 2025 - 10:04 AM,06.12,126.22,120,2.7,059km S 81° E of Don Marcelino (Davao Occidental)
27 October 2025 - 09:31 AM,07.14,126.73,022,2.6,023km S 69° E of Manay (Davao Oriental)
27 October 2025 - 09:26 AM,08.85,126.50,031,2.5,023km S 72° E of Cagwait (Surigao Del Sur)
27 October 2025 - 09:08 AM,08.98,126.31,038,4.2,007km N 08° E of Cagwait (Surigao Del Sur)
27 October 2025 - 09:00 AM,16.45,120.64,026,2.0,011km N 20° W of Itogon (Benguet)
27 October 2025 - 08:52 AM,16.39,120.68,006,1.8,004km N 02° W of Itogon (Benguet)
27 October 2025 - 08:32 AM,18.77,120.50,008,2.9,032km N 27° W of Burgos (Ilocos Norte)
27 October 2025 - 08:25 AM,07.40,127.02,011,2.9,057km N 69° E of Manay (Davao Oriental)
27 October 2025 - 08:21 AM,16.40,120.60,019,1.4,010km N 63° W of Itogon (Benguet)
27 October 2025 - 08:20 AM,16.47,120.81,033,1.4,018km N 51° E of Itogon (Benguet)
27 October 2025 - 07:28 AM,07.10,125.43,011,2.1,020km N 79° W of City Of Davao
27 October 2025 - 06:38 AM,07.13,126.72,142,2.8,028km S 37° E of Caraga (Davao Oriental)
27 October 2025 - 06:24 AM,10.98,124.06,034,1.5,011km S 49° E of City Of Bogo (Cebu)
27 October 2025 - 05:50 AM,11.03,124.03,017,2.2,006km S 75° E of City Of Bogo (Cebu)
27 October 2025 - 05:26 AM,07.21,126.96,013,2.9,047km S 90° E of Manay (Davao Oriental)
27 October 2025 - 05:11 AM,07.04,126.18,025,3.4,010km N 24° W of City Of Mati (Davao Oriental)
27 October 2025 - 04:27 AM,15.67,120.66,016,2.9,005km N 18° E of Pura (Tarlac)
27 October 2025 - 04:21 AM,07.39,126.84,024,2.5,039km N 59° E of Manay (Davao Oriental)
27 October 2025 - 03:15 AM,07.09,127.04,009,3.5,057km S 76° E of Manay (Davao Oriental)
27 October 2025 - 03:10 AM,12.66,121.09,009,1.9,019km N 57° E of Calintaan (Occidental Mindoro)
27 October 2025 - 03:03 AM,11.26,124.06,019,2.2,025km N 20° E of City Of Bogo (Cebu)
27 October 2025 - 02:57 AM,06.96,126.73,027,3.6,034km S 37° E of Manay (Davao Oriental)
27 October 2025 - 02:50 AM,07.29,126.94,020,3.3,045km N 79° E of Manay (Davao Oriental)
27 October 2025 - 02:48 AM,11.05,124.03,008,3.2,005km N 86° E of City Of Bogo (Cebu)
27 October 2025 - 02:45 AM,04.94,127.66,162,3.7,251km S 65° E of Jose Abad Santos (Davao Occidental)
27 October 2025 - 02:32 AM,12.09,120.68,033,1.8,051km S 55° W of San Jose (Occidental Mindoro)
27 October 2025 - 02:26 AM,08.72,124.63,038,1.7,016km N 62° W of Jasaan (Misamis Oriental)
27 October 2025 - 02:14 AM,10.77,123.84,001,1.7,034km S 27° W of City Of Bogo (Cebu)
27 October 2025 - 02:14 AM,16.80,121.51,019,1.5,004km N 59° W of Ramon (Isabela)
27 October 2025 - 02:02 AM,09.92,124.20,027,1.9,012km N 84° E of Sagbayan (Bohol)
27 October 2025 - 01:50 AM,07.42,127.10,009,3.6,067km N 69° E of Manay (Davao Oriental)
27 October 2025 - 01:34 AM,08.35,126.83,001,2.1,055km S 88° E of Hinatuan (Surigao Del Sur)
27 October 2025 - 12:50 AM,11.09,124.22,029,1.8,027km N 80° E of City Of Bogo (Cebu)
27 October 2025 - 12:25 AM,07.28,126.87,030,1.9,037km N 78° E of Manay (Davao Oriental)
27 October 2025 - 12:17 AM,10.20,125.25,004,3.0,008km S 06° W of Anahawan (Southern Leyte)
27 October 2025 - 12:06 AM,15.32,120.08,034,1.4,007km N 56° E of Botolan (Zambales)
26 October 2025 - 11:49 PM,13.00,124.54,015,2.1,038km S 83° E of Prieto Diaz (Sorsogon)
26 October 2025 - 11:37 PM,14.87,119.43,017,3.9,072km S 83° W of San Antonio (Zambales)
26 October 2025 - 11:21 PM,13.82,120.40,071,3.4,025km S 87° W of Calatagan (Batangas)
26 October 2025 - 11:12 PM,11.17,123.96,006,2.1,013km N 11° W of City Of Bogo (Cebu)
26 October 2025 - 11:03 PM,11.16,123.95,001,2.6,017km N 09° W of City Of Bogo (Cebu)
26 October 2025 - 10:48 PM,10.93,123.94,002,2.2,014km S 19° W of City Of Bogo (Cebu)
26 October 2025 - 10:48 PM,10.90,123.98,005,2.0,016km S 01° W of City Of Bogo (Cebu)
26 October 2025 - 10:33 PM,10.91,123.90,001,2.4,017km S 31° W of City Of Bogo (Cebu)
26 October 2025 - 10:22 PM,10.98,122.56,032,1.6,002km S 79° E of Badiangan (Iloilo)
26 October 2025 - 10:10 PM,06.66,127.07,002,3.4,085km S 44° E of Manay (Davao Oriental)
26 October 2025 - 10:05 PM,05.59,127.20,102,4.2,172km S 47° E of Governor Generoso (Davao Oriental)
26 October 2025 - 10:04 PM,09.47,126.14,016,2.1,022km N 15° W of Cortes (Surigao Del Sur)
26 October 2025 - 10:02 PM,11.12,124.03,007,1.6,010km N 36° E of City Of Bogo (Cebu)
26 October 2025 - 09:42 PM,09.70,126.02,014,2.3,017km S 59° W of General Luna (Surigao Del Norte)
26 October 2025 - 09:42 PM,14.97,121.70,019,1.9,013km N 72° W of Panukulan (Quezon)
26 October 2025 - 09:28 PM,07.35,127.08,007,2.4,061km N 75° E of Manay (Davao Oriental)
26 October 2025 - 09:10 PM,18.22,120.86,059,1.4,009km N 22° E of Carasi (Ilocos Norte)
26 October 2025 - 09:04 PM,10.98,124.09,033,2.1,014km S 59° E of City Of Bogo (Cebu)
26 October 2025 - 08:56 PM,06.01,127.15,092,3.0,139km S 59° E of Governor Generoso (Davao Oriental)
26 October 2025 - 08:55 PM,13.15,124.11,035,1.6,005km S 22° W of Rapu-rapu (Albay)
26 October 2025 - 08:39 PM,10.39,126.23,005,2.5,045km N 23° E of Burgos (Surigao Del Norte)
26 October 2025 - 08:22 PM,04.04,125.92,141,3.8,162km S 20° E of Balut Island (Municipality Of Sarangani) (Davao Occidental)
26 October 2025 - 07:57 PM,02.46,126.36,033,4.3,342km S 18° E of Balut Island (Municipality Of Sarangani) (Davao Occidental)
26 October 2025 - 07:56 PM,05.88,127.34,014,2.9,163km S 37° E of Tarragona (Davao Oriental)
26 October 2025 - 07:54 PM,07.23,126.99,005,2.6,050km N 87° E of Manay (Davao Oriental)
26 October 2025 - 07:40 PM,11.23,124.15,009,1.4,027km N 43° E of City Of Bogo (Cebu)
26 October 2025 - 07:02 PM,09.48,123.91,032,1.9,015km S 18° W of Alburquerque (Bohol)
26 October 2025 - 06:56 PM,11.05,124.02,001,1.8,005km N 83° E of City Of Bogo (Cebu)
26 October 2025 - 06:48 PM,11.74,125.70,009,2.6,027km S 88° E of San Julian (Eastern Samar)
26 October 2025 - 06:46 PM,05.76,126.66,015,3.3,114km S 81° E of Jose Abad Santos (Davao Occidental)
26 October 2025 - 06:41 PM,06.12,126.32,008,3.5,070km S 83° E of Don Marcelino (Davao Occidental)
26 October 2025 - 06:25 PM,05.74,126.83,009,3.4,128km S 40° E of Governor Generoso (Davao Oriental)
26 October 2025 - 06:17 PM,09.81,126.11,021,1.8,006km N 57° W of General Luna (Surigao Del Norte)
26 October 2025 - 06:12 PM,11.73,125.33,024,3.4,013km S 79° W of San Julian (Eastern Samar)
26 October 2025 - 06:02 PM,08.32,124.96,014,1.9,002km S 52° W of Sumilao (Bukidnon)
26 October 2025 - 06:00 PM,10.38,126.23,003,2.7,043km N 24° E of Burgos (Surigao Del Norte)
26 October 2025 - 05:53 PM,11.13,124.13,005,3.0,019km N 60° E of City Of Bogo (Cebu)
26 October 2025 - 05:45 PM,13.20,124.74,002,3.2,062km N 73° E of Prieto Diaz (Sorsogon)
26 October 2025 - 05:45 PM,09.59,126.17,028,1.8,022km S 05° E of General Luna (Surigao Del Norte)
26 October 2025 - 05:29 PM,10.02,126.48,013,3.4,045km N 59° E of General Luna (Surigao Del Norte)
26 October 2025 - 05:23 PM,10.11,126.51,012,2.8,053km N 47° E of General Luna (Surigao Del Norte)
26 October 2025 - 05:07 PM,08.90,126.52,020,2.5,024km S 85° E of Cagwait (Surigao Del Sur)
26 October 2025 - 05:04 PM,10.99,123.96,001,2.4,008km S 20° W of City Of Bogo (Cebu)
26 October 2025 - 05:03 PM,15.63,120.00,024,2.4,007km N 88° E of Candelaria (Zambales)
26 October 2025 - 05:02 PM,11.15,124.67,001,2.7,012km S 75° E of Kananga (Leyte)
26 October 2025 - 04:09 PM,09.59,126.23,032,1.5,023km S 20° E of General Luna (Surigao Del Norte)
26 October 2025 - 03:55 PM,10.37,126.15,001,2.5,040km N 12° E of Burgos (Surigao Del Norte)
26 October 2025 - 03:41 PM,07.32,126.71,006,2.9,022km N 56° E of Manay (Davao Oriental)
26 October 2025 - 03:37 PM,12.89,121.31,020,1.5,020km S 29° W of Socorro (Oriental Mindoro)
26 October 2025 - 03:14 PM,13.55,121.11,028,1.9,004km N 64° E of Verde Island (Batangas City) (Batangas)
26 October 2025 - 03:07 PM,11.09,124.19,009,2.2,023km N 78° E of City Of Bogo (Cebu)
26 October 2025 - 02:40 PM,15.09,119.83,019,2.3,026km S 71° W of Cabangan (Zambales)
26 October 2025 - 02:11 PM,11.29,124.00,029,1.6,028km N 04° E of City Of Bogo (Cebu)
26 October 2025 - 01:41 PM,06.61,126.15,136,3.3,014km S 43° E of Governor Generoso (Davao Oriental)
26 October 2025 - 11:58 AM,11.10,123.94,002,3.0,008km N 35° W of City Of Bogo (Cebu)
26 October 2025 - 11:57 AM,08.81,126.31,025,1.6,012km S 03° E of Cagwait (Surigao Del Sur)
26 October 2025 - 11:52 AM,08.07,126.59,020,1.6,020km N 79° E of Lingig (Surigao Del Sur)
26 October 2025 - 11:30 AM,10.54,126.40,001,3.0,068km N 32° E of Burgos (Surigao Del Norte)
26 October 2025 - 11:23 AM,10.88,123.95,006,3.0,019km S 11° W of City Of Bogo (Cebu)
26 October 2025 - 11:22 AM,08.97,126.54,027,2.0,027km N 77° E of Cagwait (Surigao Del Sur)
26 October 2025 - 11:21 AM,11.01,124.06,002,2.3,010km S 67° E of City Of Bogo (Cebu)
26 October 2025 - 11:14 AM,11.25,124.20,009,2.2,019km S 71° W of Tabango (Leyte)
26 October 2025 - 10:46 AM,11.10,124.05,028,2.0,010km N 53° E of City Of Bogo (Cebu)
26 October 2025 - 10:24 AM,10.20,124.02,036,1.3,010km S 55° E of Cordova (Cebu)
26 October 2025 - 10:16 AM,11.05,124.30,026,2.5,009km N 87° W of Palompon (Leyte)
26 October 2025 - 09:53 AM,13.59,120.69,103,1.8,016km N 14° W of Abra De Ilog (Occidental Mindoro)
26 October 2025 - 09:03 AM,08.81,126.48,022,2.4,023km S 59° E of Cagwait (Surigao Del Sur)
26 October 2025 - 08:52 AM,09.60,126.23,032,2.0,022km S 21° E of General Luna (Surigao Del Norte)
26 October 2025 - 08:47 AM,07.11,127.08,016,3.6,060km S 79° E of Manay (Davao Oriental)
26 October 2025 - 08:37 AM,11.10,123.95,004,2.2,007km N 25° W of City Of Bogo (Cebu)
26 October 2025 - 08:32 AM,11.16,123.97,027,2.2,012km N 04° W of City Of Bogo (Cebu)
26 October 2025 - 08:32 AM,13.86,120.05,034,1.7,007km N 87° W of Lubang (Occidental Mindoro)
26 October 2025 - 08:25 AM,07.07,127.18,003,4.9,073km S 78° E of Manay (Davao Oriental)
26 October 2025 - 08:21 AM,06.63,126.43,011,3.1,043km S 33° E of City Of Mati (Davao Oriental)
26 October 2025 - 07:57 AM,10.99,123.94,003,2.3,007km S 35° W of City Of Bogo (Cebu)
26 October 2025 - 07:32 AM,11.10,124.02,027,1.7,008km N 34° E of City Of Bogo (Cebu)
26 October 2025 - 07:31 AM,09.33,126.28,032,2.4,012km N 56° E of Cortes (Surigao Del Sur)
26 October 2025 - 07:31 AM,09.33,126.28,032,2.4,012km N 56° E of Cortes (Surigao Del Sur)
26 October 2025 - 07:28 AM,07.13,127.50,025,3.1,106km S 85° E of Manay (Davao Oriental)
26 October 2025 - 07:24 AM,16.18,119.84,049,2.4,002km N 87° W of Bani (Pangasinan)
26 October 2025 - 07:04 AM,07.71,122.15,014,2.0,001km N 81° E of Siocon (Zamboanga Del Norte)
26 October 2025 - 06:54 AM,09.64,126.11,006,2.0,016km S 17° W of General Luna (Surigao Del Norte)
26 October 2025 - 06:44 AM,09.60,126.19,013,2.6,020km S 11° E of General Luna (Surigao Del Norte)
26 October 2025 - 06:42 AM,11.13,123.96,001,3.2,010km N 13° W of City Of Bogo (Cebu)
26 October 2025 - 06:32 AM,08.85,126.54,033,2.4,028km S 73° E of Cagwait (Surigao Del Sur)
26 October 2025 - 06:29 AM,11.11,123.94,033,1.8,008km N 32° W of City Of Bogo (Cebu)
26 October 2025 - 05:36 AM,08.78,126.47,024,2.0,024km S 51° E of Cagwait (Surigao Del Sur)
26 October 2025 - 05:30 AM,07.10,126.36,033,1.9,023km S 59° W of Manay (Davao Oriental)
26 October 2025 - 05:21 AM,11.03,124.04,001,2.1,007km S 76° E of City Of Bogo (Cebu)
26 October 2025 - 05:08 AM,12.80,124.94,018,2.3,027km N 17° W of Laoang (Northern Samar)
26 October 2025 - 05:07 AM,11.24,124.08,008,2.1,024km N 27° E of City Of Bogo (Cebu)
26 October 2025 - 05:02 AM,09.60,126.17,033,1.8,020km S 05° E of General Luna (Surigao Del Norte)
26 October 2025 - 04:59 AM,07.14,126.85,029,2.2,035km S 78° E of Manay (Davao Oriental)
26 October 2025 - 04:51 AM,11.01,123.95,028,2.1,005km S 33° W of City Of Bogo (Cebu)
26 October 2025 - 04:39 AM,11.06,123.99,010,2.0,002km N 55° E of City Of Bogo (Cebu)
26 October 2025 - 04:36 AM,11.21,124.03,031,1.9,019km N 19° E of City Of Bogo (Cebu)
26 October 2025 - 04:27 AM,11.15,123.97,010,1.8,011km N 08° W of City Of Bogo (Cebu)
26 October 2025 - 04:09 AM,11.20,123.95,020,2.1,017km N 10° W of City Of Bogo (Cebu)
26 October 2025 - 04:08 AM,06.04,125.07,023,1.4,022km N 22° E of Maasim (Sarangani)
26 October 2025 - 03:43 AM,10.90,123.95,001,2.4,017km S 11° W of City Of Bogo (Cebu)
26 October 2025 - 03:38 AM,10.89,123.90,006,2.2,020km S 27° W of City Of Bogo (Cebu)
26 October 2025 - 03:38 AM,10.89,123.90,006,2.2,020km S 27° W of City Of Bogo (Cebu)
26 October 2025 - 03:16 AM,11.12,123.93,029,1.9,010km N 31° W of City Of Bogo (Cebu)
26 October 2025 - 03:03 AM,10.97,123.94,036,1.9,009km S 25° W of City Of Bogo (Cebu)
26 October 2025 - 03:01 AM,10.95,123.98,006,2.9,011km S 02° E of City Of Bogo (Cebu)
26 October 2025 - 02:23 AM,13.35,120.60,012,1.8,014km N 03° E of Mamburao (Occidental Mindoro)
26 October 2025 - 02:23 AM,11.01,123.97,013,2.2,004km S 15° W of City Of Bogo (Cebu)
26 October 2025 - 02:02 AM,09.51,126.25,033,1.8,031km S 18° E of General Luna (Surigao Del Norte)
26 October 2025 - 01:52 AM,17.68,120.45,001,2.1,003km S 82° E of Magsingal (Ilocos Sur)
26 October 2025 - 01:44 AM,09.67,122.14,010,2.8,034km S 70° W of City Of Sipalay (Negros Occidental)
26 October 2025 - 01:21 AM,11.07,124.09,002,2.7,012km N 79° E of City Of Bogo (Cebu)
26 October 2025 - 01:04 AM,11.12,123.98,028,1.8,008km N 02° E of City Of Bogo (Cebu)
26 October 2025 - 12:55 AM,08.90,126.49,007,2.1,021km S 84° E of Cagwait (Surigao Del Sur)
26 October 2025 - 12:41 AM,08.13,122.37,032,2.3,017km N 13° W of Gutalac (Zamboanga Del Norte)
26 October 2025 - 12:24 AM,09.88,125.40,010,2.6,012km N 13° W of San Francisco (Surigao Del Norte)
26 October 2025 - 12:20 AM,10.92,123.88,006,3.0,018km S 38° W of City Of Bogo (Cebu)
26 October 2025 - 12:15 AM,09.87,126.05,017,2.1,006km N 81° W of Pilar (Surigao Del Norte)
26 October 2025 - 12:06 AM,08.86,127.29,036,2.7,109km S 87° E of Cagwait (Surigao Del Sur)
26 October 2025 - 12:03 AM,11.16,124.11,001,2.0,019km N 48° E of City Of Bogo (Cebu)
25 October 2025 - 11:54 PM,18.72,120.15,018,2.9,057km N 66° W of Burgos (Ilocos Norte)
25 October 2025 - 11:35 PM,11.08,124.19,002,2.0,023km N 81° E of City Of Bogo (Cebu)
25 October 2025 - 11:26 PM,09.89,125.67,046,1.4,004km S 03° E of Cagdianao (Dinagat Islands)
25 October 2025 - 11:19 PM,07.23,126.82,011,2.4,031km N 86° E of Manay (Davao Oriental)
25 October 2025 - 11:10 PM,11.15,123.97,029,2.0,011km N 05° W of City Of Bogo (Cebu)
25 October 2025 - 11:06 PM,08.76,126.63,017,2.6,040km S 64° E of Cagwait (Surigao Del Sur)
25 October 2025 - 11:00 PM,13.50,120.51,035,1.6,011km N 29° E of Paluan (Occidental Mindoro)
25 October 2025 - 10:52 PM,10.91,123.95,016,2.0,015km S 12° W of City Of Bogo (Cebu)
25 October 2025 - 10:47 PM,10.96,123.94,011,2.1,010km S 26° W of City Of Bogo (Cebu)
25 October 2025 - 10:28 PM,11.02,123.97,003,3.1,004km S 25° W of City Of Bogo (Cebu)
25 October 2025 - 10:07 PM,09.64,126.24,030,1.4,018km S 31° E of General Luna (Surigao Del Norte)
25 October 2025 - 09:50 PM,13.57,120.60,005,1.8,019km N 46° W of Abra De Ilog (Occidental Mindoro)
25 October 2025 - 09:45 PM,11.02,123.99,020,2.6,003km S 15° E of City Of Bogo (Cebu)
25 October 2025 - 09:39 PM,16.94,119.94,014,2.8,048km N 79° W of Luna (La Union)
25 October 2025 - 09:31 PM,08.08,126.51,024,1.8,012km N 67° E of Lingig (Surigao Del Sur)
25 October 2025 - 09:20 PM,11.04,123.97,024,1.9,001km S 56° W of City Of Bogo (Cebu)
25 October 2025 - 09:18 PM,11.22,124.14,002,2.3,026km N 43° E of City Of Bogo (Cebu)
25 October 2025 - 09:18 PM,09.59,126.05,022,1.9,024km S 29° W of General Luna (Surigao Del Norte)
25 October 2025 - 09:10 PM,10.98,123.97,030,1.9,007km S 06° W of City Of Bogo (Cebu)
25 October 2025 - 09:08 PM,11.05,124.03,030,1.8,006km N 81° E of City Of Bogo (Cebu)
25 October 2025 - 08:58 PM,15.36,119.18,022,2.5,079km S 84° W of Palauig (Zambales)
25 October 2025 - 08:49 PM,11.11,123.90,032,1.8,011km N 49° W of City Of Bogo (Cebu)
25 October 2025 - 08:46 PM,06.91,126.06,044,2.1,005km N 75° E of Lupon (Davao Oriental)
25 October 2025 - 08:43 PM,09.96,126.15,032,1.4,020km N 02° W of General Luna (Surigao Del Norte)
25 October 2025 - 08:29 PM,11.01,124.06,009,3.0,010km S 64° E of City Of Bogo (Cebu)
25 October 2025 - 07:52 PM,11.07,123.95,008,2.1,004km N 58° W of City Of Bogo (Cebu)
25 October 2025 - 07:50 PM,09.66,126.26,027,2.7,017km S 41° E of General Luna (Surigao Del Norte)
25 October 2025 - 07:47 PM,11.10,123.96,029,1.7,006km N 18° W of City Of Bogo (Cebu)
25 October 2025 - 07:29 PM,11.28,123.97,008,2.5,026km N 02° W of City Of Bogo (Cebu)
25 October 2025 - 07:23 PM,07.02,126.85,020,2.2,041km S 58° E of Manay (Davao Oriental)
25 October 2025 - 07:22 PM,09.67,126.17,032,2.1,013km S 08° E of General Luna (Surigao Del Norte)
25 October 2025 - 07:14 PM,08.34,126.65,033,1.7,035km S 85° E of Hinatuan (Surigao Del Sur)
25 October 2025 - 07:12 PM,09.63,126.11,034,2.3,018km S 16° W of General Luna (Surigao Del Norte)
25 October 2025 - 07:02 PM,11.07,123.96,011,2.3,003km N 34° W of City Of Bogo (Cebu)
25 October 2025 - 07:02 PM,07.87,126.39,011,2.0,011km N 41° W of Cateel (Davao Oriental)
25 October 2025 - 06:50 PM,09.65,126.10,023,3.0,016km S 23° W of General Luna (Surigao Del Norte)
25 October 2025 - 06:42 PM,04.57,127.03,014,3.4,200km S 60° E of Sarangani Island (Municipality Of Sarangani) (Davao Occidental)
25 October 2025 - 05:58 PM,11.16,124.09,020,2.2,017km N 43° E of City Of Bogo (Cebu)
25 October 2025 - 05:34 PM,10.71,126.66,030,3.0,103km S 88° E of Homonhon Island (Guiuan) (Eastern Samar)
25 October 2025 - 04:49 PM,11.09,124.09,003,3.2,013km N 69° E of City Of Bogo (Cebu)
25 October 2025 - 03:43 PM,07.32,126.80,011,3.4,031km N 67° E of Manay (Davao Oriental)
25 October 2025 - 03:31 PM,09.54,126.15,024,1.7,027km S 01° W of General Luna (Surigao Del Norte)
25 October 2025 - 02:54 PM,12.90,124.02,010,2.5,004km N 25° E of Casiguran (Sorsogon)
25 October 2025 - 02:34 PM,12.99,121.22,004,4.3,022km S 71° W of Socorro (Oriental Mindoro)
25 October 2025 - 02:16 PM,10.72,125.52,021,2.2,023km S 84° W of Homonhon Island (Guiuan) (Eastern Samar)
25 October 2025 - 02:16 PM,10.64,125.72,018,2.5,035km N 26° E of Loreto (Dinagat Islands)
25 October 2025 - 02:15 PM,07.29,126.64,022,2.4,014km N 53° E of Manay (Davao Oriental)
25 October 2025 - 02:11 PM,12.89,124.03,009,2.8,003km N 37° E of Casiguran (Sorsogon)
25 October 2025 - 01:43 PM,11.04,124.04,005,3.5,007km S 84° E of City Of Bogo (Cebu)
25 October 2025 - 12:51 PM,08.82,126.37,026,1.6,014km S 35° E of Cagwait (Surigao Del Sur)
25 October 2025 - 12:51 PM,10.95,123.89,001,1.9,014km S 43° W of City Of Bogo (Cebu)
25 October 2025 - 12:40 PM,10.91,123.89,004,2.4,018km S 32° W of City Of Bogo (Cebu)
25 October 2025 - 12:39 PM,09.58,126.22,021,1.7,023km S 18° E of General Luna (Surigao Del Norte)
25 October 2025 - 12:25 PM,15.02,120.02,045,2.7,007km S 48° W of San Felipe (Zambales)
25 October 2025 - 12:00 PM,07.39,126.52,012,2.1,020km N 07° W of Manay (Davao Oriental)
25 October 2025 - 11:43 AM,07.19,126.57,024,2.6,004km S 58° E of Manay (Davao Oriental)
25 October 2025 - 10:42 AM,07.20,126.67,044,1.9,015km S 86° E of Manay (Davao Oriental)
25 October 2025 - 09:56 AM,09.64,126.25,032,1.5,019km S 35° E of General Luna (Surigao Del Norte)
25 October 2025 - 08:43 AM,07.43,126.66,021,3.1,028km N 28° E of Manay (Davao Oriental)
25 October 2025 - 08:40 AM,15.92,120.01,017,2.1,016km S 62° E of Dasol (Pangasinan)
25 October 2025 - 08:13 AM,09.66,126.26,029,2.8,017km S 39° E of General Luna (Surigao Del Norte)
25 October 2025 - 08:06 AM,09.65,126.16,027,2.4,014km S 01° W of General Luna (Surigao Del Norte)
25 October 2025 - 07:54 AM,07.75,126.36,005,2.1,011km S 67° W of Cateel (Davao Oriental)
25 October 2025 - 07:48 AM,11.04,123.99,031,2.1,002km S 53° E of City Of Bogo (Cebu)
25 October 2025 - 07:34 AM,07.18,126.97,014,3.8,048km S 86° E of Manay (Davao Oriental)
25 October 2025 - 07:07 AM,07.33,126.72,003,2.3,024km N 56° E of Manay (Davao Oriental)
25 October 2025 - 06:23 AM,10.99,123.92,005,2.3,009km S 45° W of City Of Bogo (Cebu)
25 October 2025 - 05:57 AM,09.63,126.16,027,2.4,017km S 01° E of General Luna (Surigao Del Norte)
25 October 2025 - 05:50 AM,13.12,120.77,030,1.8,007km N 53° E of Santa Cruz (Occidental Mindoro)
25 October 2025 - 05:43 AM,09.63,126.12,012,3.0,017km S 12° W of General Luna (Surigao Del Norte)
25 October 2025 - 05:34 AM,19.55,122.28,002,3.3,039km N 84° E of Babuyan Island (Calayan) (Cagayan)
25 October 2025 - 05:28 AM,07.96,126.99,011,2.5,062km N 73° E of Cateel (Davao Oriental)
25 October 2025 - 05:01 AM,07.37,126.68,013,2.5,024km N 42° E of Manay (Davao Oriental)
25 October 2025 - 04:53 AM,07.20,126.90,001,2.7,040km S 88° E of Manay (Davao Oriental)
25 October 2025 - 04:45 AM,07.19,126.81,030,3.0,030km S 86° E of Manay (Davao Oriental)
25 October 2025 - 04:42 AM,10.82,125.85,036,2.8,016km N 58° E of Homonhon Island (Guiuan) (Eastern Samar)
25 October 2025 - 04:37 AM,07.18,127.56,015,4.4,112km S 88° E of Manay (Davao Oriental)
25 October 2025 - 04:35 AM,13.77,120.76,030,1.4,016km S 65° E of Calatagan (Batangas)
25 October 2025 - 04:34 AM,13.42,123.47,020,1.9,005km S 77° W of Buhi (Camarines Sur)
25 October 2025 - 04:34 AM,07.17,125.43,046,2.7,029km S 65° W of City Of Panabo (Davao Del Norte)
25 October 2025 - 04:21 AM,07.23,126.83,024,2.4,032km N 86° E of Manay (Davao Oriental)
25 October 2025 - 04:13 AM,11.11,123.94,003,2.2,009km N 31° W of City Of Bogo (Cebu)
25 October 2025 - 04:08 AM,15.98,119.75,029,2.9,014km S 85° W of Dasol (Pangasinan)
25 October 2025 - 03:50 AM,07.26,127.46,023,3.4,102km N 87° E of Manay (Davao Oriental)
25 October 2025 - 03:39 AM,10.44,125.24,005,1.9,007km N 42° E of Hinunangan (Southern Leyte)
25 October 2025 - 03:20 AM,12.72,123.44,006,2.2,026km N 71° W of Monreal (Masbate)
25 October 2025 - 03:03 AM,10.95,123.99,003,2.1,011km S 04° E of City Of Bogo (Cebu)
25 October 2025 - 02:50 AM,10.30,123.14,001,1.6,008km N 65° E of Moises Padilla (Negros Occidental)
25 October 2025 - 02:49 AM,13.58,120.81,008,1.4,011km S 39° W of Tingloy (Batangas)
25 October 2025 - 02:47 AM,09.55,126.41,032,1.8,038km S 48° E of General Luna (Surigao Del Norte)
25 October 2025 - 02:37 AM,10.92,123.90,004,2.2,016km S 30° W of City Of Bogo (Cebu)
25 October 2025 - 02:34 AM,05.99,127.12,030,2.7,138km S 58° E of Governor Generoso (Davao Oriental)
25 October 2025 - 02:28 AM,11.15,124.11,004,3.1,018km N 53° E of City Of Bogo (Cebu)
25 October 2025 - 02:23 AM,10.96,123.97,033,1.9,010km S 06° W of City Of Bogo (Cebu)
25 October 2025 - 02:22 AM,08.83,126.35,028,2.0,011km S 28° E of Cagwait (Surigao Del Sur)
25 October 2025 - 02:20 AM,07.62,126.68,023,2.3,014km N 71° E of Baganga (Davao Oriental)
25 October 2025 - 02:18 AM,10.94,123.99,005,3.5,012km S 04° E of City Of Bogo (Cebu)
25 October 2025 - 02:00 AM,12.84,124.07,035,1.9,008km S 74° W of Barcelona (Sorsogon)
25 October 2025 - 01:58 AM,09.92,126.44,010,2.2,034km N 64° E of General Luna (Surigao Del Norte)
25 October 2025 - 01:56 AM,09.78,126.52,011,2.2,039km N 90° E of General Luna (Surigao Del Norte)
25 October 2025 - 01:55 AM,11.20,124.23,008,1.6,032km N 57° E of City Of Bogo (Cebu)
25 October 2025 - 01:41 AM,13.74,120.56,071,2.1,013km S 40° W of Calatagan (Batangas)
25 October 2025 - 01:35 AM,10.95,123.89,003,2.6,014km S 40° W of City Of Bogo (Cebu)
25 October 2025 - 01:34 AM,09.60,126.19,032,1.7,021km S 09° E of General Luna (Surigao Del Norte)
25 October 2025 - 01:34 AM,13.53,120.14,017,3.1,024km S 30° W of Looc (Occidental Mindoro)
25 October 2025 - 01:33 AM,09.66,126.29,026,2.3,020km S 47° E of General Luna (Surigao Del Norte)
25 October 2025 - 01:28 AM,13.71,120.53,129,2.4,018km S 40° W of Calatagan (Batangas)
25 October 2025 - 01:25 AM,16.55,121.05,010,1.9,003km N 51° E of Ambaguio (Nueva Vizcaya)
25 October 2025 - 01:18 AM,11.01,124.08,033,1.8,011km S 70° E of City Of Bogo (Cebu)
25 October 2025 - 01:16 AM,11.01,123.80,007,2.3,020km S 78° W of City Of Bogo (Cebu)
25 October 2025 - 01:03 AM,12.56,120.66,001,2.6,030km S 88° W of Calintaan (Occidental Mindoro)
25 October 2025 - 12:59 AM,10.97,123.91,006,2.3,012km S 43° W of City Of Bogo (Cebu)
25 October 2025 - 12:34 AM,10.99,124.03,005,3.7,008km S 37° E of City Of Bogo (Cebu)
25 October 2025 - 12:17 AM,10.01,126.48,003,2.4,044km N 55° E of General Luna (Surigao Del Norte)
25 October 2025 - 12:05 AM,07.88,126.79,026,4.8,038km N 75° E of Cateel (Davao Oriental)
24 October 2025 - 11:40 PM,13.04,121.20,031,1.4,017km S 30° W of Victoria (Oriental Mindoro)
24 October 2025 - 11:31 PM,11.19,123.95,012,1.9,016km N 11° W of City Of Bogo (Cebu)
24 October 2025 - 11:30 PM,11.27,123.89,005,2.3,026km N 23° W of City Of Bogo (Cebu)
24 October 2025 - 11:17 PM,08.32,125.96,035,2.1,008km S 33° W of Rosario (Agusan Del Sur)
24 October 2025 - 11:18 PM,11.00,123.99,011,2.1,005km S 12° E of City Of Bogo (Cebu)
24 October 2025 - 10:55 PM,09.71,126.22,032,1.4,011km S 40° E of General Luna (Surigao Del Norte)
24 October 2025 - 10:51 PM,07.20,127.49,023,3.8,105km S 90° E of Manay (Davao Oriental)
24 October 2025 - 10:37 PM,10.30,123.12,009,2.5,012km S 76° E of La Castellana (Negros Occidental)
24 October 2025 - 10:23 PM,11.03,123.98,033,1.8,002km S 19° E of City Of Bogo (Cebu)
24 October 2025 - 10:18 PM,07.34,126.73,018,3.0,025km N 56° E of Manay (Davao Oriental)
24 October 2025 - 10:12 PM,10.98,123.99,002,3.0,007km S 09° E of City Of Bogo (Cebu)
24 October 2025 - 09:59 PM,10.99,123.99,009,4.6,007km S 12° E of City Of Bogo (Cebu)
24 October 2025 - 09:39 PM,08.78,126.42,025,2.0,014km S 80° E of Marihatag (Surigao Del Sur)
24 October 2025 - 09:37 PM,13.69,120.55,114,2.9,018km S 30° W of Calatagan (Batangas)
24 October 2025 - 09:22 PM,11.15,124.03,034,1.8,013km N 25° E of City Of Bogo (Cebu)
24 October 2025 - 09:19 PM,09.44,123.88,010,3.2,020km S 23° W of Alburquerque (Bohol)
24 October 2025 - 09:13 PM,17.62,121.03,003,1.7,006km N 24° E of Malibcong (Abra)
24 October 2025 - 09:01 PM,09.64,126.14,028,2.2,016km S 07° W of General Luna (Surigao Del Norte)
24 October 2025 - 08:54 PM,10.97,123.94,011,2.2,010km S 29° W of City Of Bogo (Cebu)
24 October 2025 - 08:41 PM,09.65,126.18,037,2.0,014km S 09° E of General Luna (Surigao Del Norte)
24 October 2025 - 08:41 PM,09.60,126.17,033,1.2,021km S 04° E of General Luna (Surigao Del Norte)
24 October 2025 - 08:40 PM,11.21,124.11,037,2.4,023km N 38° E of City Of Bogo (Cebu)
24 October 2025 - 08:37 PM,11.93,124.94,034,1.7,014km S 68° E of San Jorge (Samar)
24 October 2025 - 08:29 PM,11.13,124.10,034,1.3,016km N 56° E of City Of Bogo (Cebu)
24 October 2025 - 08:28 PM,10.83,123.90,004,2.1,025km S 20° W of City Of Bogo (Cebu)
24 October 2025 - 07:50 PM,09.63,126.17,034,1.5,017km S 05° E of General Luna (Surigao Del Norte)
24 October 2025 - 07:40 PM,09.62,126.74,003,2.6,067km S 75° E of General Luna (Surigao Del Norte)
24 October 2025 - 07:16 PM,08.56,125.40,136,2.0,020km S 56° W of Esperanza (Agusan Del Sur)
24 October 2025 - 07:06 PM,08.86,126.41,021,2.7,013km S 61° E of Cagwait (Surigao Del Sur)
24 October 2025 - 06:50 PM,05.79,125.90,141,2.6,032km S 64° E of Jose Abad Santos (Davao Occidental)
24 October 2025 - 06:39 PM,08.05,126.69,049,1.7,031km N 87° E of Lingig (Surigao Del Sur)
24 October 2025 - 06:24 PM,18.60,121.58,090,2.1,021km N 37° E of Abulug (Cagayan)
24 October 2025 - 06:01 PM,11.24,124.21,013,1.7,033km N 49° E of City Of Bogo (Cebu)
24 October 2025 - 05:53 PM,05.97,126.72,006,2.8,105km S 44° E of Governor Generoso (Davao Oriental)
24 October 2025 - 05:25 PM,08.80,126.58,022,2.1,033km S 67° E of Cagwait (Surigao Del Sur)
24 October 2025 - 05:23 PM,08.83,126.46,027,2.2,020km S 59° E of Cagwait (Surigao Del Sur)
24 October 2025 - 05:13 PM,09.61,126.32,034,2.2,026km S 43° E of General Luna (Surigao Del Norte)
24 October 2025 - 03:52 PM,07.31,127.04,016,3.7,056km N 79° E of Manay (Davao Oriental)
24 October 2025 - 03:47 PM,08.17,122.96,032,1.6,005km N 61° E of Leon B. Postigo (Zamboanga Del Norte)
24 October 2025 - 03:47 PM,08.32,125.60,001,1.7,022km N 74° W of La Paz (Agusan Del Sur)
24 October 2025 - 03:45 PM,07.22,127.41,025,3.6,096km N 90° E of Manay (Davao Oriental)
24 October 2025 - 03:34 PM,05.62,126.31,065,3.1,080km S 66° E of Jose Abad Santos (Davao Occidental)
24 October 2025 - 03:23 PM,09.67,126.38,008,2.7,028km S 63° E of General Luna (Surigao Del Norte)
24 October 2025 - 03:06 PM,09.68,126.12,027,2.4,012km S 20° W of General Luna (Surigao Del Norte)
24 October 2025 - 02:59 PM,11.02,124.09,032,2.3,012km S 74° E of City Of Bogo (Cebu)
24 October 2025 - 02:43 PM,11.11,124.05,022,2.4,011km N 50° E of City Of Bogo (Cebu)
24 October 2025 - 02:36 PM,08.01,126.45,033,1.6,006km S 51° E of Lingig (Surigao Del Sur)
24 October 2025 - 01:02 PM,08.15,126.82,023,2.2,047km N 75° E of Lingig (Surigao Del Sur)
24 October 2025 - 12:48 PM,09.73,126.01,016,2.3,017km S 69° W of General Luna (Surigao Del Norte)
24 October 2025 - 12:37 PM,07.30,127.02,023,3.9,054km N 79° E of Manay (Davao Oriental)
24 October 2025 - 12:20 PM,07.54,127.24,019,4.5,086km N 65° E of Manay (Davao Oriental)
24 October 2025 - 12:11 PM,13.99,124.33,027,1.7,007km N 40° E of Bagamanoc (Catanduanes)
24 October 2025 - 11:50 AM,07.14,127.16,017,2.7,069km S 84° E of Manay (Davao Oriental)
24 October 2025 - 10:55 AM,06.03,127.12,056,3.6,145km S 26° E of Manay (Davao Oriental)
24 October 2025 - 10:23 AM,12.38,123.77,017,1.9,005km S 08° W of Batuan (Masbate)
24 October 2025 - 10:03 AM,07.33,126.65,018,2.6,018km N 44° E of Manay (Davao Oriental)
24 October 2025 - 09:59 AM,07.06,127.61,026,2.4,120km S 82° E of Manay (Davao Oriental)
24 October 2025 - 09:57 AM,09.64,126.16,033,1.6,016km S 02° E of General Luna (Surigao Del Norte)
24 October 2025 - 09:33 AM,09.66,126.12,029,2.6,014km S 18° W of General Luna (Surigao Del Norte)
24 October 2025 - 09:33 AM,06.26,124.84,032,2.6,006km N 16° E of T'boli (South Cotabato)
24 October 2025 - 09:00 AM,10.98,123.78,005,3.1,023km S 71° W of City Of Bogo (Cebu)
24 October 2025 - 08:43 AM,09.65,126.19,034,1.9,015km S 12° E of General Luna (Surigao Del Norte)
24 October 2025 - 08:06 AM,11.14,124.17,033,1.8,024km N 64° E of City Of Bogo (Cebu)
24 October 2025 - 07:24 AM,10.94,123.95,004,3.0,012km S 15° W of City Of Bogo (Cebu)
24 October 2025 - 07:24 AM,15.02,119.89,071,1.7,020km S 77° W of San Felipe (Zambales)
24 October 2025 - 07:21 AM,16.12,119.95,033,2.1,005km N 09° E of Mabini (Pangasinan)
24 October 2025 - 07:18 AM,07.27,126.53,007,3.1,006km N 10° W of Manay (Davao Oriental)
24 October 2025 - 07:17 AM,07.24,126.52,010,2.1,004km N 28° W of Manay (Davao Oriental)
24 October 2025 - 06:35 AM,13.98,120.18,025,1.5,014km N 24° E of Lubang (Occidental Mindoro)
24 October 2025 - 06:21 AM,11.10,123.90,026,2.3,010km N 55° W of City Of Bogo (Cebu)
24 October 2025 - 06:14 AM,05.67,127.31,071,4.8,175km S 51° E of Governor Generoso (Davao Oriental)
24 October 2025 - 05:36 AM,13.36,120.52,029,1.8,009km S 44° E of Paluan (Occidental Mindoro)
24 October 2025 - 05:34 AM,07.20,126.90,022,3.3,039km S 89° E of Manay (Davao Oriental)
24 October 2025 - 05:24 AM,11.25,124.28,001,2.3,013km N 73° W of Villaba (Leyte)
24 October 2025 - 05:19 AM,09.64,126.22,033,1.5,017km S 25° E of General Luna (Surigao Del Norte)
24 October 2025 - 05:02 AM,07.14,127.06,013,4.2,057km S 85° E of Manay (Davao Oriental)
24 October 2025 - 04:57 AM,09.44,126.28,034,2.4,040km S 20° E of General Luna (Surigao Del Norte)
24 October 2025 - 04:56 AM,07.24,126.74,019,2.1,023km N 82° E of Manay (Davao Oriental)
24 October 2025 - 04:47 AM,06.42,126.35,030,3.1,040km S 50° E of Governor Generoso (Davao Oriental)
24 October 2025 - 04:12 AM,12.10,120.51,011,2.3,035km N 71° E of Coron (Palawan)
24 October 2025 - 04:03 AM,14.24,120.34,087,2.0,027km S 38° W of Mariveles (Bataan)
24 October 2025 - 03:58 AM,09.51,126.02,018,1.8,013km S 27° E of Socorro (Surigao Del Norte)
24 October 2025 - 03:56 AM,08.83,126.62,013,2.5,037km S 75° E of Cagwait (Surigao Del Sur)
24 October 2025 - 03:38 AM,11.00,123.97,002,3.4,005km S 07° W of City Of Bogo (Cebu)
24 October 2025 - 03:31 AM,09.63,126.12,012,3.6,018km S 12° W of General Luna (Surigao Del Norte)
24 October 2025 - 03:01 AM,11.15,123.88,002,2.2,016km N 44° W of City Of Bogo (Cebu)
24 October 2025 - 02:56 AM,09.67,126.22,021,3.1,014km S 30° E of General Luna (Surigao Del Norte)
24 October 2025 - 02:53 AM,19.28,121.33,005,2.4,016km N 81° W of Calayan (Cagayan)
24 October 2025 - 02:50 AM,11.11,124.10,007,1.8,015km N 62° E of City Of Bogo (Cebu)
24 October 2025 - 02:17 AM,07.21,127.49,029,3.2,105km N 90° E of Manay (Davao Oriental)
24 October 2025 - 02:09 AM,10.88,123.94,008,2.0,018km S 14° W of City Of Bogo (Cebu)
24 October 2025 - 02:06 AM,11.16,124.16,006,2.3,023km N 58° E of City Of Bogo (Cebu)
24 October 2025 - 02:02 AM,11.09,124.06,007,2.4,010km N 63° E of City Of Bogo (Cebu)
24 October 2025 - 01:58 AM,09.65,126.26,022,3.9,018km S 36° E of General Luna (Surigao Del Norte)
24 October 2025 - 01:44 AM,08.84,126.49,033,2.1,022km S 66° E of Cagwait (Surigao Del Sur)
24 October 2025 - 01:39 AM,07.38,126.71,032,2.1,026km N 44° E of Manay (Davao Oriental)
24 October 2025 - 01:38 AM,09.59,126.18,033,1.6,022km S 07° E of General Luna (Surigao Del Norte)
24 October 2025 - 01:31 AM,10.65,124.23,022,1.9,017km N 87° W of San Francisco (Cebu)
24 October 2025 - 01:23 AM,09.59,126.13,020,2.4,022km S 08° W of General Luna (Surigao Del Norte)
24 October 2025 - 01:20 AM,13.08,123.39,001,2.4,009km N 60° W of Pio Duran (Albay)
24 October 2025 - 01:07 AM,11.10,123.97,001,1.9,006km N 08° W of City Of Bogo (Cebu)
24 October 2025 - 01:01 AM,10.84,123.42,009,2.3,009km West of City Of Escalante (Negros Occidental)
24 October 2025 - 12:58 AM,08.95,126.51,027,2.9,023km N 82° E of Cagwait (Surigao Del Sur)
24 October 2025 - 12:53 AM,08.18,126.75,012,1.8,041km N 68° E of Lingig (Surigao Del Sur)
24 October 2025 - 12:52 AM,08.50,126.17,012,2.9,005km N 09° E of Tagbina (Surigao Del Sur)
24 October 2025 - 12:33 AM,07.22,126.74,027,2.5,022km N 87° E of Manay (Davao Oriental)
24 October 2025 - 12:32 AM,10.96,123.96,022,2.3,010km S 12° W of City Of Bogo (Cebu)
24 October 2025 - 12:23 AM,07.12,126.84,029,2.4,034km S 74° E of Manay (Davao Oriental)
23 October 2025 - 11:50 PM,19.13,121.29,012,2.8,009km N 76° E of Dalupiri Island (Calayan) (Cagayan)
23 October 2025 - 11:48 PM,10.59,124.83,007,1.7,010km S 18° E of City Of Baybay (Leyte)
23 October 2025 - 11:38 PM,11.14,124.02,007,2.2,011km N 24° E of City Of Bogo (Cebu)
23 October 2025 - 11:34 PM,10.93,123.85,003,2.6,021km S 40° W of City Of Bogo (Cebu)
23 October 2025 - 11:28 PM,18.54,120.79,018,2.0,002km S 20° E of Pagudpud (Ilocos Norte)
23 October 2025 - 11:26 PM,08.19,126.94,009,3.2,060km N 74° E of Lingig (Surigao Del Sur)
23 October 2025 - 11:19 PM,10.98,123.94,004,3.2,009km S 29° W of City Of Bogo (Cebu)
23 October 2025 - 11:13 PM,09.55,125.99,007,2.1,031km S 36° W of General Luna (Surigao Del Norte)
23 October 2025 - 11:05 PM,10.56,124.83,005,2.2,012km N 55° E of Inopacan (Leyte)
23 October 2025 - 11:01 PM,11.03,124.09,002,2.3,012km S 79° E of City Of Bogo (Cebu)
23 October 2025 - 10:52 PM,07.17,126.92,014,3.4,042km S 84° E of Manay (Davao Oriental)
23 October 2025 - 10:47 PM,07.40,126.94,009,2.8,049km N 65° E of Manay (Davao Oriental)
23 October 2025 - 10:45 PM,11.25,123.85,006,2.5,026km N 32° W of City Of Bogo (Cebu)
23 October 2025 - 10:38 PM,11.22,123.85,006,3.0,024km N 37° W of City Of Bogo (Cebu)
23 October 2025 - 10:38 PM,11.22,123.85,006,3.0,024km N 37° W of City Of Bogo (Cebu)
23 October 2025 - 10:32 PM,11.11,123.96,003,3.2,007km N 14° W of City Of Bogo (Cebu)
23 October 2025 - 10:16 PM,09.69,126.27,027,2.2,016km S 48° E of General Luna (Surigao Del Norte)
23 October 2025 - 09:10 PM,06.96,126.73,014,3.1,035km S 37° E of Manay (Davao Oriental)
23 October 2025 - 09:01 PM,15.89,119.23,025,2.5,066km S 68° W of Agno (Pangasinan)
23 October 2025 - 08:53 PM,10.90,123.85,003,3.0,022km S 41° W of City Of Bogo (Cebu)
23 October 2025 - 08:15 PM,11.13,124.07,004,1.9,013km N 49° E of City Of Bogo (Cebu)
23 October 2025 - 08:15 PM,09.73,125.82,022,2.0,020km N 42° E of Gigaquit (Surigao Del Norte)
23 October 2025 - 07:29 PM,12.22,119.79,036,2.4,019km N 59° W of Busuanga (Palawan)
23 October 2025 - 07:14 PM,07.16,127.42,029,2.8,098km S 87° E of Manay (Davao Oriental)
23 October 2025 - 06:33 PM,08.78,126.33,027,2.1,015km S 11° E of Cagwait (Surigao Del Sur)
23 October 2025 - 05:53 PM,09.73,126.40,028,2.3,027km S 78° E of General Luna (Surigao Del Norte)
23 October 2025 - 05:28 PM,05.77,126.36,108,2.6,080km S 79° E of Jose Abad Santos (Davao Occidental)
23 October 2025 - 05:18 PM,15.06,120.01,033,1.5,007km N 89° W of San Felipe (Zambales)
23 October 2025 - 04:56 PM,07.25,126.59,020,2.3,007km N 47° E of Manay (Davao Oriental)
23 October 2025 - 04:25 PM,13.29,120.15,020,2.4,037km S 67° W of Paluan (Occidental Mindoro)
23 October 2025 - 03:25 PM,10.98,123.98,003,3.0,008km S 02° E of City Of Bogo (Cebu)
23 October 2025 - 03:05 PM,09.00,126.48,024,2.2,022km N 67° E of Cagwait (Surigao Del Sur)
23 October 2025 - 02:24 PM,07.21,126.74,021,4.3,023km S 89° E of Manay (Davao Oriental)
23 October 2025 - 01:08 PM,10.60,124.25,025,2.0,016km S 72° W of San Francisco (Cebu)
23 October 2025 - 01:01 PM,10.98,123.95,006,2.6,008km S 19° W of City Of Bogo (Cebu)
23 October 2025 - 12:55 PM,06.44,124.05,018,2.6,012km South of Kalamansig (Sultan Kudarat)
23 October 2025 - 12:01 PM,16.54,120.64,022,1.6,017km S 55° W of Atok (Benguet)
23 October 2025 - 11:56 AM,11.13,124.15,005,2.0,020km N 63° E of City Of Bogo (Cebu)
23 October 2025 - 11:46 AM,09.59,126.20,033,1.2,022km S 13° E of General Luna (Surigao Del Norte)
23 October 2025 - 11:24 AM,14.26,120.37,120,2.0,024km S 33° W of Mariveles (Bataan)
23 October 2025 - 11:17 AM,06.97,127.66,027,3.1,126km S 78° E of Manay (Davao Oriental)
23 October 2025 - 11:11 AM,11.09,124.02,033,1.5,006km N 40° E of City Of Bogo (Cebu)
23 October 2025 - 10:35 AM,11.16,123.96,010,2.0,012km N 10° W of City Of Bogo (Cebu)
23 October 2025 - 10:20 AM,09.67,126.22,032,1.8,014km S 28° E of General Luna (Surigao Del Norte)
23 October 2025 - 10:10 AM,07.22,126.80,026,2.3,029km N 89° E of Manay (Davao Oriental)
23 October 2025 - 10:08 AM,18.45,120.76,019,2.0,020km N 48° E of Pasuquin (Ilocos Norte)
23 October 2025 - 10:06 AM,10.99,124.13,026,2.3,017km S 69° E of City Of Bogo (Cebu)
23 October 2025 - 09:22 AM,10.92,123.96,007,2.7,015km S 09° W of City Of Bogo (Cebu)
23 October 2025 - 08:50 AM,06.59,125.29,002,3.0,005km S 43° E of Kiblawan (Davao Del Sur)
23 October 2025 - 08:50 AM,11.17,123.99,032,1.9,013km N 07° E of City Of Bogo (Cebu)
23 October 2025 - 08:48 AM,11.01,123.96,016,2.0,005km S 32° W of City Of Bogo (Cebu)
23 October 2025 - 08:36 AM,09.63,126.18,032,1.4,017km S 08° E of General Luna (Surigao Del Norte)
23 October 2025 - 08:24 AM,06.60,126.48,031,2.3,045km S 82° E of Governor Generoso (Davao Oriental)
23 October 2025 - 08:22 AM,15.03,119.79,033,1.5,031km S 84° W of San Felipe (Zambales)
23 October 2025 - 07:51 AM,10.29,126.46,012,2.8,066km N 30° E of General Luna (Surigao Del Norte)
23 October 2025 - 07:45 AM,09.61,126.26,031,1.8,023km S 32° E of General Luna (Surigao Del Norte)
23 October 2025 - 07:43 AM,09.63,126.19,032,1.6,017km S 13° E of General Luna (Surigao Del Norte)
23 October 2025 - 07:25 AM,10.89,123.97,004,2.3,017km S 05° W of City Of Bogo (Cebu)
23 October 2025 - 07:12 AM,08.98,126.86,002,2.4,062km N 84° E of Cagwait (Surigao Del Sur)
23 October 2025 - 07:11 AM,09.67,126.23,034,1.8,015km S 31° E of General Luna (Surigao Del Norte)
23 October 2025 - 06:58 AM,10.94,123.87,002,2.5,017km S 47° W of City Of Bogo (Cebu)
23 October 2025 - 06:49 AM,08.09,122.92,025,1.7,007km S 06° W of Leon B. Postigo (Zamboanga Del Norte)
23 October 2025 - 06:35 AM,11.04,124.11,005,2.3,014km S 87° E of City Of Bogo (Cebu)
23 October 2025 - 06:29 AM,11.10,123.98,029,1.8,006km N 04° E of City Of Bogo (Cebu)
23 October 2025 - 06:01 AM,11.06,123.96,003,2.9,003km N 43° W of City Of Bogo (Cebu)
23 October 2025 - 06:00 AM,05.10,125.47,041,3.1,036km S 09° E of Balut Island (Municipality Of Sarangani) (Davao Occidental)
23 October 2025 - 05:54 AM,13.76,123.24,007,2.3,006km N 31° E of Calabanga (Camarines Sur)
23 October 2025 - 05:36 AM,09.64,126.17,025,2.0,016km S 04° E of General Luna (Surigao Del Norte)
23 October 2025 - 05:17 AM,10.94,123.96,002,2.3,012km S 10° W of City Of Bogo (Cebu)
23 October 2025 - 05:06 AM,09.61,126.25,032,1.7,022km S 28° E of General Luna (Surigao Del Norte)
23 October 2025 - 04:17 AM,09.61,126.27,035,1.8,023km S 32° E of General Luna (Surigao Del Norte)
23 October 2025 - 04:09 AM,07.54,126.74,025,2.2,021km S 78° E of Baganga (Davao Oriental)
23 October 2025 - 04:10 AM,11.19,123.95,003,2.3,016km N 11° W of City Of Bogo (Cebu)
23 October 2025 - 04:07 AM,07.35,126.79,011,2.7,032km N 61° E of Manay (Davao Oriental)
23 October 2025 - 03:51 AM,05.79,125.99,170,3.3,041km S 70° E of Jose Abad Santos (Davao Occidental)
23 October 2025 - 03:41 AM,09.66,126.21,034,1.5,015km S 23° E of General Luna (Surigao Del Norte)
23 October 2025 - 03:13 AM,07.41,126.80,024,2.0,036km N 53° E of Manay (Davao Oriental)
23 October 2025 - 02:56 AM,13.57,120.65,105,2.5,016km N 30° W of Abra De Ilog (Occidental Mindoro)
23 October 2025 - 02:34 AM,10.93,123.76,002,2.7,027km S 61° W of City Of Bogo (Cebu)
23 October 2025 - 02:02 AM,15.89,121.92,018,2.1,028km S 09° W of Dinalungan (Aurora)
23 October 2025 - 01:50 AM,11.14,124.08,004,2.4,015km N 46° E of City Of Bogo (Cebu)
23 October 2025 - 01:44 AM,13.69,122.80,035,1.6,016km S 46° W of Lupi (Camarines Sur)
23 October 2025 - 01:44 AM,11.21,123.97,007,1.7,018km N 05° W of City Of Bogo (Cebu)
23 October 2025 - 01:39 AM,13.66,122.79,035,1.5,020km S 43° W of Lupi (Camarines Sur)
23 October 2025 - 01:31 AM,11.13,124.13,004,3.0,019km N 60° E of City Of Bogo (Cebu)
23 October 2025 - 01:30 AM,13.55,120.78,005,2.8,015km S 39° W of Tingloy (Batangas)
23 October 2025 - 01:29 AM,06.88,127.32,011,2.5,094km S 67° E of Manay (Davao Oriental)
23 October 2025 - 01:10 AM,07.32,126.80,011,2.9,031km N 68° E of Manay (Davao Oriental)
23 October 2025 - 01:07 AM,09.40,125.60,017,2.3,006km S 27° E of Kitcharao (Agusan Del Norte)
23 October 2025 - 12:45 AM,11.20,124.13,002,2.6,024km N 44° E of City Of Bogo (Cebu)
23 October 2025 - 12:31 AM,18.56,120.70,005,2.6,008km N 37° E of Burgos (Ilocos Norte)
23 October 2025 - 12:09 AM,16.10,120.71,026,2.0,006km N 43° E of San Manuel (Pangasinan)
23 October 2025 - 12:03 AM,07.67,126.64,014,2.4,014km N 40° E of Baganga (Davao Oriental)
23 October 2025 - 12:02 AM,11.10,123.98,028,1.5,006km N 03° E of City Of Bogo (Cebu)
22 October 2025 - 11:29 PM,10.99,123.95,024,2.9,007km S 26° W of City Of Bogo (Cebu)
22 October 2025 - 11:26 PM,13.74,122.88,005,2.0,007km S 35° W of Lupi (Camarines Sur)
22 October 2025 - 10:32 PM,11.09,123.93,022,2.0,008km N 46° W of City Of Bogo (Cebu)
22 October 2025 - 10:24 PM,09.69,126.10,026,1.8,012km S 33° W of General Luna (Surigao Del Norte)
22 October 2025 - 09:31 PM,10.95,123.88,019,2.1,016km S 44° W of City Of Bogo (Cebu)
22 October 2025 - 09:31 PM,13.62,121.48,010,1.8,038km N 31° E of Naujan (Oriental Mindoro)
22 October 2025 - 09:22 PM,08.83,126.56,018,3.6,031km S 71° E of Cagwait (Surigao Del Sur)
22 October 2025 - 09:19 PM,11.11,124.15,004,2.8,020km N 68° E of City Of Bogo (Cebu)
22 October 2025 - 08:52 PM,07.19,126.57,016,3.1,004km S 57° E of Manay (Davao Oriental)
22 October 2025 - 08:46 PM,07.41,127.40,021,3.2,097km N 77° E of Manay (Davao Oriental)
22 October 2025 - 08:40 PM,10.96,123.96,003,2.6,010km S 13° W of City Of Bogo (Cebu)
22 October 2025 - 08:15 PM,09.70,126.19,026,2.1,010km S 24° E of General Luna (Surigao Del Norte)
22 October 2025 - 08:04 PM,08.69,126.23,026,1.8,026km S 17° W of Cagwait (Surigao Del Sur)
22 October 2025 - 08:02 PM,07.24,126.59,010,2.5,006km N 56° E of Manay (Davao Oriental)
22 October 2025 - 07:30 PM,08.78,126.51,010,3.3,027km S 56° E of Cagwait (Surigao Del Sur)
22 October 2025 - 07:28 PM,08.80,126.71,014,2.9,047km S 74° E of Cagwait (Surigao Del Sur)
22 October 2025 - 07:00 PM,10.83,123.97,011,1.9,024km S 04° W of City Of Bogo (Cebu)
22 October 2025 - 07:00 PM,08.77,126.53,018,3.0,030km S 57° E of Cagwait (Surigao Del Sur)
22 October 2025 - 06:49 PM,11.18,124.03,034,1.8,016km N 21° E of City Of Bogo (Cebu)
22 October 2025 - 06:48 PM,07.19,123.47,023,2.7,031km S 11° E of Tabina (Zamboanga Del Sur)
22 October 2025 - 06:33 PM,07.38,126.30,009,3.1,020km N 69° E of Maragusan (Davao De Oro)
22 October 2025 - 06:19 PM,08.82,126.43,028,1.6,018km S 54° E of Cagwait (Surigao Del Sur)
22 October 2025 - 06:18 PM,13.72,120.63,103,2.0,012km South of Calatagan (Batangas)
22 October 2025 - 06:09 PM,10.53,122.19,006,2.2,014km S 22° W of Miagao (Iloilo)
22 October 2025 - 06:00 PM,10.67,122.18,006,2.2,007km N 62° W of Miagao (Iloilo)
22 October 2025 - 05:53 PM,08.12,126.99,006,3.0,064km N 82° E of Lingig (Surigao Del Sur)
22 October 2025 - 05:41 PM,10.92,123.89,003,2.5,017km S 36° W of City Of Bogo (Cebu)
22 October 2025 - 05:25 PM,13.35,123.40,019,2.6,004km S 77° E of Bato (Camarines Sur)
22 October 2025 - 05:21 PM,11.05,124.04,006,2.7,007km N 83° E of City Of Bogo (Cebu)
22 October 2025 - 04:57 PM,11.10,124.11,033,2.6,016km N 69° E of City Of Bogo (Cebu)
22 October 2025 - 04:32 PM,11.03,124.09,004,2.3,013km S 80° E of City Of Bogo (Cebu)
22 October 2025 - 04:29 PM,07.31,127.44,001,3.3,100km N 84° E of Manay (Davao Oriental)
22 October 2025 - 03:42 PM,09.48,126.03,001,2.3,016km N 37° E of Carrascal (Surigao Del Sur)
22 October 2025 - 03:16 PM,13.05,120.28,032,2.3,039km S 60° W of Mamburao (Occidental Mindoro)
22 October 2025 - 03:08 PM,09.58,126.18,026,2.1,022km S 07° E of General Luna (Surigao Del Norte)
22 October 2025 - 03:06 PM,18.78,120.54,007,2.9,032km N 20° W of Burgos (Ilocos Norte)
22 October 2025 - 02:47 PM,11.21,123.94,033,2.2,007km S 56° W of Daanbantayan (Cebu)
22 October 2025 - 02:10 PM,03.90,125.57,076,3.6,168km S 06° E of Balut Island (Municipality Of Sarangani) (Davao Occidental)
22 October 2025 - 01:52 PM,09.59,126.23,029,1.7,022km S 21° E of General Luna (Surigao Del Norte)
22 October 2025 - 01:39 PM,13.76,120.58,086,2.0,009km S 34° W of Calatagan (Batangas)
22 October 2025 - 01:21 PM,09.64,126.21,031,2.2,017km S 19° E of General Luna (Surigao Del Norte)
22 October 2025 - 01:08 PM,09.64,126.02,033,2.3,022km S 44° W of General Luna (Surigao Del Norte)
22 October 2025 - 12:58 PM,09.71,126.24,028,2.2,012km S 47° E of General Luna (Surigao Del Norte)
22 October 2025 - 12:05 PM,11.20,124.02,001,2.1,017km N 16° E of City Of Bogo (Cebu)
22 October 2025 - 11:52 AM,11.12,123.94,005,2.6,009km N 30° W of City Of Bogo (Cebu)
22 October 2025 - 11:33 AM,12.46,124.58,019,2.1,020km S 70° W of Mondragon (Northern Samar)
22 October 2025 - 11:30 AM,11.15,123.96,012,1.8,012km N 09° W of City Of Bogo (Cebu)
22 October 2025 - 10:19 AM,08.09,126.86,022,2.4,050km N 83° E of Lingig (Surigao Del Sur)
22 October 2025 - 10:05 AM,08.57,126.12,002,2.5,005km North of Barobo (Surigao Del Sur)
22 October 2025 - 09:15 AM,09.78,126.23,050,2.2,008km S 88° E of General Luna (Surigao Del Norte)
22 October 2025 - 09:00 AM,11.26,124.08,033,2.3,026km N 26° E of City Of Bogo (Cebu)
22 October 2025 - 08:56 AM,11.12,124.11,005,2.8,017km N 62° E of City Of Bogo (Cebu)
22 October 2025 - 08:18 AM,11.04,124.03,008,2.4,005km S 86° E of City Of Bogo (Cebu)
22 October 2025 - 07:58 AM,13.81,120.58,080,1.5,006km S 62° W of Calatagan (Batangas)
22 October 2025 - 07:53 AM,06.94,127.35,011,3.0,094km S 71° E of Manay (Davao Oriental)
22 October 2025 - 07:43 AM,08.92,126.48,019,3.8,019km N 89° E of Cagwait (Surigao Del Sur)
22 October 2025 - 07:36 AM,19.07,121.11,015,2.4,011km S 69° W of Dalupiri Island (Calayan) (Cagayan)
22 October 2025 - 07:21 AM,11.13,124.01,019,1.6,010km N 22° E of City Of Bogo (Cebu)
22 October 2025 - 07:09 AM,09.75,126.57,015,2.3,045km S 86° E of General Luna (Surigao Del Norte)
22 October 2025 - 06:45 AM,10.86,123.87,003,2.5,024km S 29° W of City Of Bogo (Cebu)
22 October 2025 - 06:38 AM,11.12,124.28,001,2.3,034km N 77° E of City Of Bogo (Cebu)
22 October 2025 - 06:29 AM,11.20,123.91,002,3.3,018km N 25° W of City Of Bogo (Cebu)
22 October 2025 - 06:23 AM,11.25,123.94,009,2.3,022km N 10° W of City Of Bogo (Cebu)
22 October 2025 - 06:11 AM,11.17,123.91,010,2.2,015km N 28° W of City Of Bogo (Cebu)
22 October 2025 - 06:11 AM,09.65,126.23,032,1.4,017km S 28° E of General Luna (Surigao Del Norte)
22 October 2025 - 06:06 AM,11.15,124.02,033,1.8,012km N 21° E of City Of Bogo (Cebu)
22 October 2025 - 06:05 AM,07.96,126.38,132,1.7,009km S 24° W of Lingig (Surigao Del Sur)
22 October 2025 - 05:37 AM,13.65,120.63,092,1.9,020km S 01° W of Calatagan (Batangas)
22 October 2025 - 05:35 AM,07.87,125.18,043,2.0,011km S 72° E of City Of Valencia (Bukidnon)
22 October 2025 - 05:03 AM,10.51,123.68,034,1.9,004km N 85° W of Balamban (Cebu)
22 October 2025 - 04:09 AM,05.97,126.08,134,2.1,048km N 83° E of Jose Abad Santos (Davao Occidental)
22 October 2025 - 03:57 AM,07.58,122.14,011,2.7,001km S 16° W of Sirawai (Zamboanga Del Norte)
22 October 2025 - 03:57 AM,17.66,120.40,003,2.9,003km N 33° W of Santo Domingo (Ilocos Sur)
22 October 2025 - 03:54 AM,05.72,126.46,061,3.2,093km S 77° E of Jose Abad Santos (Davao Occidental)
22 October 2025 - 03:53 AM,10.97,124.03,028,2.0,010km S 33° E of City Of Bogo (Cebu)
22 October 2025 - 03:43 AM,09.76,126.18,032,2.5,003km S 37° E of General Luna (Surigao Del Norte)
22 October 2025 - 03:20 AM,07.23,126.76,022,1.8,024km N 85° E of Manay (Davao Oriental)
22 October 2025 - 03:18 AM,07.25,126.87,025,2.5,036km N 84° E of Manay (Davao Oriental)
22 October 2025 - 03:16 AM,09.47,126.25,030,2.1,036km S 17° E of General Luna (Surigao Del Norte)
22 October 2025 - 03:00 AM,09.64,126.09,034,2.1,017km S 27° W of General Luna (Surigao Del Norte)
22 October 2025 - 02:34 AM,13.59,120.36,002,2.0,039km S 41° E of Lubang (Occidental Mindoro)
22 October 2025 - 02:33 AM,16.15,122.26,007,1.9,021km S 47° E of Casiguran (Aurora)
22 October 2025 - 02:31 AM,07.28,126.91,004,1.8,042km N 79° E of Manay (Davao Oriental)
22 October 2025 - 02:27 AM,07.17,126.72,020,1.9,020km S 76° E of Manay (Davao Oriental)
22 October 2025 - 01:52 AM,12.93,126.05,036,4.2,100km N 60° E of Mapanas (Northern Samar)
22 October 2025 - 01:45 AM,10.93,123.96,020,2.0,013km S 11° W of City Of Bogo (Cebu)
22 October 2025 - 01:38 AM,08.82,126.48,029,2.2,023km S 60° E of Cagwait (Surigao Del Sur)
22 October 2025 - 01:23 AM,07.35,126.78,020,2.2,030km N 59° E of Manay (Davao Oriental)
22 October 2025 - 01:23 AM,07.41,126.52,005,1.7,022km N 06° W of Manay (Davao Oriental)
22 October 2025 - 01:21 AM,09.64,126.31,031,2.8,023km S 46° E of General Luna (Surigao Del Norte)
22 October 2025 - 01:18 AM,07.28,126.85,022,1.5,035km N 78° E of Manay (Davao Oriental)
22 October 2025 - 01:17 AM,07.33,127.10,012,2.9,064km N 78° E of Manay (Davao Oriental)
22 October 2025 - 01:05 AM,07.12,126.82,025,2.3,033km S 72° E of Manay (Davao Oriental)
22 October 2025 - 01:03 AM,07.35,127.35,012,2.8,087km N 80° E of Manay (Davao Oriental)
22 October 2025 - 01:02 AM,09.65,126.17,028,2.0,015km S 07° E of General Luna (Surigao Del Norte)
22 October 2025 - 12:41 AM,11.11,124.12,003,1.8,017km N 66° E of City Of Bogo (Cebu)
22 October 2025 - 12:41 AM,09.19,126.74,013,2.2,057km N 58° E of Cagwait (Surigao Del Sur)
22 October 2025 - 12:32 AM,14.27,123.07,008,1.7,018km N 19° E of Mercedes (Camarines Norte)
22 October 2025 - 12:24 AM,09.95,126.52,065,1.5,044km N 64° E of General Luna (Surigao Del Norte)
22 October 2025 - 12:20 AM,12.69,123.57,006,1.8,012km N 64° W of Monreal (Masbate)
22 October 2025 - 12:19 AM,09.65,126.17,033,1.5,015km S 06° E of General Luna (Surigao Del Norte)
22 October 2025 - 12:19 AM,11.10,124.13,033,1.8,017km N 69° E of City Of Bogo (Cebu)
22 October 2025 - 12:06 AM,10.79,122.89,013,2.0,009km S 81° W of City Of Silay (Negros Occidental)
21 October 2025 - 11:56 PM,11.13,123.83,032,2.1,018km N 61° W of City Of Bogo (Cebu)
21 October 2025 - 11:34 PM,09.67,126.20,033,1.8,014km S 20° E of General Luna (Surigao Del Norte)
21 October 2025 - 11:21 PM,09.21,125.88,034,1.4,011km S 58° W of Madrid (Surigao Del Sur)
21 October 2025 - 11:15 PM,09.73,126.11,030,2.2,007km S 43° W of General Luna (Surigao Del Norte)
21 October 2025 - 10:30 PM,10.96,124.02,009,2.4,011km S 25° E of City Of Bogo (Cebu)
21 October 2025 - 10:27 PM,07.36,124.41,025,2.1,009km N 10° W of Pigkawayan (Cotabato)
21 October 2025 - 10:25 PM,18.62,121.08,002,2.0,002km N 07° W of Claveria (Cagayan)
21 October 2025 - 10:23 PM,05.31,125.55,020,2.8,018km S 49° E of Balut Island (Municipality Of Sarangani) (Davao Occidental)
21 October 2025 - 10:11 PM,11.20,124.18,015,1.9,028km N 51° E of City Of Bogo (Cebu)
21 October 2025 - 09:38 PM,16.89,120.66,094,2.2,013km S 38° W of Cervantes (Ilocos Sur)
21 October 2025 - 09:33 PM,07.42,127.38,013,2.9,096km N 76° E of Manay (Davao Oriental)
21 October 2025 - 09:23 PM,11.13,124.12,007,2.0,018km N 59° E of City Of Bogo (Cebu)
21 October 2025 - 08:38 PM,09.64,126.20,035,1.4,016km S 16° E of General Luna (Surigao Del Norte)
21 October 2025 - 08:33 PM,07.03,126.47,021,2.4,022km S 20° W of Manay (Davao Oriental)
21 October 2025 - 08:27 PM,08.81,126.49,031,2.1,024km S 60° E of Cagwait (Surigao Del Sur)
21 October 2025 - 08:17 PM,07.47,126.58,023,1.8,012km S 07° E of Baganga (Davao Oriental)
21 October 2025 - 07:31 PM,18.33,120.78,006,2.4,017km S 90° E of Pasuquin (Ilocos Norte)
21 October 2025 - 07:31 PM,11.09,123.97,033,2.4,005km N 14° W of City Of Bogo (Cebu)
21 October 2025 - 07:27 PM,04.01,123.11,576,4.3,271km S 26° W of Palimbang (Sultan Kudarat)
21 October 2025 - 07:02 PM,13.47,120.76,033,1.5,005km N 58° E of Abra De Ilog (Occidental Mindoro)
21 October 2025 - 06:55 PM,08.55,126.83,027,1.6,071km S 55° E of Cagwait (Surigao Del Sur)
21 October 2025 - 06:24 PM,11.16,124.19,010,2.4,027km N 61° E of City Of Bogo (Cebu)
21 October 2025 - 05:51 PM,13.58,121.04,001,2.3,006km N 35° W of Verde Island (Batangas City) (Batangas)
21 October 2025 - 05:23 PM,09.63,126.16,033,1.5,017km S 02° E of General Luna (Surigao Del Norte)
21 October 2025 - 05:07 PM,11.16,124.16,006,4.1,024km N 58° E of City Of Bogo (Cebu)
21 October 2025 - 04:34 PM,09.63,126.21,034,2.1,018km S 18° E of General Luna (Surigao Del Norte)
21 October 2025 - 04:11 PM,07.25,127.55,018,2.8,112km N 88° E of Manay (Davao Oriental)
21 October 2025 - 04:06 PM,10.41,126.29,001,3.1,049km N 28° E of Burgos (Surigao Del Norte)
21 October 2025 - 04:03 PM,08.88,126.47,024,2.1,019km S 78° E of Cagwait (Surigao Del Sur)
21 October 2025 - 03:54 PM,06.39,125.91,048,3.2,032km N 48° E of Don Marcelino (Davao Occidental)
21 October 2025 - 03:45 PM,11.18,123.90,001,2.7,017km N 32° W of City Of Bogo (Cebu)
21 October 2025 - 03:39 PM,07.26,127.08,031,2.9,059km N 84° E of Manay (Davao Oriental)
21 October 2025 - 03:32 PM,07.20,126.96,011,2.8,047km S 88° E of Manay (Davao Oriental)
21 October 2025 - 03:16 PM,08.75,126.27,018,2.4,019km S 10° W of Cagwait (Surigao Del Sur)
21 October 2025 - 03:07 PM,07.99,126.99,004,2.9,064km S 85° E of Lingig (Surigao Del Sur)
21 October 2025 - 03:04 PM,11.27,124.21,017,2.4,035km N 46° E of City Of Bogo (Cebu)
21 October 2025 - 02:24 PM,16.44,119.77,025,3.0,015km N 65° W of Bolinao (Pangasinan)
21 October 2025 - 02:15 PM,08.84,126.21,032,2.7,013km S 47° W of Cagwait (Surigao Del Sur)
21 October 2025 - 02:01 PM,09.65,126.18,035,2.0,014km S 11° E of General Luna (Surigao Del Norte)
21 October 2025 - 01:20 PM,13.25,120.91,039,2.0,028km N 47° E of Santa Cruz (Occidental Mindoro)
21 October 2025 - 01:06 PM,11.17,124.06,033,2.0,016km N 33° E of City Of Bogo (Cebu)
21 October 2025 - 12:43 PM,07.26,126.62,009,3.1,010km N 60° E of Manay (Davao Oriental)
21 October 2025 - 12:19 PM,09.00,126.18,030,1.9,008km S 08° E of City Of Tandag (Surigao Del Sur)
21 October 2025 - 11:35 AM,16.05,121.62,030,1.7,019km S 04° E of Nagtipunan (Quirino)
21 October 2025 - 11:30 AM,09.70,126.17,027,2.9,009km S 10° E of General Luna (Surigao Del Norte)
21 October 2025 - 10:23 AM,09.13,126.11,048,3.1,009km N 49° W of City Of Tandag (Surigao Del Sur)
21 October 2025 - 09:58 AM,09.64,126.24,031,2.0,018km S 32° E of General Luna (Surigao Del Norte)
21 October 2025 - 09:40 AM,09.54,126.08,002,2.1,015km S 55° E of Socorro (Surigao Del Norte)
21 October 2025 - 09:11 AM,08.80,126.49,029,2.1,024km S 58° E of Cagwait (Surigao Del Sur)
21 October 2025 - 09:02 AM,07.09,127.07,005,3.5,060km S 77° E of Manay (Davao Oriental)
21 October 2025 - 08:52 AM,07.07,126.92,015,2.6,045km S 70° E of Manay (Davao Oriental)
21 October 2025 - 08:03 AM,09.39,125.40,032,2.5,014km N 65° W of Jabonga (Agusan Del Norte)
21 October 2025 - 08:01 AM,09.65,126.18,034,1.7,015km S 11° E of General Luna (Surigao Del Norte)
21 October 2025 - 07:26 AM,09.65,125.96,028,2.0,026km S 55° W of General Luna (Surigao Del Norte)
21 October 2025 - 07:24 AM,07.59,125.96,033,1.8,001km S 34° W of Nabunturan (Davao De Oro)
21 October 2025 - 07:00 AM,11.10,124.03,027,2.0,008km N 43° E of City Of Bogo (Cebu)
21 October 2025 - 06:44 AM,18.50,120.76,001,1.9,004km S 10° W of Bangui (Ilocos Norte)
21 October 2025 - 06:10 AM,11.10,124.19,032,2.3,024km N 75° E of City Of Bogo (Cebu)
21 October 2025 - 05:47 AM,08.85,126.42,030,2.2,015km S 60° E of Cagwait (Surigao Del Sur)
21 October 2025 - 05:43 AM,15.64,119.72,021,2.5,023km N 86° W of Candelaria (Zambales)
21 October 2025 - 05:32 AM,07.13,126.84,028,4.3,035km S 74° E of Manay (Davao Oriental)
21 October 2025 - 05:32 AM,11.11,124.08,028,1.5,013km N 59° E of City Of Bogo (Cebu)
21 October 2025 - 05:29 AM,09.57,126.22,019,1.9,025km S 17° E of General Luna (Surigao Del Norte)
21 October 2025 - 05:29 AM,13.84,125.27,042,3.4,096km N 86° E of Gigmoto (Catanduanes)
21 October 2025 - 05:22 AM,11.03,123.81,020,2.4,018km S 83° W of City Of Bogo (Cebu)
21 October 2025 - 04:27 AM,11.07,124.04,033,1.9,007km N 66° E of City Of Bogo (Cebu)
21 October 2025 - 04:15 AM,18.70,120.49,007,2.3,027km N 38° W of Burgos (Ilocos Norte)
21 October 2025 - 04:06 AM,06.79,125.32,006,2.8,006km N 35° W of City Of Digos (Davao Del Sur)
21 October 2025 - 03:57 AM,09.40,125.46,021,1.9,009km N 45° W of Jabonga (Agusan Del Norte)
21 October 2025 - 03:52 AM,06.92,126.88,019,2.8,050km S 49° E of Manay (Davao Oriental)
21 October 2025 - 03:40 AM,08.83,126.36,030,2.2,012km S 31° E of Cagwait (Surigao Del Sur)
21 October 2025 - 03:35 AM,10.94,123.91,002,3.0,014km S 31° W of City Of Bogo (Cebu)
21 October 2025 - 03:25 AM,11.00,124.00,033,2.3,006km S 29° E of City Of Bogo (Cebu)
21 October 2025 - 03:22 AM,07.06,127.15,001,3.1,069km S 76° E of Manay (Davao Oriental)
21 October 2025 - 03:09 AM,09.64,126.14,033,2.1,016km S 08° W of General Luna (Surigao Del Norte)
21 October 2025 - 03:00 AM,07.34,126.72,004,3.3,024km N 56° E of Manay (Davao Oriental)
21 October 2025 - 02:52 AM,11.01,124.06,033,2.1,010km S 67° E of City Of Bogo (Cebu)
21 October 2025 - 02:49 AM,06.91,126.17,027,3.0,007km S 51° W of City Of Mati (Davao Oriental)
21 October 2025 - 02:41 AM,07.20,127.36,023,2.6,091km S 89° E of Manay (Davao Oriental)
21 October 2025 - 02:34 AM,12.38,119.85,009,2.8,029km N 18° W of Busuanga (Palawan)
21 October 2025 - 02:34 AM,18.64,120.68,010,2.4,014km N 52° W of Pagudpud (Ilocos Norte)
21 October 2025 - 02:18 AM,09.53,126.16,031,2.1,028km S 01° E of General Luna (Surigao Del Norte)
21 October 2025 - 02:16 AM,11.00,124.03,033,2.0,008km S 43° E of City Of Bogo (Cebu)
21 October 2025 - 02:01 AM,06.63,125.96,034,1.5,012km S 80° W of Governor Generoso (Davao Oriental)
21 October 2025 - 01:50 AM,11.12,124.04,034,2.4,010km N 42° E of City Of Bogo (Cebu)
21 October 2025 - 01:48 AM,12.53,123.41,038,2.4,002km N 47° E of Aroroy (Masbate)
21 October 2025 - 01:46 AM,07.25,127.14,008,2.9,067km N 86° E of Manay (Davao Oriental)
21 October 2025 - 01:43 AM,07.28,127.02,023,2.9,053km N 82° E of Manay (Davao Oriental)
21 October 2025 - 01:37 AM,11.14,125.55,024,2.8,004km S 59° E of Quinapondan (Eastern Samar)
21 October 2025 - 01:36 AM,08.83,126.43,029,2.2,018km S 55° E of Cagwait (Surigao Del Sur)
21 October 2025 - 01:32 AM,10.79,123.96,001,2.8,028km S 04° W of City Of Bogo (Cebu)
21 October 2025 - 01:31 AM,08.77,126.55,028,2.1,028km S 83° E of Marihatag (Surigao Del Sur)
21 October 2025 - 01:20 AM,07.41,126.85,020,3.6,041km N 57° E of Manay (Davao Oriental)
21 October 2025 - 01:18 AM,11.22,124.11,006,2.8,024km N 37° E of City Of Bogo (Cebu)
21 October 2025 - 01:16 AM,12.67,121.68,015,1.7,020km N 62° E of Roxas (Oriental Mindoro)
21 October 2025 - 01:13 AM,09.64,126.15,033,1.4,015km S 04° W of General Luna (Surigao Del Norte)
21 October 2025 - 01:04 AM,17.55,120.71,040,1.8,002km N 34° W of Bucay (Abra)
21 October 2025 - 01:03 AM,06.48,126.48,026,3.2,049km S 66° E of Governor Generoso (Davao Oriental)
21 October 2025 - 12:53 AM,09.75,126.19,007,2.2,006km S 44° E of General Luna (Surigao Del Norte)
21 October 2025 - 12:38 AM,12.39,124.49,023,2.2,015km S 01° E of San Jose (Northern Samar)
21 October 2025 - 12:16 AM,06.83,127.46,038,3.2,110km S 68° E of Manay (Davao Oriental)
21 October 2025 - 12:15 AM,11.05,123.98,020,2.6,001km N 31° E of City Of Bogo (Cebu)
21 October 2025 - 12:11 AM,11.00,123.99,033,2.3,005km S 13° E of City Of Bogo (Cebu)
21 October 2025 - 12:06 AM,11.14,124.03,026,2.1,012km N 30° E of City Of Bogo (Cebu)
20 October 2025 - 11:59 PM,11.02,122.40,026,2.0,009km S 63° W of Lambunao (Iloilo)
20 October 2025 - 11:58 PM,09.63,126.17,035,1.7,017km S 05° E of General Luna (Surigao Del Norte)
20 October 2025 - 11:47 PM,06.91,127.38,017,4.2,099km S 70° E of Manay (Davao Oriental)
20 October 2025 - 11:47 PM,07.26,126.94,028,1.6,045km N 83° E of Manay (Davao Oriental)
20 October 2025 - 11:45 PM,06.50,125.91,019,2.8,025km S 47° W of Governor Generoso (Davao Oriental)
20 October 2025 - 11:41 PM,08.76,126.44,031,1.5,023km S 42° E of Cagwait (Surigao Del Sur)
20 October 2025 - 11:40 PM,04.75,126.31,148,2.7,123km S 53° E of Balut Island (Municipality Of Sarangani) (Davao Occidental)
20 October 2025 - 11:39 PM,07.40,127.18,024,2.5,074km N 73° E of Manay (Davao Oriental)
20 October 2025 - 11:39 PM,11.04,123.87,016,2.4,013km S 85° W of City Of Bogo (Cebu)
20 October 2025 - 11:31 PM,12.59,123.71,005,1.7,004km N 41° W of San Jacinto (Masbate)
20 October 2025 - 11:30 PM,12.87,121.04,006,1.9,028km N 83° E of Sablayan (Occidental Mindoro)
20 October 2025 - 11:26 PM,07.17,125.51,027,2.7,023km S 55° W of City Of Panabo (Davao Del Norte)
20 October 2025 - 11:26 PM,12.55,123.50,024,3.0,009km N 03° E of Baleno (Masbate)
20 October 2025 - 11:18 PM,09.60,126.16,032,2.4,020km S 01° E of General Luna (Surigao Del Norte)
20 October 2025 - 11:17 PM,07.24,126.69,024,1.6,017km N 78° E of Manay (Davao Oriental)
20 October 2025 - 11:07 PM,11.50,121.98,021,3.1,012km N 43° W of Culasi (Antique)
20 October 2025 - 11:05 PM,08.91,126.36,027,2.7,007km S 82° E of Cagwait (Surigao Del Sur)
20 October 2025 - 10:57 PM,07.05,126.89,020,3.0,042km S 65° E of Manay (Davao Oriental)
20 October 2025 - 10:55 PM,18.18,122.17,013,2.7,020km S 65° E of Gonzaga (Cagayan)
20 October 2025 - 10:46 PM,08.77,126.51,029,2.1,028km S 54° E of Cagwait (Surigao Del Sur)
20 October 2025 - 10:42 PM,09.97,126.11,019,1.8,021km N 13° W of General Luna (Surigao Del Norte)
20 October 2025 - 10:35 PM,10.93,123.87,001,2.5,018km S 43° W of City Of Bogo (Cebu)
20 October 2025 - 10:33 PM,13.63,120.29,005,2.3,011km S 26° E of Looc (Occidental Mindoro)
20 October 2025 - 10:22 PM,11.17,124.07,011,2.3,016km N 35° E of City Of Bogo (Cebu)
20 October 2025 - 10:16 PM,09.61,126.17,035,2.0,019km S 05° E of General Luna (Surigao Del Norte)
20 October 2025 - 09:52 PM,07.40,126.72,007,2.4,029km N 45° E of Manay (Davao Oriental)
20 October 2025 - 09:46 PM,06.87,126.99,005,2.4,063km S 53° E of Manay (Davao Oriental)
20 October 2025 - 09:32 PM,06.86,127.77,014,4.0,141km S 74° E of Manay (Davao Oriental)
20 October 2025 - 09:20 PM,07.52,127.24,023,2.5,084km N 66° E of Manay (Davao Oriental)
20 October 2025 - 09:18 PM,07.57,127.08,016,2.4,072km N 56° E of Manay (Davao Oriental)
20 October 2025 - 09:18 PM,14.00,120.49,075,1.9,018km S 78° W of Lian (Batangas)
20 October 2025 - 09:05 PM,06.78,127.29,016,2.5,095km S 60° E of Manay (Davao Oriental)
20 October 2025 - 08:57 PM,06.89,127.14,001,3.5,076km S 62° E of Manay (Davao Oriental)
20 October 2025 - 08:44 PM,09.43,126.29,021,2.4,042km S 21° E of General Luna (Surigao Del Norte)
20 October 2025 - 08:08 PM,11.28,124.15,012,2.2,032km N 35° E of City Of Bogo (Cebu)
20 October 2025 - 08:05 PM,07.29,126.78,021,3.3,028km N 71° E of Manay (Davao Oriental)
20 October 2025 - 07:40 PM,07.01,127.08,025,4.3,064km S 69° E of Manay (Davao Oriental)
20 October 2025 - 07:35 PM,07.00,127.36,020,5.7,094km S 75° E of Manay (Davao Oriental)
20 October 2025 - 07:10 PM,10.27,126.75,026,2.4,085km N 51° E of General Luna (Surigao Del Norte)
20 October 2025 - 07:04 PM,07.19,127.34,025,2.5,088km S 88° E of Manay (Davao Oriental)
20 October 2025 - 06:48 PM,18.77,120.50,011,3.7,032km N 29° W of Burgos (Ilocos Norte)
20 October 2025 - 06:29 PM,10.91,123.94,001,2.2,016km S 15° W of City Of Bogo (Cebu)
20 October 2025 - 06:28 PM,09.62,126.28,032,1.7,023km S 37° E of General Luna (Surigao Del Norte)
20 October 2025 - 06:13 PM,11.04,124.05,003,2.6,008km S 84° E of City Of Bogo (Cebu)
20 October 2025 - 06:05 PM,09.60,126.23,034,1.6,022km S 21° E of General Luna (Surigao Del Norte)
20 October 2025 - 05:48 PM,07.53,126.58,017,2.0,036km N 08° E of Manay (Davao Oriental)
20 October 2025 - 05:43 PM,11.18,124.13,033,1.7,022km N 48° E of City Of Bogo (Cebu)
20 October 2025 - 05:37 PM,11.04,123.97,026,2.0,001km S 73° W of City Of Bogo (Cebu)
20 October 2025 - 05:32 PM,11.09,124.05,046,2.0,009km N 56° E of City Of Bogo (Cebu)
20 October 2025 - 05:32 PM,11.09,124.05,046,2.0,009km N 56° E of City Of Bogo (Cebu)
20 October 2025 - 05:28 PM,11.01,124.07,015,2.1,011km S 70° E of City Of Bogo (Cebu)
20 October 2025 - 05:27 PM,18.43,120.74,015,2.5,015km S 18° W of Pagudpud (Ilocos Norte)
20 October 2025 - 05:27 PM,11.07,124.09,012,1.2,012km N 77° E of City Of Bogo (Cebu)
20 October 2025 - 05:26 PM,07.17,127.28,015,2.5,082km S 87° E of Manay (Davao Oriental)
20 October 2025 - 05:14 PM,11.07,123.99,005,2.5,003km N 24° E of City Of Bogo (Cebu)
20 October 2025 - 05:02 PM,11.10,124.01,008,2.3,007km N 26° E of City Of Bogo (Cebu)
20 October 2025 - 05:00 PM,10.99,123.91,008,2.5,010km S 48° W of City Of Bogo (Cebu)
20 October 2025 - 04:08 PM,11.17,124.05,032,2.0,015km N 29° E of City Of Bogo (Cebu)
20 October 2025 - 04:06 PM,11.19,124.05,004,2.4,017km N 27° E of City Of Bogo (Cebu)
20 October 2025 - 04:00 PM,07.20,127.36,020,3.3,090km S 90° E of Manay (Davao Oriental)
20 October 2025 - 03:49 PM,09.71,126.19,031,2.0,009km S 22° E of General Luna (Surigao Del Norte)
20 October 2025 - 03:31 PM,09.66,126.19,034,1.7,014km S 16° E of General Luna (Surigao Del Norte)
20 October 2025 - 03:03 PM,08.84,126.49,026,2.7,022km S 68° E of Cagwait (Surigao Del Sur)
20 October 2025 - 02:52 PM,11.19,123.95,027,1.5,016km N 10° W of City Of Bogo (Cebu)
20 October 2025 - 02:18 PM,09.16,126.22,021,1.8,028km N 18° W of Cagwait (Surigao Del Sur)
20 October 2025 - 02:02 PM,07.05,126.97,020,2.7,051km S 69° E of Manay (Davao Oriental)
20 October 2025 - 01:54 PM,11.29,123.94,031,3.5,028km N 10° W of City Of Bogo (Cebu)
20 October 2025 - 01:50 PM,09.69,126.11,033,2.4,012km S 28° W of General Luna (Surigao Del Norte)
20 October 2025 - 01:43 PM,11.21,124.18,004,2.3,028km N 51° E of City Of Bogo (Cebu)
20 October 2025 - 01:34 PM,07.57,126.78,027,2.2,024km S 90° E of Baganga (Davao Oriental)
20 October 2025 - 01:00 PM,11.05,124.15,034,2.0,019km N 89° E of City Of Bogo (Cebu)
20 October 2025 - 12:27 PM,08.37,127.28,009,3.2,102km N 69° E of Lingig (Surigao Del Sur)
20 October 2025 - 12:20 PM,09.59,126.25,033,2.1,024km S 24° E of General Luna (Surigao Del Norte)
20 October 2025 - 11:39 AM,11.17,124.18,008,2.1,025km N 58° E of City Of Bogo (Cebu)
20 October 2025 - 11:26 AM,10.96,123.86,008,2.9,016km S 53° W of City Of Bogo (Cebu)
20 October 2025 - 11:26 AM,07.17,126.43,031,2.3,013km S 71° W of Manay (Davao Oriental)
20 October 2025 - 11:25 AM,07.35,126.76,029,1.5,029km N 58° E of Manay (Davao Oriental)
20 October 2025 - 10:53 AM,10.98,123.98,006,2.9,008km S 02° E of City Of Bogo (Cebu)
20 October 2025 - 10:47 AM,08.84,126.20,026,2.2,015km S 52° W of Cagwait (Surigao Del Sur)
20 October 2025 - 10:46 AM,12.35,124.73,011,1.9,012km N 63° E of Lope De Vega (Northern Samar)
20 October 2025 - 10:43 AM,18.04,119.67,022,4.6,086km N 88° W of Currimao (Ilocos Norte)
20 October 2025 - 10:37 AM,09.80,126.11,021,1.6,005km N 75° W of General Luna (Surigao Del Norte)
20 October 2025 - 10:13 AM,06.29,125.81,086,2.6,017km N 51° E of Don Marcelino (Davao Occidental)
20 October 2025 - 10:07 AM,11.20,124.28,029,2.4,012km S 87° W of Villaba (Leyte)
20 October 2025 - 09:59 AM,07.21,126.62,012,2.4,009km S 89° E of Manay (Davao Oriental)
20 October 2025 - 09:38 AM,02.04,126.88,111,4.4,407km S 23° E of Balut Island (Municipality Of Sarangani) (Davao Occidental)
20 October 2025 - 09:30 AM,11.06,123.93,001,2.6,005km N 70° W of City Of Bogo (Cebu)
20 October 2025 - 09:25 AM,06.43,126.78,177,2.8,078km S 28° E of Tarragona (Davao Oriental)
20 October 2025 - 09:09 AM,10.09,122.47,033,2.2,022km N 53° W of Cauayan (Negros Occidental)
20 October 2025 - 09:04 AM,09.68,126.15,032,2.5,012km S 05° W of General Luna (Surigao Del Norte)
20 October 2025 - 08:53 AM,11.12,124.01,021,2.5,009km N 23° E of City Of Bogo (Cebu)
20 October 2025 - 08:53 AM,06.83,127.25,003,3.0,089km S 62° E of Manay (Davao Oriental)
20 October 2025 - 08:21 AM,09.66,126.20,032,1.8,014km S 21° E of General Luna (Surigao Del Norte)
20 October 2025 - 08:15 AM,06.96,126.72,025,2.6,034km S 36° E of Manay (Davao Oriental)
20 October 2025 - 08:12 AM,11.10,124.05,021,1.6,010km N 54° E of City Of Bogo (Cebu)
20 October 2025 - 08:11 AM,11.19,124.30,003,2.6,010km S 77° W of Villaba (Leyte)
20 October 2025 - 07:05 AM,08.86,126.38,025,2.3,010km S 54° E of Cagwait (Surigao Del Sur)
20 October 2025 - 07:01 AM,09.71,126.20,029,3.0,009km S 31° E of General Luna (Surigao Del Norte)
20 October 2025 - 06:57 AM,10.95,123.92,002,2.6,013km S 32° W of City Of Bogo (Cebu)
20 October 2025 - 06:41 AM,11.12,124.07,033,2.0,013km N 51° E of City Of Bogo (Cebu)
20 October 2025 - 06:35 AM,08.85,126.48,028,2.2,021km S 70° E of Cagwait (Surigao Del Sur)
20 October 2025 - 06:25 AM,10.98,123.93,008,2.0,009km S 33° W of City Of Bogo (Cebu)
20 October 2025 - 06:17 AM,15.28,119.79,001,2.8,021km S 76° W of Iba (Zambales)
20 October 2025 - 06:08 AM,08.82,126.40,032,1.7,016km S 45° E of Cagwait (Surigao Del Sur)
20 October 2025 - 05:47 AM,11.23,124.14,029,2.4,027km N 40° E of City Of Bogo (Cebu)
20 October 2025 - 05:47 AM,08.82,126.46,027,1.9,020km S 59° E of Cagwait (Surigao Del Sur)
20 October 2025 - 05:37 AM,11.15,124.01,032,2.4,012km N 17° E of City Of Bogo (Cebu)
20 October 2025 - 05:27 AM,07.34,126.62,032,1.9,017km N 32° E of Manay (Davao Oriental)
20 October 2025 - 05:20 AM,11.00,123.90,030,1.8,010km S 61° W of City Of Bogo (Cebu)
20 October 2025 - 05:15 AM,07.39,126.59,033,2.0,021km N 15° E of Manay (Davao Oriental)
20 October 2025 - 05:11 AM,08.82,126.44,027,2.2,019km S 56° E of Cagwait (Surigao Del Sur)
20 October 2025 - 05:09 AM,08.82,126.41,025,2.1,016km S 47° E of Cagwait (Surigao Del Sur)
20 October 2025 - 05:07 AM,09.64,126.25,033,1.6,018km S 32° E of General Luna (Surigao Del Norte)
20 October 2025 - 05:04 AM,11.15,124.04,027,3.5,013km N 33° E of City Of Bogo (Cebu)
20 October 2025 - 05:01 AM,10.86,123.86,011,2.0,025km S 31° W of City Of Bogo (Cebu)
20 October 2025 - 05:00 AM,12.91,119.78,033,2.5,088km N 11° W of Busuanga (Palawan)
20 October 2025 - 04:52 AM,07.21,126.83,025,3.9,032km S 89° E of Manay (Davao Oriental)
20 October 2025 - 04:51 AM,11.11,124.10,029,2.3,015km N 59° E of City Of Bogo (Cebu)
20 October 2025 - 04:42 AM,11.07,124.14,005,2.0,018km N 82° E of City Of Bogo (Cebu)
20 October 2025 - 04:38 AM,11.10,124.05,033,2.3,010km N 52° E of City Of Bogo (Cebu)
20 October 2025 - 04:33 AM,11.07,124.07,033,1.9,011km N 77° E of City Of Bogo (Cebu)
20 October 2025 - 04:29 AM,18.57,120.70,002,2.4,008km N 64° W of Bangui (Ilocos Norte)
20 October 2025 - 04:26 AM,08.93,126.44,025,2.0,015km N 85° E of Cagwait (Surigao Del Sur)
20 October 2025 - 04:24 AM,08.76,126.35,023,2.1,007km S 58° E of Marihatag (Surigao Del Sur)
20 October 2025 - 04:19 AM,09.61,126.18,033,2.2,019km S 09° E of General Luna (Surigao Del Norte)
20 October 2025 - 04:09 AM,11.16,124.11,027,2.0,019km N 50° E of City Of Bogo (Cebu)
20 October 2025 - 04:08 AM,10.52,124.27,002,2.2,018km S 41° W of San Francisco (Cebu)
20 October 2025 - 03:59 AM,08.80,126.40,025,1.7,017km S 39° E of Cagwait (Surigao Del Sur)
20 October 2025 - 03:57 AM,08.80,126.47,027,1.9,023km S 56° E of Cagwait (Surigao Del Sur)
20 October 2025 - 03:47 AM,08.83,126.46,028,1.8,020km S 60° E of Cagwait (Surigao Del Sur)
20 October 2025 - 03:42 AM,09.60,126.24,032,1.7,023km S 23° E of General Luna (Surigao Del Norte)
20 October 2025 - 03:36 AM,09.65,126.16,032,1.8,014km S 01° E of General Luna (Surigao Del Norte)
20 October 2025 - 03:31 AM,06.48,125.95,039,3.6,023km S 36° W of Governor Generoso (Davao Oriental)
20 October 2025 - 03:11 AM,05.71,126.45,029,2.8,092km S 76° E of Jose Abad Santos (Davao Occidental)
20 October 2025 - 03:11 AM,08.89,126.51,034,1.6,023km S 82° E of Cagwait (Surigao Del Sur)
20 October 2025 - 03:08 AM,11.01,123.89,032,2.1,011km S 70° W of City Of Bogo (Cebu)
20 October 2025 - 03:08 AM,06.12,127.01,008,2.4,131km S 23° E of Manay (Davao Oriental)
20 October 2025 - 03:06 AM,09.67,126.20,033,1.8,014km S 23° E of General Luna (Surigao Del Norte)
20 October 2025 - 03:03 AM,11.04,124.00,032,1.9,002km S 64° E of City Of Bogo (Cebu)
20 October 2025 - 03:01 AM,11.09,124.09,034,1.7,014km N 67° E of City Of Bogo (Cebu)
20 October 2025 - 02:55 AM,06.99,127.52,039,3.0,111km S 78° E of Manay (Davao Oriental)
20 October 2025 - 02:48 AM,06.55,126.97,163,2.9,088km S 33° E of Manay (Davao Oriental)
20 October 2025 - 02:45 AM,09.72,126.26,029,2.8,013km S 57° E of General Luna (Surigao Del Norte)
20 October 2025 - 02:43 AM,05.24,125.27,032,2.0,025km S 42° W of Balut Island (Municipality Of Sarangani) (Davao Occidental)
20 October 2025 - 02:41 AM,09.00,126.48,031,2.6,022km N 64° E of Cagwait (Surigao Del Sur)
20 October 2025 - 02:31 AM,08.86,126.40,031,2.1,012km S 57° E of Cagwait (Surigao Del Sur)
20 October 2025 - 01:58 AM,07.46,126.61,024,2.1,029km N 17° E of Manay (Davao Oriental)
20 October 2025 - 01:46 AM,12.42,124.80,034,1.5,012km S 29° E of Mondragon (Northern Samar)
20 October 2025 - 01:37 AM,13.97,124.06,029,2.2,008km S 76° W of Caramoran (Catanduanes)
20 October 2025 - 01:37 AM,13.10,125.26,033,2.5,064km N 14° E of Palapag (Northern Samar)
20 October 2025 - 01:36 AM,08.80,126.34,007,1.6,014km S 19° E of Cagwait (Surigao Del Sur)
20 October 2025 - 01:34 AM,08.92,126.40,023,3.4,011km East of Cagwait (Surigao Del Sur)
20 October 2025 - 01:30 AM,07.36,126.78,018,2.9,031km N 57° E of Manay (Davao Oriental)
20 October 2025 - 01:23 AM,08.85,126.51,033,1.9,025km S 72° E of Cagwait (Surigao Del Sur)
20 October 2025 - 01:12 AM,06.49,126.47,029,2.7,048km S 68° E of Governor Generoso (Davao Oriental)
20 October 2025 - 01:07 AM,07.74,126.96,025,2.4,048km N 68° E of Baganga (Davao Oriental)
20 October 2025 - 01:03 AM,08.92,126.13,033,2.2,019km S 89° W of Cagwait (Surigao Del Sur)
20 October 2025 - 01:00 AM,07.11,126.78,020,3.1,028km S 67° E of Manay (Davao Oriental)
20 October 2025 - 12:55 AM,11.19,124.09,019,1.8,020km N 36° E of City Of Bogo (Cebu)
20 October 2025 - 12:55 AM,08.83,126.48,027,2.0,022km S 63° E of Cagwait (Surigao Del Sur)
20 October 2025 - 12:52 AM,07.16,126.76,035,2.8,025km S 76° E of Manay (Davao Oriental)
20 October 2025 - 12:49 AM,07.42,126.65,029,1.7,026km N 28° E of Manay (Davao Oriental)
20 October 2025 - 12:43 AM,11.23,123.78,007,2.1,030km N 48° W of City Of Bogo (Cebu)
20 October 2025 - 12:42 AM,07.34,126.76,018,2.4,028km N 60° E of Manay (Davao Oriental)
20 October 2025 - 12:41 AM,08.78,126.47,028,1.9,023km S 51° E of Cagwait (Surigao Del Sur)
20 October 2025 - 12:25 AM,08.86,126.52,033,2.0,025km S 76° E of Cagwait (Surigao Del Sur)
20 October 2025 - 12:14 AM,08.83,126.43,027,2.0,018km S 56° E of Cagwait (Surigao Del Sur)
20 October 2025 - 12:08 AM,08.78,126.41,028,2.9,019km S 38° E of Cagwait (Surigao Del Sur)
20 October 2025 - 12:01 AM,10.98,123.97,018,2.1,007km S 07° W of City Of Bogo (Cebu)
19 October 2025 - 11:59 PM,11.20,124.13,035,1.8,024km N 42° E of City Of Bogo (Cebu)
19 October 2025 - 11:57 PM,11.15,123.97,015,2.0,012km N 04° W of City Of Bogo (Cebu)
19 October 2025 - 11:54 PM,08.84,126.46,032,1.6,019km S 63° E of Cagwait (Surigao Del Sur)
19 October 2025 - 11:52 PM,11.27,124.03,008,2.1,025km N 14° E of City Of Bogo (Cebu)
19 October 2025 - 11:50 PM,11.19,124.05,031,2.0,018km N 27° E of City Of Bogo (Cebu)
19 October 2025 - 11:47 PM,08.88,126.40,027,2.0,011km S 71° E of Cagwait (Surigao Del Sur)
19 October 2025 - 11:42 PM,08.89,126.40,028,1.8,012km S 72° E of Cagwait (Surigao Del Sur)
19 October 2025 - 11:34 PM,09.75,126.32,027,2.8,018km S 78° E of General Luna (Surigao Del Norte)
19 October 2025 - 11:26 PM,07.86,123.16,022,1.8,008km N 56° W of Tigbao (Zamboanga Del Sur)
19 October 2025 - 11:26 PM,08.78,126.42,024,2.4,020km S 42° E of Cagwait (Surigao Del Sur)
19 October 2025 - 11:25 PM,08.20,125.93,033,2.2,008km N 76° W of Bunawan (Agusan Del Sur)
19 October 2025 - 11:23 PM,06.98,127.17,009,3.4,074km S 70° E of Manay (Davao Oriental)
19 October 2025 - 11:12 PM,08.82,126.43,033,2.0,018km S 54° E of Cagwait (Surigao Del Sur)
19 October 2025 - 11:08 PM,09.66,126.22,032,1.8,016km S 27° E of General Luna (Surigao Del Norte)
19 October 2025 - 11:05 PM,08.85,126.42,031,3.9,014km S 61° E of Cagwait (Surigao Del Sur)
19 October 2025 - 11:04 PM,12.23,120.89,028,1.8,024km S 55° W of San Jose (Occidental Mindoro)
19 October 2025 - 10:56 PM,11.10,124.00,020,2.4,006km N 20° E of City Of Bogo (Cebu)
19 October 2025 - 10:45 PM,09.33,126.16,033,2.5,007km N 32° W of Cortes (Surigao Del Sur)
19 October 2025 - 10:43 PM,11.17,124.01,005,2.0,014km N 12° E of City Of Bogo (Cebu)
19 October 2025 - 10:27 PM,09.65,126.21,033,1.6,015km S 21° E of General Luna (Surigao Del Norte)
19 October 2025 - 10:22 PM,11.20,123.97,017,1.9,017km N 04° W of City Of Bogo (Cebu)
19 October 2025 - 10:14 PM,11.03,124.13,007,2.1,016km S 85° E of City Of Bogo (Cebu)
19 October 2025 - 10:12 PM,11.11,123.98,021,1.9,007km N 01° E of City Of Bogo (Cebu)
19 October 2025 - 09:47 PM,07.17,126.82,013,4.1,031km S 81° E of Manay (Davao Oriental)
19 October 2025 - 09:35 PM,18.45,120.74,007,3.3,012km S 57° E of Burgos (Ilocos Norte)
19 October 2025 - 09:33 PM,18.54,120.70,010,3.8,006km N 62° E of Burgos (Ilocos Norte)
19 October 2025 - 09:23 PM,10.74,124.17,013,2.4,017km N 82° E of Catmon (Cebu)
19 October 2025 - 09:17 PM,07.17,126.58,027,2.4,006km S 49° E of Manay (Davao Oriental)
19 October 2025 - 09:17 PM,11.05,123.94,027,1.8,004km N 79° W of City Of Bogo (Cebu)
19 October 2025 - 09:12 PM,08.92,126.25,047,2.0,006km N 84° W of Cagwait (Surigao Del Sur)
19 October 2025 - 09:10 PM,10.88,123.90,004,2.9,020km S 24° W of City Of Bogo (Cebu)
19 October 2025 - 08:54 PM,09.63,126.23,023,2.9,018km S 27° E of General Luna (Surigao Del Norte)
19 October 2025 - 08:48 PM,11.23,124.20,033,2.4,032km N 49° E of City Of Bogo (Cebu)
19 October 2025 - 08:45 PM,09.57,126.22,035,1.5,024km S 16° E of General Luna (Surigao Del Norte)
19 October 2025 - 08:30 PM,10.84,123.83,007,3.5,028km S 35° W of City Of Bogo (Cebu)
19 October 2025 - 08:24 PM,12.20,125.41,013,2.6,008km S 30° E of Arteche (Eastern Samar)
19 October 2025 - 07:50 PM,09.61,126.25,033,2.0,022km S 29° E of General Luna (Surigao Del Norte)
19 October 2025 - 07:50 PM,11.07,124.10,033,1.4,014km N 77° E of City Of Bogo (Cebu)
19 October 2025 - 07:49 PM,11.24,124.01,024,1.6,022km N 08° E of City Of Bogo (Cebu)
19 October 2025 - 07:42 PM,10.95,123.94,020,2.3,012km S 21° W of City Of Bogo (Cebu)
19 October 2025 - 07:20 PM,08.85,126.23,031,1.8,011km S 46° W of Cagwait (Surigao Del Sur)
19 October 2025 - 07:17 PM,07.03,127.00,032,2.7,055km S 68° E of Manay (Davao Oriental)
19 October 2025 - 07:13 PM,10.97,123.91,010,2.9,012km S 44° W of City Of Bogo (Cebu)
19 October 2025 - 07:08 PM,15.46,121.38,026,2.0,005km N 80° E of Gabaldon (Nueva Ecija)
19 October 2025 - 07:06 PM,10.91,123.92,003,3.8,016km S 22° W of City Of Bogo (Cebu)
19 October 2025 - 06:54 PM,09.67,126.22,031,2.2,015km S 30° E of General Luna (Surigao Del Norte)
19 October 2025 - 06:46 PM,08.83,126.46,026,2.4,020km S 60° E of Cagwait (Surigao Del Sur)
19 October 2025 - 06:21 PM,09.62,126.25,034,1.7,020km S 30° E of General Luna (Surigao Del Norte)
19 October 2025 - 06:19 PM,11.02,124.15,029,2.2,019km S 81° E of City Of Bogo (Cebu)
19 October 2025 - 06:17 PM,06.33,124.73,009,3.9,005km S 18° W of Surallah (South Cotabato)
19 October 2025 - 06:13 PM,18.34,120.68,004,2.4,019km S 12° E of Burgos (Ilocos Norte)
19 October 2025 - 06:05 PM,11.65,125.50,038,1.7,009km N 59° E of City Of Borongan (Eastern Samar)
19 October 2025 - 06:03 PM,13.54,120.57,032,1.8,018km N 40° E of Paluan (Occidental Mindoro)
19 October 2025 - 05:59 PM,07.30,125.97,025,2.1,013km S 88° E of Mabini (Davao De Oro)
19 October 2025 - 05:58 PM,08.79,126.41,027,2.0,019km S 41° E of Cagwait (Surigao Del Sur)
19 October 2025 - 05:54 PM,09.73,126.35,029,2.4,023km S 74° E of General Luna (Surigao Del Norte)
19 October 2025 - 05:46 PM,08.30,125.88,032,1.9,009km N 76° E of La Paz (Agusan Del Sur)
19 October 2025 - 05:44 PM,07.55,126.39,050,2.1,019km S 83° W of Baganga (Davao Oriental)
19 October 2025 - 05:33 PM,09.65,126.21,031,2.4,015km S 23° E of General Luna (Surigao Del Norte)
19 October 2025 - 05:32 PM,10.65,122.17,003,2.9,007km N 78° W of Miagao (Iloilo)
19 October 2025 - 05:26 PM,09.63,126.17,013,2.9,018km S 54° W of General Luna (Surigao Del Norte)
19 October 2025 - 05:19 PM,18.73,120.48,010,3.8,030km N 37° W of Burgos (Ilocos Norte)
19 October 2025 - 05:19 PM,12.88,124.71,013,2.5,040km N 07° W of Mondragon (Northern Samar)
19 October 2025 - 05:14 PM,09.63,126.23,032,1.7,019km S 26° E of General Luna (Surigao Del Norte)
19 October 2025 - 05:07 PM,11.06,124.04,009,3.2,007km N 75° E of City Of Bogo (Cebu)
19 October 2025 - 04:52 PM,09.68,126.25,029,2.2,015km S 41° E of General Luna (Surigao Del Norte)
19 October 2025 - 04:42 PM,10.79,124.01,033,1.8,028km S 08° E of City Of Bogo (Cebu)
19 October 2025 - 04:20 PM,07.24,126.69,023,2.7,017km N 78° E of Manay (Davao Oriental)
19 October 2025 - 03:57 PM,08.32,125.92,012,3.9,018km N 28° W of Bunawan (Agusan Del Sur)
19 October 2025 - 03:28 PM,06.48,126.86,175,4.3,077km S 36° E of Tarragona (Davao Oriental)
19 October 2025 - 03:27 PM,08.98,126.46,027,1.9,019km N 69° E of Cagwait (Surigao Del Sur)
19 October 2025 - 03:19 PM,08.92,126.25,001,3.3,006km West of Cagwait (Surigao Del Sur)
19 October 2025 - 03:18 PM,07.23,125.92,009,1.5,012km S 40° E of Mabini (Davao De Oro)
19 October 2025 - 03:17 PM,09.63,126.17,033,1.9,017km S 05° E of General Luna (Surigao Del Norte)
19 October 2025 - 03:15 PM,12.18,125.36,003,3.0,016km S 89° W of San Policarpo (Eastern Samar)
19 October 2025 - 03:14 PM,07.98,126.97,002,2.4,061km N 70° E of Cateel (Davao Oriental)
19 October 2025 - 03:12 PM,08.82,126.37,027,1.6,014km S 34° E of Cagwait (Surigao Del Sur)
19 October 2025 - 03:01 PM,11.12,124.01,028,1.9,009km N 23° E of City Of Bogo (Cebu)
19 October 2025 - 02:33 PM,13.60,120.67,097,1.2,018km N 20° W of Abra De Ilog (Occidental Mindoro)
19 October 2025 - 02:30 PM,09.90,124.03,002,2.2,006km N 25° E of Catigbian (Bohol)
19 October 2025 - 02:24 PM,09.86,126.05,022,1.5,015km N 53° W of General Luna (Surigao Del Norte)
19 October 2025 - 02:12 PM,11.14,124.16,009,2.7,022km N 63° E of City Of Bogo (Cebu)
19 October 2025 - 01:30 PM,08.83,126.36,026,1.8,011km S 34° E of Cagwait (Surigao Del Sur)
19 October 2025 - 01:24 PM,12.28,125.58,013,4.3,013km N 37° E of San Policarpo (Eastern Samar)
19 October 2025 - 01:16 PM,09.68,126.12,030,1.9,012km S 19° W of General Luna (Surigao Del Norte)
19 October 2025 - 12:58 PM,11.14,124.12,008,2.0,019km N 55° E of City Of Bogo (Cebu)
19 October 2025 - 12:31 PM,09.65,126.24,033,1.6,017km S 30° E of General Luna (Surigao Del Norte)
19 October 2025 - 12:12 PM,09.63,126.21,029,2.3,018km S 19° E of General Luna (Surigao Del Norte)
19 October 2025 - 11:49 AM,09.62,126.22,031,2.2,019km S 22° E of General Luna (Surigao Del Norte)
19 October 2025 - 11:11 AM,11.09,124.15,033,2.2,019km N 76° E of City Of Bogo (Cebu)
19 October 2025 - 10:54 AM,10.92,123.97,002,2.6,014km S 03° W of City Of Bogo (Cebu)
19 October 2025 - 10:40 AM,09.65,126.16,033,1.4,015km S 01° W of General Luna (Surigao Del Norte)
19 October 2025 - 10:25 AM,11.03,124.08,034,2.0,012km S 80° E of City Of Bogo (Cebu)
19 October 2025 - 10:04 AM,11.11,124.18,004,1.7,023km N 73° E of City Of Bogo (Cebu)
19 October 2025 - 10:02 AM,07.05,126.93,016,2.8,047km S 67° E of Manay (Davao Oriental)
19 October 2025 - 09:54 AM,07.00,126.98,003,3.9,037km S 57° E of Manay (Davao Oriental)
19 October 2025 - 09:44 AM,06.94,127.21,019,3.6,080km S 68° E of Manay (Davao Oriental)
19 October 2025 - 09:40 AM,07.39,123.54,032,1.6,017km S 63° E of Tabina (Zamboanga Del Sur)
19 October 2025 - 09:34 AM,06.95,127.36,020,5.2,095km S 72° E of Manay (Davao Oriental)
19 October 2025 - 09:23 AM,11.05,124.10,009,1.8,014km S 90° E of City Of Bogo (Cebu)
19 October 2025 - 09:03 AM,10.90,123.94,007,1.8,016km S 15° W of City Of Bogo (Cebu)
19 October 2025 - 08:29 AM,10.91,123.98,016,2.8,015km S 01° E of City Of Bogo (Cebu)
19 October 2025 - 08:09 AM,09.67,126.23,027,2.9,015km S 31° E of General Luna (Surigao Del Norte)
19 October 2025 - 07:54 AM,11.10,124.05,005,2.9,009km N 50° E of City Of Bogo (Cebu)
19 October 2025 - 07:54 AM,14.93,121.48,008,2.1,025km N 39° W of General Nakar (Quezon)
19 October 2025 - 07:53 AM,08.82,126.37,031,2.0,013km S 34° E of Cagwait (Surigao Del Sur)
19 October 2025 - 07:26 AM,11.07,124.04,033,2.3,007km N 70° E of City Of Bogo (Cebu)
19 October 2025 - 07:21 AM,10.93,123.90,008,2.6,016km S 33° W of City Of Bogo (Cebu)
19 October 2025 - 07:09 AM,11.17,124.20,009,2.8,027km N 61° E of City Of Bogo (Cebu)
19 October 2025 - 06:59 AM,14.80,119.93,035,2.2,024km S 46° W of San Antonio (Zambales)
19 October 2025 - 06:57 AM,13.59,120.64,099,2.3,019km N 30° W of Abra De Ilog (Occidental Mindoro)
19 October 2025 - 06:38 AM,07.06,126.74,027,2.2,028km S 52° E of Manay (Davao Oriental)
19 October 2025 - 06:27 AM,11.03,124.01,001,4.0,004km S 56° E of City Of Bogo (Cebu)
19 October 2025 - 06:21 AM,08.79,126.44,030,2.1,021km S 47° E of Cagwait (Surigao Del Sur)
19 October 2025 - 06:12 AM,06.90,126.18,048,3.2,007km S 31° W of City Of Mati (Davao Oriental)
19 October 2025 - 06:11 AM,14.28,120.40,116,1.6,020km S 30° W of Mariveles (Bataan)
19 October 2025 - 06:03 AM,15.98,119.56,016,2.6,029km S 60° W of Agno (Pangasinan)
19 October 2025 - 05:55 AM,11.16,124.00,024,2.3,013km N 11° E of City Of Bogo (Cebu)
19 October 2025 - 05:48 AM,09.60,126.26,032,3.3,023km S 29° E of General Luna (Surigao Del Norte)
19 October 2025 - 05:32 AM,09.62,126.21,032,1.9,019km S 17° E of General Luna (Surigao Del Norte)
19 October 2025 - 05:28 AM,07.00,125.81,022,2.5,014km S 53° E of Island Garden City Of Samal (Davao Del Norte)
19 October 2025 - 05:14 AM,11.16,124.16,005,3.1,023km N 57° E of City Of Bogo (Cebu)
19 October 2025 - 05:03 AM,09.94,124.15,003,2.2,007km N 62° E of Sagbayan (Bohol)
19 October 2025 - 04:56 AM,09.64,126.22,033,1.2,018km S 25° E of General Luna (Surigao Del Norte)
19 October 2025 - 04:47 AM,09.81,126.13,030,2.4,004km N 44° W of General Luna (Surigao Del Norte)
19 October 2025 - 04:39 AM,10.90,123.96,013,2.3,016km S 08° W of City Of Bogo (Cebu)
19 October 2025 - 04:38 AM,07.46,127.10,017,2.3,068km N 66° E of Manay (Davao Oriental)
19 October 2025 - 04:05 AM,07.30,127.00,003,2.8,051km N 79° E of Manay (Davao Oriental)
19 October 2025 - 04:02 AM,09.57,126.19,028,2.9,024km S 10° E of General Luna (Surigao Del Norte)
19 October 2025 - 03:52 AM,09.65,126.14,020,3.1,015km S 06° W of General Luna (Surigao Del Norte)
19 October 2025 - 03:48 AM,08.89,126.47,034,2.2,019km S 79° E of Cagwait (Surigao Del Sur)
19 October 2025 - 03:20 AM,18.67,120.66,002,3.0,018km N 04° E of Burgos (Ilocos Norte)
19 October 2025 - 03:15 AM,09.60,126.16,033,2.0,020km S 02° E of General Luna (Surigao Del Norte)
19 October 2025 - 03:02 AM,06.53,126.88,024,2.5,084km S 26° E of Manay (Davao Oriental)
19 October 2025 - 03:00 AM,08.79,126.47,025,2.6,023km S 53° E of Cagwait (Surigao Del Sur)
19 October 2025 - 02:35 AM,07.46,126.62,028,4.2,029km N 18° E of Manay (Davao Oriental)
19 October 2025 - 02:30 AM,08.97,126.23,048,2.3,009km N 51° W of Cagwait (Surigao Del Sur)
19 October 2025 - 02:24 AM,07.20,126.78,020,3.0,027km S 87° E of Manay (Davao Oriental)
19 October 2025 - 02:20 AM,15.41,121.86,028,1.9,050km S 40° E of Baler (Aurora)
19 October 2025 - 02:15 AM,07.23,126.97,023,2.5,047km N 87° E of Manay (Davao Oriental)
19 October 2025 - 02:06 AM,11.17,123.98,032,1.7,013km N 01° E of City Of Bogo (Cebu)
19 October 2025 - 01:55 AM,08.77,126.53,030,2.0,030km S 57° E of Cagwait (Surigao Del Sur)
19 October 2025 - 01:49 AM,07.30,126.66,012,3.2,016km N 54° E of Manay (Davao Oriental)
19 October 2025 - 01:34 AM,08.89,126.50,034,2.1,022km S 80° E of Cagwait (Surigao Del Sur)
19 October 2025 - 01:29 AM,08.78,126.53,030,1.8,030km S 58° E of Cagwait (Surigao Del Sur)
19 October 2025 - 01:26 AM,07.05,125.64,024,3.0,009km S 67° W of Island Garden City Of Samal (Davao Del Norte)
19 October 2025 - 01:20 AM,08.86,126.39,029,1.4,012km S 58° E of Cagwait (Surigao Del Sur)
19 October 2025 - 01:19 AM,08.82,126.44,029,1.4,018km S 54° E of Cagwait (Surigao Del Sur)
19 October 2025 - 01:18 AM,08.81,126.44,028,1.9,020km S 51° E of Cagwait (Surigao Del Sur)
19 October 2025 - 01:17 AM,08.88,126.44,031,1.9,016km S 74° E of Cagwait (Surigao Del Sur)
19 October 2025 - 12:52 AM,07.34,126.84,008,3.1,037km N 66° E of Manay (Davao Oriental)
19 October 2025 - 12:51 AM,10.91,123.89,020,3.1,018km S 31° W of City Of Bogo (Cebu)
19 October 2025 - 12:48 AM,13.54,119.83,030,2.2,047km S 41° W of Lubang (Occidental Mindoro)
19 October 2025 - 12:48 AM,11.15,123.97,013,2.6,011km N 06° W of City Of Bogo (Cebu)
19 October 2025 - 12:45 AM,08.83,126.41,031,2.7,015km S 50° E of Cagwait (Surigao Del Sur)
19 October 2025 - 12:19 AM,12.99,122.70,006,3.1,034km S 63° W of San Pascual (Masbate)
19 October 2025 - 12:15 AM,11.32,124.62,008,2.8,004km N 42° W of Capoocan (Leyte)
19 October 2025 - 12:14 AM,07.15,126.97,015,2.9,048km S 82° E of Manay (Davao Oriental)
19 October 2025 - 12:13 AM,09.62,126.23,033,1.5,019km S 25° E of General Luna (Surigao Del Norte)
19 October 2025 - 12:00 AM,08.83,126.51,030,2.7,025km S 68° E of Cagwait (Surigao Del Sur)
18 October 2025 - 11:54 PM,13.43,120.10,014,2.3,036km S 26° W of Looc (Occidental Mindoro)
18 October 2025 - 11:38 PM,13.33,119.90,028,2.8,057km S 41° W of Looc (Occidental Mindoro)
18 October 2025 - 11:30 PM,10.98,123.94,006,3.1,009km S 32° W of City Of Bogo (Cebu)
18 October 2025 - 11:28 PM,09.67,126.14,029,2.1,013km S 09° W of General Luna (Surigao Del Norte)
18 October 2025 - 11:24 PM,11.17,124.12,007,3.0,021km N 50° E of City Of Bogo (Cebu)
18 October 2025 - 11:14 PM,08.84,126.46,030,1.7,019km S 62° E of Cagwait (Surigao Del Sur)
18 October 2025 - 11:12 PM,07.11,126.93,023,2.2,045km S 75° E of Manay (Davao Oriental)
18 October 2025 - 11:11 PM,11.15,124.13,008,2.8,020km N 56° E of City Of Bogo (Cebu)
18 October 2025 - 11:03 PM,11.08,123.99,033,2.0,004km N 16° E of City Of Bogo (Cebu)
18 October 2025 - 11:00 PM,10.97,124.00,022,2.2,009km S 13° E of City Of Bogo (Cebu)
18 October 2025 - 10:55 PM,07.32,126.81,023,2.4,032km N 68° E of Manay (Davao Oriental)
18 October 2025 - 10:48 PM,08.78,126.50,030,2.3,027km S 54° E of Cagwait (Surigao Del Sur)
18 October 2025 - 10:42 PM,08.79,126.44,030,3.0,020km S 47° E of Cagwait (Surigao Del Sur)
18 October 2025 - 10:38 PM,10.97,123.92,016,2.6,011km S 34° W of City Of Bogo (Cebu)
18 October 2025 - 10:38 PM,09.68,126.15,029,2.3,011km S 05° W of General Luna (Surigao Del Norte)
18 October 2025 - 10:21 PM,10.17,126.18,025,1.8,020km N 33° E of Burgos (Surigao Del Norte)
18 October 2025 - 10:12 PM,09.63,126.16,035,1.9,016km S 02° E of General Luna (Surigao Del Norte)
18 October 2025 - 10:00 PM,07.45,127.04,017,3.1,061km N 65° E of Manay (Davao Oriental)
18 October 2025 - 09:57 PM,08.78,126.38,039,2.7,017km S 29° E of Cagwait (Surigao Del Sur)
18 October 2025 - 09:40 PM,08.83,126.46,034,1.7,020km S 60° E of Cagwait (Surigao Del Sur)
18 October 2025 - 09:38 PM,08.77,126.47,030,2.2,025km S 48° E of Cagwait (Surigao Del Sur)
18 October 2025 - 09:32 PM,07.31,126.89,024,2.6,040km N 74° E of Manay (Davao Oriental)
18 October 2025 - 09:28 PM,08.79,126.50,028,1.7,026km S 56° E of Cagwait (Surigao Del Sur)
18 October 2025 - 09:27 PM,08.75,126.16,002,1.7,007km N 86° W of San Agustin (Surigao Del Sur)
18 October 2025 - 09:26 PM,08.21,126.54,064,1.3,024km N 38° E of Lingig (Surigao Del Sur)
18 October 2025 - 09:23 PM,08.76,126.48,032,2.1,026km S 49° E of Cagwait (Surigao Del Sur)
18 October 2025 - 09:20 PM,09.63,126.23,032,2.2,019km S 25° E of General Luna (Surigao Del Norte)
18 October 2025 - 09:05 PM,09.67,126.35,029,3.0,024km S 59° E of General Luna (Surigao Del Norte)
18 October 2025 - 08:50 PM,08.77,126.55,028,3.3,032km S 60° E of Cagwait (Surigao Del Sur)
18 October 2025 - 08:45 PM,08.83,126.43,031,3.5,018km S 56° E of Cagwait (Surigao Del Sur)
18 October 2025 - 08:31 PM,08.84,126.45,034,5.5,019km S 63° E of Cagwait (Surigao Del Sur)
18 October 2025 - 08:07 PM,09.54,126.19,030,2.0,027km S 07° E of General Luna (Surigao Del Norte)
18 October 2025 - 07:49 PM,09.67,126.12,022,2.7,013km S 17° W of General Luna (Surigao Del Norte)
18 October 2025 - 07:48 PM,18.70,120.80,009,2.5,016km N 03° E of Pagudpud (Ilocos Norte)
18 October 2025 - 06:50 PM,18.99,120.36,002,4.4,064km N 44° W of Pagudpud (Ilocos Norte)
18 October 2025 - 06:40 PM,09.65,126.22,033,2.0,017km S 26° E of General Luna (Surigao Del Norte)
18 October 2025 - 06:38 PM,11.15,123.97,019,2.3,012km N 03° W of City Of Bogo (Cebu)
18 October 2025 - 06:32 PM,11.14,124.09,019,1.9,015km N 50° E of City Of Bogo (Cebu)
18 October 2025 - 06:28 PM,07.44,126.83,034,3.8,041km N 52° E of Manay (Davao Oriental)
18 October 2025 - 06:25 PM,07.41,126.84,024,2.5,040km N 57° E of Manay (Davao Oriental)
18 October 2025 - 06:15 PM,09.60,126.17,031,2.2,020km S 03° E of General Luna (Surigao Del Norte)
18 October 2025 - 05:54 PM,11.08,124.11,027,2.1,015km N 76° E of City Of Bogo (Cebu)
18 October 2025 - 05:38 PM,09.66,126.12,032,1.6,014km S 16° W of General Luna (Surigao Del Norte)
18 October 2025 - 05:33 PM,11.12,124.01,017,2.0,009km N 20° E of City Of Bogo (Cebu)
18 October 2025 - 04:43 PM,09.72,126.36,030,3.2,023km S 72° E of General Luna (Surigao Del Norte)
18 October 2025 - 04:30 PM,13.74,120.57,096,1.6,013km S 34° W of Calatagan (Batangas)
18 October 2025 - 04:01 PM,06.99,127.54,032,2.6,113km S 78° E of Manay (Davao Oriental)
18 October 2025 - 03:19 PM,11.24,124.11,011,2.4,025km N 34° E of City Of Bogo (Cebu)
18 October 2025 - 03:13 PM,10.90,124.03,003,2.6,017km S 19° E of City Of Bogo (Cebu)
18 October 2025 - 02:23 PM,11.15,124.07,010,2.3,016km N 41° E of City Of Bogo (Cebu)
18 October 2025 - 02:12 PM,08.99,126.49,022,3.5,022km N 68° E of Cagwait (Surigao Del Sur)
18 October 2025 - 02:04 PM,08.29,126.93,016,2.9,064km N 64° E of Lingig (Surigao Del Sur)
18 October 2025 - 01:57 PM,09.62,126.14,020,3.5,018km S 5° W of General Luna (Surigao Del Norte)
18 October 2025 - 01:48 PM,08.34,126.85,003,3.2,056km S 87° E of Hinatuan (Surigao Del Sur)
18 October 2025 - 01:34 PM,07.31,126.30,001,2.4,029km N 67° W of Manay (Davao Oriental)
18 October 2025 - 01:32 PM,07.46,126.81,022,2.3,040km N 47° E of Manay (Davao Oriental)
18 October 2025 - 01:26 PM,06.72,127.65,014,4.6,134km S 66° E of Manay (Davao Oriental)
18 October 2025 - 01:17 PM,09.67,125.95,035,1.9,026km S 61° W of General Luna (Surigao Del Norte)
18 October 2025 - 12:59 PM,10.93,123.90,008,4.1,015km S 35° W of City Of Bogo (Cebu)
18 October 2025 - 12:49 PM,08.94,126.51,027,3.0,023km N 85° E of Cagwait (Surigao Del Sur)
18 October 2025 - 12:31 PM,11.15,124.06,019,2.3,015km N 38° E of City Of Bogo (Cebu)
18 October 2025 - 12:25 PM,10.96,124.00,007,2.4,010km S 12° E of City Of Bogo (Cebu)
18 October 2025 - 12:20 PM,06.85,127.08,009,3.2,072km S 56° E of Manay (Davao Oriental)
18 October 2025 - 11:58 AM,18.65,120.61,026,2.1,021km N 63° W of Pagudpud (Ilocos Norte)
18 October 2025 - 11:42 AM,06.85,126.78,026,2.5,048km S 34° E of Manay (Davao Oriental)
18 October 2025 - 11:22 AM,07.38,127.20,021,2.9,075km N 75° E of Manay (Davao Oriental)
18 October 2025 - 11:07 AM,07.43,126.78,027,3.2,036km N 47° E of Manay (Davao Oriental)
18 October 2025 - 11:02 AM,11.26,124.09,041,2.6,027km N 26° E of City Of Bogo (Cebu)
18 October 2025 - 11:01 AM,11.05,124.11,001,2.3,015km N 89° E of City Of Bogo (Cebu)
18 October 2025 - 11:01 AM,06.33,126.37,032,2.1,049km S 43° E of Governor Generoso (Davao Oriental)
18 October 2025 - 10:57 AM,09.54,126.17,014,1.9,027km S 04° E of General Luna (Surigao Del Norte)
18 October 2025 - 10:45 AM,09.62,126.26,033,1.5,021km S 32° E of General Luna (Surigao Del Norte)
18 October 2025 - 10:43 AM,17.66,120.43,029,2.8,003km S 16° E of Magsingal (Ilocos Sur)
18 October 2025 - 10:02 AM,18.56,120.69,001,2.4,010km N 89° W of Pagudpud (Ilocos Norte)
18 October 2025 - 09:11 AM,06.95,126.49,001,2.0,030km S 11° W of Manay (Davao Oriental)
18 October 2025 - 09:11 AM,09.77,126.16,025,3.1,002km S 08° E of General Luna (Surigao Del Norte)
18 October 2025 - 09:03 AM,06.63,126.40,037,1.9,036km S 87° E of Governor Generoso (Davao Oriental)
18 October 2025 - 08:20 AM,09.70,126.12,028,2.2,010km S 24° W of General Luna (Surigao Del Norte)
18 October 2025 - 08:03 AM,09.63,126.24,028,2.2,019km S 30° E of General Luna (Surigao Del Norte)
18 October 2025 - 07:54 AM,09.71,126.12,027,3.5,008km S 26° W of General Luna (Surigao Del Norte)
18 October 2025 - 07:28 AM,11.03,124.02,002,2.4,004km S 71° E of City Of Bogo (Cebu)
18 October 2025 - 07:08 AM,06.90,126.81,011,2.5,045km S 41° E of Manay (Davao Oriental)
18 October 2025 - 06:54 AM,11.05,124.07,031,1.8,010km N 85° E of City Of Bogo (Cebu)
18 October 2025 - 06:38 AM,13.73,122.86,002,2.0,008km S 39° W of Lupi (Camarines Sur)
18 October 2025 - 06:21 AM,09.64,126.10,030,1.7,017km S 21° W of General Luna (Surigao Del Norte)
18 October 2025 - 06:06 AM,07.29,126.61,013,2.5,012km N 45° E of Manay (Davao Oriental)
18 October 2025 - 05:43 AM,09.65,126.22,031,2.2,017km S 26° E of General Luna (Surigao Del Norte)
18 October 2025 - 05:41 AM,13.74,121.08,032,1.5,003km S 44° E of Batangas City (Batangas)
18 October 2025 - 05:35 AM,07.20,127.39,030,3.2,094km S 89° E of Manay (Davao Oriental)
18 October 2025 - 05:31 AM,07.18,126.81,024,3.0,030km S 83° E of Manay (Davao Oriental)
18 October 2025 - 05:21 AM,11.10,123.97,033,1.3,006km N 07° W of City Of Bogo (Cebu)
18 October 2025 - 05:17 AM,09.59,126.06,011,3.1,023km S 26° W of General Luna (Surigao Del Norte)
18 October 2025 - 05:11 AM,09.64,126.13,034,2.3,016km S 10° W of General Luna (Surigao Del Norte)
18 October 2025 - 05:10 AM,09.62,126.26,032,2.0,021km S 33° E of General Luna (Surigao Del Norte)
18 October 2025 - 05:07 AM,11.14,123.98,002,1.8,010km N 01° W of City Of Bogo (Cebu)
18 October 2025 - 04:56 AM,09.68,126.19,033,2.0,012km S 17° E of General Luna (Surigao Del Norte)
18 October 2025 - 04:35 AM,11.01,124.03,033,1.7,006km S 54° E of City Of Bogo (Cebu)
18 October 2025 - 04:32 AM,11.11,124.08,031,1.7,013km N 56° E of City Of Bogo (Cebu)
18 October 2025 - 04:21 AM,09.80,126.30,021,1.9,016km N 85° E of General Luna (Surigao Del Norte)
18 October 2025 - 04:11 AM,09.66,126.21,034,1.8,015km S 23° E of General Luna (Surigao Del Norte)
18 October 2025 - 04:09 AM,09.63,126.19,033,1.9,017km S 14° E of General Luna (Surigao Del Norte)
18 October 2025 - 04:07 AM,18.52,120.75,005,1.9,005km S 43° W of Pagudpud (Ilocos Norte)
18 October 2025 - 04:05 AM,14.76,121.58,033,1.7,004km N 84° W of General Nakar (Quezon)
18 October 2025 - 04:00 AM,18.66,120.54,009,3.6,019km N 34° W of Burgos (Ilocos Norte)
18 October 2025 - 03:53 AM,09.61,126.28,033,1.5,023km S 35° E of General Luna (Surigao Del Norte)
18 October 2025 - 03:40 AM,11.13,124.06,009,1.9,013km N 44° E of City Of Bogo (Cebu)
18 October 2025 - 03:28 AM,09.61,126.21,029,1.9,020km S 16° E of General Luna (Surigao Del Norte)
18 October 2025 - 03:20 AM,09.69,126.49,017,2.0,038km S 75° E of General Luna (Surigao Del Norte)
18 October 2025 - 03:19 AM,12.42,120.85,034,1.8,014km S 71° W of Rizal (Occidental Mindoro)
18 October 2025 - 03:06 AM,09.70,126.12,028,2.2,010km S 26° W of General Luna (Surigao Del Norte)
18 October 2025 - 03:05 AM,11.21,124.11,023,2.2,023km N 39° E of City Of Bogo (Cebu)
18 October 2025 - 02:59 AM,06.92,127.21,002,3.5,080km S 67° E of Manay (Davao Oriental)
18 October 2025 - 02:59 AM,10.95,123.93,008,2.3,012km S 27° W of City Of Bogo (Cebu)
18 October 2025 - 02:52 AM,07.00,126.74,017,3.0,033km S 44° E of Manay (Davao Oriental)
18 October 2025 - 02:49 AM,06.95,126.49,027,2.5,029km S 11° W of Manay (Davao Oriental)
18 October 2025 - 02:48 AM,07.41,127.40,013,2.1,098km N 77° E of Manay (Davao Oriental)
18 October 2025 - 02:46 AM,07.07,127.05,019,3.2,058km S 74° E of Manay (Davao Oriental)
18 October 2025 - 02:40 AM,09.64,126.14,034,1.5,016km S 08° W of General Luna (Surigao Del Norte)
18 October 2025 - 02:39 AM,09.59,126.23,033,1.9,023km S 20° E of General Luna (Surigao Del Norte)
18 October 2025 - 02:31 AM,09.53,126.08,002,1.6,016km S 51° E of Socorro (Surigao Del Norte)
18 October 2025 - 02:27 AM,18.61,120.72,003,2.7,009km N 51° W of Pagudpud (Ilocos Norte)
18 October 2025 - 02:15 AM,09.67,126.12,028,1.8,013km S 16° W of General Luna (Surigao Del Norte)
18 October 2025 - 02:09 AM,11.13,124.07,035,1.4,014km N 46° E of City Of Bogo (Cebu)
18 October 2025 - 02:08 AM,09.62,126.09,029,2.0,019km S 22° W of General Luna (Surigao Del Norte)
18 October 2025 - 02:06 AM,07.66,126.55,009,2.4,050km N 01° E of Manay (Davao Oriental)
18 October 2025 - 01:54 AM,07.41,126.78,027,2.2,035km N 50° E of Manay (Davao Oriental)
18 October 2025 - 01:54 AM,09.59,126.22,032,1.7,022km S 17° E of General Luna (Surigao Del Norte)
18 October 2025 - 01:44 AM,07.13,126.60,026,1.9,011km S 36° E of Manay (Davao Oriental)
18 October 2025 - 01:42 AM,07.64,126.64,026,2.4,048km N 14° E of Manay (Davao Oriental)
18 October 2025 - 01:36 AM,09.66,126.20,033,1.7,014km S 19° E of General Luna (Surigao Del Norte)
18 October 2025 - 01:35 AM,09.73,126.11,023,2.6,008km S 37° W of General Luna (Surigao Del Norte)
18 October 2025 - 01:31 AM,09.63,126.17,033,1.4,017km S 06° E of General Luna (Surigao Del Norte)
18 October 2025 - 01:17 AM,09.69,126.16,032,2.8,010km S 01° W of General Luna (Surigao Del Norte)
18 October 2025 - 01:16 AM,11.09,124.09,032,1.5,013km N 70° E of City Of Bogo (Cebu)
18 October 2025 - 01:14 AM,09.58,126.21,031,2.8,023km S 15° E of General Luna (Surigao Del Norte)
18 October 2025 - 01:10 AM,09.56,126.11,023,2.1,025km S 13° W of General Luna (Surigao Del Norte)
18 October 2025 - 01:09 AM,11.11,124.06,020,1.6,011km N 51° E of City Of Bogo (Cebu)
18 October 2025 - 01:07 AM,07.30,126.54,135,2.4,004km S 40° W of Caraga (Davao Oriental)
18 October 2025 - 01:03 AM,09.62,126.25,030,1.3,021km S 29° E of General Luna (Surigao Del Norte)
18 October 2025 - 12:58 AM,09.63,126.21,034,1.6,017km S 20° E of General Luna (Surigao Del Norte)
18 October 2025 - 12:50 AM,09.65,126.19,033,2.6,015km S 15° E of General Luna (Surigao Del Norte)
18 October 2025 - 12:30 AM,08.92,126.22,043,1.8,009km N 87° W of Cagwait (Surigao Del Sur)
18 October 2025 - 12:29 AM,19.23,120.46,015,2.3,081km N 13° W of Burgos (Ilocos Norte)
18 October 2025 - 12:25 AM,09.76,126.52,009,2.3,040km S 87° E of General Luna (Surigao Del Norte)
18 October 2025 - 12:20 AM,11.15,124.10,024,2.1,017km N 49° E of City Of Bogo (Cebu)
18 October 2025 - 12:14 AM,18.62,120.64,010,2.9,017km N 67° W of Pagudpud (Ilocos Norte)
18 October 2025 - 12:02 AM,09.87,126.19,044,4.1,010km N 18° E of General Luna (Surigao Del Norte)
17 October 2025 - 11:56 PM,09.01,126.12,027,1.7,009km S 34° W of City Of Tandag (Surigao Del Sur)
17 October 2025 - 11:55 PM,09.59,126.27,032,1.6,025km S 30° E of General Luna (Surigao Del Norte)
17 October 2025 - 11:49 PM,09.65,126.16,031,1.8,015km S 01° E of General Luna (Surigao Del Norte)
17 October 2025 - 11:46 PM,09.61,126.33,033,2.2,027km S 44° E of General Luna (Surigao Del Norte)
17 October 2025 - 11:45 PM,18.58,120.64,001,1.9,007km N 02° W of Burgos (Ilocos Norte)
17 October 2025 - 11:42 PM,10.97,123.92,014,1.8,011km S 37° W of City Of Bogo (Cebu)
17 October 2025 - 11:40 PM,07.39,126.91,002,2.6,045km N 64° E of Manay (Davao Oriental)
17 October 2025 - 11:36 PM,10.94,123.94,002,2.1,013km S 18° W of City Of Bogo (Cebu)
17 October 2025 - 11:35 PM,09.57,126.23,030,1.4,025km S 20° E of General Luna (Surigao Del Norte)
17 October 2025 - 11:30 PM,07.31,126.73,023,2.4,024km N 63° E of Manay (Davao Oriental)
17 October 2025 - 11:27 PM,12.99,122.73,009,1.8,031km S 61° W of San Pascual (Masbate)
17 October 2025 - 11:26 PM,07.28,127.12,035,2.6,064km N 83° E of Manay (Davao Oriental)
17 October 2025 - 11:23 PM,09.61,125.84,033,1.5,014km S 85° W of Socorro (Surigao Del Norte)
17 October 2025 - 11:22 PM,11.03,124.02,026,2.1,005km S 66° E of City Of Bogo (Cebu)
17 October 2025 - 11:16 PM,09.63,126.26,033,1.8,021km S 34° E of General Luna (Surigao Del Norte)
17 October 2025 - 11:15 PM,09.64,126.16,034,1.7,015km South of General Luna (Surigao Del Norte)
17 October 2025 - 11:12 PM,09.70,125.93,010,3.0,010km N 22° W of Socorro (Surigao Del Norte)
17 October 2025 - 11:10 PM,18.76,120.63,003,3.5,027km N 36° W of Pagudpud (Ilocos Norte)
17 October 2025 - 11:10 PM,09.68,126.20,032,2.1,012km S 25° E of General Luna (Surigao Del Norte)
17 October 2025 - 11:10 PM,18.23,120.35,032,1.8,026km N 81° W of City Of Laoag (Ilocos Norte)
17 October 2025 - 11:09 PM,09.69,126.20,028,1.4,012km S 23° E of General Luna (Surigao Del Norte)
17 October 2025 - 11:08 PM,09.64,126.26,036,1.4,019km S 36° E of General Luna (Surigao Del Norte)
17 October 2025 - 11:03 PM,07.28,127.46,036,2.5,102km N 86° E of Manay (Davao Oriental)
17 October 2025 - 11:00 PM,09.62,126.16,032,1.5,018km S 03° E of General Luna (Surigao Del Norte)
17 October 2025 - 10:50 PM,07.90,126.49,026,2.5,013km N 17° E of Cateel (Davao Oriental)
17 October 2025 - 10:45 PM,06.65,126.44,040,3.1,040km S 90° E of Governor Generoso (Davao Oriental)
17 October 2025 - 10:45 PM,09.65,126.24,031,1.9,017km S 31° E of General Luna (Surigao Del Norte)
17 October 2025 - 10:37 PM,09.66,126.12,032,1.7,015km S 18° W of General Luna (Surigao Del Norte)
17 October 2025 - 10:34 PM,09.66,126.27,035,1.4,018km S 42° E of General Luna (Surigao Del Norte)
17 October 2025 - 10:17 PM,09.62,126.26,031,1.6,021km S 32° E of General Luna (Surigao Del Norte)
17 October 2025 - 10:10 PM,09.65,125.99,018,1.8,004km N 33° E of Socorro (Surigao Del Norte)
17 October 2025 - 10:05 PM,11.16,123.83,023,1.7,020km N 52° W of City Of Bogo (Cebu)
17 October 2025 - 10:04 PM,11.05,124.05,010,2.4,008km S 89° E of City Of Bogo (Cebu)
17 October 2025 - 09:49 PM,06.94,127.38,014,3.9,097km S 72° E of Manay (Davao Oriental)
17 October 2025 - 09:41 PM,09.66,126.18,032,1.6,014km S 09° E of General Luna (Surigao Del Norte)
17 October 2025 - 09:34 PM,10.91,124.01,023,1.8,016km S 13° E of City Of Bogo (Cebu)
17 October 2025 - 09:27 PM,07.20,126.67,009,3.8,014km S 86° E of Manay (Davao Oriental)
17 October 2025 - 09:24 PM,06.68,125.30,131,1.5,001km S 06° E of Hagonoy (Davao Del Sur)
17 October 2025 - 09:17 PM,07.30,126.30,032,2.2,028km N 69° W of Manay (Davao Oriental)
17 October 2025 - 09:16 PM,09.67,126.13,028,2.0,013km S 14° W of General Luna (Surigao Del Norte)
17 October 2025 - 09:16 PM,05.99,126.14,139,2.8,056km N 81° E of Jose Abad Santos (Davao Occidental)
17 October 2025 - 09:13 PM,09.62,126.26,033,1.6,021km S 32° E of General Luna (Surigao Del Norte)
17 October 2025 - 09:06 PM,16.92,121.28,033,1.6,008km S 38° W of Aguinaldo (Ifugao)
17 October 2025 - 09:05 PM,09.64,126.23,025,1.8,018km S 27° E of General Luna (Surigao Del Norte)
17 October 2025 - 08:56 PM,18.46,120.93,032,1.4,003km N 86° E of Adams (Ilocos Norte)
17 October 2025 - 08:47 PM,18.62,120.68,004,2.0,013km N 59° W of Pagudpud (Ilocos Norte)
17 October 2025 - 08:45 PM,06.95,127.12,002,2.8,070km S 65° E of Manay (Davao Oriental)
17 October 2025 - 08:36 PM,08.85,126.40,033,2.0,013km S 53° E of Cagwait (Surigao Del Sur)
17 October 2025 - 08:35 PM,18.62,120.68,002,3.3,013km N 59° W of Pagudpud (Ilocos Norte)
17 October 2025 - 08:25 PM,09.67,126.14,032,1.6,013km S 06° W of General Luna (Surigao Del Norte)
17 October 2025 - 08:23 PM,11.48,123.86,039,1.2,049km N 14° W of City Of Bogo (Cebu)
17 October 2025 - 08:21 PM,09.70,126.07,018,3.7,013km S 45° W of General Luna (Surigao Del Norte)
17 October 2025 - 08:17 PM,09.67,126.19,031,1.9,012km S 17° E of General Luna (Surigao Del Norte)
17 October 2025 - 08:09 PM,08.13,126.61,033,1.2,024km N 66° E of Lingig (Surigao Del Sur)
17 October 2025 - 08:08 PM,10.94,123.99,030,2.2,011km S 06° E of City Of Bogo (Cebu)
17 October 2025 - 08:08 PM,08.19,126.75,023,2.3,041km N 65° E of Lingig (Surigao Del Sur)
17 October 2025 - 08:07 PM,09.65,126.17,032,1.5,015km S 06° E of General Luna (Surigao Del Norte)
17 October 2025 - 08:05 PM,07.18,126.96,027,1.8,046km S 85° E of Manay (Davao Oriental)
17 October 2025 - 08:00 PM,07.13,126.74,025,2.0,024km S 68° E of Manay (Davao Oriental)
17 October 2025 - 07:59 PM,09.64,126.21,032,1.6,017km S 22° E of General Luna (Surigao Del Norte)
17 October 2025 - 07:56 PM,09.62,126.19,034,1.5,018km S 13° E of General Luna (Surigao Del Norte)
17 October 2025 - 07:55 PM,09.69,126.15,031,1.4,011km S 04° W of General Luna (Surigao Del Norte)
17 October 2025 - 07:54 PM,10.88,123.99,001,2.0,019km S 05° E of City Of Bogo (Cebu)
17 October 2025 - 07:50 PM,11.05,124.07,030,2.2,010km S 89° E of City Of Bogo (Cebu)
17 October 2025 - 07:44 PM,11.04,124.08,033,1.2,011km S 89° E of City Of Bogo (Cebu)
17 October 2025 - 07:43 PM,11.10,124.09,032,1.5,013km N 64° E of City Of Bogo (Cebu)
17 October 2025 - 07:43 PM,09.65,126.17,034,1.6,015km S 08° E of General Luna (Surigao Del Norte)
17 October 2025 - 07:37 PM,18.88,120.46,006,2.8,049km N 45° W of Pagudpud (Ilocos Norte)
17 October 2025 - 07:37 PM,09.79,126.39,027,2.8,026km N 89° E of General Luna (Surigao Del Norte)
17 October 2025 - 07:32 PM,09.68,126.18,032,1.2,011km S 14° E of General Luna (Surigao Del Norte)
17 October 2025 - 07:28 PM,09.61,126.25,034,1.8,021km S 30° E of General Luna (Surigao Del Norte)
17 October 2025 - 07:20 PM,09.70,126.32,026,3.2,020km S 64° E of General Luna (Surigao Del Norte)
17 October 2025 - 07:18 PM,07.55,126.71,024,1.6,016km S 81° E of Baganga (Davao Oriental)
17 October 2025 - 07:01 PM,11.17,124.15,028,1.3,023km N 52° E of City Of Bogo (Cebu)
17 October 2025 - 07:01 PM,09.63,126.15,032,1.7,017km S 04° W of General Luna (Surigao Del Norte)
17 October 2025 - 06:59 PM,09.66,126.23,033,1.5,015km S 30° E of General Luna (Surigao Del Norte)
17 October 2025 - 06:55 PM,09.38,122.49,025,2.1,017km S 79° W of Basay (Negros Oriental)
17 October 2025 - 06:54 PM,18.88,120.46,001,2.3,045km N 26° W of Burgos (Ilocos Norte)
17 October 2025 - 06:51 PM,09.67,126.20,034,1.7,014km S 18° E of General Luna (Surigao Del Norte)
17 October 2025 - 06:45 PM,18.81,120.56,004,4.2,037km N 41° W of Pagudpud (Ilocos Norte)
17 October 2025 - 06:44 PM,09.58,126.18,033,1.6,023km S 06° E of General Luna (Surigao Del Norte)
17 October 2025 - 06:26 PM,09.63,126.17,027,2.4,017km S 04° E of General Luna (Surigao Del Norte)
17 October 2025 - 06:25 PM,07.14,126.88,030,2.5,039km S 78° E of Manay (Davao Oriental)
17 October 2025 - 06:25 PM,09.61,126.25,033,1.8,022km S 28° E of General Luna (Surigao Del Norte)
17 October 2025 - 06:22 PM,09.57,126.21,030,1.5,024km S 15° E of General Luna (Surigao Del Norte)
17 October 2025 - 06:21 PM,05.54,126.54,029,2.5,107km S 68° E of Jose Abad Santos (Davao Occidental)
17 October 2025 - 06:20 PM,09.63,126.14,033,1.7,017km S 07° W of General Luna (Surigao Del Norte)
17 October 2025 - 06:16 PM,07.06,127.14,015,4.0,068km S 75° E of Manay (Davao Oriental)
17 October 2025 - 06:12 PM,11.14,124.13,002,1.6,019km N 59° E of City Of Bogo (Cebu)
17 October 2025 - 06:05 PM,07.20,126.71,029,2.5,019km S 85° E of Manay (Davao Oriental)
17 October 2025 - 05:56 PM,11.01,124.03,025,1.9,007km S 59° E of City Of Bogo (Cebu)
17 October 2025 - 05:55 PM,09.22,126.43,027,2.8,026km S 76° E of Cortes (Surigao Del Sur)
17 October 2025 - 05:44 PM,09.55,126.08,024,2.3,027km S 18° W of General Luna (Surigao Del Norte)
17 October 2025 - 05:42 PM,18.60,120.72,005,2.5,009km N 60° W of Pagudpud (Ilocos Norte)
17 October 2025 - 05:42 PM,08.18,126.74,020,2.8,039km N 67° E of Lingig (Surigao Del Sur)
17 October 2025 - 05:40 PM,18.67,120.63,009,2.6,021km N 54° W of Pagudpud (Ilocos Norte)
17 October 2025 - 05:36 PM,09.65,126.17,029,1.6,014km S 06° E of General Luna (Surigao Del Norte)
17 October 2025 - 05:34 PM,13.77,120.60,114,2.2,008km S 27° W of Calatagan (Batangas)
17 October 2025 - 05:32 PM,08.90,126.50,023,2.7,022km S 85° E of Cagwait (Surigao Del Sur)
17 October 2025 - 05:26 PM,09.60,126.18,032,1.5,020km S 07° E of General Luna (Surigao Del Norte)
17 October 2025 - 05:12 PM,09.63,126.15,032,1.7,017km S 03° W of General Luna (Surigao Del Norte)
17 October 2025 - 05:11 PM,18.60,120.61,010,2.0,019km N 77° W of Pagudpud (Ilocos Norte)
17 October 2025 - 05:08 PM,10.99,123.97,004,3.3,006km S 14° W of City Of Bogo (Cebu)
17 October 2025 - 05:01 PM,18.70,120.66,011,1.4,020km N 41° W of Pagudpud (Ilocos Norte)
17 October 2025 - 04:59 PM,07.47,126.79,027,3.7,040km N 44° E of Manay (Davao Oriental)
17 October 2025 - 04:31 PM,18.66,120.69,007,4.7,017km N 15° E of Burgos (Ilocos Norte)
17 October 2025 - 04:27 PM,09.66,126.21,033,2.2,015km S 21° E of General Luna (Surigao Del Norte)
17 October 2025 - 04:27 PM,18.38,120.59,012,2.5,006km N 26° W of Pasuquin (Ilocos Norte)
17 October 2025 - 04:25 PM,11.00,123.93,011,3.2,008km S 47° W of City Of Bogo (Cebu)
17 October 2025 - 04:21 PM,07.31,126.69,022,2.9,020km N 57° E of Manay (Davao Oriental)
17 October 2025 - 04:14 PM,18.80,120.45,004,5.0,035km N 31° W of Burgos (Ilocos Norte)
17 October 2025 - 04:05 PM,11.14,124.13,009,2.9,019km N 59° E of City Of Bogo (Cebu)
17 October 2025 - 04:04 PM,11.06,124.08,033,1.6,011km N 80° E of City Of Bogo (Cebu)
17 October 2025 - 04:03 PM,12.93,119.67,036,3.7,101km S 58° W of Paluan (Occidental Mindoro)
17 October 2025 - 03:50 PM,11.10,123.96,009,2.0,006km N 20° W of City Of Bogo (Cebu)
17 October 2025 - 03:45 PM,09.65,126.16,034,2.1,015km S 01° E of General Luna (Surigao Del Norte)
17 October 2025 - 03:39 PM,09.62,126.20,034,2.0,019km S 16° E of General Luna (Surigao Del Norte)
17 October 2025 - 03:31 PM,09.70,126.10,033,2.0,011km S 33° W of General Luna (Surigao Del Norte)
17 October 2025 - 03:29 PM,09.68,126.17,031,2.2,011km S 07° E of General Luna (Surigao Del Norte)
17 October 2025 - 03:20 PM,11.09,123.96,034,2.2,006km N 21° W of City Of Bogo (Cebu)
17 October 2025 - 03:15 PM,10.98,123.96,009,2.6,008km S 20° W of City Of Bogo (Cebu)
17 October 2025 - 03:09 PM,06.86,126.82,034,1.9,050km S 39° E of Manay (Davao Oriental)
17 October 2025 - 03:03 PM,09.63,126.26,033,2.0,020km S 32° E of General Luna (Surigao Del Norte)
17 October 2025 - 02:57 PM,09.63,126.14,033,2.2,017km S 05° W of General Luna (Surigao Del Norte)
17 October 2025 - 02:56 PM,09.64,126.19,033,1.4,016km S 11° E of General Luna (Surigao Del Norte)
17 October 2025 - 02:50 PM,09.63,126.12,032,2.1,017km S 13° W of General Luna (Surigao Del Norte)
17 October 2025 - 02:44 PM,09.63,126.19,034,1.5,017km S 12° E of General Luna (Surigao Del Norte)
17 October 2025 - 02:34 PM,09.60,126.19,032,2.3,020km S 12° E of General Luna (Surigao Del Norte)
17 October 2025 - 02:25 PM,09.69,126.10,033,1.4,011km S 31° W of General Luna (Surigao Del Norte)
17 October 2025 - 02:17 PM,07.05,126.89,017,3.1,043km S 65° E of Manay (Davao Oriental)
17 October 2025 - 02:13 PM,09.56,126.20,032,1.6,025km S 10° E of General Luna (Surigao Del Norte)
17 October 2025 - 02:02 PM,09.60,126.28,032,2.3,024km S 33° E of General Luna (Surigao Del Norte)
17 October 2025 - 02:01 PM,09.65,126.21,033,2.0,016km S 20° E of General Luna (Surigao Del Norte)
17 October 2025 - 02:00 PM,09.65,126.09,034,1.9,017km S 27° W of General Luna (Surigao Del Norte)
17 October 2025 - 01:49 PM,09.62,126.19,033,2.2,018km S 12° E of General Luna (Surigao Del Norte)
17 October 2025 - 01:35 PM,09.69,126.17,046,1.5,010km S 06° E of General Luna (Surigao Del Norte)
17 October 2025 - 01:33 PM,09.62,126.25,033,1.5,021km S 29° E of General Luna (Surigao Del Norte)
17 October 2025 - 01:16 PM,09.60,126.25,033,1.4,023km S 28° E of General Luna (Surigao Del Norte)
17 October 2025 - 01:12 PM,09.63,126.24,033,1.9,019km S 29° E of General Luna (Surigao Del Norte)
17 October 2025 - 01:06 PM,09.71,126.17,030,2.4,008km S 10° E of General Luna (Surigao Del Norte)
17 October 2025 - 01:02 PM,12.57,125.31,014,2.4,012km N 28° E of Mapanas (Northern Samar)
17 October 2025 - 12:59 PM,11.16,123.97,033,1.5,013km N 03° W of City Of Bogo (Cebu)
17 October 2025 - 12:54 PM,09.63,126.21,032,2.1,018km S 21° E of General Luna (Surigao Del Norte)
17 October 2025 - 12:53 PM,11.02,124.04,034,1.5,008km S 68° E of City Of Bogo (Cebu)
17 October 2025 - 12:42 PM,09.66,126.28,035,1.4,019km S 45° E of General Luna (Surigao Del Norte)
17 October 2025 - 12:42 PM,09.65,126.16,031,2.0,014km S 03° E of General Luna (Surigao Del Norte)
17 October 2025 - 12:41 PM,05.32,125.46,051,3.3,011km S 23° E of Balut Island (Municipality Of Sarangani) (Davao Occidental)
17 October 2025 - 12:32 PM,09.55,126.28,033,2.1,029km S 27° E of General Luna (Surigao Del Norte)
17 October 2025 - 12:30 PM,09.60,126.26,027,2.6,023km S 29° E of General Luna (Surigao Del Norte)
17 October 2025 - 12:29 PM,09.68,126.21,031,2.1,012km S 27° E of General Luna (Surigao Del Norte)
17 October 2025 - 12:24 PM,09.57,126.22,032,2.2,025km S 17° E of General Luna (Surigao Del Norte)
17 October 2025 - 12:19 PM,09.71,126.11,030,2.8,009km S 31° W of General Luna (Surigao Del Norte)
17 October 2025 - 12:10 PM,09.66,126.15,028,2.1,013km S 02° W of General Luna (Surigao Del Norte)
17 October 2025 - 12:07 PM,09.65,126.19,029,2.2,015km S 15° E of General Luna (Surigao Del Norte)
17 October 2025 - 12:01 PM,10.50,126.36,003,4.1,062km N 31° E of Burgos (Surigao Del Norte)
17 October 2025 - 11:58 AM,15.19,122.09,005,3.0,041km N 47° E of Panukulan (Quezon)
17 October 2025 - 11:55 AM,09.62,126.18,032,2.3,018km S 08° E of General Luna (Surigao Del Norte)
17 October 2025 - 11:53 AM,07.29,127.13,010,3.6,065km N 82° E of Manay (Davao Oriental)
17 October 2025 - 11:48 AM,09.60,126.24,033,1.4,022km S 25° E of General Luna (Surigao Del Norte)
17 October 2025 - 11:42 AM,11.16,124.09,020,2.3,017km N 42° E of City Of Bogo (Cebu)
17 October 2025 - 11:36 AM,11.22,123.93,010,2.3,020km N 16° W of City Of Bogo (Cebu)
17 October 2025 - 11:36 AM,09.63,126.27,032,1.6,021km S 36° E of General Luna (Surigao Del Norte)
17 October 2025 - 11:27 AM,09.57,126.23,032,1.6,025km S 19° E of General Luna (Surigao Del Norte)
17 October 2025 - 11:22 AM,09.66,126.24,023,1.6,016km S 33° E of General Luna (Surigao Del Norte)
17 October 2025 - 11:17 AM,11.14,124.17,001,2.8,023km N 64° E of City Of Bogo (Cebu)
17 October 2025 - 11:15 AM,07.10,126.96,028,3.3,048km S 75° E of Manay (Davao Oriental)
17 October 2025 - 11:12 AM,09.68,126.20,033,2.4,012km S 20° E of General Luna (Surigao Del Norte)
17 October 2025 - 11:07 AM,09.66,126.14,029,2.4,014km S 07° W of General Luna (Surigao Del Norte)
17 October 2025 - 11:03 AM,09.63,126.34,027,2.5,026km S 50° E of General Luna (Surigao Del Norte)
17 October 2025 - 11:02 AM,09.68,126.13,032,1.4,012km S 45° E of Dapa (Surigao Del Norte)
17 October 2025 - 10:42 AM,09.62,126.25,030,1.7,021km S 28° E of General Luna (Surigao Del Norte)
17 October 2025 - 10:30 AM,11.15,124.11,002,3.1,016km S 49° E of Daanbantayan (Cebu)
17 October 2025 - 10:23 AM,07.38,127.08,014,3.2,063km N 73° E of Manay (Davao Oriental)
17 October 2025 - 10:18 AM,07.04,126.91,006,3.3,045km S 65° E of Manay (Davao Oriental)
17 October 2025 - 10:09 AM,09.32,126.14,019,2.2,010km S 41° E of General Luna (Surigao Del Norte)
17 October 2025 - 10:06 AM,11.23,124.15,008,2.7,027km N 43° E of City Of Bogo (Cebu)
17 October 2025 - 09:58 AM,07.25,126.96,019,3.2,046km N 85° E of Manay (Davao Oriental)
17 October 2025 - 09:56 AM,09.64,126.15,035,1.7,016km S 01° W of General Luna (Surigao Del Norte)
17 October 2025 - 09:55 AM,07.17,126.82,019,3.2,031km S 81° E of Manay (Davao Oriental)
17 October 2025 - 09:51 AM,09.60,126.27,032,1.8,023km S 32° E of General Luna (Surigao Del Norte)
17 October 2025 - 09:46 AM,07.31,126.67,017,2.2,018km N 53° E of Manay (Davao Oriental)
17 October 2025 - 09:41 AM,09.56,126.18,010,2.0,025km S 06° E of General Luna (Surigao Del Norte)
17 October 2025 - 09:27 AM,09.81,126.16,022,2.6,003km N 17° E of General Luna (Surigao Del Norte)
17 October 2025 - 09:25 AM,09.76,126.17,025,2.4,003km S 34° E of General Luna (Surigao Del Norte)
17 October 2025 - 09:24 AM,09.60,126.24,031,1.7,022km S 25° E of General Luna (Surigao Del Norte)
17 October 2025 - 09:17 AM,09.66,126.21,032,1.9,014km S 26° E of General Luna (Surigao Del Norte)
17 October 2025 - 09:15 AM,09.62,126.00,033,2.7,025km S 45° W of General Luna (Surigao Del Norte)
17 October 2025 - 09:12 AM,11.00,124.02,030,2.2,007km S 45° E of City Of Bogo (Cebu)
17 October 2025 - 09:03 AM,09.60,126.25,032,1.4,023km S 28° E of General Luna (Surigao Del Norte)
17 October 2025 - 08:55 AM,09.80,126.50,023,3.2,037km N 87° E of General Luna (Surigao Del Norte)
17 October 2025 - 08:44 AM,09.58,126.23,031,1.6,024km S 20° E of General Luna (Surigao Del Norte)
17 October 2025 - 08:41 AM,09.62,126.25,033,2.2,021km S 30° E of General Luna (Surigao Del Norte)
17 October 2025 - 08:40 AM,09.63,126.17,032,1.4,016km S 05° E of General Luna (Surigao Del Norte)
17 October 2025 - 08:32 AM,09.64,126.19,032,1.9,016km S 15° E of General Luna (Surigao Del Norte)
17 October 2025 - 08:38 AM,09.81,126.11,029,2.0,005km N 59° W of General Luna (Surigao Del Norte)
17 October 2025 - 08:28 AM,09.65,126.17,033,1.4,015km S 05° E of General Luna (Surigao Del Norte)
17 October 2025 - 08:26 AM,09.70,126.19,031,2.3,010km S 23° E of General Luna (Surigao Del Norte)
17 October 2025 - 08:10 AM,09.64,126.30,033,1.3,022km S 47° E of General Luna (Surigao Del Norte)
17 October 2025 - 08:10 AM,09.61,126.22,033,1.5,021km S 20° E of General Luna (Surigao Del Norte)
17 October 2025 - 08:07 AM,09.64,126.19,033,1.5,016km S 14° E of General Luna (Surigao Del Norte)
17 October 2025 - 08:03 AM,09.62,126.15,033,1.9,018km S 02° W of General Luna (Surigao Del Norte)
17 October 2025 - 08:02 AM,09.61,126.24,034,1.3,021km S 24° E of General Luna (Surigao Del Norte)
17 October 2025 - 07:57 AM,09.62,126.22,035,4.4,019km S 22° E of General Luna (Surigao Del Norte)
17 October 2025 - 07:56 AM,09.61,126.22,033,2.1,021km S 20° E of General Luna (Surigao Del Norte)
17 October 2025 - 07:56 AM,09.72,126.12,022,2.0,008km S 26° W of General Luna (Surigao Del Norte)
17 October 2025 - 07:52 AM,10.24,125.98,021,3.7,026km N 14° W of Santa Monica (Surigao Del Norte)
17 October 2025 - 07:52 AM,09.67,126.27,032,1.3,017km S 45° E of General Luna (Surigao Del Norte)
17 October 2025 - 07:49 AM,09.69,126.20,029,2.9,012km S 25° E of General Luna (Surigao Del Norte)
17 October 2025 - 07:47 AM,09.63,126.23,034,1.4,018km S 24° E of General Luna (Surigao Del Norte)
17 October 2025 - 07:46 AM,09.66,126.21,034,2.4,015km S 25° E of General Luna (Surigao Del Norte)
17 October 2025 - 07:42 AM,09.65,126.17,032,1.2,014km S 07° E of General Luna (Surigao Del Norte)
17 October 2025 - 07:39 AM,09.66,126.18,013,3.3,014km S 09° E of General Luna (Surigao Del Norte)
17 October 2025 - 07:37 AM,09.70,126.21,030,2.4,011km S 32° E of General Luna (Surigao Del Norte)
17 October 2025 - 07:36 AM,09.65,126.19,033,1.2,014km S 08° E of General Luna (Surigao Del Norte)
17 October 2025 - 07:34 AM,09.61,126.02,035,1.8,024km S 39° W of General Luna (Surigao Del Norte)
17 October 2025 - 07:31 AM,09.68,126.22,034,1.8,014km S 32° E of General Luna (Surigao Del Norte)
17 October 2025 - 07:28 AM,09.68,126.28,026,2.5,018km S 49° E of General Luna (Surigao Del Norte)
17 October 2025 - 07:25 AM,09.64,126.23,029,2.6,018km S 26° E of General Luna (Surigao Del Norte)
17 October 2025 - 07:23 AM,09.68,126.04,020,2.1,008km S 09° W of Dapa (Surigao Del Norte)
17 October 2025 - 07:23 AM,11.10,124.13,005,3.1,018km N 72° E of City Of Bogo (Cebu)
17 October 2025 - 07:20 AM,09.68,126.12,026,3.1,012km S 21° W of General Luna (Surigao Del Norte)
17 October 2025 - 07:18 AM,09.83,126.15,018,3.3,005km N 11° W of General Luna (Surigao Del Norte)
17 October 2025 - 07:14 AM,09.70,126.34,033,2.8,021km S 66° E of General Luna (Surigao Del Norte)
17 October 2025 - 07:14 AM,09.56,126.23,032,1.3,026km S 17° E of General Luna (Surigao Del Norte)
17 October 2025 - 07:12 AM,09.72,126.34,017,2.2,021km S 70° E of General Luna (Surigao Del Norte)
17 October 2025 - 07:07 AM,09.73,126.24,027,2.5,011km S 58° E of General Luna (Surigao Del Norte)
17 October 2025 - 07:03 AM,09.69,126.22,028,6.0,012km S 33° E of General Luna (Surigao Del Norte)
17 October 2025 - 06:48 AM,15.14,123.03,027,2.6,074km N 07° E of Tinaga Island (Vinzons) (Camarines Norte)
17 October 2025 - 06:41 AM,07.42,126.63,026,2.5,025km N 23° E of Manay (Davao Oriental)
17 October 2025 - 06:41 AM,10.99,123.92,002,2.3,010km S 46° W of City Of Bogo (Cebu)
17 October 2025 - 06:37 AM,11.21,124.07,032,1.3,021km N 28° E of City Of Bogo (Cebu)
17 October 2025 - 06:11 AM,06.78,127.14,008,4.7,081km S 54° E of Manay (Davao Oriental)
17 October 2025 - 06:10 AM,11.13,124.12,005,1.5,018km N 60° E of City Of Bogo (Cebu)
17 October 2025 - 05:52 AM,10.86,123.91,002,1.7,022km S 19° W of City Of Bogo (Cebu)
17 October 2025 - 05:41 AM,07.65,126.46,029,1.9,050km N 10° W of Manay (Davao Oriental)
17 October 2025 - 05:39 AM,11.18,124.02,030,1.4,015km N 17° E of City Of Bogo (Cebu)
17 October 2025 - 05:28 AM,13.28,120.27,006,3.2,026km S 53° W of Paluan (Occidental Mindoro)
17 October 2025 - 05:27 AM,11.22,124.17,006,2.1,028km N 46° E of City Of Bogo (Cebu)
17 October 2025 - 05:08 AM,07.28,126.67,029,2.0,016km N 61° E of Manay (Davao Oriental)
17 October 2025 - 05:06 AM,05.74,125.88,103,2.6,032km S 53° E of Jose Abad Santos (Davao Occidental)
17 October 2025 - 04:58 AM,08.78,126.73,004,2.3,050km S 72° E of Cagwait (Surigao Del Sur)
17 October 2025 - 04:51 AM,07.76,126.65,027,1.5,062km N 12° E of Manay (Davao Oriental)
17 October 2025 - 04:49 AM,11.25,124.08,026,1.8,025km N 26° E of City Of Bogo (Cebu)
17 October 2025 - 04:27 AM,12.90,124.50,015,1.5,028km N 31° E of Biri (Northern Samar)
17 October 2025 - 04:26 AM,07.29,126.83,032,2.2,033km N 75° E of Manay (Davao Oriental)
17 October 2025 - 04:21 AM,09.67,126.17,026,2.5,013km S 06° E of General Luna (Surigao Del Norte)
17 October 2025 - 04:17 AM,07.65,127.03,023,2.7,072km N 48° E of Manay (Davao Oriental)
17 October 2025 - 04:14 AM,10.89,123.99,001,2.6,018km S 05° E of City Of Bogo (Cebu)
17 October 2025 - 04:10 AM,07.74,127.10,021,2.6,085km N 46° E of Manay (Davao Oriental)
17 October 2025 - 03:56 AM,11.14,124.21,009,3.4,027km N 69° E of City Of Bogo (Cebu)
17 October 2025 - 03:33 AM,11.02,123.93,032,1.8,007km S 58° W of City Of Bogo (Cebu)
17 October 2025 - 03:32 AM,10.86,123.96,003,1.8,021km S 07° W of City Of Bogo (Cebu)
17 October 2025 - 03:18 AM,06.97,126.67,027,3.3,030km S 28° E of Manay (Davao Oriental)
17 October 2025 - 03:16 AM,10.85,123.85,005,2.2,026km S 33° W of City Of Bogo (Cebu)
17 October 2025 - 03:00 AM,08.15,126.74,032,1.3,038km N 72° E of Lingig (Surigao Del Sur)
17 October 2025 - 02:54 AM,11.13,123.95,014,1.7,010km N 20° W of City Of Bogo (Cebu)
17 October 2025 - 02:53 AM,10.97,124.05,028,2.2,012km S 44° E of City Of Bogo (Cebu)
17 October 2025 - 02:49 AM,18.73,119.91,016,2.4,082km N 73° W of Burgos (Ilocos Norte)
17 October 2025 - 02:43 AM,15.22,122.04,002,3.4,040km N 37° E of Panukulan (Quezon)
17 October 2025 - 02:38 AM,11.07,123.99,009,2.0,002km N 22° E of City Of Bogo (Cebu)
17 October 2025 - 02:21 AM,07.37,126.86,038,1.8,039km N 63° E of Manay (Davao Oriental)
17 October 2025 - 02:20 AM,11.16,123.98,023,2.7,013km N 02° E of City Of Bogo (Cebu)
17 October 2025 - 02:16 AM,10.98,124.06,025,2.1,012km S 50° E of City Of Bogo (Cebu)
17 October 2025 - 01:53 AM,11.09,124.09,002,2.3,013km N 69° E of City Of Bogo (Cebu)
17 October 2025 - 01:42 AM,11.08,124.06,012,3.4,010km N 64° E of City Of Bogo (Cebu)
17 October 2025 - 01:39 AM,04.79,127.22,067,3.1,208km S 69° E of Sarangani Island (Municipality Of Sarangani) (Davao Occidental)
17 October 2025 - 01:31 AM,11.25,124.18,008,3.2,031km N 45° E of City Of Bogo (Cebu)
17 October 2025 - 01:27 AM,11.18,124.03,005,2.4,016km N 22° E of City Of Bogo (Cebu)
17 October 2025 - 01:24 AM,06.99,126.76,019,3.3,035km S 44° E of Manay (Davao Oriental)
17 October 2025 - 01:08 AM,11.14,124.14,006,3.0,020km N 58° E of City Of Bogo (Cebu)
17 October 2025 - 01:04 AM,09.02,126.13,025,2.4,007km S 39° W of City Of Tandag (Surigao Del Sur)
17 October 2025 - 01:04 AM,16.65,119.75,031,3.0,033km N 28° W of Bolinao (Pangasinan)
17 October 2025 - 01:01 AM,09.59,125.53,033,1.5,006km N 09° E of Mainit (Surigao Del Norte)
17 October 2025 - 12:52 AM,11.09,124.05,029,2.1,009km N 56° E of City Of Bogo (Cebu)
17 October 2025 - 12:52 AM,14.01,120.51,116,1.9,015km S 61° W of Nasugbu (Batangas)
17 October 2025 - 12:43 AM,07.32,127.24,061,3.1,079km N 81° E of Manay (Davao Oriental)
17 October 2025 - 12:28 AM,11.13,124.12,007,2.0,018km N 61° E of City Of Bogo (Cebu)
17 October 2025 - 12:20 AM,11.12,124.02,033,2.0,009km N 27° E of City Of Bogo (Cebu)
17 October 2025 - 12:17 AM,17.87,120.82,036,1.7,016km N 02° W of Tineg (Abra)
17 October 2025 - 12:13 AM,07.63,126.08,033,1.6,004km S 10° W of Compostela (Davao De Oro)
16 October 2025 - 11:59 PM,13.58,120.58,031,2.0,022km N 46° W of Abra De Ilog (Occidental Mindoro)
16 October 2025 - 11:47 PM,10.87,123.92,008,1.7,021km S 19° W of City Of Bogo (Cebu)
16 October 2025 - 11:30 PM,11.17,123.95,033,1.4,014km N 12° W of City Of Bogo (Cebu)
16 October 2025 - 11:08 PM,11.11,123.84,032,2.6,016km N 65° W of City Of Bogo (Cebu)
16 October 2025 - 11:01 PM,10.94,123.91,003,2.2,014km S 35° W of City Of Bogo (Cebu)
16 October 2025 - 10:50 PM,08.31,125.92,009,1.9,012km S 51° W of Rosario (Agusan Del Sur)
16 October 2025 - 10:49 PM,11.00,123.98,027,1.7,005km S 02° E of City Of Bogo (Cebu)
16 October 2025 - 10:15 PM,10.94,123.96,032,1.8,012km S 08° W of City Of Bogo (Cebu)
16 October 2025 - 10:07 PM,08.07,123.23,024,1.9,010km N 61° W of Midsalip (Zamboanga Del Sur)
16 October 2025 - 10:07 PM,07.66,126.72,024,1.5,020km N 63° E of Baganga (Davao Oriental)
16 October 2025 - 10:06 PM,13.22,120.85,037,1.7,021km N 43° E of Santa Cruz (Occidental Mindoro)
16 October 2025 - 09:39 PM,10.89,123.91,014,2.0,019km S 23° W of City Of Bogo (Cebu)
16 October 2025 - 09:39 PM,07.84,126.79,022,1.4,075km N 22° E of Manay (Davao Oriental)
16 October 2025 - 09:08 PM,07.92,127.01,003,3.3,063km N 52° E of Baganga (Davao Oriental)
16 October 2025 - 09:00 PM,07.04,126.95,015,3.1,049km S 67° E of Manay (Davao Oriental)
16 October 2025 - 08:59 PM,10.90,123.91,009,1.9,018km S 26° W of City Of Bogo (Cebu)
16 October 2025 - 08:47 PM,10.97,123.97,027,2.0,009km S 08° W of City Of Bogo (Cebu)
16 October 2025 - 08:40 PM,06.13,125.21,113,2.9,010km N 74° W of Alabel (Sarangani)
16 October 2025 - 08:10 PM,07.95,127.05,001,3.0,068km N 52° E of Baganga (Davao Oriental)
16 October 2025 - 07:46 PM,14.90,119.93,034,1.3,018km S 71° W of San Antonio (Zambales)
16 October 2025 - 07:46 PM,10.94,123.92,004,2.6,014km S 26° W of City Of Bogo (Cebu)
16 October 2025 - 07:42 PM,11.10,123.95,009,1.6,006km N 29° W of City Of Bogo (Cebu)
16 October 2025 - 07:29 PM,07.06,126.98,005,2.6,051km S 72° E of Manay (Davao Oriental)
16 October 2025 - 07:13 PM,07.06,126.57,005,2.4,017km S 13° E of Manay (Davao Oriental)
16 October 2025 - 07:02 PM,13.05,120.68,002,3.9,005km S 52° W of Santa Cruz (Occidental Mindoro)
16 October 2025 - 06:27 PM,07.36,127.76,033,3.1,135km N 83° E of Manay (Davao Oriental)
16 October 2025 - 06:17 PM,11.15,124.14,018,1.5,021km N 58° E of City Of Bogo (Cebu)
16 October 2025 - 06:04 PM,07.34,126.74,015,2.9,026km N 56° E of Manay (Davao Oriental)
16 October 2025 - 06:03 PM,11.04,124.05,009,2.6,007km S 88° E of City Of Bogo (Cebu)
16 October 2025 - 05:50 PM,10.90,125.22,017,1.6,022km S 74° E of Dulag (Leyte)
16 October 2025 - 05:31 PM,05.31,126.01,075,4.5,063km S 74° E of Sarangani Island (Municipality Of Sarangani) (Davao Occidental)
16 October 2025 - 05:28 PM,14.98,120.45,032,2.0,008km N 84° W of Floridablanca (Pampanga)
16 October 2025 - 05:25 PM,10.85,123.96,002,1.9,021km S 06° W of City Of Bogo (Cebu)
16 October 2025 - 05:09 PM,10.89,123.87,007,2.4,021km S 35° W of City Of Bogo (Cebu)
16 October 2025 - 04:59 PM,06.81,126.26,007,2.2,016km S 19° E of City Of Mati (Davao Oriental)
16 October 2025 - 04:28 PM,11.15,123.96,029,1.6,012km N 09° W of City Of Bogo (Cebu)
16 October 2025 - 04:05 PM,05.41,125.61,186,3.1,017km S 67° E of Sarangani Island (Municipality Of Sarangani) (Davao Occidental)
16 October 2025 - 03:47 PM,11.16,124.20,034,1.9,027km N 63° E of City Of Bogo (Cebu)
16 October 2025 - 03:40 PM,10.90,123.97,010,3.0,016km S 02° W of City Of Bogo (Cebu)
16 October 2025 - 03:38 PM,07.33,126.59,017,2.0,014km N 23° E of Manay (Davao Oriental)
16 October 2025 - 03:32 PM,11.09,124.06,033,2.4,010km N 60° E of City Of Bogo (Cebu)
16 October 2025 - 03:01 PM,11.07,124.09,015,1.4,012km N 77° E of City Of Bogo (Cebu)
16 October 2025 - 02:33 PM,11.04,124.07,005,2.5,012km S 81° E of City Of Bogo (Cebu)
16 October 2025 - 02:26 PM,10.90,125.20,003,2.6,019km S 73° E of Dulag (Leyte)
16 October 2025 - 01:46 PM,08.41,127.06,001,2.4,080km N 86° E of Hinatuan (Surigao Del Sur)
16 October 2025 - 01:05 PM,07.47,127.14,016,3.5,072km N 66° E of Manay (Davao Oriental)
16 October 2025 - 12:43 PM,10.99,123.96,004,2.7,006km S 19° W of City Of Bogo (Cebu)
16 October 2025 - 12:26 PM,11.10,124.07,042,1.9,012km N 61° E of City Of Bogo (Cebu)
16 October 2025 - 12:18 PM,07.31,126.83,014,2.1,034km N 71° E of Manay (Davao Oriental)
16 October 2025 - 12:14 PM,11.14,124.02,013,1.8,010km N 10° E of City Of Bogo (Cebu)
16 October 2025 - 11:47 AM,07.08,126.75,014,2.5,028km S 58° E of Manay (Davao Oriental)
16 October 2025 - 11:28 AM,11.10,124.05,012,2.5,010km N 53° E of City Of Bogo (Cebu)
16 October 2025 - 11:25 AM,11.08,124.15,009,2.6,018km N 79° E of City Of Bogo (Cebu)
16 October 2025 - 11:24 AM,15.92,120.00,032,1.5,015km S 60° E of Dasol (Pangasinan)
16 October 2025 - 10:42 AM,06.95,126.72,025,2.5,035km S 36° E of Manay (Davao Oriental)
16 October 2025 - 10:28 AM,11.19,124.14,004,2.3,024km N 46° E of City Of Bogo (Cebu)
16 October 2025 - 10:27 AM,16.84,121.48,016,2.2,012km S 68° W of San Mateo (Isabela)
16 October 2025 - 10:27 AM,05.28,126.34,112,2.7,099km S 78° E of Sarangani Island (Municipality Of Sarangani) (Davao Occidental)
16 October 2025 - 09:56 AM,06.92,127.28,020,2.7,087km S 69° E of Manay (Davao Oriental)
16 October 2025 - 09:54 AM,17.35,120.37,010,3.2,009km N 74° W of San Esteban (Ilocos Sur)
16 October 2025 - 09:49 AM,11.00,124.05,004,2.8,009km S 54° E of City Of Bogo (Cebu)
16 October 2025 - 09:29 AM,07.34,126.79,014,2.7,031km N 63° E of Manay (Davao Oriental)
16 October 2025 - 09:21 AM,11.18,123.99,012,1.9,015km N 03° E of City Of Bogo (Cebu)
16 October 2025 - 09:19 AM,07.21,126.74,018,2.5,022km S 89° E of Manay (Davao Oriental)
16 October 2025 - 09:13 AM,07.07,126.73,015,2.7,026km S 53° E of Manay (Davao Oriental)
16 October 2025 - 09:10 AM,07.49,127.19,023,2.9,079km N 67° E of Manay (Davao Oriental)
16 October 2025 - 08:56 AM,08.16,127.05,001,2.8,072km N 79° E of Lingig (Surigao Del Sur)
16 October 2025 - 08:40 AM,08.75,126.75,024,2.6,053km S 69° E of Cagwait (Surigao Del Sur)
16 October 2025 - 08:33 AM,11.20,123.93,007,2.2,018km N 18° W of City Of Bogo (Cebu)
16 October 2025 - 07:59 AM,10.90,123.85,004,2.8,022km S 42° W of City Of Bogo (Cebu)
16 October 2025 - 07:57 AM,11.15,123.98,016,1.7,012km N 01° W of City Of Bogo (Cebu)
16 October 2025 - 07:46 AM,06.80,127.28,010,4.7,093km S 61° E of Manay (Davao Oriental)
16 October 2025 - 07:39 AM,07.50,127.26,023,3.0,086km N 68° E of Manay (Davao Oriental)
16 October 2025 - 07:36 AM,07.49,127.19,021,4.2,078km N 67° E of Manay (Davao Oriental)
16 October 2025 - 07:32 AM,04.80,125.55,032,4.4,070km S 12° E of Balut Island (Municipality Of Sarangani) (Davao Occidental)
16 October 2025 - 07:14 AM,12.34,124.65,112,2.1,018km S 06° E of Catarman (Northern Samar)
16 October 2025 - 07:13 AM,09.77,126.21,033,2.0,006km S 73° E of General Luna (Surigao Del Norte)
16 October 2025 - 07:10 AM,06.77,127.15,001,2.5,083km S 54° E of Manay (Davao Oriental)
16 October 2025 - 07:08 AM,10.94,123.96,008,1.8,012km S 12° W of City Of Bogo (Cebu)
16 October 2025 - 06:41 AM,07.35,126.77,019,3.9,029km N 58° E of Manay (Davao Oriental)
16 October 2025 - 06:34 AM,08.99,126.21,067,2.1,005km S 42° W of Tago (Surigao Del Sur)
16 October 2025 - 06:32 AM,08.79,126.13,021,2.2,011km N 62° W of San Agustin (Surigao Del Sur)
16 October 2025 - 06:16 AM,10.93,124.01,006,2.5,014km S 14° E of City Of Bogo (Cebu)
16 October 2025 - 05:45 AM,06.73,126.99,023,2.6,073km S 43° E of Manay (Davao Oriental)
16 October 2025 - 05:32 AM,06.18,125.88,149,3.2,021km S 85° E of Don Marcelino (Davao Occidental)
16 October 2025 - 04:59 AM,11.04,124.15,004,1.9,018km S 89° E of City Of Bogo (Cebu)
16 October 2025 - 04:54 AM,13.71,122.64,033,1.6,017km N 26° E of San Narciso (Quezon)
16 October 2025 - 04:31 AM,07.02,127.03,023,3.1,058km S 69° E of Manay (Davao Oriental)
16 October 2025 - 04:25 AM,08.91,126.32,027,1.6,002km S 70° E of Cagwait (Surigao Del Sur)
16 October 2025 - 04:24 AM,07.29,126.78,020,2.3,029km N 71° E of Manay (Davao Oriental)
16 October 2025 - 04:18 AM,11.17,124.17,025,1.9,025km N 57° E of City Of Bogo (Cebu)
16 October 2025 - 04:09 AM,11.10,124.01,032,2.2,007km N 29° E of City Of Bogo (Cebu)
16 October 2025 - 04:01 AM,11.02,123.90,017,2.1,010km S 71° W of City Of Bogo (Cebu)
16 October 2025 - 04:01 AM,13.67,120.62,087,1.5,018km S 06° W of Calatagan (Batangas)
16 October 2025 - 03:57 AM,11.23,124.22,001,2.1,033km N 53° E of City Of Bogo (Cebu)
16 October 2025 - 03:51 AM,11.01,123.99,001,1.5,004km S 23° E of City Of Bogo (Cebu)
16 October 2025 - 03:48 AM,13.59,120.78,007,2.1,013km S 54° W of Tingloy (Batangas)
16 October 2025 - 03:41 AM,11.14,124.14,004,3.5,020km N 59° E of City Of Bogo (Cebu)
16 October 2025 - 03:39 AM,10.96,123.94,008,2.3,010km S 25° W of City Of Bogo (Cebu)
16 October 2025 - 03:03 AM,09.79,126.30,019,2.3,016km N 87° E of General Luna (Surigao Del Norte)
16 October 2025 - 02:59 AM,07.10,126.79,007,2.8,030km S 67° E of Manay (Davao Oriental)
16 October 2025 - 02:58 AM,07.30,126.60,032,2.1,012km N 33° E of Manay (Davao Oriental)
16 October 2025 - 02:51 AM,06.82,126.70,014,2.4,046km S 23° E of Manay (Davao Oriental)
16 October 2025 - 02:49 AM,10.46,123.09,004,2.6,016km N 59° W of City Of Canlaon (Negros Oriental)
16 October 2025 - 02:47 AM,07.32,126.86,030,1.9,038km N 71° E of Manay (Davao Oriental)
16 October 2025 - 02:43 AM,09.88,126.65,001,2.3,056km N 79° E of General Luna (Surigao Del Norte)
16 October 2025 - 02:31 AM,07.18,127.06,017,3.0,058km S 87° E of Manay (Davao Oriental)
16 October 2025 - 02:25 AM,10.93,123.95,011,2.1,013km S 13° W of City Of Bogo (Cebu)
16 October 2025 - 02:21 AM,19.89,121.73,069,2.5,046km N 25° W of Babuyan Island (Calayan) (Cagayan)
16 October 2025 - 02:21 AM,11.14,124.11,008,2.7,018km N 53° E of City Of Bogo (Cebu)
16 October 2025 - 02:17 AM,09.65,126.15,002,2.9,016km S 35° E of Dapa (Surigao Del Norte)
16 October 2025 - 02:09 AM,15.58,119.92,030,4.7,006km N 34° W of Masinloc (Zambales)
16 October 2025 - 02:04 AM,15.55,120.02,016,3.2,008km N 73° E of Masinloc (Zambales)
16 October 2025 - 01:51 AM,08.90,126.40,030,2.6,011km S 82° E of Cagwait (Surigao Del Sur)
16 October 2025 - 01:50 AM,10.44,123.12,001,2.9,012km N 59° W of City Of Canlaon (Negros Oriental)
16 October 2025 - 01:48 AM,11.18,123.89,006,3.2,018km N 34° W of City Of Bogo (Cebu)
16 October 2025 - 01:47 AM,11.12,122.99,033,2.2,006km S 27° W of Ajuy (Iloilo)
16 October 2025 - 01:42 AM,10.26,122.89,033,2.3,004km S 73° E of Hinigaran (Negros Occidental)
16 October 2025 - 01:29 AM,08.10,126.87,033,2.3,051km N 82° E of Lingig (Surigao Del Sur)
16 October 2025 - 01:23 AM,10.46,123.09,005,1.9,016km N 59° W of City Of Canlaon (Negros Oriental)
16 October 2025 - 01:20 AM,11.10,124.03,022,1.6,008km N 41° E of City Of Bogo (Cebu)
16 October 2025 - 01:16 AM,10.44,123.03,009,1.8,012km N 82° E of City Of La Carlota (Negros Occidental)
16 October 2025 - 01:12 AM,07.08,126.64,001,2.7,018km S 36° E of Manay (Davao Oriental)
16 October 2025 - 01:11 AM,08.85,126.72,033,1.6,047km S 80° E of Cagwait (Surigao Del Sur)
16 October 2025 - 01:02 AM,07.62,125.74,099,2.0,005km N 47° E of Kapalong (Davao Del Norte)
16 October 2025 - 01:00 AM,07.29,126.80,029,2.2,030km N 72° E of Manay (Davao Oriental)
16 October 2025 - 12:54 AM,08.97,126.24,063,2.2,009km N 51° W of Cagwait (Surigao Del Sur)
16 October 2025 - 12:39 AM,11.16,123.86,018,2.3,018km N 47° W of City Of Bogo (Cebu)
16 October 2025 - 12:39 AM,07.24,126.83,025,2.3,032km N 84° E of Manay (Davao Oriental)
16 October 2025 - 12:32 AM,11.16,123.96,010,1.9,013km N 10° W of City Of Bogo (Cebu)
16 October 2025 - 12:29 AM,11.01,124.07,042,1.9,011km S 69° E of City Of Bogo (Cebu)
16 October 2025 - 12:25 AM,10.49,126.23,009,2.4,055km N 19° E of Burgos (Surigao Del Norte)
16 October 2025 - 12:20 AM,11.05,124.06,008,2.2,008km S 89° E of City Of Bogo (Cebu)
16 October 2025 - 12:16 AM,11.02,123.91,001,2.3,008km S 65° W of City Of Bogo (Cebu)
16 October 2025 - 12:02 AM,07.18,126.79,015,2.0,028km S 82° E of Manay (Davao Oriental)
15 October 2025 - 11:56 PM,10.89,125.23,009,2.8,023km S 72° E of Dulag (Leyte)
15 October 2025 - 11:55 PM,10.98,123.99,029,2.3,007km S 07° E of City Of Bogo (Cebu)
15 October 2025 - 11:54 PM,11.06,124.13,033,1.4,017km N 85° E of City Of Bogo (Cebu)
15 October 2025 - 11:53 PM,07.99,126.81,035,2.0,044km S 83° E of Lingig (Surigao Del Sur)
15 October 2025 - 11:40 PM,07.29,126.72,024,2.0,021km N 66° E of Manay (Davao Oriental)
15 October 2025 - 11:39 PM,10.85,125.24,012,2.4,027km N 66° E of Abuyog (Leyte)
15 October 2025 - 11:35 PM,08.99,126.27,031,2.0,003km N 21° W of Bayabas (Surigao Del Sur)
15 October 2025 - 11:33 PM,07.17,126.74,020,1.9,023km S 78° E of Manay (Davao Oriental)
15 October 2025 - 11:25 PM,11.04,123.89,024,3.7,010km S 84° W of City Of Bogo (Cebu)
15 October 2025 - 11:22 PM,07.16,126.84,018,2.7,033km S 80° E of Manay (Davao Oriental)
15 October 2025 - 11:21 PM,08.94,126.11,028,2.6,008km S 86° E of San Miguel (Surigao Del Sur)
15 October 2025 - 11:18 PM,11.12,124.09,010,2.4,014km N 55° E of City Of Bogo (Cebu)
15 October 2025 - 11:13 PM,07.55,125.62,029,3.4,002km N 20° W of Santo Tomas (Davao Del Norte)
15 October 2025 - 11:08 PM,11.16,124.04,021,2.1,014km N 26° E of City Of Bogo (Cebu)
15 October 2025 - 10:41 PM,11.15,124.11,002,2.4,018km N 53° E of City Of Bogo (Cebu)
15 October 2025 - 10:36 PM,10.94,124.04,031,1.6,013km S 29° E of City Of Bogo (Cebu)
15 October 2025 - 10:14 PM,11.20,124.17,008,2.2,027km N 50° E of City Of Bogo (Cebu)
15 October 2025 - 10:07 PM,11.09,124.00,033,2.3,005km N 31° E of City Of Bogo (Cebu)
15 October 2025 - 09:53 PM,11.20,124.62,008,2.5,007km N 71° E of Kananga (Leyte)
15 October 2025 - 09:47 PM,05.40,125.97,006,3.3,056km S 82° E of Sarangani Island (Municipality Of Sarangani) (Davao Occidental)
15 October 2025 - 09:42 PM,13.74,120.53,052,1.5,015km S 47° W of Calatagan (Batangas)
15 October 2025 - 09:41 PM,11.16,124.10,033,2.2,018km N 48° E of City Of Bogo (Cebu)
15 October 2025 - 09:38 PM,11.14,124.03,031,2.4,012km N 30° E of City Of Bogo (Cebu)
15 October 2025 - 09:16 PM,11.17,123.98,032,1.5,014km N 01° W of City Of Bogo (Cebu)
15 October 2025 - 09:07 PM,11.14,123.18,033,1.5,011km S 41° E of Concepcion (Iloilo)
15 October 2025 - 09:02 PM,06.99,127.10,045,2.4,066km S 68° E of Manay (Davao Oriental)
15 October 2025 - 09:00 PM,10.14,121.99,014,2.7,033km S 13° E of Anini-y (Antique)
15 October 2025 - 08:57 PM,08.92,126.48,025,2.2,019km N 89° E of Cagwait (Surigao Del Sur)
15 October 2025 - 08:45 PM,07.02,126.82,021,2.5,037km S 55° E of Manay (Davao Oriental)
15 October 2025 - 08:43 PM,07.09,126.71,032,2.4,023km S 54° E of Manay (Davao Oriental)
15 October 2025 - 08:39 PM,11.05,124.09,040,1.9,012km N 86° E of City Of Bogo (Cebu)
15 October 2025 - 08:36 PM,16.26,122.03,018,2.0,010km S 82° W of Casiguran (Aurora)
15 October 2025 - 08:30 PM,10.97,123.93,032,2.1,010km S 34° W of City Of Bogo (Cebu)
15 October 2025 - 08:21 PM,07.30,127.15,020,2.6,068km N 81° E of Manay (Davao Oriental)
15 October 2025 - 08:18 PM,11.32,124.03,033,2.7,031km N 11° E of City Of Bogo (Cebu)
15 October 2025 - 08:10 PM,09.97,126.06,002,2.2,005km S 24° W of Burgos (Surigao Del Norte)
15 October 2025 - 08:00 PM,06.87,126.88,013,2.8,053km S 45° E of Manay (Davao Oriental)
15 October 2025 - 07:46 PM,09.34,126.55,014,3.0,039km N 80° E of Cortes (Surigao Del Sur)
15 October 2025 - 07:39 PM,07.47,126.83,019,2.8,043km N 48° E of Manay (Davao Oriental)
15 October 2025 - 07:35 PM,08.56,126.93,001,2.9,069km N 72° E of Hinatuan (Surigao Del Sur)
15 October 2025 - 07:32 PM,07.15,127.09,019,3.7,061km S 83° E of Manay (Davao Oriental)
15 October 2025 - 07:15 PM,10.95,123.98,003,2.3,010km S 02° W of City Of Bogo (Cebu)
15 October 2025 - 07:10 PM,10.88,125.20,012,2.7,020km S 67° E of Dulag (Leyte)
15 October 2025 - 06:58 PM,07.39,126.72,010,4.3,028km N 45° E of Manay (Davao Oriental)
15 October 2025 - 06:37 PM,10.83,125.27,009,1.8,030km N 73° E of Abuyog (Leyte)
15 October 2025 - 06:10 PM,16.78,119.88,024,3.0,043km N 01° W of Bolinao (Pangasinan)
15 October 2025 - 06:09 PM,07.26,126.62,024,2.3,010km N 59° E of Manay (Davao Oriental)
15 October 2025 - 05:55 PM,11.03,124.09,033,1.7,013km S 83° E of City Of Bogo (Cebu)
15 October 2025 - 05:47 PM,08.05,126.24,029,2.4,019km N 85° W of Lingig (Surigao Del Sur)
15 October 2025 - 05:45 PM,11.12,124.03,033,2.0,010km N 36° E of City Of Bogo (Cebu)
15 October 2025 - 05:36 PM,10.94,124.00,004,2.5,012km S 08° E of City Of Bogo (Cebu)
15 October 2025 - 05:27 PM,06.99,127.76,009,2.6,137km S 80° E of Manay (Davao Oriental)
15 October 2025 - 05:26 PM,07.14,126.70,020,2.2,019km S 67° E of Manay (Davao Oriental)
15 October 2025 - 05:17 PM,07.22,126.57,031,2.7,003km N 78° E of Manay (Davao Oriental)
15 October 2025 - 05:13 PM,08.69,127.03,001,2.8,082km S 81° E of Marihatag (Surigao Del Sur)
15 October 2025 - 05:05 PM,10.42,126.01,018,2.3,044km N 03° W of Santa Monica (Surigao Del Norte)
15 October 2025 - 04:57 PM,07.14,126.81,009,3.9,031km S 76° E of Manay (Davao Oriental)
15 October 2025 - 04:52 PM,06.69,125.69,019,3.6,029km N 58° E of Santa Maria (Davao Occidental)
15 October 2025 - 04:45 PM,08.98,126.33,031,2.3,008km N 26° E of Cagwait (Surigao Del Sur)
15 October 2025 - 04:11 PM,07.37,126.68,019,2.9,024km N 43° E of Manay (Davao Oriental)
15 October 2025 - 04:01 PM,11.14,124.15,007,3.1,021km N 60° E of City Of Bogo (Cebu)
15 October 2025 - 03:58 PM,11.11,124.12,007,4.1,017km N 65° E of City Of Bogo (Cebu)
15 October 2025 - 03:55 PM,11.15,124.12,005,4.5,019km N 52° E of City Of Bogo (Cebu)
15 October 2025 - 03:44 PM,07.11,127.16,011,4.5,070km S 80° E of Manay (Davao Oriental)
15 October 2025 - 03:08 PM,07.33,126.48,025,2.5,015km N 27° W of Manay (Davao Oriental)
15 October 2025 - 02:45 PM,07.20,126.88,026,2.2,038km S 89° E of Manay (Davao Oriental)
15 October 2025 - 02:40 PM,11.12,123.96,024,2.0,008km N 14° W of City Of Bogo (Cebu)
15 October 2025 - 02:38 PM,11.02,124.10,004,1.9,014km S 76° E of City Of Bogo (Cebu)
15 October 2025 - 01:47 PM,11.13,124.13,033,2.5,019km N 61° E of City Of Bogo (Cebu)
15 October 2025 - 02:23 PM,10.84,125.31,009,4.1,031km S 15° W of Balangiga (Eastern Samar)
15 October 2025 - 02:20 PM,12.13,125.12,037,1.5,013km N 50° E of San Jose De Buan (Samar)
15 October 2025 - 02:02 PM,07.39,127.15,014,3.2,070km N 74° E of Manay (Davao Oriental)
15 October 2025 - 02:02 PM,11.07,123.99,032,1.9,003km N 34° E of City Of Bogo (Cebu)
15 October 2025 - 01:47 PM,11.13,124.13,033,2.5,019km N 61° E of City Of Bogo (Cebu)
15 October 2025 - 01:46 PM,11.54,125.84,009,2.0,032km N 48° E of Hernani (Eastern Samar)
15 October 2025 - 01:44 PM,07.21,126.62,007,2.0,009km S 88° E of Manay (Davao Oriental)
15 October 2025 - 01:32 PM,10.91,123.89,014,1.5,018km S 35° W of City Of Bogo (Cebu)
15 October 2025 - 01:21 PM,11.06,124.00,021,1.7,003km N 51° E of City Of Bogo (Cebu)
15 October 2025 - 01:01 PM,07.35,126.96,016,3.5,049km N 72° E of Manay (Davao Oriental)
15 October 2025 - 12:51 PM,11.75,125.71,012,2.6,028km S 89° E of San Julian (Eastern Samar)
15 October 2025 - 12:42 PM,11.04,123.93,017,3.6,006km S 85° W of City Of Bogo (Cebu)
15 October 2025 - 12:37 PM,11.08,124.12,036,2.5,015km N 76° E of City Of Bogo (Cebu)
15 October 2025 - 12:37 PM,17.76,120.75,005,1.8,006km N 52° E of Lagayan (Abra)
15 October 2025 - 12:14 PM,11.17,124.14,003,2.6,022km N 52° E of City Of Bogo (Cebu)
15 October 2025 - 11:45 AM,13.59,120.62,089,1.3,020km N 34° W of Abra De Ilog (Occidental Mindoro)
15 October 2025 - 11:37 AM,15.87,120.06,011,2.3,017km N 72° E of Infanta (Pangasinan)
15 October 2025 - 11:04 AM,06.98,127.02,017,3.0,059km S 64° E of Manay (Davao Oriental)
15 October 2025 - 10:23 AM,07.40,126.85,006,2.9,040km N 58° E of Manay (Davao Oriental)
15 October 2025 - 10:21 AM,15.71,121.14,034,2.0,004km N 88° E of Rizal (Nueva Ecija)
15 October 2025 - 10:10 AM,11.15,124.07,032,1.3,015km N 41° E of City Of Bogo (Cebu)
15 October 2025 - 09:56 AM,11.09,124.03,033,1.5,008km N 48° E of City Of Bogo (Cebu)
15 October 2025 - 09:38 AM,07.22,126.70,017,2.2,018km N 87° E of Manay (Davao Oriental)
15 October 2025 - 09:19 AM,11.23,124.00,031,2.5,021km N 07° E of City Of Bogo (Cebu)
15 October 2025 - 09:17 AM,09.97,125.79,031,1.5,014km N 72° E of Cagdianao (Dinagat Islands)
15 October 2025 - 09:04 AM,07.09,126.88,004,3.0,041km S 70° E of Manay (Davao Oriental)
15 October 2025 - 08:58 AM,07.38,126.77,012,2.7,032km N 53° E of Manay (Davao Oriental)
15 October 2025 - 08:38 AM,07.34,126.76,020,2.3,028km N 61° E of Manay (Davao Oriental)
15 October 2025 - 08:36 AM,11.13,124.01,033,1.6,010km N 17° E of City Of Bogo (Cebu)
15 October 2025 - 08:26 AM,09.77,125.88,002,2.3,015km S 43° W of Del Carmen (Surigao Del Norte)
15 October 2025 - 08:03 AM,10.89,123.92,005,3.0,018km S 20° W of City Of Bogo (Cebu)
15 October 2025 - 07:42 AM,09.93,126.25,016,2.1,017km N 66° E of Pilar (Surigao Del Norte)
15 October 2025 - 07:32 AM,10.04,126.36,009,4.2,031km N 85° E of Burgos (Surigao Del Norte)
15 October 2025 - 07:25 AM,11.08,124.01,019,2.5,005km N 46° E of City Of Bogo (Cebu)
15 October 2025 - 07:03 AM,07.25,126.77,017,2.4,025km N 81° E of Manay (Davao Oriental)
15 October 2025 - 07:01 AM,05.36,126.11,047,3.4,072km S 80° E of Sarangani Island (Municipality Of Sarangani) (Davao Occidental)
15 October 2025 - 06:53 AM,07.30,126.94,011,3.8,045km N 78° E of Manay (Davao Oriental)
15 October 2025 - 06:48 AM,10.54,122.30,009,4.2,013km S 11° W of Guimbal (Iloilo)
15 October 2025 - 06:30 AM,07.34,126.93,008,2.3,045km N 71° E of Manay (Davao Oriental)
15 October 2025 - 06:27 AM,11.14,124.07,010,2.1,014km N 43° E of City Of Bogo (Cebu)
15 October 2025 - 06:05 AM,07.25,126.79,015,2.4,028km N 80° E of Manay (Davao Oriental)
15 October 2025 - 05:48 AM,07.46,127.11,013,2.8,069km N 66° E of Manay (Davao Oriental)
15 October 2025 - 05:29 AM,11.15,123.95,009,2.7,012km N 16° W of City Of Bogo (Cebu)
15 October 2025 - 05:14 AM,10.97,123.99,020,2.1,008km S 07° E of City Of Bogo (Cebu)
15 October 2025 - 04:58 AM,11.07,124.19,033,2.0,023km N 84° E of City Of Bogo (Cebu)
15 October 2025 - 04:50 AM,07.29,126.89,008,2.7,040km N 78° E of Manay (Davao Oriental)
15 October 2025 - 04:46 AM,07.68,126.69,033,1.5,055km N 18° E of Manay (Davao Oriental)
15 October 2025 - 04:44 AM,07.41,127.10,013,2.6,066km N 71° E of Manay (Davao Oriental)
15 October 2025 - 04:19 AM,10.96,123.98,029,2.3,009km S 03° W of City Of Bogo (Cebu)
15 October 2025 - 04:07 AM,11.07,124.08,029,2.1,012km N 76° E of City Of Bogo (Cebu)
15 October 2025 - 04:03 AM,07.32,126.92,008,2.8,044km N 73° E of Manay (Davao Oriental)
15 October 2025 - 03:49 AM,08.29,127.58,044,2.5,132km N 78° E of Lingig (Surigao Del Sur)
15 October 2025 - 03:47 AM,11.18,124.11,028,2.2,021km N 43° E of City Of Bogo (Cebu)
15 October 2025 - 03:42 AM,11.05,124.00,002,2.3,002km N 80° E of City Of Bogo (Cebu)
15 October 2025 - 03:26 AM,07.36,127.20,017,5.0,075km N 77° E of Manay (Davao Oriental)
15 October 2025 - 03:05 AM,10.99,123.99,028,2.3,006km S 12° E of City Of Bogo (Cebu)
15 October 2025 - 03:04 AM,07.36,126.96,008,2.7,049km N 70° E of Manay (Davao Oriental)
15 October 2025 - 03:00 AM,07.40,127.32,005,3.7,089km N 77° E of Manay (Davao Oriental)
15 October 2025 - 02:55 AM,12.30,123.88,017,2.3,012km N 12° E of Dimasalang (Masbate)
15 October 2025 - 02:50 AM,07.18,126.90,021,4.3,040km S 84° E of Manay (Davao Oriental)
15 October 2025 - 02:44 AM,11.32,124.09,033,2.4,032km N 22° E of City Of Bogo (Cebu)
15 October 2025 - 02:37 AM,10.96,123.90,012,2.9,013km S 40° W of City Of Bogo (Cebu)
15 October 2025 - 02:35 AM,09.78,125.94,011,2.0,011km S 20° W of Del Carmen (Surigao Del Norte)
15 October 2025 - 02:18 AM,07.40,126.99,004,4.0,054km N 68° E of Manay (Davao Oriental)
15 October 2025 - 02:17 AM,07.41,127.28,018,4.6,085km N 75° E of Manay (Davao Oriental)
15 October 2025 - 02:09 AM,07.21,126.62,010,2.2,009km S 89° E of Manay (Davao Oriental)
15 October 2025 - 02:07 AM,06.62,127.22,018,2.6,099km S 49° E of Manay (Davao Oriental)
15 October 2025 - 02:05 AM,07.06,126.95,011,2.5,049km S 70° E of Manay (Davao Oriental)
15 October 2025 - 01:59 AM,07.36,126.69,019,2.7,023km N 45° E of Manay (Davao Oriental)
15 October 2025 - 01:59 AM,11.17,124.09,026,1.5,018km N 42° E of City Of Bogo (Cebu)
15 October 2025 - 01:58 AM,07.33,126.75,019,2.2,026km N 61° E of Manay (Davao Oriental)
15 October 2025 - 01:50 AM,07.31,126.88,013,2.6,039km N 73° E of Manay (Davao Oriental)
15 October 2025 - 01:33 AM,07.26,127.00,008,3.1,051km N 84° E of Manay (Davao Oriental)
15 October 2025 - 01:32 AM,07.11,126.80,028,2.3,030km S 69° E of Manay (Davao Oriental)
15 October 2025 - 01:29 AM,07.32,127.13,007,2.8,067km N 79° E of Manay (Davao Oriental)
15 October 2025 - 01:23 AM,07.29,127.18,020,4.9,071km N 83° E of Manay (Davao Oriental)
15 October 2025 - 01:15 AM,11.15,123.97,029,2.0,011km N 04° W of City Of Bogo (Cebu)
15 October 2025 - 01:11 AM,07.52,126.68,023,3.2,037km N 24° E of Manay (Davao Oriental)
15 October 2025 - 12:54 AM,11.19,123.98,029,1.8,016km N 01° W of City Of Bogo (Cebu)
15 October 2025 - 12:48 AM,11.05,124.06,006,2.1,009km N 85° E of City Of Bogo (Cebu)
15 October 2025 - 12:30 AM,10.86,125.31,002,2.0,029km S 17° W of Balangiga (Eastern Samar)
15 October 2025 - 12:30 AM,07.39,126.70,010,2.2,026km N 41° E of Manay (Davao Oriental)
15 October 2025 - 12:25 AM,11.04,124.05,018,2.1,008km S 88° E of City Of Bogo (Cebu)
15 October 2025 - 12:21 AM,07.27,126.89,013,2.3,039km N 80° E of Manay (Davao Oriental)
15 October 2025 - 12:18 AM,07.25,126.80,033,4.1,029km N 81° E of Manay (Davao Oriental)
15 October 2025 - 12:08 AM,07.44,127.49,014,2.9,108km N 77° E of Manay (Davao Oriental)
15 October 2025 - 12:04 AM,10.81,125.49,045,2.4,036km S 46° W of Guiuan (Eastern Samar)
15 October 2025 - 12:00 AM,07.37,126.85,007,4.2,039km N 63° E of Manay (Davao Oriental)
14 October 2025 - 11:50 PM,07.29,126.64,026,1.9,020km N 66° E of Manay (Davao Oriental)
14 October 2025 - 11:48 PM,10.97,123.96,023,2.3,009km S 12° W of City Of Bogo (Cebu)
14 October 2025 - 11:45 PM,11.06,124.02,014,2.4,005km N 75° E of City Of Bogo (Cebu)
14 October 2025 - 11:43 PM,11.05,123.95,017,2.4,003km N 77° W of City Of Bogo (Cebu)
14 October 2025 - 11:42 PM,19.09,121.22,004,2.3,003km S 44° E of Dalupiri Island (Calayan) (Cagayan)
14 October 2025 - 11:34 PM,11.19,124.03,033,2.3,017km N 21° E of City Of Bogo (Cebu)
14 October 2025 - 11:30 PM,11.18,124.15,007,2.4,024km N 51° E of City Of Bogo (Cebu)
14 October 2025 - 11:22 PM,11.11,124.02,034,2.1,008km N 32° E of City Of Bogo (Cebu)
14 October 2025 - 11:21 PM,10.94,123.92,018,2.1,013km S 30° W of City Of Bogo (Cebu)
14 October 2025 - 11:13 PM,11.17,123.97,009,2.2,014km N 04° W of City Of Bogo (Cebu)
14 October 2025 - 10:49 PM,15.99,119.99,047,1.9,011km S 32° E of Mabini (Pangasinan)
14 October 2025 - 10:46 PM,20.06,121.37,032,2.9,061km S 60° W of Sabtang (Batanes)
14 October 2025 - 10:33 PM,09.84,126.12,033,1.8,007km N 32° W of General Luna (Surigao Del Norte)
14 October 2025 - 10:31 PM,13.69,120.61,123,1.6,016km S 07° W of Calatagan (Batangas)
14 October 2025 - 10:23 PM,08.06,125.95,032,1.6,002km S 34° W of Veruela (Agusan Del Sur)
14 October 2025 - 10:19 PM,11.02,124.05,019,2.1,008km S 68° E of City Of Bogo (Cebu)
14 October 2025 - 10:15 PM,06.74,126.68,025,2.7,054km S 17° E of Manay (Davao Oriental)
14 October 2025 - 10:14 PM,11.02,124.01,011,2.3,004km S 49° E of City Of Bogo (Cebu)
14 October 2025 - 10:08 PM,10.74,125.23,034,1.9,024km S 89° E of Abuyog (Leyte)
14 October 2025 - 10:03 PM,11.02,123.93,025,2.6,006km S 61° W of City Of Bogo (Cebu)
14 October 2025 - 10:01 PM,10.94,123.96,006,2.6,012km S 06° W of City Of Bogo (Cebu)
14 October 2025 - 09:56 PM,07.02,127.44,063,2.8,099km S 79° E of Manay (Davao Oriental)
14 October 2025 - 09:54 PM,07.15,126.69,018,2.5,018km S 69° E of Manay (Davao Oriental)
14 October 2025 - 09:50 PM,10.93,123.96,007,2.9,013km S 10° W of City Of Bogo (Cebu)
14 October 2025 - 09:42 PM,07.21,126.69,024,2.1,016km N 88° E of Manay (Davao Oriental)
14 October 2025 - 09:41 PM,10.87,125.24,013,1.9,024km S 69° E of Dulag (Leyte)
14 October 2025 - 09:40 PM,10.91,123.94,006,2.6,016km S 17° W of City Of Bogo (Cebu)
14 October 2025 - 09:33 PM,07.48,126.88,015,2.0,048km N 51° E of Manay (Davao Oriental)
14 October 2025 - 09:29 PM,09.76,126.17,019,2.2,003km S 39° E of General Luna (Surigao Del Norte)
14 October 2025 - 09:29 PM,09.76,126.17,019,2.2,003km S 39° E of General Luna (Surigao Del Norte)
14 October 2025 - 09:16 PM,10.95,123.95,034,2.0,011km S 19° W of City Of Bogo (Cebu)
14 October 2025 - 09:15 PM,05.69,125.51,139,1.8,025km N 10° E of Sarangani Island (Municipality Of Sarangani) (Davao Occidental)
14 October 2025 - 09:08 PM,12.86,124.89,022,2.2,033km N 06° W of Pambujan (Northern Samar)
14 October 2025 - 09:04 PM,07.25,126.70,020,1.8,019km N 77° E of Manay (Davao Oriental)
14 October 2025 - 09:01 PM,11.00,124.02,033,2.2,007km S 45° E of City Of Bogo (Cebu)
14 October 2025 - 08:51 PM,07.34,126.70,021,2.3,023km N 51° E of Manay (Davao Oriental)
14 October 2025 - 08:48 PM,11.22,124.21,006,2.2,032km N 52° E of City Of Bogo (Cebu)
14 October 2025 - 08:46 PM,11.01,123.98,033,2.0,004km S 03° W of City Of Bogo (Cebu)
14 October 2025 - 08:43 PM,07.32,126.88,013,2.4,039km N 73° E of Manay (Davao Oriental)
14 October 2025 - 08:24 PM,11.02,124.04,033,1.7,007km S 66° E of City Of Bogo (Cebu)
14 October 2025 - 08:21 PM,07.19,126.66,012,2.9,014km S 79° E of Manay (Davao Oriental)
14 October 2025 - 08:19 PM,11.15,124.17,006,3.0,024km N 61° E of City Of Bogo (Cebu)
14 October 2025 - 08:09 PM,13.77,120.57,078,1.9,009km S 43° W of Calatagan (Batangas)
14 October 2025 - 08:06 PM,11.03,124.01,033,2.2,004km S 60° E of City Of Bogo (Cebu)
14 October 2025 - 08:03 PM,11.04,124.01,033,2.0,004km S 86° E of City Of Bogo (Cebu)
14 October 2025 - 07:31 PM,11.20,124.04,029,1.9,019km N 22° E of City Of Bogo (Cebu)
14 October 2025 - 07:15 PM,10.96,123.94,007,2.5,010km S 23° W of City Of Bogo (Cebu)
14 October 2025 - 07:11 PM,10.92,123.94,005,2.9,015km S 18° W of City Of Bogo (Cebu)
14 October 2025 - 07:00 PM,11.18,124.17,013,2.1,026km N 54° E of City Of Bogo (Cebu)
14 October 2025 - 06:52 PM,06.71,127.26,027,3.5,097km S 55° E of Manay (Davao Oriental)
14 October 2025 - 06:46 PM,10.82,124.20,023,2.5,035km S 44° E of City Of Bogo (Cebu)
14 October 2025 - 06:40 PM,11.04,124.10,007,2.3,013km S 87° E of City Of Bogo (Cebu)
14 October 2025 - 06:29 PM,10.90,123.91,001,2.8,017km S 26° W of City Of Bogo (Cebu)
14 October 2025 - 06:28 PM,11.10,124.04,017,1.6,009km N 47° E of City Of Bogo (Cebu)
14 October 2025 - 06:19 PM,11.18,123.98,035,2.3,015km N 01° E of City Of Bogo (Cebu)
14 October 2025 - 06:12 PM,05.74,127.10,145,4.0,152km S 48° E of Governor Generoso (Davao Oriental)
14 October 2025 - 05:57 PM,10.98,123.85,018,2.4,016km S 65° W of City Of Bogo (Cebu)
14 October 2025 - 05:32 PM,13.72,120.61,110,1.9,013km S 12° W of Calatagan (Batangas)
14 October 2025 - 05:24 PM,10.98,123.99,024,2.7,007km S 13° E of City Of Bogo (Cebu)
14 October 2025 - 05:11 PM,07.18,127.02,005,3.0,053km S 86° E of Manay (Davao Oriental)
14 October 2025 - 04:58 PM,07.02,126.90,022,4.5,045km S 62° E of Manay (Davao Oriental)
14 October 2025 - 04:17 PM,07.12,126.87,020,3.0,038km S 74° E of Manay (Davao Oriental)
14 October 2025 - 04:10 PM,12.48,124.63,024,1.7,003km S 24° W of Catarman (Northern Samar)
14 October 2025 - 04:06 PM,07.46,127.26,026,2.5,078km S 81° E of Baganga (Davao Oriental)
14 October 2025 - 03:49 PM,07.23,126.80,027,2.5,028km N 86° E of Manay (Davao Oriental)
14 October 2025 - 03:47 PM,10.82,125.27,012,2.4,030km N 75° E of Abuyog (Leyte)
14 October 2025 - 03:46 PM,07.24,126.92,022,2.0,042km N 85° E of Manay (Davao Oriental)
14 October 2025 - 03:44 PM,07.35,127.06,014,2.7,060km N 75° E of Manay (Davao Oriental)
14 October 2025 - 03:29 PM,07.12,126.77,027,2.9,027km S 68° E of Manay (Davao Oriental)
14 October 2025 - 03:28 PM,11.09,124.07,033,1.3,011km N 67° E of City Of Bogo (Cebu)
14 October 2025 - 03:10 PM,06.22,127.32,013,3.0,139km S 38° E of Manay (Davao Oriental)
14 October 2025 - 03:07 PM,07.41,127.00,019,2.7,056km N 67° E of Manay (Davao Oriental)
14 October 2025 - 03:00 PM,07.21,125.91,011,2.4,009km N 09° E of Pantukan (Davao De Oro)
14 October 2025 - 02:55 PM,11.11,124.10,007,2.0,015km N 61° E of City Of Bogo (Cebu)
14 October 2025 - 02:49 PM,11.05,123.93,001,1.5,006km N 86° W of City Of Bogo (Cebu)
14 October 2025 - 02:36 PM,07.33,126.82,027,2.6,034km N 67° E of Manay (Davao Oriental)
14 October 2025 - 02:31 PM,11.12,124.07,031,1.8,013km N 49° E of City Of Bogo (Cebu)
14 October 2025 - 02:28 PM,07.27,127.22,045,2.6,076km N 85° E of Manay (Davao Oriental)
14 October 2025 - 02:03 PM,07.38,126.89,028,2.0,043km N 64° E of Manay (Davao Oriental)
14 October 2025 - 01:44 PM,10.99,124.10,032,1.9,015km S 64° E of City Of Bogo (Cebu)
14 October 2025 - 01:39 PM,11.12,124.16,008,2.7,022km N 69° E of City Of Bogo (Cebu)
14 October 2025 - 01:28 PM,13.07,124.12,105,3.6,009km N 67° W of Prieto Diaz (Sorsogon)
14 October 2025 - 01:19 PM,07.17,127.02,021,3.3,053km S 85° E of Manay (Davao Oriental)
14 October 2025 - 01:16 PM,11.15,124.02,033,1.5,012km N 22° E of City Of Bogo (Cebu)
14 October 2025 - 12:59 PM,07.20,126.62,006,2.1,009km S 82° E of Manay (Davao Oriental)
14 October 2025 - 12:44 PM,07.40,126.98,015,3.2,053km N 66° E of Manay (Davao Oriental)
14 October 2025 - 12:31 PM,11.06,124.03,033,2.1,006km N 76° E of City Of Bogo (Cebu)
14 October 2025 - 12:22 PM,07.40,127.09,012,2.7,065km N 71° E of Manay (Davao Oriental)
14 October 2025 - 12:10 PM,11.06,123.98,031,1.7,002km N 12° W of City Of Bogo (Cebu)
14 October 2025 - 12:06 PM,07.42,127.21,019,4.1,078km N 73° E of Manay (Davao Oriental)
14 October 2025 - 12:00 PM,07.27,127.38,015,3.2,093km N 86° E of Manay (Davao Oriental)
14 October 2025 - 11:55 AM,18.33,122.19,009,2.6,015km S 19° E of Santa Ana (Cagayan)
14 October 2025 - 11:49 AM,07.42,127.07,012,2.5,062km N 69° E of Manay (Davao Oriental)
14 October 2025 - 11:40 AM,07.36,127.25,017,2.2,080km N 78° E of Manay (Davao Oriental)
14 October 2025 - 11:24 AM,10.85,123.92,011,2.4,022km S 17° W of City Of Bogo (Cebu)
14 October 2025 - 11:18 AM,11.08,124.04,033,1.7,008km N 64° E of City Of Bogo (Cebu)
14 October 2025 - 11:10 AM,11.27,124.01,005,2.3,024km N 07° E of City Of Bogo (Cebu)
14 October 2025 - 10:54 AM,13.58,120.67,130,2.2,016km N 21° W of Abra De Ilog (Occidental Mindoro)
14 October 2025 - 10:51 AM,07.40,127.22,024,4.1,079km N 74° E of Manay (Davao Oriental)
14 October 2025 - 10:47 AM,07.41,127.24,015,3.0,081km N 75° E of Manay (Davao Oriental)
14 October 2025 - 10:45 AM,07.37,127.04,015,3.0,058km N 72° E of Manay (Davao Oriental)
14 October 2025 - 10:45 AM,10.90,123.92,007,3.7,017km S 22° W of City Of Bogo (Cebu)
14 October 2025 - 10:39 AM,07.38,126.79,027,4.9,033km N 56° E of Manay (Davao Oriental)
14 October 2025 - 10:35 AM,07.37,127.40,026,2.9,097km N 80° E of Manay (Davao Oriental)
14 October 2025 - 10:33 AM,07.49,127.18,024,2.9,069km S 82° E of Baganga (Davao Oriental)
14 October 2025 - 10:19 AM,07.33,127.35,013,4.7,090km N 82° E of Manay (Davao Oriental)
14 October 2025 - 10:09 AM,07.38,127.22,016,3.7,078km N 76° E of Manay (Davao Oriental)
14 October 2025 - 10:05 AM,10.93,123.94,002,3.7,013km S 17° W of City Of Bogo (Cebu)
14 October 2025 - 10:00 AM,07.47,127.05,018,5.6,063km N 63° E of Manay (Davao Oriental)
14 October 2025 - 09:57 AM,07.34,126.73,024,3.3,026km N 55° E of Manay (Davao Oriental)
14 October 2025 - 09:51 AM,07.01,126.59,022,2.1,023km S 15° E of Manay (Davao Oriental)
14 October 2025 - 09:48 AM,07.21,126.54,026,2.0,001km S 53° E of Manay (Davao Oriental)
14 October 2025 - 09:32 AM,11.18,123.91,029,2.5,016km N 29° W of City Of Bogo (Cebu)
14 October 2025 - 09:29 AM,06.35,127.31,030,3.1,128km S 42° E of Manay (Davao Oriental)
14 October 2025 - 09:23 AM,11.04,124.00,017,2.2,002km S 60° E of City Of Bogo (Cebu)
14 October 2025 - 08:44 AM,10.86,123.96,001,3.9,021km S 05° W of City Of Bogo (Cebu)
14 October 2025 - 08:36 AM,11.07,124.06,040,2.3,009km N 74° E of City Of Bogo (Cebu)
14 October 2025 - 08:30 AM,07.07,127.03,016,3.8,057km S 74° E of Manay (Davao Oriental)
14 October 2025 - 08:21 AM,10.90,123.96,001,3.8,016km S 07° W of City Of Bogo (Cebu)
14 October 2025 - 08:19 AM,11.10,124.04,008,2.1,009km N 48° E of City Of Bogo (Cebu)
14 October 2025 - 08:05 AM,06.88,126.16,004,2.0,010km S 35° W of City Of Mati (Davao Oriental)
14 October 2025 - 08:03 AM,06.41,126.77,007,2.4,092km S 16° E of Manay (Davao Oriental)
14 October 2025 - 08:00 AM,11.11,124.09,002,2.2,014km N 62° E of City Of Bogo (Cebu)
14 October 2025 - 07:45 AM,06.96,126.76,030,3.0,037km S 41° E of Manay (Davao Oriental)
14 October 2025 - 07:42 AM,06.96,126.99,013,2.6,057km S 61° E of Manay (Davao Oriental)
14 October 2025 - 07:30 AM,07.20,126.79,022,2.1,028km S 87° E of Manay (Davao Oriental)
14 October 2025 - 07:20 AM,07.38,126.86,008,2.8,040km N 63° E of Manay (Davao Oriental)
14 October 2025 - 07:11 AM,10.89,123.87,001,1.8,021km S 35° W of City Of Bogo (Cebu)
14 October 2025 - 07:00 AM,08.86,126.43,023,2.2,016km S 67° E of Cagwait (Surigao Del Sur)
14 October 2025 - 06:58 AM,11.09,123.96,035,1.8,005km N 30° W of City Of Bogo (Cebu)
14 October 2025 - 06:39 AM,07.64,126.56,028,2.0,007km N 02° W of Baganga (Davao Oriental)
14 October 2025 - 06:34 AM,11.22,124.07,032,1.6,021km N 27° E of City Of Bogo (Cebu)
14 October 2025 - 06:30 AM,08.87,126.50,024,3.3,023km S 77° E of Cagwait (Surigao Del Sur)
14 October 2025 - 06:25 AM,05.11,126.20,093,2.8,091km S 63° E of Sarangani Island (Municipality Of Sarangani) (Davao Occidental)
14 October 2025 - 06:12 AM,09.08,126.40,023,3.2,021km N 32° E of Cagwait (Surigao Del Sur)
14 October 2025 - 06:11 AM,14.07,120.41,130,3.2,024km S 90° W of Nasugbu (Batangas)
14 October 2025 - 06:10 AM,11.12,124.03,029,1.8,010km N 33° E of City Of Bogo (Cebu)
14 October 2025 - 05:46 AM,11.12,123.97,009,2.3,008km N 08° W of City Of Bogo (Cebu)
14 October 2025 - 05:31 AM,11.12,124.05,027,1.8,011km N 43° E of City Of Bogo (Cebu)
14 October 2025 - 05:30 AM,06.97,126.76,021,2.3,036km S 43° E of Manay (Davao Oriental)
14 October 2025 - 05:21 AM,10.23,125.91,015,2.8,027km N 30° W of Santa Monica (Surigao Del Norte)
14 October 2025 - 05:12 AM,11.87,125.79,006,3.2,037km N 81° E of Sulat (Eastern Samar)
14 October 2025 - 05:08 AM,07.33,126.80,018,3.2,032km N 67° E of Manay (Davao Oriental)
14 October 2025 - 05:05 AM,10.87,123.90,002,2.2,021km S 25° W of City Of Bogo (Cebu)
14 October 2025 - 05:04 AM,07.48,126.09,003,3.5,009km S 37° W of New Bataan (Davao De Oro)
14 October 2025 - 05:02 AM,11.04,124.00,028,1.8,006km N 36° E of City Of Bogo (Cebu)
14 October 2025 - 04:45 AM,07.30,126.70,010,2.4,024km N 60° E of Manay (Davao Oriental)
14 October 2025 - 04:43 AM,07.12,126.84,021,2.7,035km S 74° E of Manay (Davao Oriental)
14 October 2025 - 04:42 AM,11.03,124.01,015,2.0,004km S 65° E of City Of Bogo (Cebu)
14 October 2025 - 04:36 AM,07.72,126.85,010,3.4,066km N 31° E of Manay (Davao Oriental)
14 October 2025 - 04:30 AM,07.47,127.21,025,2.2,080km N 69° E of Manay (Davao Oriental)
14 October 2025 - 04:11 AM,11.03,124.04,009,2.1,007km S 79° E of City Of Bogo (Cebu)
14 October 2025 - 04:08 AM,07.05,127.01,013,2.4,054km S 71° E of Manay (Davao Oriental)
14 October 2025 - 03:55 AM,07.18,126.80,012,2.3,029km S 84° E of Manay (Davao Oriental)
14 October 2025 - 03:52 AM,07.04,126.92,013,2.4,046km S 66° E of Manay (Davao Oriental)
14 October 2025 - 03:47 AM,14.50,120.42,101,2.0,010km N 45° W of Mariveles (Bataan)
14 October 2025 - 03:38 AM,11.15,124.19,001,1.8,026km N 62° E of City Of Bogo (Cebu)
14 October 2025 - 03:33 AM,09.97,126.30,028,2.8,023km N 82° E of San Isidro (Surigao Del Norte)
14 October 2025 - 03:26 AM,10.86,123.93,002,2.2,021km S 16° W of City Of Bogo (Cebu)
14 October 2025 - 03:20 AM,08.73,126.95,003,3.4,075km S 73° E of Cagwait (Surigao Del Sur)
14 October 2025 - 03:18 AM,11.17,124.02,032,1.7,015km N 18° E of City Of Bogo (Cebu)
14 October 2025 - 03:18 AM,07.29,126.69,024,2.3,019km N 63° E of Manay (Davao Oriental)
14 October 2025 - 03:11 AM,12.83,123.45,034,1.7,017km S 62° W of Donsol (Sorsogon)
14 October 2025 - 03:06 AM,07.16,126.67,019,1.8,016km S 69° E of Manay (Davao Oriental)
14 October 2025 - 03:04 AM,10.97,123.94,004,2.1,009km S 29° W of City Of Bogo (Cebu)
14 October 2025 - 03:01 AM,07.34,127.26,031,2.1,081km N 80° E of Manay (Davao Oriental)
14 October 2025 - 02:58 AM,12.48,125.36,034,2.3,011km N 89° E of Mapanas (Northern Samar)
14 October 2025 - 02:58 AM,07.18,126.97,006,2.8,048km S 85° E of Manay (Davao Oriental)
14 October 2025 - 02:54 AM,11.10,123.94,032,2.0,007km N 40° W of City Of Bogo (Cebu)
14 October 2025 - 02:49 AM,11.02,124.09,004,2.2,012km S 79° E of City Of Bogo (Cebu)
14 October 2025 - 02:41 AM,07.13,127.10,027,2.0,063km S 82° E of Manay (Davao Oriental)
14 October 2025 - 02:38 AM,11.25,124.29,005,1.8,011km S 53° W of Tabango (Leyte)
14 October 2025 - 02:37 AM,07.30,126.54,001,2.0,010km North of Manay (Davao Oriental)
14 October 2025 - 02:34 AM,08.92,126.50,024,2.0,022km N 89° E of Cagwait (Surigao Del Sur)
14 October 2025 - 02:33 AM,10.95,123.92,009,2.0,013km S 29° W of City Of Bogo (Cebu)
14 October 2025 - 02:29 AM,11.15,124.10,032,2.0,018km N 48° E of City Of Bogo (Cebu)
14 October 2025 - 02:14 AM,08.86,126.52,023,1.9,025km S 75° E of Cagwait (Surigao Del Sur)
14 October 2025 - 02:12 AM,07.27,126.81,033,1.9,031km N 77° E of Manay (Davao Oriental)
14 October 2025 - 02:01 AM,11.18,124.15,002,1.9,023km N 51° E of City Of Bogo (Cebu)
14 October 2025 - 01:56 AM,11.06,123.67,009,2.0,034km N 88° W of City Of Bogo (Cebu)
14 October 2025 - 01:44 AM,08.97,126.42,029,3.0,014km N 69° E of Cagwait (Surigao Del Sur)
14 October 2025 - 01:38 AM,11.25,123.91,032,3.1,023km N 19° W of City Of Bogo (Cebu)
14 October 2025 - 01:36 AM,11.07,124.03,008,2.4,006km N 59° E of City Of Bogo (Cebu)
14 October 2025 - 01:35 AM,07.37,126.90,012,3.9,044km N 66° E of Manay (Davao Oriental)
14 October 2025 - 01:23 AM,11.32,123.98,006,2.2,030km N 01° E of City Of Bogo (Cebu)
14 October 2025 - 01:18 AM,07.04,127.02,004,4.3,057km S 70° E of Manay (Davao Oriental)
14 October 2025 - 01:17 AM,11.22,124.26,034,2.6,015km S 52° W of Tabango (Leyte)
14 October 2025 - 01:15 AM,07.42,126.56,034,2.4,023km N 06° E of Manay (Davao Oriental)
14 October 2025 - 01:11 AM,11.03,124.02,022,1.8,005km S 73° E of City Of Bogo (Cebu)
14 October 2025 - 01:08 AM,07.06,127.03,020,4.2,057km S 73° E of Manay (Davao Oriental)
14 October 2025 - 01:04 AM,11.12,123.94,018,1.9,010km N 27° W of City Of Bogo (Cebu)
14 October 2025 - 01:00 AM,07.54,127.35,017,2.7,087km S 87° E of Baganga (Davao Oriental)
14 October 2025 - 12:57 AM,11.13,124.04,022,1.6,011km N 36° E of City Of Bogo (Cebu)
14 October 2025 - 12:51 AM,13.65,120.29,013,2.2,009km S 32° E of Looc (Occidental Mindoro)
14 October 2025 - 12:50 AM,11.16,123.98,031,1.7,013km N 01° W of City Of Bogo (Cebu)
14 October 2025 - 12:42 AM,07.62,126.00,033,1.7,004km N 57° E of Nabunturan (Davao De Oro)
14 October 2025 - 12:36 AM,10.89,124.00,002,3.3,017km S 08° E of City Of Bogo (Cebu)
14 October 2025 - 12:31 AM,11.17,123.97,031,1.7,014km N 04° W of City Of Bogo (Cebu)
14 October 2025 - 12:29 AM,09.02,126.20,047,1.8,015km N 45° W of Cagwait (Surigao Del Sur)
14 October 2025 - 12:16 AM,14.01,120.50,075,2.0,016km S 64° W of Nasugbu (Batangas)
14 October 2025 - 12:13 AM,11.16,124.12,003,2.4,020km N 49° E of City Of Bogo (Cebu)
14 October 2025 - 12:05 AM,11.02,123.96,021,1.7,004km S 43° W of City Of Bogo (Cebu)
14 October 2025 - 12:03 AM,11.18,124.01,018,1.6,015km N 11° E of City Of Bogo (Cebu)
14 October 2025 - 12:04 AM,08.88,126.27,037,1.4,005km S 42° W of Cagwait (Surigao Del Sur)
14 October 2025 - 12:01 AM,09.98,125.59,035,1.4,003km N 30° W of Dinagat (Dinagat Islands)
13 October 2025 - 11:58 PM,07.20,127.11,003,3.5,063km S 89° E of Manay (Davao Oriental)
13 October 2025 - 11:52 PM,10.83,121.79,011,2.2,019km S 89° W of Belison (Antique)
13 October 2025 - 11:48 PM,11.13,124.06,030,2.1,013km N 44° E of City Of Bogo (Cebu)
13 October 2025 - 11:45 PM,10.87,123.92,003,2.0,020km S 19° W of City Of Bogo (Cebu)
13 October 2025 - 11:40 PM,11.04,124.10,021,2.5,013km S 88° E of City Of Bogo (Cebu)
13 October 2025 - 11:39 PM,08.87,126.42,029,3.0,014km S 69° E of Cagwait (Surigao Del Sur)
13 October 2025 - 11:24 PM,11.15,123.99,009,1.7,011km N 06° E of City Of Bogo (Cebu)
13 October 2025 - 11:16 PM,07.34,126.70,011,2.1,023km N 52° E of Manay (Davao Oriental)
13 October 2025 - 11:13 PM,07.27,127.06,017,2.3,057km N 84° E of Manay (Davao Oriental)
13 October 2025 - 11:10 PM,11.12,124.08,033,1.9,014km N 56° E of City Of Bogo (Cebu)
13 October 2025 - 11:06 PM,11.02,123.98,035,2.0,003km S 07° E of City Of Bogo (Cebu)
13 October 2025 - 10:52 PM,10.97,123.99,031,2.0,009km S 07° E of City Of Bogo (Cebu)
13 October 2025 - 10:46 PM,11.08,124.04,029,2.1,008km N 58° E of City Of Bogo (Cebu)
13 October 2025 - 10:38 PM,07.94,127.34,081,2.4,095km N 65° E of Baganga (Davao Oriental)
13 October 2025 - 10:35 PM,07.12,125.96,041,1.9,007km S 84° E of Pantukan (Davao De Oro)
13 October 2025 - 10:35 PM,07.95,126.22,007,1.5,019km N 62° W of Boston (Davao Oriental)
13 October 2025 - 10:35 PM,11.89,125.39,032,2.0,004km S 68° W of Taft (Eastern Samar)
13 October 2025 - 10:25 PM,11.00,124.06,002,2.0,010km S 60° E of City Of Bogo (Cebu)
13 October 2025 - 10:21 PM,11.00,124.05,031,2.3,010km S 57° E of City Of Bogo (Cebu)
13 October 2025 - 10:19 PM,11.01,123.94,006,2.4,006km S 51° W of City Of Bogo (Cebu)
13 October 2025 - 10:16 PM,10.91,124.01,003,2.0,015km S 12° E of City Of Bogo (Cebu)
13 October 2025 - 10:13 PM,11.09,124.02,033,2.0,007km N 41° E of City Of Bogo (Cebu)
13 October 2025 - 10:11 PM,11.01,123.97,005,2.3,004km S 13° W of City Of Bogo (Cebu)
13 October 2025 - 10:09 PM,10.98,123.96,028,2.0,008km S 18° W of City Of Bogo (Cebu)
13 October 2025 - 10:07 PM,07.07,126.72,019,3.3,026km S 52° E of Manay (Davao Oriental)
13 October 2025 - 10:03 PM,13.99,120.50,084,2.0,017km S 73° W of Lian (Batangas)
13 October 2025 - 09:56 PM,09.71,126.25,024,2.8,013km S 53° E of General Luna (Surigao Del Norte)
13 October 2025 - 09:55 PM,12.50,123.54,005,2.1,006km N 60° E of Baleno (Masbate)
13 October 2025 - 09:42 PM,07.38,125.85,034,1.7,001km N 63° W of Maco (Davao De Oro)
13 October 2025 - 09:38 PM,10.88,123.88,013,2.0,021km S 32° W of City Of Bogo (Cebu)
13 October 2025 - 09:34 PM,07.13,126.66,022,3.7,016km S 55° E of Manay (Davao Oriental)
13 October 2025 - 09:22 PM,07.33,126.97,017,3.5,049km N 75° E of Manay (Davao Oriental)
13 October 2025 - 09:22 PM,11.14,123.97,030,2.0,010km N 04° W of City Of Bogo (Cebu)
13 October 2025 - 09:17 PM,10.91,124.00,015,1.6,015km S 07° E of City Of Bogo (Cebu)
13 October 2025 - 09:13 PM,07.23,126.65,007,1.8,013km N 82° E of Manay (Davao Oriental)
13 October 2025 - 09:06 PM,13.61,120.47,019,2.0,021km N 02° E of Paluan (Occidental Mindoro)
13 October 2025 - 09:06 PM,11.07,123.99,006,2.4,003km N 17° E of City Of Bogo (Cebu)
13 October 2025 - 08:59 PM,09.65,126.40,022,2.6,030km S 60° E of General Luna (Surigao Del Norte)
13 October 2025 - 08:53 PM,07.30,126.89,012,2.4,039km N 76° E of Manay (Davao Oriental)
13 October 2025 - 08:51 PM,13.68,120.42,025,1.5,019km S 75° E of Looc (Occidental Mindoro)
13 October 2025 - 08:48 PM,08.65,125.61,053,2.0,006km S 51° W of Esperanza (Agusan Del Sur)
13 October 2025 - 08:36 PM,11.06,124.06,032,2.5,009km N 82° E of City Of Bogo (Cebu)
13 October 2025 - 08:31 PM,07.23,126.85,024,2.3,035km N 86° E of Manay (Davao Oriental)
13 October 2025 - 08:30 PM,14.99,119.90,033,1.5,019km S 68° W of San Felipe (Zambales)
13 October 2025 - 08:27 PM,10.98,123.92,002,3.1,010km S 39° W of City Of Bogo (Cebu)
13 October 2025 - 08:24 PM,07.03,126.99,026,4.2,053km S 67° E of Manay (Davao Oriental)
13 October 2025 - 08:23 PM,11.21,124.15,006,2.5,026km N 46° E of City Of Bogo (Cebu)
13 October 2025 - 08:20 PM,11.21,124.14,007,2.2,025km N 44° E of City Of Bogo (Cebu)
13 October 2025 - 08:18 PM,06.25,127.40,016,3.0,143km S 42° E of Manay (Davao Oriental)
13 October 2025 - 08:10 PM,08.96,126.51,021,2.1,023km N 79° E of Cagwait (Surigao Del Sur)
13 October 2025 - 07:56 PM,10.92,123.94,001,2.0,014km S 18° W of City Of Bogo (Cebu)
13 October 2025 - 07:52 PM,07.27,126.62,023,2.0,009km S 47° E of Caraga (Davao Oriental)
13 October 2025 - 07:49 PM,07.26,126.79,013,2.6,028km N 79° E of Manay (Davao Oriental)
13 October 2025 - 07:47 PM,07.10,127.17,023,3.1,071km S 80° E of Manay (Davao Oriental)
13 October 2025 - 07:45 PM,09.11,126.90,003,2.6,069km N 77° E of Bayabas (Surigao Del Sur)
13 October 2025 - 07:37 PM,10.99,123.93,007,2.2,009km S 43° W of City Of Bogo (Cebu)
13 October 2025 - 07:35 PM,10.85,123.96,001,3.2,022km S 07° W of City Of Bogo (Cebu)
13 October 2025 - 07:27 PM,11.03,123.97,003,2.5,002km S 15° W of City Of Bogo (Cebu)
13 October 2025 - 07:20 PM,11.04,124.11,008,2.1,014km S 86° E of City Of Bogo (Cebu)
13 October 2025 - 06:55 PM,11.28,124.06,033,1.6,028km N 18° E of City Of Bogo (Cebu)
13 October 2025 - 06:49 PM,13.55,120.10,033,1.6,025km S 41° W of Looc (Occidental Mindoro)
13 October 2025 - 06:44 PM,10.39,126.58,016,2.4,069km N 53° E of Burgos (Surigao Del Norte)
13 October 2025 - 06:41 PM,11.07,123.97,027,1.5,002km N 17° W of City Of Bogo (Cebu)
13 October 2025 - 06:31 PM,10.97,124.06,032,1.4,012km S 46° E of City Of Bogo (Cebu)
13 October 2025 - 06:28 PM,11.01,124.01,006,1.8,005km S 39° E of City Of Bogo (Cebu)
13 October 2025 - 06:23 PM,10.07,125.10,031,1.4,007km N 78° W of San Francisco (Southern Leyte)
13 October 2025 - 06:15 PM,11.12,124.04,033,2.0,011km N 39° E of City Of Bogo (Cebu)
13 October 2025 - 06:12 PM,11.03,124.03,007,3.2,006km S 66° E of City Of Bogo (Cebu)
13 October 2025 - 06:01 PM,10.90,123.91,001,2.0,020km S 27° W of City Of Bogo (Cebu)
13 October 2025 - 06:01 PM,11.14,124.16,005,1.9,022km N 62° E of City Of Bogo (Cebu)
13 October 2025 - 05:42 PM,08.12,126.54,031,1.4,017km N 55° E of Lingig (Surigao Del Sur)
13 October 2025 - 05:39 PM,07.36,126.78,002,2.6,031km N 58° E of Manay (Davao Oriental)
13 October 2025 - 05:38 PM,07.27,126.62,020,1.9,011km N 51° E of Manay (Davao Oriental)
13 October 2025 - 05:36 PM,11.06,124.06,034,1.9,009km N 83° E of City Of Bogo (Cebu)
13 October 2025 - 05:07 PM,10.98,123.94,003,2.3,008km S 30° W of City Of Bogo (Cebu)
13 October 2025 - 05:04 PM,10.93,123.99,013,2.1,013km S 05° E of City Of Bogo (Cebu)
13 October 2025 - 04:56 PM,10.95,123.98,001,1.9,011km S 04° W of City Of Bogo (Cebu)
13 October 2025 - 04:47 PM,08.79,126.47,026,1.4,024km S 53° E of Cagwait (Surigao Del Sur)
13 October 2025 - 04:08 PM,06.71,126.62,026,1.9,056km S 09° E of Manay (Davao Oriental)
13 October 2025 - 03:52 PM,16.38,120.85,033,1.7,005km N 60° W of Kayapa (Nueva Vizcaya)
13 October 2025 - 03:31 PM,11.09,123.97,032,2.2,005km N 19° W of City Of Bogo (Cebu)
13 October 2025 - 03:25 PM,11.02,124.04,012,2.6,007km S 67° E of City Of Bogo (Cebu)
13 October 2025 - 03:22 PM,11.25,123.96,033,1.7,022km N 06° W of City Of Bogo (Cebu)
13 October 2025 - 03:12 PM,11.18,124.06,032,2.2,017km N 33° E of City Of Bogo (Cebu)
13 October 2025 - 03:05 PM,13.58,120.89,032,1.8,009km S 10° E of Tingloy (Batangas)
13 October 2025 - 02:44 PM,07.32,126.67,013,2.3,019km N 50° E of Manay (Davao Oriental)
13 October 2025 - 02:07 PM,06.99,127.33,013,2.5,090km S 75° E of Manay (Davao Oriental)
13 October 2025 - 02:06 PM,11.05,124.13,009,2.5,016km N 90° E of City Of Bogo (Cebu)
13 October 2025 - 02:00 PM,11.04,123.94,018,2.4,005km S 86° W of City Of Bogo (Cebu)
13 October 2025 - 01:53 PM,10.43,125.93,034,1.9,040km N 79° E of Loreto (Dinagat Islands)
13 October 2025 - 01:41 PM,07.16,126.65,020,2.5,013km S 64° E of Manay (Davao Oriental)
13 October 2025 - 01:37 PM,11.10,124.00,032,1.2,006km N 19° E of City Of Bogo (Cebu)
13 October 2025 - 01:37 PM,11.15,124.04,030,1.2,014km N 29° E of City Of Bogo (Cebu)
13 October 2025 - 01:31 PM,07.40,126.84,031,3.6,039km N 57° E of Manay (Davao Oriental)
13 October 2025 - 01:08 PM,13.57,120.80,003,3.1,016km N 28° E of Abra De Ilog (Occidental Mindoro)
13 October 2025 - 01:06 PM,11.11,124.00,034,1.7,007km N 19° E of City Of Bogo (Cebu)
13 October 2025 - 12:56 PM,07.27,126.92,034,2.1,043km N 80° E of Manay (Davao Oriental)
13 October 2025 - 12:47 PM,07.31,127.00,018,4.0,052km N 77° E of Manay (Davao Oriental)
13 October 2025 - 12:44 PM,11.07,124.06,035,2.0,010km N 75° E of City Of Bogo (Cebu)
13 October 2025 - 12:38 PM,11.06,123.98,035,1.4,002km N 14° E of City Of Bogo (Cebu)
13 October 2025 - 12:30 PM,06.93,127.06,018,3.1,065km S 62° E of Manay (Davao Oriental)
13 October 2025 - 12:20 PM,11.11,124.03,033,2.3,009km N 37° E of City Of Bogo (Cebu)
13 October 2025 - 11:59 AM,08.83,126.43,008,2.3,017km S 57° E of Cagwait (Surigao Del Sur)
13 October 2025 - 11:55 AM,10.96,123.94,003,3.3,010km S 22° W of City Of Bogo (Cebu)
13 October 2025 - 11:51 AM,13.59,120.85,004,2.0,015km N 48° W of Puerto Galera (Oriental Mindoro)
13 October 2025 - 11:45 AM,10.96,123.90,003,2.6,014km S 42° W of City Of Bogo (Cebu)
13 October 2025 - 11:39 AM,06.95,127.29,037,2.4,088km S 71° E of Manay (Davao Oriental)
13 October 2025 - 11:28 AM,07.27,126.84,032,2.7,034km N 79° E of Manay (Davao Oriental)
13 October 2025 - 11:22 AM,13.55,120.82,033,1.3,016km N 69° W of Puerto Galera (Oriental Mindoro)
13 October 2025 - 11:13 AM,13.56,120.97,006,2.8,007km N 14° E of Puerto Galera (Oriental Mindoro)
13 October 2025 - 11:03 AM,10.01,126.21,028,2.1,014km S 87° E of Burgos (Surigao Del Norte)
13 October 2025 - 11:01 AM,11.10,124.02,033,2.0,008km N 36° E of City Of Bogo (Cebu)
13 October 2025 - 10:45 AM,07.36,126.81,025,2.0,034km N 61° E of Manay (Davao Oriental)
13 October 2025 - 10:35 AM,13.60,120.83,005,2.9,008km S 37° W of Tingloy (Batangas)
13 October 2025 - 10:35 AM,11.09,124.03,033,1.7,007km N 46° E of City Of Bogo (Cebu)
13 October 2025 - 10:26 AM,07.67,126.64,021,2.1,014km N 39° E of Baganga (Davao Oriental)
13 October 2025 - 10:23 AM,13.74,120.48,088,2.4,019km S 59° W of Calatagan (Batangas)
13 October 2025 - 10:21 AM,11.11,124.06,034,2.1,011km N 48° E of City Of Bogo (Cebu)
13 October 2025 - 10:16 AM,11.03,124.03,033,1.6,006km S 72° E of City Of Bogo (Cebu)
13 October 2025 - 10:14 AM,11.05,124.06,002,2.2,009km N 88° E of City Of Bogo (Cebu)
13 October 2025 - 10:08 AM,10.98,123.93,006,2.2,009km S 34° W of City Of Bogo (Cebu)
13 October 2025 - 10:03 AM,12.16,121.85,006,2.9,016km N 50° W of San Jose (Romblon)
13 October 2025 - 10:01 AM,07.42,126.62,028,3.0,025km N 21° E of Manay (Davao Oriental)
13 October 2025 - 09:55 AM,11.17,124.23,031,1.6,030km N 64° E of City Of Bogo (Cebu)
13 October 2025 - 09:54 AM,07.45,126.79,034,1.7,038km N 47° E of Manay (Davao Oriental)
13 October 2025 - 09:54 AM,11.13,124.04,032,2.0,012km N 37° E of City Of Bogo (Cebu)
13 October 2025 - 09:51 AM,11.06,124.02,033,1.5,005km N 72° E of City Of Bogo (Cebu)
13 October 2025 - 09:49 AM,06.93,126.86,020,3.1,048km S 49° E of Manay (Davao Oriental)
13 October 2025 - 09:35 AM,11.18,124.09,030,2.6,019km N 39° E of City Of Bogo (Cebu)
13 October 2025 - 09:20 AM,06.96,126.89,026,2.9,047km S 54° E of Manay (Davao Oriental)
13 October 2025 - 09:10 AM,10.96,123.90,001,2.5,014km S 42° W of City Of Bogo (Cebu)
13 October 2025 - 09:03 AM,11.02,123.91,004,3.1,009km S 71° W of City Of Bogo (Cebu)
13 October 2025 - 08:51 AM,11.18,123.95,020,2.4,015km N 13° W of City Of Bogo (Cebu)
13 October 2025 - 08:40 AM,10.97,123.91,001,3.2,011km S 44° W of City Of Bogo (Cebu)
13 October 2025 - 08:37 AM,06.80,127.10,008,3.0,077km S 54° E of Manay (Davao Oriental)
13 October 2025 - 08:32 AM,11.12,124.08,034,2.0,014km N 53° E of City Of Bogo (Cebu)
13 October 2025 - 08:30 AM,11.10,124.04,034,2.3,009km N 48° E of City Of Bogo (Cebu)
13 October 2025 - 08:18 AM,10.94,123.87,001,2.2,017km S 46° W of City Of Bogo (Cebu)
13 October 2025 - 08:11 AM,11.03,124.05,029,1.6,008km S 75° E of City Of Bogo (Cebu)
13 October 2025 - 07:56 AM,10.97,123.95,005,2.6,009km N 71° W of Tabogon (Cebu)
13 October 2025 - 07:39 AM,11.05,124.08,029,2.0,010km N 88° E of City Of Bogo (Cebu)
13 October 2025 - 07:29 AM,10.98,123.93,007,2.7,009km S 35° W of City Of Bogo (Cebu)
13 October 2025 - 07:12 AM,11.03,123.99,002,2.1,002km S 22° E of City Of Bogo (Cebu)
13 October 2025 - 07:09 AM,11.02,124.02,004,3.1,005km S 64° E of City Of Bogo (Cebu)
13 October 2025 - 07:04 AM,11.21,124.13,033,2.4,024km N 43° E of City Of Bogo (Cebu)
13 October 2025 - 06:53 AM,10.92,123.88,001,2.4,018km S 36° W of City Of Bogo (Cebu)
13 October 2025 - 06:23 AM,11.19,124.20,033,2.5,029km N 57° E of City Of Bogo (Cebu)
13 October 2025 - 06:20 AM,11.15,124.06,037,2.1,015km N 39° E of City Of Bogo (Cebu)
13 October 2025 - 06:19 AM,11.02,124.02,024,2.4,005km S 56° E of City Of Bogo (Cebu)
13 October 2025 - 06:15 AM,11.20,124.01,019,2.6,018km N 12° E of City Of Bogo (Cebu)
13 October 2025 - 06:03 AM,11.12,124.01,016,1.5,009km N 22° E of City Of Bogo (Cebu)
13 October 2025 - 05:48 AM,11.10,123.97,032,3.3,006km N 12° W of City Of Bogo (Cebu)
13 October 2025 - 05:44 AM,10.96,123.92,001,1.7,011km S 33° W of City Of Bogo (Cebu)
13 October 2025 - 05:42 AM,11.04,124.00,031,2.2,003km S 83° E of City Of Bogo (Cebu)
13 October 2025 - 05:40 AM,11.09,123.96,033,2.2,005km N 21° W of City Of Bogo (Cebu)
13 October 2025 - 05:31 AM,07.37,126.68,020,2.4,023km N 41° E of Manay (Davao Oriental)
13 October 2025 - 05:30 AM,10.94,123.94,001,2.3,012km S 20° W of City Of Bogo (Cebu)
13 October 2025 - 05:18 AM,11.14,124.10,032,2.0,017km N 52° E of City Of Bogo (Cebu)
13 October 2025 - 05:10 AM,11.02,123.96,018,2.5,004km S 28° W of City Of Bogo (Cebu)
13 October 2025 - 05:02 AM,11.26,123.50,029,2.8,040km N 32° E of City Of Cadiz (Negros Occidental)
13 October 2025 - 05:00 AM,11.06,123.94,019,1.8,004km N 66° W of City Of Bogo (Cebu)
13 October 2025 - 04:50 AM,07.32,127.11,011,2.7,064km N 79° E of Manay (Davao Oriental)
13 October 2025 - 04:48 AM,07.11,127.02,014,3.0,054km S 78° E of Manay (Davao Oriental)
13 October 2025 - 04:36 AM,10.94,123.91,005,2.2,014km S 34° W of City Of Bogo (Cebu)
13 October 2025 - 04:29 AM,11.07,123.97,020,2.2,003km N 16° W of City Of Bogo (Cebu)
13 October 2025 - 04:26 AM,08.82,125.67,033,2.5,003km S 88° W of Sibagat (Agusan Del Sur)
13 October 2025 - 04:20 AM,11.01,123.90,032,2.2,009km S 62° W of City Of Bogo (Cebu)
13 October 2025 - 04:18 AM,07.31,126.98,017,3.0,049km N 77° E of Manay (Davao Oriental)
13 October 2025 - 04:18 AM,11.02,123.92,028,2.1,007km S 71° W of City Of Bogo (Cebu)
13 October 2025 - 04:17 AM,11.06,123.92,032,2.3,007km N 73° W of City Of Bogo (Cebu)
13 October 2025 - 04:10 AM,10.96,123.96,005,2.4,009km S 10° W of City Of Bogo (Cebu)
13 October 2025 - 04:07 AM,09.89,126.24,024,2.2,015km N 39° E of General Luna (Surigao Del Norte)
13 October 2025 - 03:49 AM,07.37,127.02,020,4.3,056km N 72° E of Manay (Davao Oriental)
13 October 2025 - 03:49 AM,11.00,123.95,007,4.0,006km S 30° W of City Of Bogo (Cebu)
13 October 2025 - 03:45 AM,11.16,124.07,030,2.4,015km N 38° E of City Of Bogo (Cebu)
13 October 2025 - 03:42 AM,20.69,120.32,033,3.0,159km S 86° W of Itbayat (Batanes)
13 October 2025 - 03:40 AM,11.02,123.88,033,2.5,011km S 77° W of City Of Bogo (Cebu)
13 October 2025 - 03:33 AM,10.96,123.93,004,3.3,011km S 27° W of City Of Bogo (Cebu)
13 October 2025 - 03:26 AM,10.99,123.97,029,2.9,007km S 10° W of City Of Bogo (Cebu)
13 October 2025 - 03:21 AM,07.10,127.12,019,3.1,066km S 79° E of Manay (Davao Oriental)
13 October 2025 - 03:18 AM,11.04,124.02,001,4.3,004km S 81° E of City Of Bogo (Cebu)
13 October 2025 - 03:12 AM,11.02,123.89,010,3.0,010km S 74° W of City Of Bogo (Cebu)
13 October 2025 - 03:11 AM,10.96,123.96,011,1.6,010km S 13° W of City Of Bogo (Cebu)
13 October 2025 - 03:06 AM,18.82,121.46,020,2.6,010km S 68° E of Fuga Island (Aparri) (Cagayan)
13 October 2025 - 03:05 AM,07.02,126.85,024,3.5,040km S 58° E of Manay (Davao Oriental)
13 October 2025 - 03:03 AM,11.00,123.97,007,2.3,006km S 12° W of City Of Bogo (Cebu)
13 October 2025 - 02:58 AM,11.13,123.94,034,2.6,010km N 23° W of City Of Bogo (Cebu)
13 October 2025 - 02:55 AM,11.03,123.99,007,2.3,002km S 27° E of City Of Bogo (Cebu)
13 October 2025 - 02:51 AM,13.45,120.20,018,2.8,029km N 82° W of Paluan (Occidental Mindoro)
13 October 2025 - 02:51 AM,10.98,123.95,006,3.7,008km S 27° W of City Of Bogo (Cebu)
13 October 2025 - 02:50 AM,13.39,120.15,019,3.1,034km S 85° W of Paluan (Occidental Mindoro)
13 October 2025 - 02:47 AM,10.94,123.89,005,2.7,017km S 39° W of City Of Bogo (Cebu)
13 October 2025 - 02:38 AM,11.13,123.99,033,1.5,009km N 07° E of City Of Bogo (Cebu)
13 October 2025 - 02:36 AM,10.99,123.88,022,1.5,012km S 60° W of City Of Bogo (Cebu)
13 October 2025 - 02:34 AM,11.08,123.97,029,2.8,004km N 12° W of City Of Bogo (Cebu)
13 October 2025 - 02:32 AM,10.93,123.91,008,2.1,015km S 29° W of City Of Bogo (Cebu)
13 October 2025 - 02:28 AM,11.02,124.00,013,2.3,003km S 40° E of City Of Bogo (Cebu)
13 October 2025 - 02:24 AM,10.96,123.93,008,3.4,010km S 28° W of City Of Bogo (Cebu)
13 October 2025 - 02:10 AM,11.05,123.95,013,2.7,004km N 79° W of City Of Bogo (Cebu)
13 October 2025 - 02:01 AM,10.99,123.95,003,2.9,008km S 20° W of City Of Bogo (Cebu)
13 October 2025 - 01:58 AM,11.00,123.92,007,3.0,009km S 51° W of City Of Bogo (Cebu)
13 October 2025 - 01:50 AM,10.97,123.94,007,3.5,010km S 28° W of City Of Bogo (Cebu)
13 October 2025 - 01:42 AM,11.08,124.08,010,2.3,012km N 72° E of City Of Bogo (Cebu)
13 October 2025 - 01:37 AM,07.33,127.36,030,4.4,091km N 82° E of Manay (Davao Oriental)
13 October 2025 - 01:32 AM,10.96,124.10,032,2.3,017km S 53° E of City Of Bogo (Cebu)
13 October 2025 - 01:31 AM,10.99,123.90,006,3.9,011km S 54° W of City Of Bogo (Cebu)
13 October 2025 - 01:29 AM,10.99,123.99,002,2.0,007km S 05° E of City Of Bogo (Cebu)
13 October 2025 - 01:24 AM,10.97,123.92,008,3.4,011km S 37° W of City Of Bogo (Cebu)
13 October 2025 - 01:22 AM,11.05,124.03,022,1.8,006km N 83° E of City Of Bogo (Cebu)
13 October 2025 - 01:19 AM,10.99,123.91,003,2.8,009km S 52° W of City Of Bogo (Cebu)
13 October 2025 - 01:14 AM,10.97,123.92,005,3.6,010km S 37° W of City Of Bogo (Cebu)
13 October 2025 - 01:11 AM,07.38,126.88,023,3.4,042km N 63° E of Manay (Davao Oriental)
13 October 2025 - 01:06 AM,10.96,123.94,005,5.8,010km S 24° W of City Of Bogo (Cebu)
13 October 2025 - 12:55 AM,06.91,127.03,018,2.7,063km S 58° E of Manay (Davao Oriental)
13 October 2025 - 12:50 AM,07.35,126.80,025,2.9,033km N 62° E of Manay (Davao Oriental)
13 October 2025 - 12:49 AM,06.94,127.19,021,3.2,078km S 67° E of Manay (Davao Oriental)
13 October 2025 - 12:44 AM,11.01,124.00,005,1.9,004km S 35° E of City Of Bogo (Cebu)
13 October 2025 - 12:39 AM,07.04,127.01,013,2.7,055km S 70° E of Manay (Davao Oriental)
13 October 2025 - 12:40 AM,10.96,123.99,019,1.7,010km S 06° E of City Of Bogo (Cebu)
13 October 2025 - 12:39 AM,11.18,124.07,024,2.0,018km N 35° E of City Of Bogo (Cebu)
13 October 2025 - 12:35 AM,11.02,123.88,002,2.4,011km S 76° W of City Of Bogo (Cebu)
13 October 2025 - 12:32 AM,11.15,124.13,006,2.3,020km N 55° E of City Of Bogo (Cebu)
13 October 2025 - 12:26 AM,09.53,126.31,022,3.1,031km N 25° E of Cortes (Surigao Del Sur)
13 October 2025 - 12:09 AM,17.57,119.99,013,2.6,042km S 89° W of City Of Vigan (Ilocos Sur)
13 October 2025 - 12:07 AM,11.15,123.97,015,2.3,012km N 05° W of City Of Bogo (Cebu)
13 October 2025 - 12:00 AM,11.14,124.16,007,2.3,022km N 63° E of City Of Bogo (Cebu)
13 October 2025 - 12:00 AM,07.39,126.82,010,3.3,037km N 57° E of Manay (Davao Oriental)
12 October 2025 - 11:52 PM,11.29,124.24,008,2.2,019km N 63° W of Villaba (Leyte)
12 October 2025 - 11:50 PM,11.04,123.96,021,3.1,002km S 68° W of City Of Bogo (Cebu)
12 October 2025 - 11:43 PM,11.15,124.13,002,2.6,021km N 55° E of City Of Bogo (Cebu)
12 October 2025 - 11:43 PM,11.17,124.08,024,2.4,017km N 38° E of City Of Bogo (Cebu)
12 October 2025 - 11:34 PM,10.12,126.24,033,2.0,021km N 59° E of Burgos (Surigao Del Norte)
12 October 2025 - 11:32 PM,07.11,127.19,025,2.5,073km S 81° E of Manay (Davao Oriental)
12 October 2025 - 11:24 PM,11.08,124.10,019,2.0,014km N 77° E of City Of Bogo (Cebu)
12 October 2025 - 11:18 PM,11.09,124.04,005,2.8,008km N 54° E of City Of Bogo (Cebu)
12 October 2025 - 11:14 PM,11.02,124.02,034,1.5,005km S 63° E of City Of Bogo (Cebu)
12 October 2025 - 11:13 PM,07.97,126.83,016,2.3,046km N 65° E of Cateel (Davao Oriental)
12 October 2025 - 11:13 PM,10.88,123.84,005,2.2,025km S 40° W of City Of Bogo (Cebu)
12 October 2025 - 11:02 PM,11.18,124.10,008,2.4,020km N 42° E of City Of Bogo (Cebu)
12 October 2025 - 11:01 PM,07.24,126.75,023,2.5,024km N 82° E of Manay (Davao Oriental)
12 October 2025 - 11:00 PM,13.78,122.80,009,1.9,004km S 14° E of Ragay (Camarines Sur)
12 October 2025 - 10:58 PM,11.23,124.01,013,1.2,020km N 08° E of City Of Bogo (Cebu)
12 October 2025 - 10:58 PM,07.23,127.00,011,3.4,051km N 88° E of Manay (Davao Oriental)
12 October 2025 - 10:53 PM,11.16,124.13,033,2.2,021km N 52° E of City Of Bogo (Cebu)
12 October 2025 - 10:48 PM,11.09,124.05,033,1.7,009km N 61° E of City Of Bogo (Cebu)
12 October 2025 - 10:43 PM,07.19,126.87,010,4.5,036km S 86° E of Manay (Davao Oriental)
12 October 2025 - 10:30 PM,16.83,120.23,013,2.6,017km S 81° W of Luna (La Union)
12 October 2025 - 10:28 PM,11.13,124.11,033,2.0,017km N 57° E of City Of Bogo (Cebu)
12 October 2025 - 10:21 PM,13.52,120.33,001,2.0,018km N 50° W of Paluan (Occidental Mindoro)
12 October 2025 - 10:06 PM,11.15,124.04,030,1.8,013km N 30° E of City Of Bogo (Cebu)
12 October 2025 - 10:04 PM,07.41,126.86,022,1.8,042km N 59° E of Manay (Davao Oriental)
12 October 2025 - 09:58 PM,14.74,119.06,029,3.0,111km S 78° W of San Antonio (Zambales)
12 October 2025 - 09:56 PM,08.95,126.33,030,1.5,005km N 42° E of Cagwait (Surigao Del Sur)
12 October 2025 - 09:51 PM,11.18,124.02,020,2.7,015km N 16° E of City Of Bogo (Cebu)
12 October 2025 - 09:45 PM,07.04,126.75,001,3.4,030km S 50° E of Manay (Davao Oriental)
12 October 2025 - 09:44 PM,11.05,124.10,033,1.3,014km N 87° E of City Of Bogo (Cebu)
12 October 2025 - 09:42 PM,11.21,124.13,028,2.1,025km N 42° E of City Of Bogo (Cebu)
12 October 2025 - 09:36 PM,07.29,127.11,057,2.5,063km N 82° E of Manay (Davao Oriental)
12 October 2025 - 09:36 PM,11.24,124.06,028,2.6,023km N 22° E of City Of Bogo (Cebu)
12 October 2025 - 09:30 PM,10.44,123.10,006,2.3,014km N 66° W of City Of Canlaon (Negros Oriental)
12 October 2025 - 09:26 PM,07.31,126.85,013,1.8,035km N 72° E of Manay (Davao Oriental)
12 October 2025 - 09:19 PM,11.25,124.14,009,2.1,028km N 38° E of City Of Bogo (Cebu)
12 October 2025 - 09:18 PM,11.14,123.97,003,1.9,011km N 07° W of City Of Bogo (Cebu)
12 October 2025 - 09:02 PM,11.21,123.78,001,2.1,028km N 51° W of City Of Bogo (Cebu)
12 October 2025 - 08:55 PM,06.52,125.93,032,2.4,022km S 49° W of Governor Generoso (Davao Oriental)
12 October 2025 - 08:40 PM,10.96,123.85,020,2.2,017km S 56° W of City Of Bogo (Cebu)
12 October 2025 - 08:39 PM,10.90,123.88,006,3.5,019km S 33° W of City Of Bogo (Cebu)
12 October 2025 - 08:35 PM,11.13,123.93,008,1.2,010km N 31° W of City Of Bogo (Cebu)
12 October 2025 - 08:19 PM,13.43,120.28,006,3.0,020km N 85° W of Paluan (Occidental Mindoro)
12 October 2025 - 08:13 PM,06.74,126.30,021,2.2,025km S 21° E of City Of Mati (Davao Oriental)
12 October 2025 - 08:10 PM,05.77,124.32,009,3.3,037km S 32° W of Maitum (Sarangani)
12 October 2025 - 08:01 PM,11.12,124.06,017,2.0,012km N 48° E of City Of Bogo (Cebu)
12 October 2025 - 07:59 PM,11.15,124.16,010,1.9,023km N 59° E of City Of Bogo (Cebu)
12 October 2025 - 07:54 PM,05.80,124.28,025,4.2,038km S 40° W of Maitum (Sarangani)
12 October 2025 - 07:45 PM,11.05,124.04,031,1.8,007km S 89° E of City Of Bogo (Cebu)
12 October 2025 - 07:41 PM,11.18,123.91,031,2.8,016km N 27° W of City Of Bogo (Cebu)
12 October 2025 - 07:37 PM,08.00,125.88,032,2.3,020km S 08° E of Loreto (Agusan Del Sur)
12 October 2025 - 07:37 PM,11.11,123.93,025,1.7,008km N 39° W of City Of Bogo (Cebu)
12 October 2025 - 07:31 PM,13.78,120.60,095,1.9,006km S 33° W of Calatagan (Batangas)
12 October 2025 - 07:15 PM,11.06,124.07,030,1.9,010km N 81° E of City Of Bogo (Cebu)
12 October 2025 - 07:06 PM,11.26,124.02,012,1.6,024km N 09° E of City Of Bogo (Cebu)
12 October 2025 - 07:02 PM,07.15,126.97,013,2.4,048km S 82° E of Manay (Davao Oriental)
12 October 2025 - 07:01 PM,11.15,124.16,012,1.9,023km N 59° E of City Of Bogo (Cebu)
12 October 2025 - 06:57 PM,11.05,124.03,019,1.7,006km S 89° E of City Of Bogo (Cebu)
12 October 2025 - 06:51 PM,08.93,126.48,026,2.2,020km N 85° E of Cagwait (Surigao Del Sur)
12 October 2025 - 06:46 PM,07.38,126.64,003,1.9,022km N 30° E of Manay (Davao Oriental)
12 October 2025 - 06:46 PM,07.43,126.31,026,1.4,023km S 57° E of New Bataan (Davao De Oro)
12 October 2025 - 06:33 PM,06.05,126.73,035,3.7,098km S 48° E of Governor Generoso (Davao Oriental)
12 October 2025 - 06:27 PM,07.29,126.94,014,3.3,045km N 79° E of Manay (Davao Oriental)
12 October 2025 - 06:03 PM,11.16,123.99,020,2.1,012km N 08° E of City Of Bogo (Cebu)
12 October 2025 - 05:59 PM,11.24,123.94,015,2.2,022km N 12° W of City Of Bogo (Cebu)
12 October 2025 - 05:51 PM,11.10,124.12,001,3.6,016km N 69° E of City Of Bogo (Cebu)
12 October 2025 - 05:44 PM,08.98,126.32,029,4.0,008km N 18° E of Cagwait (Surigao Del Sur)
12 October 2025 - 05:35 PM,07.34,126.62,010,2.4,017km N 31° E of Manay (Davao Oriental)
12 October 2025 - 05:15 PM,07.17,126.86,020,2.8,036km S 83° E of Manay (Davao Oriental)
12 October 2025 - 05:07 PM,07.24,126.97,026,3.3,048km N 87° E of Manay (Davao Oriental)
12 October 2025 - 04:58 PM,16.57,120.22,020,2.4,012km S 62° W of City Of San Fernando (La Union)
12 October 2025 - 04:37 PM,07.32,126.87,028,2.9,038km N 71° E of Manay (Davao Oriental)
12 October 2025 - 04:33 PM,06.77,126.94,023,2.6,066km S 42° E of Manay (Davao Oriental)
12 October 2025 - 04:30 PM,07.02,126.98,020,3.2,052km S 67° E of Manay (Davao Oriental)
12 October 2025 - 04:30 PM,10.45,123.00,003,2.4,009km N 74° E of City Of La Carlota (Negros Occidental)
12 October 2025 - 04:27 PM,07.24,126.81,026,3.3,031km N 83° E of Manay (Davao Oriental)
12 October 2025 - 04:20 PM,11.04,124.07,003,2.3,010km S 87° E of City Of Bogo (Cebu)
12 October 2025 - 04:04 PM,07.34,127.00,013,2.4,052km N 75° E of Manay (Davao Oriental)
12 October 2025 - 03:48 PM,11.19,124.14,034,1.5,024km N 48° E of City Of Bogo (Cebu)
12 October 2025 - 03:41 PM,11.25,124.10,009,2.9,027km N 31° E of City Of Bogo (Cebu)
12 October 2025 - 03:40 PM,11.21,124.15,009,2.3,026km N 45° E of City Of Bogo (Cebu)
12 October 2025 - 03:35 PM,11.17,124.18,034,2.1,026km N 58° E of City Of Bogo (Cebu)
12 October 2025 - 03:22 PM,07.25,126.81,005,2.5,031km N 81° E of Manay (Davao Oriental)
12 October 2025 - 02:56 PM,08.82,127.31,012,4.0,112km S 85° E of Cagwait (Surigao Del Sur)
12 October 2025 - 02:50 PM,10.74,125.38,068,2.8,034km N 45° E of Silago (Southern Leyte)
12 October 2025 - 02:45 PM,07.24,126.63,023,2.2,011km N 75° E of Manay (Davao Oriental)
12 October 2025 - 02:36 PM,11.33,124.16,022,2.0,037km N 32° E of City Of Bogo (Cebu)
12 October 2025 - 02:27 PM,20.65,121.51,022,2.9,038km S 65° W of Itbayat (Batanes)
12 October 2025 - 02:13 PM,07.63,126.44,122,2.0,015km N 64° W of Baganga (Davao Oriental)
12 October 2025 - 02:10 PM,11.10,124.04,032,2.0,009km N 46° E of City Of Bogo (Cebu)
12 October 2025 - 02:08 PM,10.93,123.97,009,1.7,013km S 04° W of City Of Bogo (Cebu)
12 October 2025 - 01:48 PM,07.25,127.07,018,3.5,059km N 85° E of Manay (Davao Oriental)
12 October 2025 - 01:35 PM,10.90,123.94,002,2.8,017km S 16° W of City Of Bogo (Cebu)
12 October 2025 - 01:29 PM,07.05,126.93,023,3.4,047km S 68° E of Manay (Davao Oriental)
12 October 2025 - 01:26 PM,13.67,120.64,118,2.0,018km S 01° E of Calatagan (Batangas)
12 October 2025 - 01:24 PM,10.51,123.10,015,1.9,029km S 84° E of City Of Bago (Negros Occidental)
12 October 2025 - 01:19 PM,11.18,124.10,033,2.2,020km N 41° E of City Of Bogo (Cebu)
12 October 2025 - 12:59 PM,07.11,126.64,033,2.8,015km S 44° E of Manay (Davao Oriental)
12 October 2025 - 11:44 AM,13.43,120.58,024,1.6,013km N 86° E of Paluan (Occidental Mindoro)
12 October 2025 - 11:37 AM,07.07,126.84,008,3.1,037km S 65° E of Manay (Davao Oriental)
12 October 2025 - 11:21 AM,07.05,127.15,006,2.8,070km S 75° E of Manay (Davao Oriental)
12 October 2025 - 11:16 AM,11.30,123.86,013,2.9,031km N 24° W of City Of Bogo (Cebu)
12 October 2025 - 10:59 AM,07.12,127.12,023,2.9,065km S 81° E of Manay (Davao Oriental)
12 October 2025 - 10:49 AM,11.10,124.15,033,1.9,020km N 74° E of City Of Bogo (Cebu)
12 October 2025 - 10:37 AM,06.49,125.89,028,2.4,027km S 48° W of Governor Generoso (Davao Oriental)
12 October 2025 - 10:27 AM,07.85,126.77,014,2.5,036km N 80° E of Cateel (Davao Oriental)
12 October 2025 - 10:23 AM,13.64,120.20,015,2.2,011km S 30° W of Looc (Occidental Mindoro)
12 October 2025 - 10:04 AM,11.07,124.08,007,2.1,012km N 77° E of City Of Bogo (Cebu)
12 October 2025 - 09:48 AM,07.07,126.86,028,2.6,039km S 66° E of Manay (Davao Oriental)
12 October 2025 - 09:25 AM,07.13,127.00,025,3.6,052km S 79° E of Manay (Davao Oriental)
12 October 2025 - 09:01 AM,13.99,120.52,114,1.7,015km S 50° W of Nasugbu (Batangas)
12 October 2025 - 08:59 AM,11.12,124.07,011,2.2,013km N 52° E of City Of Bogo (Cebu)
12 October 2025 - 08:47 AM,07.37,127.04,009,2.9,053km N 84° E of Caraga (Davao Oriental)
12 October 2025 - 08:45 AM,09.80,126.61,008,3.5,049km N 88° E of General Luna (Surigao Del Norte)
12 October 2025 - 08:45 AM,11.12,124.04,030,2.2,011km N 40° E of City Of Bogo (Cebu)
12 October 2025 - 08:38 AM,07.21,127.01,018,2.2,052km S 89° E of Manay (Davao Oriental)
12 October 2025 - 08:34 AM,08.48,126.29,074,2.8,014km N 24° W of Hinatuan (Surigao Del Sur)
12 October 2025 - 08:32 AM,11.11,124.08,033,1.9,013km N 58° E of City Of Bogo (Cebu)
12 October 2025 - 08:03 AM,11.01,124.11,005,2.8,014km S 73° E of City Of Bogo (Cebu)
12 October 2025 - 07:56 AM,07.95,127.60,014,3.5,122km N 70° E of Baganga (Davao Oriental)
12 October 2025 - 07:36 AM,11.14,124.09,009,2.3,016km N 49° E of City Of Bogo (Cebu)
12 October 2025 - 07:35 AM,15.00,119.78,010,3.0,032km S 77° W of San Felipe (Zambales)
12 October 2025 - 07:21 AM,11.02,123.91,002,2.4,008km S 66° W of City Of Bogo (Cebu)
12 October 2025 - 07:20 AM,07.16,126.90,027,2.3,040km S 83° E of Manay (Davao Oriental)
12 October 2025 - 07:16 AM,11.15,124.07,008,2.3,015km N 41° E of City Of Bogo (Cebu)
12 October 2025 - 07:11 AM,13.11,120.59,027,3.0,013km S 01° W of Mamburao (Occidental Mindoro)
12 October 2025 - 07:04 AM,03.69,126.40,014,4.1,219km S 30° E of Balut Island (Municipality Of Sarangani) (Davao Occidental)
12 October 2025 - 07:02 AM,11.05,124.01,002,2.2,004km S 51° E of City Of Bogo (Cebu)
12 October 2025 - 07:00 AM,07.69,126.59,017,1.8,013km N 13° E of Baganga (Davao Oriental)
12 October 2025 - 06:53 AM,07.30,126.74,020,2.6,025km N 66° E of Manay (Davao Oriental)
12 October 2025 - 06:50 AM,07.22,126.80,025,2.3,029km N 88° E of Manay (Davao Oriental)
12 October 2025 - 06:48 AM,08.92,126.65,034,1.8,038km N 90° E of Cagwait (Surigao Del Sur)
12 October 2025 - 06:37 AM,07.21,127.01,032,1.4,052km N 90° E of Manay (Davao Oriental)
12 October 2025 - 06:34 AM,07.35,127.36,019,2.8,092km N 80° E of Manay (Davao Oriental)
12 October 2025 - 06:18 AM,07.31,127.08,011,2.1,061km N 80° E of Manay (Davao Oriental)
12 October 2025 - 06:04 AM,07.27,127.04,015,2.8,056km N 83° E of Manay (Davao Oriental)
12 October 2025 - 05:56 AM,07.26,126.83,021,2.3,032km N 80° E of Manay (Davao Oriental)
12 October 2025 - 05:55 AM,11.04,124.04,023,1.6,007km S 83° E of City Of Bogo (Cebu)
12 October 2025 - 05:52 AM,07.11,127.14,045,1.8,067km S 80° E of Manay (Davao Oriental)
12 October 2025 - 05:49 AM,07.43,127.23,077,2.8,080km N 73° E of Manay (Davao Oriental)
12 October 2025 - 05:38 AM,11.08,124.05,005,3.0,008km N 62° E of City Of Bogo (Cebu)
12 October 2025 - 05:34 AM,11.10,124.10,021,2.3,014km N 65° E of City Of Bogo (Cebu)
12 October 2025 - 05:24 AM,11.15,123.98,027,1.4,012km N 02° E of City Of Bogo (Cebu)
12 October 2025 - 05:21 AM,11.55,124.33,023,1.6,008km S 76° W of Naval (Biliran)
12 October 2025 - 05:16 AM,07.54,126.69,025,1.8,040km N 24° E of Manay (Davao Oriental)
12 October 2025 - 05:14 AM,11.12,124.02,033,2.0,010km N 27° E of City Of Bogo (Cebu)
12 October 2025 - 05:04 AM,07.06,126.98,024,4.8,052km S 71° E of Manay (Davao Oriental)
12 October 2025 - 05:03 AM,07.28,127.42,095,2.7,097km N 86° E of Manay (Davao Oriental)
12 October 2025 - 04:56 AM,07.72,126.85,003,2.8,036km N 63° E of Baganga (Davao Oriental)
12 October 2025 - 04:48 AM,11.22,124.15,041,2.0,026km N 46° E of City Of Bogo (Cebu)
12 October 2025 - 04:42 AM,07.20,126.93,010,3.0,043km S 89° E of Manay (Davao Oriental)
12 October 2025 - 04:40 AM,07.14,126.81,023,2.1,031km S 75° E of Manay (Davao Oriental)
12 October 2025 - 04:39 AM,10.95,123.81,033,1.8,022km S 62° W of City Of Bogo (Cebu)
12 October 2025 - 04:35 AM,07.13,126.79,024,3.7,029km S 72° E of Manay (Davao Oriental)
12 October 2025 - 04:29 AM,19.26,121.12,032,2.4,019km N 28° W of Dalupiri Island (Calayan) (Cagayan)
12 October 2025 - 04:29 AM,11.22,123.99,011,2.6,019km N 04° E of City Of Bogo (Cebu)
12 October 2025 - 04:23 AM,11.17,124.00,021,1.8,014km N 09° E of City Of Bogo (Cebu)
12 October 2025 - 04:20 AM,11.11,124.01,024,1.6,008km N 24° E of City Of Bogo (Cebu)
12 October 2025 - 04:19 AM,17.65,120.59,009,2.8,007km N 29° W of Bangued (Abra)
12 October 2025 - 04:12 AM,07.02,126.98,022,2.6,053km S 66° E of Manay (Davao Oriental)
12 October 2025 - 04:09 AM,10.94,124.01,031,2.1,012km S 15° E of City Of Bogo (Cebu)
12 October 2025 - 04:07 AM,11.09,124.01,022,2.2,006km N 36° E of City Of Bogo (Cebu)
12 October 2025 - 03:57 AM,07.28,126.66,021,1.6,015km N 61° E of Manay (Davao Oriental)
12 October 2025 - 03:54 AM,07.29,126.71,033,2.5,021km N 66° E of Manay (Davao Oriental)
12 October 2025 - 03:50 AM,07.01,127.11,002,3.4,067km S 70° E of Manay (Davao Oriental)
12 October 2025 - 03:49 AM,07.23,126.88,015,1.7,037km N 87° E of Manay (Davao Oriental)
12 October 2025 - 03:45 AM,07.33,126.68,004,2.4,020km N 51° E of Manay (Davao Oriental)
12 October 2025 - 03:43 AM,11.15,124.01,016,2.0,012km N 14° E of City Of Bogo (Cebu)
12 October 2025 - 03:41 AM,07.36,126.54,006,2.4,017km N 01° E of Manay (Davao Oriental)
12 October 2025 - 03:33 AM,07.34,126.83,027,2.6,035km N 66° E of Manay (Davao Oriental)
12 October 2025 - 03:28 AM,07.31,126.96,025,4.8,047km N 77° E of Manay (Davao Oriental)
12 October 2025 - 03:28 AM,17.33,120.89,014,1.5,009km S 54° E of Boliney (Abra)
12 October 2025 - 03:27 AM,09.03,126.50,028,2.7,025km N 60° E of Cagwait (Surigao Del Sur)
12 October 2025 - 03:25 AM,12.98,124.49,014,2.4,033km S 79° E of Prieto Diaz (Sorsogon)
12 October 2025 - 03:25 AM,07.13,127.00,018,1.7,051km S 81° E of Manay (Davao Oriental)
12 October 2025 - 03:25 AM,07.13,127.00,018,1.7,051km S 81° E of Manay (Davao Oriental)
12 October 2025 - 03:23 AM,07.49,126.73,029,1.9,038km N 34° E of Manay (Davao Oriental)
12 October 2025 - 03:18 AM,08.92,126.47,020,2.7,019km S 89° E of Cagwait (Surigao Del Sur)
12 October 2025 - 03:15 AM,07.08,127.04,031,1.6,057km S 75° E of Manay (Davao Oriental)
12 October 2025 - 03:05 AM,07.32,126.58,002,3.0,013km N 22° E of Manay (Davao Oriental)
12 October 2025 - 03:00 AM,07.22,127.09,011,3.5,060km N 89° E of Manay (Davao Oriental)
12 October 2025 - 02:59 AM,08.06,126.59,032,1.5,019km N 82° E of Lingig (Surigao Del Sur)
12 October 2025 - 02:56 AM,07.07,126.76,023,2.5,029km S 56° E of Manay (Davao Oriental)
12 October 2025 - 02:51 AM,07.04,127.19,032,2.0,074km S 75° E of Manay (Davao Oriental)
12 October 2025 - 02:47 AM,07.22,126.87,031,2.3,036km N 88° E of Manay (Davao Oriental)
12 October 2025 - 02:44 AM,11.05,124.03,003,2.9,006km S 89° E of City Of Bogo (Cebu)
12 October 2025 - 02:43 AM,07.11,126.86,011,2.0,037km S 72° E of Manay (Davao Oriental)
12 October 2025 - 02:38 AM,06.97,126.81,027,3.5,040km S 48° E of Manay (Davao Oriental)
12 October 2025 - 02:34 AM,06.78,127.04,002,3.6,073km S 50° E of Manay (Davao Oriental)
12 October 2025 - 02:32 AM,10.97,123.86,002,2.2,015km S 59° W of City Of Bogo (Cebu)
12 October 2025 - 02:24 AM,11.18,124.06,025,1.8,017km N 31° E of City Of Bogo (Cebu)
12 October 2025 - 02:16 AM,07.08,127.00,012,3.4,053km S 74° E of Manay (Davao Oriental)
12 October 2025 - 02:14 AM,13.29,120.59,042,2.2,007km N 03° W of Mamburao (Occidental Mindoro)
12 October 2025 - 02:12 AM,07.34,126.84,028,1.6,036km N 67° E of Manay (Davao Oriental)
12 October 2025 - 02:12 AM,07.28,126.63,020,1.3,013km N 53° E of Manay (Davao Oriental)
12 October 2025 - 02:11 AM,11.08,124.05,029,2.1,008km N 63° E of City Of Bogo (Cebu)
12 October 2025 - 02:05 AM,11.01,123.99,016,2.2,004km S 13° E of City Of Bogo (Cebu)
12 October 2025 - 02:02 AM,08.04,126.80,008,2.4,042km N 89° E of Lingig (Surigao Del Sur)
12 October 2025 - 02:01 AM,08.98,126.50,026,1.7,023km N 74° E of Cagwait (Surigao Del Sur)
12 October 2025 - 01:57 AM,07.22,126.23,018,1.7,016km S 45° E of Maragusan (Davao De Oro)
12 October 2025 - 02:01 AM,08.98,126.50,026,1.7,023km N 74° E of Cagwait (Surigao Del Sur)
12 October 2025 - 01:56 AM,07.21,126.89,020,1.7,039km S 90° E of Manay (Davao Oriental)
12 October 2025 - 01:56 AM,18.13,120.50,032,2.2,009km N 19° W of Paoay (Ilocos Norte)
12 October 2025 - 01:51 AM,07.03,127.10,010,3.7,065km S 72° E of Manay (Davao Oriental)
12 October 2025 - 01:49 AM,07.33,126.71,020,1.8,023km N 55° E of Manay (Davao Oriental)
12 October 2025 - 01:39 AM,07.06,126.91,007,3.7,044km S 68° E of Manay (Davao Oriental)
12 October 2025 - 01:34 AM,07.17,127.00,012,1.7,051km S 86° E of Manay (Davao Oriental)
12 October 2025 - 01:31 AM,07.38,127.04,020,2.2,058km N 71° E of Manay (Davao Oriental)
12 October 2025 - 01:24 AM,07.14,126.98,023,2.0,049km S 80° E of Manay (Davao Oriental)
12 October 2025 - 01:24 AM,07.14,126.98,023,2.0,049km S 80° E of Manay (Davao Oriental)
12 October 2025 - 01:22 AM,07.38,126.93,005,3.4,047km N 66° E of Manay (Davao Oriental)
12 October 2025 - 01:19 AM,07.25,126.81,034,1.7,030km N 81° E of Manay (Davao Oriental)
12 October 2025 - 01:09 AM,07.20,126.92,024,2.1,042km S 88° E of Manay (Davao Oriental)
12 October 2025 - 01:07 AM,07.40,127.03,020,2.9,058km N 69° E of Manay (Davao Oriental)
12 October 2025 - 01:05 AM,07.50,126.99,015,3.2,060km N 58° E of Manay (Davao Oriental)
12 October 2025 - 01:02 AM,07.04,126.90,010,4.0,045km S 64° E of Manay (Davao Oriental)
12 October 2025 - 12:58 AM,08.94,126.51,026,2.1,023km N 85° E of Cagwait (Surigao Del Sur)
12 October 2025 - 12:53 AM,17.74,120.61,010,2.6,008km N 50° W of Danglas (Abra)
12 October 2025 - 12:48 AM,07.22,126.37,033,1.6,019km N 87° W of Manay (Davao Oriental)
12 October 2025 - 12:45 AM,07.37,126.71,033,1.8,026km N 46° E of Manay (Davao Oriental)
12 October 2025 - 12:43 AM,17.74,120.64,008,3.0,006km N 28° W of Danglas (Abra)
12 October 2025 - 12:43 AM,07.52,126.77,028,2.4,043km N 37° E of Manay (Davao Oriental)
12 October 2025 - 12:39 AM,17.55,120.49,008,2.4,003km N 83° W of San Quintin (Abra)
12 October 2025 - 12:35 AM,07.19,127.00,012,3.7,051km S 87° E of Manay (Davao Oriental)
12 October 2025 - 12:32 AM,08.18,126.23,010,1.8,010km S 66° W of City Of Bislig (Surigao Del Sur)
12 October 2025 - 12:29 AM,10.94,123.89,025,2.0,015km S 42° W of City Of Bogo (Cebu)
12 October 2025 - 12:24 AM,07.28,126.92,031,3.0,043km N 80° E of Manay (Davao Oriental)
12 October 2025 - 12:20 AM,07.08,126.96,026,2.3,049km S 72° E of Manay (Davao Oriental)
12 October 2025 - 12:14 AM,07.23,126.99,015,2.8,050km N 87° E of Manay (Davao Oriental)
11 October 2025 - 11:59 PM,07.14,126.76,031,2.5,026km S 72° E of Manay (Davao Oriental)
11 October 2025 - 11:57 PM,07.13,126.73,029,2.0,023km S 66° E of Manay (Davao Oriental)
11 October 2025 - 11:56 PM,08.82,126.46,030,3.1,020km S 56° E of Cagwait (Surigao Del Sur)
11 October 2025 - 11:51 PM,11.16,124.15,010,3.0,023km N 56° E of City Of Bogo (Cebu)
11 October 2025 - 11:48 PM,07.53,126.75,030,3.0,043km N 33° E of Manay (Davao Oriental)
11 October 2025 - 11:47 PM,20.22,121.77,008,3.2,017km S 41° W of Sabtang (Batanes)
11 October 2025 - 11:42 PM,09.02,126.20,059,2.5,016km N 45° W of Cagwait (Surigao Del Sur)
11 October 2025 - 11:39 PM,11.11,123.95,008,3.0,008km N 26° W of City Of Bogo (Cebu)
11 October 2025 - 11:24 PM,08.91,126.52,021,2.0,024km S 88° E of Cagwait (Surigao Del Sur)
11 October 2025 - 11:23 PM,07.11,126.50,043,2.0,011km S 20° W of Manay (Davao Oriental)
11 October 2025 - 11:14 PM,10.79,122.79,015,1.7,009km S 67° E of Dumangas (Iloilo)
11 October 2025 - 11:05 PM,06.32,127.37,041,3.0,135km S 43° E of Manay (Davao Oriental)
11 October 2025 - 11:01 PM,08.93,126.45,021,2.2,016km N 86° E of Cagwait (Surigao Del Sur)
11 October 2025 - 11:00 PM,07.22,126.81,027,2.8,030km N 87° E of Manay (Davao Oriental)
11 October 2025 - 10:56 PM,08.96,126.39,031,2.5,010km N 67° E of Cagwait (Surigao Del Sur)
11 October 2025 - 10:52 PM,08.89,126.84,048,1.6,060km S 87° E of Cagwait (Surigao Del Sur)
11 October 2025 - 10:45 PM,08.90,126.33,033,1.5,004km S 57° E of Cagwait (Surigao Del Sur)
11 October 2025 - 10:44 PM,08.49,126.43,021,3.2,017km N 36° E of Hinatuan (Surigao Del Sur)
11 October 2025 - 10:42 PM,08.91,126.43,025,3.2,015km S 85° E of Cagwait (Surigao Del Sur)
11 October 2025 - 10:40 PM,08.86,126.52,024,1.9,025km S 75° E of Cagwait (Surigao Del Sur)
11 October 2025 - 10:32 PM,08.94,126.55,024,6.0,028km N 86° E of Cagwait (Surigao Del Sur)
11 October 2025 - 10:27 PM,11.12,124.00,033,1.2,008km N 15° E of City Of Bogo (Cebu)
11 October 2025 - 10:23 PM,07.25,126.73,030,2.1,022km N 77° E of Manay (Davao Oriental)
11 October 2025 - 10:23 PM,07.05,126.62,024,2.0,019km East of Tarragona (Davao Oriental)
11 October 2025 - 10:22 PM,07.10,126.81,030,1.7,032km S 67° E of Manay (Davao Oriental)
11 October 2025 - 10:09 PM,07.24,126.85,023,2.2,035km N 84° E of Manay (Davao Oriental)
11 October 2025 - 10:09 PM,07.24,126.85,023,2.2,035km N 84° E of Manay (Davao Oriental)
11 October 2025 - 10:04 PM,06.92,126.84,012,1.8,046km S 46° E of Manay (Davao Oriental)
11 October 2025 - 09:55 PM,10.57,125.20,200,4.4,006km N 39° E of Silago (Southern Leyte)
11 October 2025 - 09:53 PM,07.35,126.86,030,1.8,038km N 67° E of Manay (Davao Oriental)
11 October 2025 - 09:49 PM,07.95,126.83,010,3.8,045km N 66° E of Cateel (Davao Oriental)
11 October 2025 - 09:46 PM,11.24,124.00,032,2.8,022km N 07° E of City Of Bogo (Cebu)
11 October 2025 - 09:45 PM,07.22,127.02,010,3.7,053km N 88° E of Manay (Davao Oriental)
11 October 2025 - 09:42 PM,06.98,126.94,014,2.9,051km S 60° E of Manay (Davao Oriental)
11 October 2025 - 09:39 PM,07.11,126.86,022,1.9,038km S 72° E of Manay (Davao Oriental)
11 October 2025 - 09:38 PM,06.89,126.89,025,2.2,052km S 48° E of Manay (Davao Oriental)
11 October 2025 - 09:35 PM,11.02,124.04,010,2.3,008km S 71° E of City Of Bogo (Cebu)
11 October 2025 - 09:33 PM,10.93,124.09,015,1.7,018km S 45° E of City Of Bogo (Cebu)
11 October 2025 - 09:29 PM,11.05,124.01,016,2.4,003km N 88° E of City Of Bogo (Cebu)
11 October 2025 - 09:26 PM,07.22,126.88,013,3.1,038km N 89° E of Manay (Davao Oriental)
11 October 2025 - 09:16 PM,11.03,124.08,007,2.7,011km S 81° E of City Of Bogo (Cebu)
11 October 2025 - 09:13 PM,07.27,126.95,028,2.7,046km N 82° E of Manay (Davao Oriental)
11 October 2025 - 09:06 PM,07.27,126.79,022,2.2,029km N 77° E of Manay (Davao Oriental)
11 October 2025 - 09:04 PM,07.20,126.94,019,2.4,044km S 89° E of Manay (Davao Oriental)
11 October 2025 - 09:01 PM,07.17,126.83,015,1.8,033km S 83° E of Manay (Davao Oriental)
11 October 2025 - 08:56 PM,06.81,127.08,002,2.5,074km S 53° E of Manay (Davao Oriental)
11 October 2025 - 08:55 PM,07.29,126.87,021,1.9,022km N 65° E of Manay (Davao Oriental)
11 October 2025 - 08:52 PM,07.23,126.69,020,1.5,017km N 82° E of Manay (Davao Oriental)
11 October 2025 - 08:52 PM,07.47,126.53,033,1.2,029km N 03° W of Manay (Davao Oriental)
11 October 2025 - 08:47 PM,06.78,127.33,010,4.7,099km S 61° E of Manay (Davao Oriental)
11 October 2025 - 08:46 PM,11.10,124.08,005,3.0,013km N 62° E of City Of Bogo (Cebu)
11 October 2025 - 08:45 PM,07.22,126.89,023,3.0,038km N 89° E of Manay (Davao Oriental)
11 October 2025 - 08:41 PM,06.53,127.38,045,3.9,120km S 51° E of Manay (Davao Oriental)
11 October 2025 - 08:38 PM,11.00,124.06,002,1.9,011km S 58° E of City Of Bogo (Cebu)
11 October 2025 - 08:33 PM,07.29,126.61,031,1.9,011km N 41° E of Manay (Davao Oriental)
11 October 2025 - 08:25 PM,06.82,126.91,022,2.6,059km S 44° E of Manay (Davao Oriental)
11 October 2025 - 08:19 PM,06.83,127.15,004,4.0,080km S 58° E of Manay (Davao Oriental)
11 October 2025 - 08:17 PM,07.27,126.41,032,1.5,015km N 66° W of Manay (Davao Oriental)
11 October 2025 - 08:16 PM,06.76,126.87,030,3.4,061km S 36° E of Manay (Davao Oriental)
11 October 2025 - 08:16 PM,07.27,126.87,031,2.4,037km N 80° E of Manay (Davao Oriental)
11 October 2025 - 08:14 PM,07.28,126.93,028,2.7,044km N 80° E of Manay (Davao Oriental)
11 October 2025 - 08:02 PM,06.83,127.12,002,3.7,077km S 57° E of Manay (Davao Oriental)
11 October 2025 - 08:02 PM,11.13,123.94,012,2.0,010km N 22° W of City Of Bogo (Cebu)
11 October 2025 - 07:59 PM,06.82,127.13,006,3.6,079km S 57° E of Manay (Davao Oriental)
11 October 2025 - 07:54 PM,06.96,127.24,005,3.9,081km S 70° E of Manay (Davao Oriental)
11 October 2025 - 07:51 PM,07.21,127.02,010,3.9,053km S 89° E of Manay (Davao Oriental)
11 October 2025 - 07:49 PM,07.33,126.83,030,1.6,035km N 67° E of Manay (Davao Oriental)
11 October 2025 - 07:48 PM,11.07,123.96,003,2.6,003km N 31° W of City Of Bogo (Cebu)
11 October 2025 - 07:44 PM,07.31,126.84,024,2.1,035km N 71° E of Manay (Davao Oriental)
11 October 2025 - 07:34 PM,07.19,127.05,003,2.9,057km S 87° E of Manay (Davao Oriental)
11 October 2025 - 07:28 PM,11.11,124.17,033,2.6,022km N 72° E of City Of Bogo (Cebu)
11 October 2025 - 07:28 PM,06.86,126.92,036,1.7,057km S 47° E of Manay (Davao Oriental)
11 October 2025 - 07:20 PM,06.89,126.99,013,2.9,061km S 54° E of Manay (Davao Oriental)
11 October 2025 - 07:16 PM,06.92,126.92,011,3.1,053km S 52° E of Manay (Davao Oriental)
11 October 2025 - 07:13 PM,07.18,126.95,033,1.7,046km S 86° E of Manay (Davao Oriental)
11 October 2025 - 07:13 PM,07.18,126.95,033,1.7,046km S 86° E of Manay (Davao Oriental)
11 October 2025 - 07:12 PM,14.02,120.53,110,1.6,013km S 61° W of Nasugbu (Batangas)
11 October 2025 - 07:10 PM,07.21,126.64,020,2.0,011km S 87° E of Manay (Davao Oriental)
11 October 2025 - 07:11 PM,08.19,127.27,011,1.8,096km N 80° E of Lingig (Surigao Del Sur)
11 October 2025 - 07:06 PM,07.29,126.87,028,2.2,037km N 76° E of Manay (Davao Oriental)
11 October 2025 - 07:04 PM,07.24,126.66,013,2.1,014km N 77° E of Manay (Davao Oriental)
11 October 2025 - 06:59 PM,07.13,126.88,014,3.6,038km S 76° E of Manay (Davao Oriental)
11 October 2025 - 06:58 PM,07.30,126.83,024,1.8,034km N 73° E of Manay (Davao Oriental)
11 October 2025 - 06:53 PM,07.27,126.71,016,2.1,020km N 71° E of Manay (Davao Oriental)
11 October 2025 - 06:51 PM,11.12,124.15,002,1.8,021km N 66° E of City Of Bogo (Cebu)
11 October 2025 - 06:47 PM,07.29,126.88,025,3.1,038km N 76° E of Manay (Davao Oriental)
11 October 2025 - 06:43 PM,07.14,126.88,002,2.5,039km S 79° E of Manay (Davao Oriental)
11 October 2025 - 06:39 PM,10.98,123.87,015,2.9,014km S 57° W of City Of Bogo (Cebu)
11 October 2025 - 06:35 PM,07.26,126.82,018,3.8,031km N 81° E of Manay (Davao Oriental)
11 October 2025 - 06:27 PM,07.23,126.91,018,5.5,041km N 87° E of Manay (Davao Oriental)
11 October 2025 - 06:15 PM,15.29,120.26,099,2.7,025km S 89° E of Botolan (Zambales)
11 October 2025 - 05:57 PM,07.14,127.01,022,2.0,053km S 82° E of Manay (Davao Oriental)
11 October 2025 - 05:43 PM,20.02,121.65,043,2.4,041km S 34° W of Sabtang (Batanes)
11 October 2025 - 05:42 PM,07.08,127.00,013,3.0,053km S 74° E of Manay (Davao Oriental)
11 October 2025 - 05:35 PM,11.13,123.91,006,1.7,012km N 36° W of City Of Bogo (Cebu)
11 October 2025 - 05:32 PM,15.24,120.23,112,5.1,022km S 77° E of Botolan (Zambales)
11 October 2025 - 05:26 PM,07.31,127.04,016,2.9,057km N 79° E of Manay (Davao Oriental)
11 October 2025 - 05:25 PM,10.89,123.95,009,2.8,018km S 10° W of City Of Bogo (Cebu)
11 October 2025 - 05:20 PM,07.00,127.04,006,3.6,060km S 67° E of Manay (Davao Oriental)
11 October 2025 - 05:20 PM,07.00,127.04,006,3.6,060km S 67° E of Manay (Davao Oriental)
11 October 2025 - 05:09 PM,07.42,126.47,036,1.8,025km N 18° W of Manay (Davao Oriental)
11 October 2025 - 05:06 PM,07.16,126.70,018,1.7,019km S 72° E of Manay (Davao Oriental)
11 October 2025 - 04:55 PM,07.46,125.81,016,2.1,003km N 38° W of City Of Tagum (Davao Del Norte)
11 October 2025 - 04:53 PM,07.44,127.18,019,3.1,076km N 70° E of Manay (Davao Oriental)
11 October 2025 - 04:51 PM,07.28,126.65,017,2.5,014km N 55° E of Manay (Davao Oriental)
11 October 2025 - 04:41 PM,06.72,127.15,019,3.6,087km S 51° E of Manay (Davao Oriental)
11 October 2025 - 04:38 PM,11.13,124.11,002,2.0,018km N 56° E of City Of Bogo (Cebu)
11 October 2025 - 04:25 PM,07.03,126.82,025,2.9,037km S 58° E of Manay (Davao Oriental)
11 October 2025 - 04:12 PM,12.52,124.69,033,2.7,007km N 69° E of Catarman (Northern Samar)
11 October 2025 - 04:04 PM,08.16,127.04,007,3.0,070km N 79° E of Lingig (Surigao Del Sur)
11 October 2025 - 04:03 PM,10.99,123.82,002,1.4,018km S 70° W of City Of Bogo (Cebu)
11 October 2025 - 03:36 PM,10.96,124.00,028,1.7,010km S 12° E of City Of Bogo (Cebu)
11 October 2025 - 03:36 PM,10.90,124.01,038,1.5,017km S 13° E of City Of Bogo (Cebu)
11 October 2025 - 03:31 PM,07.12,126.81,026,1.9,032km S 71° E of Manay (Davao Oriental)
11 October 2025 - 03:25 PM,07.18,126.98,008,2.7,049km S 86° E of Manay (Davao Oriental)
11 October 2025 - 03:24 PM,10.97,123.91,002,1.8,011km S 42° W of City Of Bogo (Cebu)
11 October 2025 - 03:22 PM,07.41,126.77,027,2.6,034km N 49° E of Manay (Davao Oriental)
11 October 2025 - 03:21 PM,11.24,124.03,030,1.9,022km N 16° E of City Of Bogo (Cebu)
11 October 2025 - 03:19 PM,10.87,123.82,003,2.1,027km S 42° W of City Of Bogo (Cebu)
11 October 2025 - 03:14 PM,11.14,124.14,016,2.6,020km N 59° E of City Of Bogo (Cebu)
11 October 2025 - 03:06 PM,07.10,127.14,022,2.5,067km S 80° E of Manay (Davao Oriental)
11 October 2025 - 03:02 PM,07.05,127.14,003,4.3,068km S 75° E of Manay (Davao Oriental)
11 October 2025 - 02:51 PM,07.12,126.83,017,2.1,034km S 72° E of Manay (Davao Oriental)
11 October 2025 - 02:44 PM,07.20,126.97,020,2.3,048km S 89° E of Manay (Davao Oriental)
11 October 2025 - 02:40 PM,07.42,126.82,025,1.2,038km N 53° E of Manay (Davao Oriental)
11 October 2025 - 02:36 PM,07.28,126.56,016,2.2,009km N 17° E of Manay (Davao Oriental)
11 October 2025 - 02:17 PM,13.83,119.98,019,2.3,016km S 80° W of Lubang (Occidental Mindoro)
11 October 2025 - 02:17 PM,07.05,126.82,020,3.3,036km S 61° E of Manay (Davao Oriental)
11 October 2025 - 02:16 PM,07.04,126.97,033,1.5,051km S 68° E of Manay (Davao Oriental)
11 October 2025 - 02:14 PM,07.61,126.44,064,1.0,014km N 72° W of Baganga (Davao Oriental)
11 October 2025 - 02:09 PM,11.15,124.01,029,1.4,012km N 16° E of City Of Bogo (Cebu)
11 October 2025 - 02:09 PM,06.87,126.90,013,2.8,055km S 46° E of Manay (Davao Oriental)
11 October 2025 - 02:08 PM,11.18,124.07,010,1.7,018km N 33° E of City Of Bogo (Cebu)
11 October 2025 - 02:05 PM,10.86,123.95,002,2.3,023km S 06° W of City Of Bogo (Cebu)
11 October 2025 - 01:54 PM,09.93,122.05,002,2.6,045km N 66° W of City Of Sipalay (Negros Occidental)
11 October 2025 - 01:54 PM,07.35,126.89,032,1.8,042km N 68° E of Manay (Davao Oriental)
11 October 2025 - 01:54 PM,07.35,126.89,032,1.8,042km N 68° E of Manay (Davao Oriental)
11 October 2025 - 01:51 PM,07.16,126.79,027,2.9,028km S 79° E of Manay (Davao Oriental)
11 October 2025 - 01:46 PM,07.26,126.92,014,2.4,043km N 83° E of Manay (Davao Oriental)
11 October 2025 - 01:43 PM,07.97,127.15,019,3.6,078km N 56° E of Baganga (Davao Oriental)
11 October 2025 - 01:39 PM,10.99,123.97,026,1.3,006km S 11° W of City Of Bogo (Cebu)
11 October 2025 - 01:30 PM,10.96,123.98,002,2.4,010km S 01° W of City Of Bogo (Cebu)
11 October 2025 - 01:25 PM,07.26,127.11,001,3.9,063km N 85° E of Manay (Davao Oriental)
11 October 2025 - 01:12 PM,11.09,124.07,023,2.2,012km N 63° E of City Of Bogo (Cebu)
11 October 2025 - 01:11 PM,11.38,124.10,024,2.3,039km N 20° E of City Of Bogo (Cebu)
11 October 2025 - 01:09 PM,07.44,126.58,032,2.5,026km N 10° E of Manay (Davao Oriental)
11 October 2025 - 01:03 PM,11.18,124.10,026,1.9,020km N 42° E of City Of Bogo (Cebu)
11 October 2025 - 01:01 PM,07.40,126.66,027,2.4,025km N 32° E of Manay (Davao Oriental)
11 October 2025 - 12:53 PM,07.83,126.37,001,2.0,004km S 14° W of Boston (Davao Oriental)
11 October 2025 - 12:46 PM,07.26,126.74,011,2.5,023km N 75° E of Manay (Davao Oriental)
11 October 2025 - 12:40 PM,06.95,126.95,001,3.3,054km S 57° E of Manay (Davao Oriental)
11 October 2025 - 12:37 PM,08.12,126.77,011,2.3,041km N 77° E of Lingig (Surigao Del Sur)
11 October 2025 - 12:28 PM,11.04,123.97,003,1.5,004km S 48° W of City Of Bogo (Cebu)
11 October 2025 - 12:26 PM,09.52,125.70,004,2.4,007km S 33° W of Claver (Surigao Del Norte)
11 October 2025 - 12:12 PM,06.55,127.06,006,2.7,093km S 38° E of Manay (Davao Oriental)
11 October 2025 - 12:00 PM,07.27,126.84,023,2.3,034km N 78° E of Manay (Davao Oriental)
11 October 2025 - 11:59 AM,07.20,126.63,016,2.2,010km S 86° E of Manay (Davao Oriental)
11 October 2025 - 11:59 AM,07.27,126.69,015,2.5,018km N 69° E of Manay (Davao Oriental)
11 October 2025 - 11:52 AM,11.15,124.11,035,1.1,018km N 52° E of City Of Bogo (Cebu)
11 October 2025 - 11:48 AM,07.39,126.78,030,2.3,034km N 53° E of Manay (Davao Oriental)
11 October 2025 - 11:47 AM,07.34,126.65,031,2.0,020km N 41° E of Manay (Davao Oriental)
11 October 2025 - 11:35 AM,07.02,127.08,002,3.2,067km S 70° E of Manay (Davao Oriental)
11 October 2025 - 11:34 AM,07.29,126.78,033,2.6,028km N 73° E of Manay (Davao Oriental)
11 October 2025 - 11:32 AM,07.31,127.10,020,3.6,063km N 80° E of Manay (Davao Oriental)
11 October 2025 - 11:28 AM,07.32,127.40,007,3.5,095km N 83° E of Manay (Davao Oriental)
11 October 2025 - 11:22 AM,09.97,126.06,032,2.4,004km N 42° W of San Isidro (Surigao Del Norte)
11 October 2025 - 11:20 AM,07.14,126.77,027,2.9,027km S 74° E of Manay (Davao Oriental)
11 October 2025 - 11:17 AM,11.20,124.06,034,1.1,019km N 26° E of City Of Bogo (Cebu)
11 October 2025 - 11:16 AM,07.31,127.05,012,3.4,058km N 79° E of Manay (Davao Oriental)
11 October 2025 - 10:54 AM,11.14,124.10,032,1.5,017km N 51° E of City Of Bogo (Cebu)
11 October 2025 - 10:51 AM,07.29,127.05,017,2.8,057km N 81° E of Manay (Davao Oriental)
11 October 2025 - 10:46 AM,07.25,126.75,025,2.0,024km N 80° E of Manay (Davao Oriental)
11 October 2025 - 10:34 AM,10.96,124.14,040,1.8,020km S 61° E of City Of Bogo (Cebu)
11 October 2025 - 10:28 AM,11.11,124.19,001,3.3,024km N 72° E of City Of Bogo (Cebu)
11 October 2025 - 10:22 AM,11.18,124.15,033,1.7,023km N 52° E of City Of Bogo (Cebu)
11 October 2025 - 10:04 AM,07.43,127.19,026,3.7,076km N 72° E of Manay (Davao Oriental)
11 October 2025 - 10:02 AM,07.42,126.93,022,3.4,049km N 62° E of Manay (Davao Oriental)
11 October 2025 - 09:58 AM,11.08,123.89,029,1.8,010km N 66° W of City Of Bogo (Cebu)
11 October 2025 - 09:43 AM,07.31,126.65,027,1.8,016km N 49° E of Manay (Davao Oriental)
11 October 2025 - 09:42 AM,07.12,126.51,001,2.5,011km S 07° W of Manay (Davao Oriental)
11 October 2025 - 09:35 AM,11.16,124.01,033,1.3,013km N 15° E of City Of Bogo (Cebu)
11 October 2025 - 09:35 AM,07.20,126.85,014,2.4,034km S 88° E of Manay (Davao Oriental)
11 October 2025 - 09:34 AM,11.10,124.12,030,1.5,016km N 70° E of City Of Bogo (Cebu)
11 October 2025 - 09:30 AM,10.88,123.91,002,1.6,020km S 22° W of City Of Bogo (Cebu)
11 October 2025 - 09:16 AM,06.88,127.05,008,4.6,067km S 56° E of Manay (Davao Oriental)
11 October 2025 - 09:00 AM,11.15,123.96,010,2.1,012km N 09° W of City Of Bogo (Cebu)
11 October 2025 - 08:52 AM,07.41,126.83,025,2.6,039km N 54° E of Manay (Davao Oriental)
11 October 2025 - 08:51 AM,06.89,127.06,012,2.6,068km S 58° E of Manay (Davao Oriental)
11 October 2025 - 08:48 AM,06.84,127.01,013,3.6,066km S 52° E of Manay (Davao Oriental)
11 October 2025 - 08:32 AM,11.13,124.00,028,1.6,013km N 16° E of City Of Bogo (Cebu)
11 October 2025 - 08:28 AM,07.35,126.79,026,2.3,032km N 61° E of Manay (Davao Oriental)
11 October 2025 - 08:18 AM,07.34,126.77,024,2.7,029km N 60° E of Manay (Davao Oriental)
11 October 2025 - 08:09 AM,11.11,123.96,013,1.8,007km N 21° W of City Of Bogo (Cebu)
11 October 2025 - 07:55 AM,11.22,123.93,008,2.1,020km N 17° W of City Of Bogo (Cebu)
11 October 2025 - 07:52 AM,07.18,125.89,004,2.5,006km N 05° W of Pantukan (Davao De Oro)
11 October 2025 - 07:48 AM,06.99,127.04,017,3.7,060km S 66° E of Manay (Davao Oriental)
11 October 2025 - 07:42 AM,07.25,127.13,014,3.0,065km N 87° E of Manay (Davao Oriental)
11 October 2025 - 07:40 AM,18.36,120.42,014,2.7,021km N 83° W of Pasuquin (Ilocos Norte)
11 October 2025 - 07:36 AM,07.36,126.76,011,2.5,020km N 28° E of Manay (Davao Oriental)
11 October 2025 - 07:28 AM,11.12,123.99,008,2.6,008km N 05° E of City Of Bogo (Cebu)
11 October 2025 - 07:28 AM,07.07,127.14,031,1.9,069km S 76° E of Manay (Davao Oriental)
11 October 2025 - 07:27 AM,09.84,125.97,033,1.9,003km S 02° E of Del Carmen (Surigao Del Norte)
11 October 2025 - 07:22 AM,11.64,125.82,015,2.6,039km N 66° E of Maydolong (Eastern Samar)
11 October 2025 - 07:12 AM,07.36,126.79,033,2.9,032km N 59° E of Manay (Davao Oriental)
11 October 2025 - 07:04 AM,07.12,126.91,023,3.2,042km S 77° E of Manay (Davao Oriental)
11 October 2025 - 06:52 AM,07.25,126.83,022,2.7,033km N 83° E of Manay (Davao Oriental)
11 October 2025 - 06:41 AM,07.43,127.06,013,3.0,062km N 67° E of Manay (Davao Oriental)
11 October 2025 - 06:41 AM,07.35,126.75,021,1.9,028km N 56° E of Manay (Davao Oriental)
11 October 2025 - 06:35 AM,06.63,126.98,024,3.5,081km S 37° E of Manay (Davao Oriental)
11 October 2025 - 06:35 AM,10.87,123.89,001,3.0,022km S 26° W of City Of Bogo (Cebu)
11 October 2025 - 06:20 AM,07.23,127.06,017,4.9,057km N 88° E of Manay (Davao Oriental)
11 October 2025 - 06:10 AM,10.93,123.96,003,2.1,013km S 08° W of City Of Bogo (Cebu)
11 October 2025 - 06:09 AM,07.32,126.82,031,2.1,033km N 68° E of Manay (Davao Oriental)
11 October 2025 - 06:03 AM,07.05,126.87,018,3.0,040km S 64° E of Manay (Davao Oriental)
11 October 2025 - 05:46 AM,07.18,126.01,022,2.6,013km N 65° E of Pantukan (Davao De Oro)
11 October 2025 - 05:44 AM,11.04,123.97,003,3.1,001km S 73° W of City Of Bogo (Cebu)
11 October 2025 - 05:38 AM,07.44,127.10,018,2.3,065km N 67° E of Manay (Davao Oriental)
11 October 2025 - 05:35 AM,05.26,126.39,006,2.6,105km S 77° E of Sarangani Island (Municipality Of Sarangani) (Davao Occidental)
11 October 2025 - 05:32 AM,06.44,125.50,121,2.8,012km N 77° W of Malita (Davao Occidental)
11 October 2025 - 05:30 AM,07.21,126.68,028,2.2,015km S 89° E of Manay (Davao Oriental)
11 October 2025 - 05:28 AM,07.05,127.05,025,2.1,059km S 73° E of Manay (Davao Oriental)
11 October 2025 - 05:27 AM,07.41,126.93,001,2.6,048km N 63° E of Manay (Davao Oriental)
11 October 2025 - 05:25 AM,07.06,126.93,036,2.4,046km S 69° E of Manay (Davao Oriental)
11 October 2025 - 05:23 AM,07.29,127.08,013,2.3,060km N 82° E of Manay (Davao Oriental)
11 October 2025 - 05:12 AM,09.00,122.71,009,2.6,036km S 79° W of Siaton (Negros Oriental)
11 October 2025 - 05:18 AM,07.31,126.73,032,2.3,024km N 63° E of Manay (Davao Oriental)
11 October 2025 - 05:16 AM,06.91,126.94,018,2.3,055km S 53° E of Manay (Davao Oriental)
11 October 2025 - 05:15 AM,07.34,127.26,033,2.3,081km N 80° E of Manay (Davao Oriental)
11 October 2025 - 05:12 AM,07.19,127.41,033,1.8,096km S 89° E of Manay (Davao Oriental)
11 October 2025 - 05:12 AM,09.00,122.71,009,2.6,036km S 79° W of Siaton (Negros Oriental)
11 October 2025 - 05:11 AM,07.28,127.23,034,2.9,077km N 85° E of Manay (Davao Oriental)
11 October 2025 - 05:07 AM,07.02,126.98,018,2.2,053km S 66° E of Manay (Davao Oriental)
11 October 2025 - 05:04 AM,10.92,123.92,004,3.2,016km S 24° W of City Of Bogo (Cebu)
11 October 2025 - 05:02 AM,07.32,126.95,023,2.4,047km N 76° E of Manay (Davao Oriental)
11 October 2025 - 04:53 AM,07.43,127.08,006,3.7,065km N 68° E of Manay (Davao Oriental)
11 October 2025 - 04:48 AM,07.28,127.21,014,2.3,074km N 84° E of Manay (Davao Oriental)
11 October 2025 - 04:47 AM,07.20,126.93,026,1.8,043km S 88° E of Manay (Davao Oriental)
11 October 2025 - 04:46 AM,07.34,127.15,013,2.4,069km N 78° E of Manay (Davao Oriental)
11 October 2025 - 04:40 AM,11.03,124.01,031,1.9,003km S 65° E of City Of Bogo (Cebu)
11 October 2025 - 04:40 AM,07.09,127.04,021,4.0,056km S 77° E of Manay (Davao Oriental)
11 October 2025 - 04:38 AM,13.50,120.75,010,2.9,007km N 20° E of Abra De Ilog (Occidental Mindoro)
11 October 2025 - 04:38 AM,11.15,124.01,034,1.2,012km N 17° E of City Of Bogo (Cebu)
11 October 2025 - 04:36 AM,07.17,126.69,018,1.8,017km S 73° E of Manay (Davao Oriental)
11 October 2025 - 04:36 AM,11.15,123.98,029,1.9,011km N 03° E of City Of Bogo (Cebu)
11 October 2025 - 04:35 AM,07.37,126.77,016,2.4,031km N 56° E of Manay (Davao Oriental)
11 October 2025 - 04:33 AM,08.93,126.82,030,1.6,057km N 88° E of Cagwait (Surigao Del Sur)
11 October 2025 - 04:27 AM,07.07,127.11,033,2.7,065km S 76° E of Manay (Davao Oriental)
11 October 2025 - 04:26 AM,07.06,127.29,033,2.7,084km S 79° E of Manay (Davao Oriental)
11 October 2025 - 04:22 AM,06.46,127.32,024,3.1,120km S 46° E of Manay (Davao Oriental)
11 October 2025 - 04:21 AM,06.82,127.09,008,3.4,074km S 55° E of Manay (Davao Oriental)
11 October 2025 - 04:21 AM,13.95,120.55,111,1.6,015km N 34° W of Calatagan (Batangas)
11 October 2025 - 04:17 AM,11.13,124.03,024,1.8,010km N 29° E of City Of Bogo (Cebu)
11 October 2025 - 04:14 AM,11.26,124.03,025,1.9,024km N 12° E of City Of Bogo (Cebu)
11 October 2025 - 04:13 AM,07.39,127.08,021,2.5,063km N 72° E of Manay (Davao Oriental)
11 October 2025 - 04:07 AM,07.21,127.06,014,2.4,057km S 90° E of Manay (Davao Oriental)
11 October 2025 - 04:05 AM,09.71,125.26,033,2.2,019km N 56° W of Malimono (Surigao Del Norte)
11 October 2025 - 03:53 AM,07.38,126.83,033,1.8,037km N 60° E of Manay (Davao Oriental)
11 October 2025 - 03:49 AM,07.34,126.65,033,1.9,018km N 41° E of Manay (Davao Oriental)
11 October 2025 - 03:48 AM,07.35,126.68,037,1.8,022km N 44° E of Manay (Davao Oriental)
11 October 2025 - 03:45 AM,07.13,126.76,031,2.4,026km S 70° E of Manay (Davao Oriental)
11 October 2025 - 03:44 AM,07.25,126.77,033,2.4,026km N 79° E of Manay (Davao Oriental)
11 October 2025 - 03:43 AM,07.35,126.76,034,2.0,029km N 58° E of Manay (Davao Oriental)
11 October 2025 - 03:40 AM,06.91,127.04,021,2.8,064km S 59° E of Manay (Davao Oriental)
11 October 2025 - 03:36 AM,06.71,127.26,001,4.1,097km S 55° E of Manay (Davao Oriental)
11 October 2025 - 03:36 AM,07.46,127.13,012,2.6,071km N 67° E of Manay (Davao Oriental)
11 October 2025 - 03:33 AM,07.41,126.96,012,2.8,051km N 65° E of Manay (Davao Oriental)
11 October 2025 - 03:32 AM,07.27,127.12,020,2.1,064km N 84° E of Manay (Davao Oriental)
11 October 2025 - 03:31 AM,18.89,120.97,004,2.8,033km N 21° W of Claveria (Cagayan)
11 October 2025 - 03:27 AM,07.29,126.68,032,1.8,018km N 59° E of Manay (Davao Oriental)
11 October 2025 - 03:24 AM,07.35,127.03,020,3.1,057km N 74° E of Manay (Davao Oriental)
11 October 2025 - 03:21 AM,06.72,127.45,036,2.3,115km S 62° E of Manay (Davao Oriental)
11 October 2025 - 03:20 AM,07.19,127.00,026,2.7,050km S 88° E of Manay (Davao Oriental)
11 October 2025 - 03:19 AM,10.98,123.94,021,2.0,008km S 29° W of City Of Bogo (Cebu)
11 October 2025 - 03:19 AM,07.22,127.27,046,2.1,081km N 90° E of Manay (Davao Oriental)
11 October 2025 - 03:14 AM,07.34,127.20,019,3.5,074km N 79° E of Manay (Davao Oriental)
11 October 2025 - 03:12 AM,07.08,127.05,032,2.6,058km S 76° E of Manay (Davao Oriental)
11 October 2025 - 03:11 AM,07.26,126.93,024,2.9,043km N 83° E of Manay (Davao Oriental)
11 October 2025 - 03:06 AM,07.32,127.15,018,3.4,068km N 80° E of Manay (Davao Oriental)
11 October 2025 - 03:01 AM,07.12,126.44,033,2.3,015km S 47° W of Manay (Davao Oriental)
11 October 2025 - 03:02 AM,07.31,126.64,024,2.0,016km N 45° E of Manay (Davao Oriental)
11 October 2025 - 03:01 AM,07.12,126.44,033,2.3,015km S 47° W of Manay (Davao Oriental)
11 October 2025 - 02:59 AM,07.18,126.76,022,3.2,024km S 82° E of Manay (Davao Oriental)
11 October 2025 - 02:58 AM,07.16,127.22,023,2.8,075km S 85° E of Manay (Davao Oriental)
11 October 2025 - 02:54 AM,07.38,126.67,023,1.8,024km N 37° E of Manay (Davao Oriental)
11 October 2025 - 02:51 AM,11.05,124.00,026,1.9,003km East of City Of Bogo (Cebu)
11 October 2025 - 02:48 AM,07.44,127.16,023,1.9,073km N 70° E of Manay (Davao Oriental)
11 October 2025 - 02:45 AM,07.16,127.01,020,2.8,052km S 83° E of Manay (Davao Oriental)
11 October 2025 - 02:43 AM,07.10,127.02,026,2.4,054km S 77° E of Manay (Davao Oriental)
11 October 2025 - 02:40 AM,07.18,126.84,034,2.5,033km S 84° E of Manay (Davao Oriental)
11 October 2025 - 02:38 AM,07.34,127.57,001,1.6,114km N 83° E of Manay (Davao Oriental)
11 October 2025 - 02:36 AM,11.06,124.06,031,2.2,009km N 79° E of City Of Bogo (Cebu)
11 October 2025 - 02:36 AM,07.26,127.00,017,2.9,051km N 84° E of Manay (Davao Oriental)
11 October 2025 - 02:33 AM,07.21,127.02,020,2.7,053km N 90° E of Manay (Davao Oriental)
11 October 2025 - 02:32 AM,08.13,126.84,012,1.6,048km N 77° E of Lingig (Surigao Del Sur)
11 October 2025 - 02:29 AM,07.20,126.85,007,2.0,034km S 88° E of Manay (Davao Oriental)
11 October 2025 - 02:26 AM,07.40,127.25,043,2.5,081km N 75° E of Manay (Davao Oriental)
11 October 2025 - 02:25 AM,07.45,126.71,018,1.8,032km N 36° E of Manay (Davao Oriental)
11 October 2025 - 02:22 AM,07.42,127.03,011,4.6,059km N 66° E of Manay (Davao Oriental)
11 October 2025 - 02:22 AM,11.12,123.95,006,3.0,008km N 24° W of City Of Bogo (Cebu)
11 October 2025 - 02:17 AM,07.06,126.96,011,3.9,050km S 70° E of Manay (Davao Oriental)
11 October 2025 - 02:15 AM,07.06,126.99,008,3.7,052km S 72° E of Manay (Davao Oriental)
11 October 2025 - 02:13 AM,07.07,126.84,032,2.0,036km S 65° E of Manay (Davao Oriental)
11 October 2025 - 02:10 AM,07.11,127.06,020,3.4,058km S 79° E of Manay (Davao Oriental)
11 October 2025 - 02:08 AM,11.27,124.27,007,2.2,011km S 69° W of Tabango (Leyte)
11 October 2025 - 02:07 AM,06.80,127.37,032,2.0,102km S 64° E of Manay (Davao Oriental)
11 October 2025 - 02:06 AM,11.08,124.00,015,2.5,004km N 31° E of City Of Bogo (Cebu)
11 October 2025 - 02:05 AM,07.49,126.68,029,2.2,034km N 26° E of Manay (Davao Oriental)
11 October 2025 - 02:01 AM,10.94,123.99,019,2.7,012km S 05° E of City Of Bogo (Cebu)
11 October 2025 - 01:59 AM,07.35,126.76,023,2.7,029km N 57° E of Manay (Davao Oriental)
11 October 2025 - 01:54 AM,07.15,126.92,022,2.7,043km S 80° E of Manay (Davao Oriental)
11 October 2025 - 01:51 AM,07.47,126.78,034,2.1,040km N 43° E of Manay (Davao Oriental)
11 October 2025 - 01:50 AM,11.22,123.94,009,2.2,019km N 13° W of City Of Bogo (Cebu)
11 October 2025 - 01:50 AM,11.10,124.03,022,1.1,008km N 48° E of City Of Bogo (Cebu)
11 October 2025 - 01:50 AM,08.22,126.16,152,1.7,017km N 89° W of City Of Bislig (Surigao Del Sur)
11 October 2025 - 01:48 AM,11.16,123.99,016,1.7,013km N 07° E of City Of Bogo (Cebu)
11 October 2025 - 01:43 AM,10.86,123.84,013,2.6,025km S 37° W of City Of Bogo (Cebu)
11 October 2025 - 01:42 AM,07.39,127.05,015,2.3,060km N 71° E of Manay (Davao Oriental)
11 October 2025 - 01:37 AM,07.42,126.84,033,2.4,040km N 55° E of Manay (Davao Oriental)
11 October 2025 - 01:34 AM,07.25,127.04,064,1.9,055km N 85° E of Manay (Davao Oriental)
11 October 2025 - 01:31 AM,06.85,126.86,011,2.6,054km S 41° E of Manay (Davao Oriental)
11 October 2025 - 01:30 AM,07.37,126.99,026,2.6,053km N 71° E of Manay (Davao Oriental)
11 October 2025 - 01:29 AM,07.24,126.67,034,1.6,015km N 78° E of Manay (Davao Oriental)
11 October 2025 - 01:25 AM,18.11,120.58,025,3.0,006km N 14° E of City Of Batac (Ilocos Norte)
11 October 2025 - 01:24 AM,06.77,127.08,001,3.4,077km S 50° E of Manay (Davao Oriental)
11 October 2025 - 01:22 AM,06.85,126.87,016,2.7,054km S 43° E of Manay (Davao Oriental)
11 October 2025 - 01:14 AM,06.90,127.01,011,3.6,063km S 56° E of Manay (Davao Oriental)
11 October 2025 - 01:13 AM,07.15,126.54,041,2.4,007km S 02° E of Manay (Davao Oriental)
11 October 2025 - 01:12 AM,11.05,124.04,012,1.3,006km N 82° E of City Of Bogo (Cebu)
11 October 2025 - 01:10 AM,08.78,126.35,024,2.5,006km S 67° E of Marihatag (Surigao Del Sur)
11 October 2025 - 01:09 AM,07.00,127.01,034,2.0,057km S 66° E of Manay (Davao Oriental)
11 October 2025 - 01:08 AM,07.18,126.90,033,1.4,039km S 86° E of Manay (Davao Oriental)
11 October 2025 - 01:08 AM,11.09,124.04,017,1.6,008km N 51° E of City Of Bogo (Cebu)
11 October 2025 - 01:06 AM,07.20,127.13,015,3.3,065km S 89° E of Manay (Davao Oriental)
11 October 2025 - 01:05 AM,07.29,126.92,024,2.3,043km N 77° E of Manay (Davao Oriental)
11 October 2025 - 01:03 AM,07.18,127.36,033,2.4,091km S 88° E of Manay (Davao Oriental)
11 October 2025 - 01:02 AM,07.37,126.63,033,1.8,020km N 31° E of Manay (Davao Oriental)
11 October 2025 - 12:58 AM,07.33,126.90,019,3.3,042km N 72° E of Manay (Davao Oriental)
11 October 2025 - 12:54 AM,06.59,127.12,007,3.8,094km S 43° E of Manay (Davao Oriental)
11 October 2025 - 12:54 AM,17.57,122.42,037,4.5,028km N 44° E of Maconacon (Isabela)
11 October 2025 - 12:53 AM,07.23,126.84,026,2.7,033km N 87° E of Manay (Davao Oriental)
11 October 2025 - 12:45 AM,07.43,127.06,017,2.2,055km N 78° E of Caraga (Davao Oriental)
11 October 2025 - 12:48 AM,07.20,126.97,026,4.1,048km S 89° E of Manay (Davao Oriental)
11 October 2025 - 12:44 AM,07.35,126.84,033,1.9,037km N 65° E of Manay (Davao Oriental)
11 October 2025 - 12:38 AM,06.79,127.09,001,3.0,076km S 53° E of Manay (Davao Oriental)
11 October 2025 - 12:38 AM,09.34,122.34,023,1.8,032km S 26° W of Hinoba-an (Negros Occidental)
11 October 2025 - 12:36 AM,11.13,124.00,012,2.5,009km N 15° E of City Of Bogo (Cebu)
11 October 2025 - 12:34 AM,07.25,127.00,024,3.0,051km N 85° E of Manay (Davao Oriental)
11 October 2025 - 12:32 AM,07.03,126.65,016,2.4,023km S 30° E of Manay (Davao Oriental)
11 October 2025 - 12:30 AM,10.97,123.95,008,2.0,009km S 22° W of City Of Bogo (Cebu)
11 October 2025 - 12:30 AM,07.47,126.80,032,3.3,040km N 46° E of Manay (Davao Oriental)
11 October 2025 - 12:25 AM,07.18,126.58,026,2.3,006km S 53° E of Manay (Davao Oriental)
11 October 2025 - 12:23 AM,07.40,126.63,033,1.9,023km N 27° E of Manay (Davao Oriental)
11 October 2025 - 12:23 AM,18.44,120.68,003,2.2,009km S 24° E of Burgos (Ilocos Norte)
11 October 2025 - 12:20 AM,07.43,126.87,027,2.5,044km N 56° E of Manay (Davao Oriental)
11 October 2025 - 12:17 AM,07.43,126.52,011,2.0,024km N 06° W of Manay (Davao Oriental)
11 October 2025 - 12:19 AM,10.92,123.91,011,2.5,016km S 29° W of City Of Bogo (Cebu)
11 October 2025 - 12:17 AM,06.97,126.85,024,2.1,043km S 52° E of Manay (Davao Oriental)
11 October 2025 - 12:12 AM,07.25,126.76,023,2.7,025km N 80° E of Manay (Davao Oriental)
11 October 2025 - 12:10 AM,07.30,126.72,019,1.6,022km N 63° E of Manay (Davao Oriental)
11 October 2025 - 12:09 AM,07.03,126.78,028,1.4,034km S 53° E of Manay (Davao Oriental)
11 October 2025 - 12:07 AM,07.16,126.61,023,1.8,009km S 53° E of Manay (Davao Oriental)
11 October 2025 - 12:03 AM,07.23,126.93,019,3.5,044km N 87° E of Manay (Davao Oriental)
11 October 2025 - 12:00 AM,07.14,126.83,020,2.7,033km S 75° E of Manay (Davao Oriental)
10 October 2025 - 11:56 PM,13.16,120.27,001,3.2,035km S 36° W of Paluan (Occidental Mindoro)
10 October 2025 - 11:55 PM,07.23,127.00,023,2.7,051km N 87° E of Manay (Davao Oriental)
10 October 2025 - 11:51 PM,07.24,126.87,031,1.7,037km N 85° E of Manay (Davao Oriental)
10 October 2025 - 11:50 PM,07.31,126.88,019,1.8,039km N 74° E of Manay (Davao Oriental)
10 October 2025 - 11:49 PM,07.12,127.33,034,2.9,087km S 83° E of Manay (Davao Oriental)
10 October 2025 - 11:46 PM,07.06,126.83,029,2.8,036km S 63° E of Manay (Davao Oriental)
10 October 2025 - 11:45 PM,11.15,123.98,029,2.6,012km N 01° W of City Of Bogo (Cebu)
10 October 2025 - 11:44 PM,07.24,126.85,022,2.4,034km N 84° E of Manay (Davao Oriental)
10 October 2025 - 11:40 PM,07.26,126.76,019,2.5,025km N 78° E of Manay (Davao Oriental)
10 October 2025 - 11:41 PM,11.22,124.15,036,1.3,026km N 44° E of City Of Bogo (Cebu)
10 October 2025 - 11:30 PM,07.12,126.78,027,1.3,029km S 70° E of Manay (Davao Oriental)
10 October 2025 - 11:27 PM,07.14,126.93,021,3.1,044km S 80° E of Manay (Davao Oriental)
10 October 2025 - 11:23 PM,13.51,120.96,033,1.3,001km N 14° E of Puerto Galera (Oriental Mindoro)
10 October 2025 - 11:16 PM,07.38,127.00,011,2.8,054km N 70° E of Manay (Davao Oriental)
10 October 2025 - 11:13 PM,07.35,126.70,034,2.9,024km N 49° E of Manay (Davao Oriental)
10 October 2025 - 11:11 PM,07.19,126.51,028,1.7,004km S 58° W of Manay (Davao Oriental)
10 October 2025 - 11:08 PM,07.30,127.13,022,2.4,066km N 82° E of Manay (Davao Oriental)
10 October 2025 - 11:06 PM,07.37,127.21,025,2.5,004km S 58° W of Manay (Davao Oriental)
10 October 2025 - 11:04 PM,07.35,127.06,019,2.7,059km N 75° E of Manay (Davao Oriental)
10 October 2025 - 11:00 PM,10.94,123.89,033,2.4,016km S 38° W of City Of Bogo (Cebu)
10 October 2025 - 10:59 PM,07.24,127.14,016,2.9,067km N 87° E of Manay (Davao Oriental)
10 October 2025 - 10:56 PM,06.74,127.20,004,2.1,090km S 54° E of Manay (Davao Oriental)
10 October 2025 - 10:55 PM,07.37,127.05,013,3.8,059km N 73° E of Manay (Davao Oriental)
10 October 2025 - 10:54 PM,07.37,127.10,022,2.1,065km N 74° E of Manay (Davao Oriental)
10 October 2025 - 10:53 PM,07.26,126.71,026,1.8,020km N 73° E of Manay (Davao Oriental)
10 October 2025 - 10:52 PM,07.00,127.01,020,2.2,057km S 66° E of Manay (Davao Oriental)
10 October 2025 - 10:51 PM,07.03,126.86,017,2.3,041km S 61° E of Manay (Davao Oriental)
10 October 2025 - 10:47 PM,17.72,120.64,031,2.9,004km N 46° W of Danglas (Abra)
10 October 2025 - 10:46 PM,07.35,126.68,033,1.8,022km N 45° E of Manay (Davao Oriental)
10 October 2025 - 10:42 PM,07.20,126.76,025,2.0,025km S 88° E of Manay (Davao Oriental)
10 October 2025 - 10:40 PM,07.11,127.03,017,2.7,055km S 79° E of Manay (Davao Oriental)
10 October 2025 - 10:36 PM,06.06,126.73,069,3.6,115km S 52° E of Governor Generoso (Davao Oriental)
10 October 2025 - 10:36 PM,07.46,127.08,015,2.3,066km N 65° E of Manay (Davao Oriental)
10 October 2025 - 10:35 PM,11.14,123.97,006,1.8,010km N 06° W of City Of Bogo (Cebu)
10 October 2025 - 10:33 PM,07.20,126.59,020,1.6,006km S 74° E of Manay (Davao Oriental)
10 October 2025 - 10:28 PM,07.29,126.73,032,1.8,023km N 68° E of Manay (Davao Oriental)
10 October 2025 - 10:28 PM,11.02,124.06,005,2.0,009km S 70° E of City Of Bogo (Cebu)
10 October 2025 - 10:26 PM,07.26,126.92,025,2.9,042km N 82° E of Manay (Davao Oriental)
10 October 2025 - 10:15 PM,07.36,127.00,024,2.0,053km N 72° E of Manay (Davao Oriental)
10 October 2025 - 10:10 PM,07.36,127.08,021,3.1,062km N 75° E of Manay (Davao Oriental)
10 October 2025 - 10:09 PM,07.18,126.84,010,2.4,033km S 84° E of Manay (Davao Oriental)
10 October 2025 - 10:08 PM,07.31,126.67,018,1.9,018km N 52° E of Manay (Davao Oriental)
10 October 2025 - 10:05 PM,07.39,127.00,010,3.1,055km N 68° E of Manay (Davao Oriental)
10 October 2025 - 09:57 PM,07.50,127.03,024,1.4,063km N 60° E of Manay (Davao Oriental)
10 October 2025 - 09:52 PM,11.00,124.06,033,2.4,011km S 60° E of City Of Bogo (Cebu)
10 October 2025 - 09:49 PM,07.26,126.88,020,2.8,036km S 78° E of Caraga (Davao Oriental)
10 October 2025 - 09:41 PM,07.39,127.01,003,2.8,055km N 68° E of Manay (Davao Oriental)
10 October 2025 - 09:45 PM,07.29,127.00,013,2.6,052km N 80° E of Manay (Davao Oriental)
10 October 2025 - 09:40 PM,07.25,126.92,018,2.1,043km N 85° E of Manay (Davao Oriental)
10 October 2025 - 09:37 PM,06.95,126.81,031,2.2,042km S 45° E of Manay (Davao Oriental)
10 October 2025 - 09:36 PM,10.93,123.95,006,3.2,014km S 16° W of City Of Bogo (Cebu)
10 October 2025 - 09:34 PM,07.13,127.78,041,2.7,138km S 86° E of Manay (Davao Oriental)
10 October 2025 - 09:33 PM,07.53,127.05,017,2.3,067km N 58° E of Manay (Davao Oriental)
10 October 2025 - 09:32 PM,07.30,127.33,024,2.0,088km N 83° E of Manay (Davao Oriental)
10 October 2025 - 09:30 PM,07.05,126.97,011,2.3,051km S 69° E of Manay (Davao Oriental)
10 October 2025 - 09:28 PM,07.83,126.91,016,2.0,080km N 31° E of Manay (Davao Oriental)
10 October 2025 - 09:26 PM,11.14,123.99,023,1.7,010km N 09° E of City Of Bogo (Cebu)
10 October 2025 - 09:25 PM,07.47,126.83,031,2.4,043km N 48° E of Manay (Davao Oriental)
10 October 2025 - 09:21 PM,07.39,126.80,020,2.4,036km N 55° E of Manay (Davao Oriental)
10 October 2025 - 09:16 PM,07.31,126.97,005,3.7,049km N 77° E of Manay (Davao Oriental)
10 October 2025 - 09:15 PM,07.40,127.03,015,3.0,058km N 69° E of Manay (Davao Oriental)
10 October 2025 - 09:13 PM,07.24,127.09,027,3.5,061km N 86° E of Manay (Davao Oriental)
10 October 2025 - 09:11 PM,07.38,127.11,013,2.7,065km N 74° E of Manay (Davao Oriental)
10 October 2025 - 09:10 PM,07.29,126.85,014,2.9,035km N 75° E of Manay (Davao Oriental)
10 October 2025 - 09:08 PM,07.37,127.15,021,3.3,069km N 76° E of Manay (Davao Oriental)
10 October 2025 - 09:07 PM,07.39,127.05,019,2.3,059km N 71° E of Manay (Davao Oriental)
10 October 2025 - 09:06 PM,07.25,126.94,028,1.6,045km N 85° E of Manay (Davao Oriental)
10 October 2025 - 09:06 PM,07.28,126.85,029,1.9,035km N 78° E of Manay (Davao Oriental)
10 October 2025 - 09:04 PM,07.39,127.03,006,3.3,058km N 70° E of Manay (Davao Oriental)
10 October 2025 - 09:03 PM,07.24,127.03,012,2.6,054km N 87° E of Manay (Davao Oriental)
10 October 2025 - 09:02 PM,11.08,124.16,010,2.3,020km N 78° E of City Of Bogo (Cebu)
10 October 2025 - 09:00 PM,06.96,127.39,030,2.7,097km S 76° E of Manay (Davao Oriental)
10 October 2025 - 08:58 PM,07.15,126.88,012,2.9,038km S 79° E of Manay (Davao Oriental)
10 October 2025 - 09:57 PM,07.20,126.78,019,1.9,026km S 89° E of Manay (Davao Oriental)
10 October 2025 - 08:53 PM,07.38,126.75,021,3.0,030km N 51° E of Manay (Davao Oriental)
10 October 2025 - 08:52 PM,07.34,126.81,027,2.1,034km N 64° E of Manay (Davao Oriental)
10 October 2025 - 08:50 PM,07.17,127.01,019,2.8,052km S 85° E of Manay (Davao Oriental)
10 October 2025 - 08:48 PM,07.28,127.10,020,2.4,062km N 83° E of Manay (Davao Oriental)
10 October 2025 - 08:44 PM,07.08,126.98,041,1.6,051km S 73° E of Manay (Davao Oriental)
10 October 2025 - 08:42 PM,07.16,126.79,027,2.3,029km S 79° E of Manay (Davao Oriental)
10 October 2025 - 08:39 PM,07.15,126.92,030,3.2,043km S 81° E of Manay (Davao Oriental)
10 October 2025 - 08:36 PM,07.25,126.93,009,4.5,043km N 85° E of Manay (Davao Oriental)
10 October 2025 - 08:34 PM,07.27,126.66,020,1.5,015km N 62° E of Manay (Davao Oriental)
10 October 2025 - 08:31 PM,07.06,126.82,016,2.6,035km S 62° E of Manay (Davao Oriental)
10 October 2025 - 08:19 PM,06.99,127.34,030,3.5,092km S 74° E of Manay (Davao Oriental)
10 October 2025 - 08:14 PM,07.39,127.19,023,2.7,074km N 75° E of Manay (Davao Oriental)
10 October 2025 - 08:12 PM,07.25,127.14,022,3.2,066km N 86° E of Manay (Davao Oriental)
10 October 2025 - 08:09 PM,07.28,126.96,010,2.6,047km N 80° E of Manay (Davao Oriental)
10 October 2025 - 08:05 PM,07.38,127.11,014,3.3,065km N 73° E of Manay (Davao Oriental)
10 October 2025 - 08:01 PM,07.38,127.07,013,3.5,062km N 72° E of Manay (Davao Oriental)
10 October 2025 - 07:49 PM,07.08,126.99,015,3.2,052km S 74° E of Manay (Davao Oriental)
10 October 2025 - 07:49 PM,07.02,126.98,026,1.5,053km S 67° E of Manay (Davao Oriental)
10 October 2025 - 07:47 PM,07.09,127.06,017,3.2,059km S 77° E of Manay (Davao Oriental)
10 October 2025 - 07:46 PM,07.14,126.74,028,2.3,024km S 70° E of Manay (Davao Oriental)
10 October 2025 - 07:42 PM,07.19,126.81,034,2.3,030km S 87° E of Manay (Davao Oriental)
10 October 2025 - 07:34 PM,07.01,127.01,022,3.2,057km S 67° E of Manay (Davao Oriental)
10 October 2025 - 07:33 PM,06.90,126.93,010,2.2,055km S 51° E of Manay (Davao Oriental)
10 October 2025 - 07:26 PM,07.37,127.25,027,3.3,080km N 77° E of Manay (Davao Oriental)
10 October 2025 - 07:12 PM,07.07,126.90,037,6.8,043km S 68° E of Manay (Davao Oriental)
10 October 2025 - 07:10 PM,07.33,126.83,026,2.7,035km N 67° E of Manay (Davao Oriental)
10 October 2025 - 07:04 PM,11.15,124.01,031,1.4,012km N 18° E of City Of Bogo (Cebu)
10 October 2025 - 07:02 PM,07.12,126.99,024,2.9,051km S 78° E of Manay (Davao Oriental)
10 October 2025 - 07:00 PM,07.28,127.07,015,3.4,059km N 82° E of Manay (Davao Oriental)
10 October 2025 - 06:53 PM,11.08,124.11,025,1.4,014km N 77° E of City Of Bogo (Cebu)
10 October 2025 - 06:52 PM,11.09,124.13,033,1.7,017km N 72° E of City Of Bogo (Cebu)
10 October 2025 - 06:52 PM,11.08,124.09,030,1.2,013km N 74° E of City Of Bogo (Cebu)
10 October 2025 - 06:51 PM,07.40,127.07,015,2.7,063km N 70° E of Manay (Davao Oriental)
10 October 2025 - 06:47 PM,07.14,126.85,022,2.8,035km S 77° E of Manay (Davao Oriental)
10 October 2025 - 06:45 PM,07.36,127.03,024,1.9,057km N 73° E of Manay (Davao Oriental)
10 October 2025 - 06:45 PM,07.36,127.03,024,1.9,057km N 73° E of Manay (Davao Oriental)
10 October 2025 - 06:46 PM,07.17,126.84,014,2.2,034km S 83° E of Manay (Davao Oriental)
10 October 2025 - 06:40 PM,10.87,123.92,022,2.0,021km S 18° W of City Of Bogo (Cebu)
10 October 2025 - 06:39 PM,07.23,126.55,039,2.2,027km S 80° E of Manay (Davao Oriental)
10 October 2025 - 06:37 PM,07.11,126.69,050,2.1,021km S 55° E of Manay (Davao Oriental)
10 October 2025 - 06:35 PM,07.13,127.00,018,2.8,052km S 80° E of Manay (Davao Oriental)
10 October 2025 - 06:34 PM,11.27,124.19,009,2.5,033km N 43° E of City Of Bogo (Cebu)
10 October 2025 - 06:27 PM,07.28,126.66,033,1.3,015km N 61° E of Manay (Davao Oriental)
10 October 2025 - 06:26 PM,07.00,127.11,033,2.4,067km S 70° E of Manay (Davao Oriental)
10 October 2025 - 06:25 PM,07.08,126.93,018,2.1,045km S 71° E of Manay (Davao Oriental)
10 October 2025 - 06:21 PM,18.79,120.82,041,2.2,026km N 07° E of Pagudpud (Ilocos Norte)
10 October 2025 - 06:20 PM,07.22,126.82,022,4.5,030km N 89° E of Manay (Davao Oriental)
10 October 2025 - 06:16 PM,07.20,126.97,014,2.8,048km S 88° E of Manay (Davao Oriental)
10 October 2025 - 06:16 PM,07.01,127.09,001,1.8,065km S 70° E of Manay (Davao Oriental)
10 October 2025 - 06:15 PM,07.81,127.06,031,1.7,087km N 41° E of Manay (Davao Oriental)
10 October 2025 - 06:14 PM,07.11,126.97,009,2.4,049km S 77° E of Manay (Davao Oriental)
10 October 2025 - 06:12 PM,07.25,126.95,015,2.8,046km N 85° E of Manay (Davao Oriental)
10 October 2025 - 06:06 PM,07.10,127.16,029,2.5,070km S 80° E of Manay (Davao Oriental)
10 October 2025 - 06:03 PM,11.25,124.18,033,2.3,032km N 44° E of City Of Bogo (Cebu)
10 October 2025 - 06:03 PM,07.03,127.06,002,3.0,060km S 71° E of Manay (Davao Oriental)
10 October 2025 - 06:00 PM,07.21,127.04,011,4.1,055km N 90° E of Manay (Davao Oriental)
10 October 2025 - 05:56 PM,07.23,126.82,047,2.1,032km N 85° E of Manay (Davao Oriental)
10 October 2025 - 05:53 PM,07.25,127.18,035,2.0,071km N 86° E of Manay (Davao Oriental)
10 October 2025 - 05:52 PM,07.23,127.20,033,1.7,073km N 88° E of Manay (Davao Oriental)
10 October 2025 - 05:52 PM,07.33,126.83,026,1.5,035km N 68° E of Manay (Davao Oriental)
10 October 2025 - 05:52 PM,11.17,124.16,021,1.8,024km N 54° E of City Of Bogo (Cebu)
10 October 2025 - 05:50 PM,07.24,126.81,033,2.1,030km N 83° E of Manay (Davao Oriental)
10 October 2025 - 05:48 PM,07.13,127.03,014,3.2,055km S 81° E of Manay (Davao Oriental)
10 October 2025 - 05:46 PM,07.51,126.73,023,1.6,039km N 32° E of Manay (Davao Oriental)
10 October 2025 - 05:45 PM,07.31,127.14,005,2.0,068km N 80° E of Manay (Davao Oriental)
10 October 2025 - 05:43 PM,07.10,127.17,010,4.5,071km S 80° E of Manay (Davao Oriental)
10 October 2025 - 05:40 PM,06.75,127.11,009,2.7,081km S 51° E of Manay (Davao Oriental)
10 October 2025 - 05:37 PM,07.35,127.18,017,3.5,072km N 78° E of Manay (Davao Oriental)
10 October 2025 - 05:34 PM,11.17,124.66,033,2.0,011km S 82° E of Kananga (Leyte)
10 October 2025 - 05:33 PM,07.19,127.04,011,3.2,055km S 88° E of Manay (Davao Oriental)
10 October 2025 - 05:24 PM,07.14,126.73,021,2.5,022km S 69° E of Manay (Davao Oriental)
10 October 2025 - 05:23 PM,07.38,126.69,019,2.3,025km N 42° E of Manay (Davao Oriental)
10 October 2025 - 05:20 PM,07.22,126.96,020,1.8,046km N 88° E of Manay (Davao Oriental)
10 October 2025 - 05:22 PM,11.17,124.14,009,2.3,022km N 53° E of City Of Bogo (Cebu)
10 October 2025 - 05:19 PM,07.24,126.51,028,2.4,005km N 50° W of Manay (Davao Oriental)
10 October 2025 - 05:18 PM,07.17,127.00,013,1.7,051km S 85° E of Manay (Davao Oriental)
10 October 2025 - 05:17 PM,07.34,127.19,023,2.0,073km N 79° E of Manay (Davao Oriental)
10 October 2025 - 05:14 PM,07.05,126.83,021,2.1,036km S 60° E of Manay (Davao Oriental)
10 October 2025 - 05:11 PM,07.35,127.23,016,3.6,078km N 79° E of Manay (Davao Oriental)
10 October 2025 - 05:10 PM,07.05,126.94,007,2.4,047km S 68° E of Manay (Davao Oriental)
10 October 2025 - 05:05 PM,07.13,127.08,026,3.4,061km S 82° E of Manay (Davao Oriental)
10 October 2025 - 05:03 PM,07.37,126.86,030,2.5,039km N 64° E of Manay (Davao Oriental)
10 October 2025 - 05:06 PM,07.25,127.22,014,4.8,075km N 86° E of Manay (Davao Oriental)
10 October 2025 - 05:02 PM,07.16,126.87,027,1.9,037km S 81° E of Manay (Davao Oriental)
10 October 2025 - 05:01 PM,07.29,126.89,017,1.6,040km N 78° E of Manay (Davao Oriental)
10 October 2025 - 04:56 PM,07.16,126.70,016,3.1,018km S 73° E of Manay (Davao Oriental)
10 October 2025 - 04:53 PM,07.00,126.86,032,2.8,043km S 57° E of Manay (Davao Oriental)
10 October 2025 - 04:51 PM,07.26,126.71,027,2.3,020km N 73° E of Manay (Davao Oriental)
10 October 2025 - 04:49 PM,06.94,126.87,014,2.6,047km S 51° E of Manay (Davao Oriental)
10 October 2025 - 04:48 PM,07.33,126.56,012,2.3,014km N 07° E of Manay (Davao Oriental)
10 October 2025 - 04:46 PM,07.09,126.96,016,2.4,049km S 74° E of Manay (Davao Oriental)
10 October 2025 - 04:39 PM,07.04,126.74,026,3.9,029km S 50° E of Manay (Davao Oriental)
10 October 2025 - 04:37 PM,06.88,126.93,024,2.5,056km S 50° E of Manay (Davao Oriental)
10 October 2025 - 04:19 PM,07.23,126.69,013,3.0,017km N 83° E of Manay (Davao Oriental)
10 October 2025 - 04:16 PM,07.22,127.18,003,3.0,071km N 90° E of Manay (Davao Oriental)
10 October 2025 - 04:09 PM,07.26,127.24,014,3.0,077km N 86° E of Manay (Davao Oriental)
10 October 2025 - 03:59 PM,07.09,126.99,037,2.8,051km S 75° E of Manay (Davao Oriental)
10 October 2025 - 03:56 PM,06.87,127.11,008,3.0,074km S 59° E of Manay (Davao Oriental)
10 October 2025 - 03:49 PM,07.17,126.86,019,2.7,036km S 83° E of Manay (Davao Oriental)
10 October 2025 - 03:46 PM,06.88,127.01,002,2.6,063km S 55° E of Manay (Davao Oriental)
10 October 2025 - 03:40 PM,07.06,127.01,042,3.0,055km S 72° E of Manay (Davao Oriental)
10 October 2025 - 03:38 PM,07.07,127.12,010,5.2,065km S 76° E of Manay (Davao Oriental)
10 October 2025 - 03:33 PM,07.14,126.98,018,3.3,049km S 81° E of Manay (Davao Oriental)
10 October 2025 - 03:33 PM,07.07,126.73,010,1.4,026km S 54° E of Manay (Davao Oriental)
10 October 2025 - 03:31 PM,07.09,126.92,017,2.7,044km S 72° E of Manay (Davao Oriental)
10 October 2025 - 03:28 PM,07.31,126.72,025,3.4,023km N 60° E of Manay (Davao Oriental)
10 October 2025 - 03:24 PM,07.06,127.28,014,5.0,083km S 78° E of Manay (Davao Oriental)
10 October 2025 - 03:21 PM,07.08,127.16,014,3.1,070km S 78° E of Manay (Davao Oriental)
10 October 2025 - 03:17 PM,07.20,126.88,030,3.0,038km S 87° E of Manay (Davao Oriental)
10 October 2025 - 03:16 PM,07.33,126.92,003,2.9,044km N 72° E of Manay (Davao Oriental)
10 October 2025 - 03:15 PM,07.24,127.20,050,1.2,073km N 87° E of Manay (Davao Oriental)
10 October 2025 - 03:07 PM,07.17,126.79,033,2.3,028km S 80° E of Manay (Davao Oriental)
10 October 2025 - 03:04 PM,07.09,127.11,025,2.4,064km S 78° E of Manay (Davao Oriental)
10 October 2025 - 02:57 PM,18.59,120.75,032,1.8,006km N 18° W of Bangui (Ilocos Norte)
10 October 2025 - 02:54 PM,07.20,126.64,010,4.1,011km S 84° E of Manay (Davao Oriental)
10 October 2025 - 02:47 PM,11.14,124.05,030,2.5,012km N 37° E of City Of Bogo (Cebu)
10 October 2025 - 02:43 PM,07.10,126.72,024,2.1,024km S 58° E of Manay (Davao Oriental)
10 October 2025 - 02:41 PM,07.18,126.72,026,1.2,020km S 81° E of Manay (Davao Oriental)
10 October 2025 - 02:37 PM,07.35,127.14,014,3.1,068km N 77° E of Manay (Davao Oriental)
10 October 2025 - 02:36 PM,06.92,127.12,019,1.9,072km S 63° E of Manay (Davao Oriental)
10 October 2025 - 02:34 PM,13.75,120.58,067,1.9,011km S 28° W of Calatagan (Batangas)
10 October 2025 - 02:29 PM,07.25,126.61,036,1.2,009km N 63° E of Manay (Davao Oriental)
10 October 2025 - 02:32 PM,06.84,127.32,002,4.7,095km S 64° E of Manay (Davao Oriental)
10 October 2025 - 02:27 PM,06.69,127.24,037,2.1,097km S 53° E of Manay (Davao Oriental)
10 October 2025 - 02:25 PM,07.09,126.99,016,2.4,052km S 75° E of Manay (Davao Oriental)
10 October 2025 - 02:23 PM,07.19,126.95,007,2.8,045km S 87° E of Manay (Davao Oriental)
10 October 2025 - 02:18 PM,07.31,126.79,033,1.7,030km N 69° E of Manay (Davao Oriental)
10 October 2025 - 02:10 PM,07.10,126.90,008,2.2,041km S 73° E of Manay (Davao Oriental)
10 October 2025 - 02:06 PM,07.30,127.12,014,4.4,065km N 82° E of Manay (Davao Oriental)
10 October 2025 - 02:00 PM,07.15,126.85,020,1.5,035km S 79° E of Manay (Davao Oriental)
10 October 2025 - 01:48 PM,06.88,126.99,018,4.3,062km S 54° E of Manay (Davao Oriental)
10 October 2025 - 01:42 PM,07.02,126.90,023,1.4,045km S 63° E of Manay (Davao Oriental)
10 October 2025 - 01:40 PM,07.28,126.81,030,2.8,031km N 75° E of Manay (Davao Oriental)
10 October 2025 - 01:35 PM,07.38,126.57,029,2.6,020km N 10° E of Manay (Davao Oriental)
10 October 2025 - 01:32 PM,07.67,127.12,037,2.0,082km N 52° E of Manay (Davao Oriental)
10 October 2025 - 01:26 PM,07.08,126.99,022,3.8,052km S 74° E of Manay (Davao Oriental)
10 October 2025 - 01:19 PM,07.03,126.97,016,2.3,052km S 67° E of Manay (Davao Oriental)
10 October 2025 - 01:18 PM,07.20,127.10,007,2.2,062km S 89° E of Manay (Davao Oriental)
10 October 2025 - 01:14 PM,07.48,125.91,006,3.5,004km S 20° W of Mawab (Davao De Oro)
10 October 2025 - 01:06 PM,08.03,126.82,026,3.1,045km S 89° E of Lingig (Surigao Del Sur)
10 October 2025 - 01:01 PM,07.09,126.92,025,3.7,044km S 72° E of Manay (Davao Oriental)
10 October 2025 - 12:51 PM,06.87,127.08,004,2.3,070km S 58° E of Manay (Davao Oriental)
10 October 2025 - 12:46 PM,07.11,126.88,017,2.9,040km S 74° E of Manay (Davao Oriental)
10 October 2025 - 12:43 PM,07.28,126.92,027,2.8,043km N 80° E of Manay (Davao Oriental)
10 October 2025 - 12:39 PM,07.40,126.75,011,3.1,031km N 48° E of Manay (Davao Oriental)
10 October 2025 - 12:34 PM,07.18,127.15,028,3.4,068km S 87° E of Manay (Davao Oriental)
10 October 2025 - 12:29 PM,06.77,126.91,035,1.4,063km S 40° E of Manay (Davao Oriental)
10 October 2025 - 12:25 PM,06.84,127.11,022,2.9,075km S 57° E of Manay (Davao Oriental)
10 October 2025 - 12:23 PM,07.22,127.16,028,2.9,069km N 89° E of Manay (Davao Oriental)
10 October 2025 - 12:18 PM,06.82,127.00,012,3.9,067km S 50° E of Manay (Davao Oriental)
10 October 2025 - 12:14 PM,08.05,126.85,142,1.9,048km N 89° E of Lingig (Surigao Del Sur)
10 October 2025 - 12:11 PM,07.31,126.84,008,2.8,035km N 72° E of Manay (Davao Oriental)
10 October 2025 - 12:05 PM,07.12,126.84,019,3.0,034km S 73° E of Manay (Davao Oriental)
10 October 2025 - 12:04 PM,07.04,127.13,032,2.3,068km S 74° E of Manay (Davao Oriental)
10 October 2025 - 12:02 PM,07.15,126.98,003,3.5,049km S 83° E of Manay (Davao Oriental)
10 October 2025 - 11:59 AM,06.98,126.72,033,2.3,033km S 38° E of Manay (Davao Oriental)
10 October 2025 - 11:57 AM,07.08,127.09,020,2.4,062km S 77° E of Manay (Davao Oriental)
10 October 2025 - 11:56 AM,07.18,126.70,040,1.7,018km S 80° E of Manay (Davao Oriental)
10 October 2025 - 11:53 AM,07.16,126.72,010,4.8,020km S 74° E of Manay (Davao Oriental)
10 October 2025 - 11:43 AM,07.24,126.78,021,2.2,026km N 83° E of Manay (Davao Oriental)
10 October 2025 - 11:40 AM,07.37,126.84,028,2.9,038km N 62° E of Manay (Davao Oriental)
10 October 2025 - 11:39 AM,07.14,126.93,012,3.1,044km S 79° E of Manay (Davao Oriental)
10 October 2025 - 11:36 AM,07.19,126.51,017,2.6,004km S 50° W of Manay (Davao Oriental)
10 October 2025 - 11:32 AM,07.03,126.99,019,5.8,054km S 68° E of Manay (Davao Oriental)
10 October 2025 - 11:22 AM,07.07,126.99,007,4.8,052km S 73° E of Manay (Davao Oriental)
10 October 2025 - 11:21 AM,07.16,126.68,032,2.9,017km S 70° E of Manay (Davao Oriental)
10 October 2025 - 11:17 AM,07.05,126.92,004,3.8,046km S 67° E of Manay (Davao Oriental)
10 October 2025 - 11:16 AM,06.91,126.94,017,1.3,056km S 53° E of Manay (Davao Oriental)
10 October 2025 - 11:14 AM,07.08,127.08,009,3.0,061km S 77° E of Manay (Davao Oriental)
10 October 2025 - 11:10 AM,07.05,126.77,001,3.4,030km S 55° E of Manay (Davao Oriental)
10 October 2025 - 11:04 AM,07.17,126.93,015,2.8,043km S 83° E of Manay (Davao Oriental)
10 October 2025 - 10:57 AM,07.33,126.72,002,3.1,024km N 55° E of Manay (Davao Oriental)
10 October 2025 - 10:49 AM,07.20,126.77,017,1.5,026km S 88° E of Manay (Davao Oriental)
10 October 2025 - 10:45 AM,07.10,127.18,033,3.1,071km S 80° E of Manay (Davao Oriental)
10 October 2025 - 10:39 AM,07.04,126.32,012,2.6,030km S 52° W of Manay (Davao Oriental)
10 October 2025 - 10:37 AM,07.42,126.66,010,2.6,027km N 30° E of Manay (Davao Oriental)
10 October 2025 - 10:36 AM,07.15,127.03,017,1.6,054km S 83° E of Manay (Davao Oriental)
10 October 2025 - 10:33 AM,07.02,126.98,001,3.8,053km S 66° E of Manay (Davao Oriental)
10 October 2025 - 10:32 AM,07.23,127.02,016,2.4,053km N 88° E of Manay (Davao Oriental)
10 October 2025 - 10:27 AM,07.05,126.75,022,3.4,029km S 53° E of Manay (Davao Oriental)
10 October 2025 - 10:18 AM,07.12,126.90,018,2.0,041km S 76° E of Manay (Davao Oriental)
10 October 2025 - 10:15 AM,07.33,126.95,017,3.8,047km N 74° E of Manay (Davao Oriental)
10 October 2025 - 10:11 AM,06.91,126.78,075,4.2,043km S 38° E of Manay (Davao Oriental)
10 October 2025 - 10:09 AM,06.92,126.92,021,3.7,053km S 53° E of Manay (Davao Oriental)
10 October 2025 - 09:43 AM,07.22,126.97,023,7.4,048km N 89° E of Manay (Davao Oriental)
10 October 2025 - 09:18 AM,11.16,124.03,033,1.3,014km N 25° E of City Of Bogo (Cebu)
10 October 2025 - 08:41 AM,11.04,124.08,032,1.7,011km S 84° E of City Of Bogo (Cebu)
10 October 2025 - 08:23 AM,11.16,123.98,012,1.7,013km N 01° E of City Of Bogo (Cebu)
10 October 2025 - 08:20 AM,13.10,121.38,031,1.7,006km N 28° W of Socorro (Oriental Mindoro)
10 October 2025 - 08:09 AM,11.12,123.99,017,1.6,008km N 11° E of City Of Bogo (Cebu)
10 October 2025 - 07:52 AM,11.10,124.03,001,2.5,009km N 43° E of City Of Bogo (Cebu)
10 October 2025 - 07:45 AM,13.57,120.85,024,1.4,010km S 14° W of Tingloy (Batangas)
10 October 2025 - 07:33 AM,11.16,124.05,029,1.4,014km N 31° E of City Of Bogo (Cebu)
10 October 2025 - 06:46 AM,13.89,122.54,003,1.8,007km S 59° W of Del Gallego (Camarines Sur)
10 October 2025 - 06:28 AM,10.94,123.97,016,1.6,011km S 07° W of City Of Bogo (Cebu)
10 October 2025 - 06:26 AM,09.55,126.19,031,1.8,026km S 08° E of General Luna (Surigao Del Norte)
10 October 2025 - 06:08 AM,09.52,125.97,031,2.3,011km S 02° E of Socorro (Surigao Del Norte)
10 October 2025 - 06:08 AM,11.14,124.00,031,2.3,011km N 14° E of City Of Bogo (Cebu)
10 October 2025 - 05:59 AM,06.56,125.21,009,2.5,008km S 34° W of Kiblawan (Davao Del Sur)
10 October 2025 - 05:55 AM,10.94,123.98,025,1.8,012km S 03° E of City Of Bogo (Cebu)
10 October 2025 - 05:53 AM,11.01,123.97,033,2.1,005km S 15° W of City Of Bogo (Cebu)
10 October 2025 - 05:32 AM,10.94,123.97,004,2.6,012km S 05° W of City Of Bogo (Cebu)
10 October 2025 - 05:29 AM,11.09,123.97,029,1.5,005km N 10° W of City Of Bogo (Cebu)
10 October 2025 - 05:02 AM,09.65,122.33,031,2.1,016km N 69° W of Hinoba-an (Negros Occidental)
10 October 2025 - 04:49 AM,10.95,123.88,015,2.2,016km S 46° W of City Of Bogo (Cebu)
10 October 2025 - 04:42 AM,16.45,122.34,019,2.0,012km S 44° E of Dinapigue (Isabela)
10 October 2025 - 04:24 AM,11.12,124.13,032,2.2,018km N 65° E of City Of Bogo (Cebu)
10 October 2025 - 04:24 AM,11.18,124.22,013,2.0,030km N 60° E of City Of Bogo (Cebu)
10 October 2025 - 04:19 AM,11.15,124.21,005,2.9,027km N 65° E of City Of Bogo (Cebu)
10 October 2025 - 04:16 AM,11.18,124.01,032,1.8,016km N 14° E of City Of Bogo (Cebu)
10 October 2025 - 04:12 AM,11.10,124.07,009,1.7,012km N 59° E of City Of Bogo (Cebu)
10 October 2025 - 04:09 AM,08.78,126.04,030,2.1,017km N 19° W of Lianga (Surigao Del Sur)
10 October 2025 - 04:08 AM,07.78,122.04,026,2.3,012km S 78° W of Baliguian (Zamboanga Del Norte)
10 October 2025 - 03:46 AM,10.91,123.66,011,2.2,038km S 67° W of City Of Bogo (Cebu)
10 October 2025 - 03:33 AM,16.41,122.44,007,3.0,023km S 54° E of Dinapigue (Isabela)
10 October 2025 - 03:26 AM,20.07,121.52,029,2.1,048km S 52° W of Sabtang (Batanes)
10 October 2025 - 03:22 AM,20.13,121.37,030,2.8,057km S 67° W of Sabtang (Batanes)
10 October 2025 - 03:19 AM,07.68,124.57,003,2.3,017km N 74° W of Wao (Lanao Del Sur)
10 October 2025 - 03:11 AM,17.75,120.60,024,2.8,009km N 47° W of Danglas (Abra)
10 October 2025 - 02:54 AM,11.15,124.15,009,2.0,022km N 59° E of City Of Bogo (Cebu)
10 October 2025 - 02:45 AM,10.97,123.95,005,3.0,009km S 21° W of City Of Bogo (Cebu)
10 October 2025 - 02:33 AM,11.14,123.97,014,1.8,010km N 09° W of City Of Bogo (Cebu)
10 October 2025 - 02:21 AM,16.08,120.49,128,2.4,004km N 01° W of Manaoag (Pangasinan)
10 October 2025 - 02:15 AM,11.08,123.96,028,2.4,004km N 34° W of City Of Bogo (Cebu)
10 October 2025 - 02:15 AM,10.96,123.91,008,1.9,012km S 38° W of City Of Bogo (Cebu)
10 October 2025 - 01:57 AM,11.18,123.97,013,2.1,015km N 04° W of City Of Bogo (Cebu)
10 October 2025 - 01:55 AM,04.37,128.01,081,3.5,307km S 67° E of Sarangani Island (Municipality Of Sarangani) (Davao Occidental)
10 October 2025 - 01:47 AM,11.18,124.11,006,1.8,020km N 43° E of City Of Bogo (Cebu)
10 October 2025 - 01:14 AM,11.14,123.97,007,2.1,011km N 05° W of City Of Bogo (Cebu)
10 October 2025 - 01:09 AM,11.01,124.03,033,2.1,007km S 57° E of City Of Bogo (Cebu)
10 October 2025 - 01:05 AM,11.13,124.09,009,1.8,015km N 53° E of City Of Bogo (Cebu)
10 October 2025 - 12:40 AM,08.50,126.44,031,2.9,019km N 38° E of Hinatuan (Surigao Del Sur)
10 October 2025 - 12:22 AM,11.17,124.02,030,1.5,014km N 18° E of City Of Bogo (Cebu)
10 October 2025 - 12:07 AM,10.98,124.03,008,2.5,010km S 36° E of City Of Bogo (Cebu)
09 October 2025 - 11:53 PM,11.20,124.16,006,1.7,026km N 49° E of City Of Bogo (Cebu)
09 October 2025 - 11:34 PM,10.95,123.69,005,3.2,033km S 72° W of City Of Bogo (Cebu)
09 October 2025 - 11:27 PM,11.17,124.03,032,1.3,015km N 20° E of City Of Bogo (Cebu)
09 October 2025 - 11:17 PM,11.07,124.08,026,2.0,011km N 76° E of City Of Bogo (Cebu)
09 October 2025 - 11:11 PM,11.04,123.85,026,2.0,014km S 86° W of City Of Bogo (Cebu)
09 October 2025 - 11:10 PM,08.49,125.81,033,1.8,005km N 35° E of Talacogon (Agusan Del Sur)
09 October 2025 - 10:58 PM,11.21,124.15,006,2.5,026km N 45° E of City Of Bogo (Cebu)
09 October 2025 - 10:48 PM,11.05,124.02,029,2.0,004km N 87° E of City Of Bogo (Cebu)
09 October 2025 - 10:42 PM,11.01,124.06,017,1.6,009km S 65° E of City Of Bogo (Cebu)
09 October 2025 - 10:24 PM,11.29,123.98,010,1.5,027km N 01° W of City Of Bogo (Cebu)
09 October 2025 - 09:36 PM,11.05,124.06,008,2.1,009km N 88° E of City Of Bogo (Cebu)
09 October 2025 - 09:16 PM,11.09,124.07,010,4.0,011km N 64° E of City Of Bogo (Cebu)
09 October 2025 - 09:08 PM,11.14,124.07,026,1.5,015km N 44° E of City Of Bogo (Cebu)
09 October 2025 - 08:59 PM,11.02,124.05,022,2.2,008km S 65° E of City Of Bogo (Cebu)
09 October 2025 - 08:53 PM,10.98,124.12,012,1.9,017km S 65° E of City Of Bogo (Cebu)
09 October 2025 - 08:31 PM,11.20,124.00,023,2.4,017km N 09° E of City Of Bogo (Cebu)
09 October 2025 - 08:11 PM,07.34,123.61,031,1.9,026km S 57° E of Tabina (Zamboanga Del Sur)
09 October 2025 - 08:13 PM,18.34,122.18,003,2.6,014km S 18° E of Santa Ana (Cagayan)
09 October 2025 - 07:11 PM,10.85,123.94,005,2.1,023km S 10° W of City Of Bogo (Cebu)
09 October 2025 - 07:02 PM,08.79,126.32,023,2.4,003km S 65° E of Marihatag (Surigao Del Sur)
09 October 2025 - 06:30 PM,11.13,123.94,005,3.1,010km N 24° W of City Of Bogo (Cebu)
09 October 2025 - 06:26 PM,11.24,124.33,005,1.7,008km N 67° W of Villaba (Leyte)
09 October 2025 - 06:11 PM,02.93,127.03,030,3.7,327km S 33° E of Balut Island (Municipality Of Sarangani) (Davao Occidental)
09 October 2025 - 06:10 PM,11.16,124.17,003,2.4,024km N 60° E of City Of Bogo (Cebu)
09 October 2025 - 06:04 PM,11.00,124.01,002,2.3,006km S 29° E of City Of Bogo (Cebu)
09 October 2025 - 05:52 PM,11.21,124.15,005,2.6,026km N 45° E of City Of Bogo (Cebu)
09 October 2025 - 05:40 PM,11.03,124.03,001,2.2,006km S 68° E of City Of Bogo (Cebu)
09 October 2025 - 05:39 PM,11.14,124.12,005,2.6,019km N 56° E of City Of Bogo (Cebu)
09 October 2025 - 05:12 PM,11.19,123.93,008,2.1,017km N 20° W of City Of Bogo (Cebu)
09 October 2025 - 05:01 PM,11.06,123.94,001,2.2,004km N 66° W of City Of Bogo (Cebu)
09 October 2025 - 04:51 PM,13.77,120.45,098,2.5,021km S 71° W of Calatagan (Batangas)
09 October 2025 - 04:26 PM,11.19,124.07,033,1.9,018km N 33° E of City Of Bogo (Cebu)
09 October 2025 - 04:23 PM,11.18,124.09,021,2.0,019km N 41° E of City Of Bogo (Cebu)
09 October 2025 - 04:18 PM,11.18,124.06,013,2.0,017km N 30° E of City Of Bogo (Cebu)
09 October 2025 - 04:03 PM,11.06,123.88,022,2.7,011km N 80° W of City Of Bogo (Cebu)
09 October 2025 - 04:01 PM,05.81,126.83,012,3.1,125km S 42° E of Governor Generoso (Davao Oriental)
09 October 2025 - 03:56 PM,07.41,124.74,033,2.0,011km S 24° E of Banisilan (Cotabato)
09 October 2025 - 03:53 PM,11.15,123.99,033,1.6,012km N 05° E of City Of Bogo (Cebu)
09 October 2025 - 03:26 PM,11.19,124.14,005,2.3,023km N 48° E of City Of Bogo (Cebu)
09 October 2025 - 02:53 PM,11.14,123.96,008,1.9,011km N 10° W of City Of Bogo (Cebu)
09 October 2025 - 02:49 PM,11.06,124.09,028,1.7,012km N 81° E of City Of Bogo (Cebu)
09 October 2025 - 02:26 PM,15.46,120.66,032,1.7,008km S 72° E of City Of Tarlac (Tarlac)
09 October 2025 - 01:58 PM,17.17,120.12,026,2.1,034km N 89° W of City Of Candon (Ilocos Sur)
09 October 2025 - 12:16 PM,16.34,120.54,012,2.0,006km S 22° W of Tuba (Benguet)
09 October 2025 - 12:12 PM,18.82,121.81,001,2.8,012km S 31° W of Camiguin Island (Calayan) (Cagayan)
09 October 2025 - 12:12 PM,11.21,124.10,032,1.3,023km N 36° E of City Of Bogo (Cebu)
09 October 2025 - 10:46 AM,10.98,124.03,020,1.8,009km S 36° E of City Of Bogo (Cebu)
09 October 2025 - 10:37 AM,11.10,124.12,006,2.4,016km N 71° E of City Of Bogo (Cebu)
09 October 2025 - 10:30 AM,16.34,120.42,012,4.4,005km N 70° W of Pugo (La Union)
09 October 2025 - 10:22 AM,08.78,126.58,015,2.2,031km S 86° E of Marihatag (Surigao Del Sur)
09 October 2025 - 09:42 AM,10.97,123.99,011,2.4,008km S 05° E of City Of Bogo (Cebu)
09 October 2025 - 09:21 AM,10.89,123.80,004,3.2,027km S 48° W of City Of Bogo (Cebu)
09 October 2025 - 08:53 AM,06.57,126.58,038,2.6,055km S 16° E of Tarragona (Davao Oriental)
09 October 2025 - 08:38 AM,11.01,123.93,015,2.4,007km S 53° W of City Of Bogo (Cebu)
09 October 2025 - 08:03 AM,11.11,124.03,019,2.4,009km N 38° E of City Of Bogo (Cebu)
09 October 2025 - 08:00 AM,11.23,124.15,006,2.4,027km N 43° E of City Of Bogo (Cebu)
09 October 2025 - 07:54 AM,20.00,121.13,014,3.9,087km S 64° W of Sabtang (Batanes)
09 October 2025 - 07:48 AM,11.16,124.04,033,1.5,014km N 28° E of City Of Bogo (Cebu)
09 October 2025 - 07:36 AM,11.21,124.03,032,1.4,019km N 16° E of City Of Bogo (Cebu)
09 October 2025 - 07:35 AM,11.04,124.08,005,1.8,011km S 87° E of City Of Bogo (Cebu)
09 October 2025 - 06:59 AM,11.16,123.98,027,1.5,012km N 02° E of City Of Bogo (Cebu)
09 October 2025 - 06:42 AM,10.95,123.96,009,1.8,011km S 12° W of City Of Bogo (Cebu)
09 October 2025 - 06:40 AM,11.18,123.98,027,2.1,014km N 01° W of City Of Bogo (Cebu)
09 October 2025 - 06:40 AM,10.91,123.90,005,2.6,018km S 31° W of City Of Bogo (Cebu)
09 October 2025 - 06:32 AM,10.98,124.10,026,2.0,015km S 60° E of City Of Bogo (Cebu)
09 October 2025 - 06:23 AM,11.18,124.05,026,1.8,017km N 26° E of City Of Bogo (Cebu)
09 October 2025 - 06:11 AM,11.13,124.09,004,3.0,015km N 54° E of City Of Bogo (Cebu)
09 October 2025 - 05:47 AM,11.17,123.98,033,1.6,013km N 01° E of City Of Bogo (Cebu)
09 October 2025 - 05:46 AM,11.18,123.97,012,1.8,015km N 03° W of City Of Bogo (Cebu)
09 October 2025 - 05:41 AM,10.94,123.91,024,2.0,014km S 31° W of City Of Bogo (Cebu)
09 October 2025 - 05:22 AM,11.06,124.09,032,1.2,013km N 83° E of City Of Bogo (Cebu)
09 October 2025 - 05:18 AM,11.11,123.98,021,1.5,007km N 02° W of City Of Bogo (Cebu)
09 October 2025 - 05:14 AM,13.97,119.52,087,2.2,112km S 46° W of Morong (Bataan)
09 October 2025 - 05:05 AM,11.06,124.09,016,2.4,012km N 85° E of City Of Bogo (Cebu)
09 October 2025 - 05:04 AM,10.92,123.89,003,1.7,017km S 36° W of City Of Bogo (Cebu)
09 October 2025 - 05:00 AM,11.15,123.96,010,1.6,011km N 13° W of City Of Bogo (Cebu)
09 October 2025 - 04:55 AM,09.69,126.23,032,2.1,013km S 41° E of General Luna (Surigao Del Norte)
09 October 2025 - 04:42 AM,11.06,124.05,004,2.0,008km N 81° E of City Of Bogo (Cebu)
09 October 2025 - 04:32 AM,10.92,123.99,022,1.5,014km S 07° E of City Of Bogo (Cebu)
09 October 2025 - 04:32 AM,11.10,124.05,022,1.0,010km N 55° E of City Of Bogo (Cebu)
09 October 2025 - 04:29 AM,10.96,124.04,005,2.4,011km S 33° E of City Of Bogo (Cebu)
09 October 2025 - 04:20 AM,11.07,124.07,032,2.1,010km N 76° E of City Of Bogo (Cebu)
09 October 2025 - 04:14 AM,11.34,123.96,004,2.2,033km N 05° W of City Of Bogo (Cebu)
09 October 2025 - 04:14 AM,18.01,120.49,038,2.7,001km S 09° E of Currimao (Ilocos Norte)
09 October 2025 - 04:06 AM,11.03,124.04,016,1.3,006km S 76° E of City Of Bogo (Cebu)
09 October 2025 - 03:54 AM,10.95,124.02,024,1.0,011km S 21° E of City Of Bogo (Cebu)
09 October 2025 - 03:10 AM,11.10,124.11,004,3.3,015km N 68° E of City Of Bogo (Cebu)
09 October 2025 - 03:08 AM,09.97,122.09,004,2.4,043km N 59° W of City Of Sipalay (Negros Occidental)
09 October 2025 - 03:02 AM,11.05,124.14,002,1.5,018km N 89° E of City Of Bogo (Cebu)
09 October 2025 - 02:54 AM,11.14,123.97,011,1.6,010km N 06° W of City Of Bogo (Cebu)
09 October 2025 - 02:51 AM,15.14,121.98,001,4.0,029km N 39° E of Panukulan (Quezon)
09 October 2025 - 02:42 AM,11.17,124.04,017,1.7,015km N 27° E of City Of Bogo (Cebu)
09 October 2025 - 02:21 AM,10.76,123.95,018,1.7,032km S 06° W of City Of Bogo (Cebu)
09 October 2025 - 02:19 AM,11.36,123.92,033,1.3,035km N 11° W of City Of Bogo (Cebu)
09 October 2025 - 02:17 AM,11.17,124.16,004,1.2,024km N 56° E of City Of Bogo (Cebu)
09 October 2025 - 02:04 AM,10.90,124.00,022,1.9,017km S 08° E of City Of Bogo (Cebu)
09 October 2025 - 02:04 AM,11.01,124.05,033,1.2,008km S 63° E of City Of Bogo (Cebu)
09 October 2025 - 01:56 AM,11.09,123.95,033,1.2,006km N 35° W of City Of Bogo (Cebu)
09 October 2025 - 01:55 AM,11.17,124.15,023,1.5,023km N 55° E of City Of Bogo (Cebu)
09 October 2025 - 01:44 AM,13.12,120.23,001,2.6,042km S 74° W of Mamburao (Occidental Mindoro)
09 October 2025 - 01:42 AM,06.96,124.81,035,2.9,008km N 80° W of M'lang (Cotabato)
09 October 2025 - 01:31 AM,11.15,123.95,007,1.7,012km N 14° W of City Of Bogo (Cebu)
09 October 2025 - 01:15 AM,11.21,124.13,011,2.5,024km N 41° E of City Of Bogo (Cebu)
09 October 2025 - 01:07 AM,11.07,124.07,027,2.0,010km N 75° E of City Of Bogo (Cebu)
09 October 2025 - 01:05 AM,17.26,120.20,009,2.3,027km S 74° W of San Esteban (Ilocos Sur)
09 October 2025 - 12:26 AM,11.17,123.98,033,1.6,013km N 01° E of City Of Bogo (Cebu)
08 October 2025 - 11:36 PM,15.45,120.18,031,1.5,025km N 43° E of Botolan (Zambales)
08 October 2025 - 11:33 PM,10.98,124.10,037,1.3,015km S 60° E of City Of Bogo (Cebu)
08 October 2025 - 11:23 PM,11.22,124.08,025,1.2,022km N 30° E of City Of Bogo (Cebu)
08 October 2025 - 11:05 PM,11.10,124.11,003,1.8,015km N 65° E of City Of Bogo (Cebu)
08 October 2025 - 10:59 PM,11.26,123.96,034,1.1,024km N 05° W of City Of Bogo (Cebu)
08 October 2025 - 10:54 PM,10.85,123.95,006,2.2,022km S 09° W of City Of Bogo (Cebu)
08 October 2025 - 10:42 PM,10.91,124.05,004,1.8,020km S 18° E of City Of Bogo (Cebu)
08 October 2025 - 10:32 PM,11.13,124.16,004,2.2,022km N 66° E of City Of Bogo (Cebu)
08 October 2025 - 10:29 PM,09.08,126.46,033,3.7,023km N 58° E of Bayabas (Surigao Del Sur)
08 October 2025 - 10:28 PM,06.67,126.78,021,1.8,056km S 41° E of Tarragona (Davao Oriental)
08 October 2025 - 10:23 PM,14.00,120.42,076,2.4,024km S 70° W of Nasugbu (Batangas)
08 October 2025 - 10:18 PM,13.30,120.91,024,2.1,019km S 38° W of San Teodoro (Oriental Mindoro)
08 October 2025 - 10:13 PM,11.07,124.06,026,1.6,009km N 70° E of City Of Bogo (Cebu)
08 October 2025 - 10:09 PM,06.23,124.63,023,1.5,009km N 88° W of Lake Sebu (South Cotabato)
08 October 2025 - 10:00 PM,13.56,120.65,127,1.5,015km N 35° W of Abra De Ilog (Occidental Mindoro)
08 October 2025 - 09:43 PM,11.16,123.94,011,1.4,013km N 18° W of City Of Bogo (Cebu)
08 October 2025 - 09:38 PM,11.20,123.94,010,1.4,018km N 13° W of City Of Bogo (Cebu)
08 October 2025 - 09:27 PM,11.11,123.94,003,1.9,008km N 31° W of City Of Bogo (Cebu)
08 October 2025 - 09:22 PM,19.82,122.52,175,3.6,072km N 62° E of Babuyan Island (Calayan) (Cagayan)
08 October 2025 - 09:17 PM,15.79,119.74,036,1.4,018km S 79° W of Infanta (Pangasinan)
08 October 2025 - 09:10 PM,11.14,124.12,005,2.3,019km N 57° E of City Of Bogo (Cebu)
08 October 2025 - 09:05 PM,09.11,126.20,027,2.1,005km N 39° E of City Of Tandag (Surigao Del Sur)
08 October 2025 - 08:57 PM,13.79,120.57,083,1.2,009km S 58° W of Calatagan (Batangas)
08 October 2025 - 08:42 PM,11.01,124.02,005,3.5,006km S 42° E of City Of Bogo (Cebu)
08 October 2025 - 08:11 PM,11.00,124.02,023,2.4,006km S 38° E of City Of Bogo (Cebu)
08 October 2025 - 08:06 PM,11.19,124.03,031,1.0,017km N 20° E of City Of Bogo (Cebu)
08 October 2025 - 07:50 PM,11.14,123.79,002,1.3,024km N 63° W of City Of Bogo (Cebu)
08 October 2025 - 07:38 PM,11.15,124.11,025,2.4,018km N 51° E of City Of Bogo (Cebu)
08 October 2025 - 07:34 PM,11.09,124.07,007,1.5,011km N 62° E of City Of Bogo (Cebu)
08 October 2025 - 07:30 PM,10.96,123.95,003,2.6,010km S 15° W of City Of Bogo (Cebu)
08 October 2025 - 07:16 PM,11.06,124.20,002,2.4,023km N 85° E of City Of Bogo (Cebu)
08 October 2025 - 06:37 PM,11.13,124.00,023,1.5,010km N 15° E of City Of Bogo (Cebu)
08 October 2025 - 06:25 PM,11.37,124.09,005,2.7,038km N 19° E of City Of Bogo (Cebu)
08 October 2025 - 06:16 PM,11.14,124.06,027,1.6,013km N 42° E of City Of Bogo (Cebu)
08 October 2025 - 06:09 PM,11.19,124.08,002,2.1,020km N 36° E of City Of Bogo (Cebu)
08 October 2025 - 05:56 PM,10.93,123.92,002,2.4,014km S 26° W of City Of Bogo (Cebu)
08 October 2025 - 05:52 PM,11.11,124.16,005,2.0,021km N 72° E of City Of Bogo (Cebu)
08 October 2025 - 05:35 PM,11.16,123.97,032,1.2,012km N 06° W of City Of Bogo (Cebu)
08 October 2025 - 05:32 PM,11.08,124.01,007,2.0,005km N 37° E of City Of Bogo (Cebu)
08 October 2025 - 05:18 PM,11.26,123.91,004,2.6,025km N 18° W of City Of Bogo (Cebu)
08 October 2025 - 05:09 PM,11.02,124.06,033,2.0,009km S 73° E of City Of Bogo (Cebu)
08 October 2025 - 05:01 PM,11.05,124.12,003,2.7,016km N 88° E of City Of Bogo (Cebu)
08 October 2025 - 04:57 PM,11.19,124.18,005,2.1,027km N 55° E of City Of Bogo (Cebu)
08 October 2025 - 04:47 PM,11.05,124.00,033,2.3,002km N 87° E of City Of Bogo (Cebu)
08 October 2025 - 04:47 PM,11.25,123.95,030,2.7,023km N 09° W of City Of Bogo (Cebu)
08 October 2025 - 04:37 PM,07.24,121.81,010,3.4,029km S 77° W of Sibuco (Zamboanga Del Norte)
08 October 2025 - 03:52 PM,10.69,126.07,025,2.2,053km S 45° E of Guiuan (Eastern Samar)
08 October 2025 - 03:27 PM,08.62,126.17,005,3.1,008km S 81° E of Lianga (Surigao Del Sur)
08 October 2025 - 03:25 PM,11.06,123.87,030,2.0,012km N 84° W of City Of Bogo (Cebu)
08 October 2025 - 03:11 PM,11.07,124.14,034,1.8,018km N 83° E of City Of Bogo (Cebu)
08 October 2025 - 01:04 PM,10.84,123.96,024,2.0,023km S 06° W of City Of Bogo (Cebu)
08 October 2025 - 12:05 PM,08.15,127.44,031,2.9,114km N 84° E of Lingig (Surigao Del Sur)
08 October 2025 - 12:01 PM,10.99,123.98,001,1.4,006km S 01° W of City Of Bogo (Cebu)
08 October 2025 - 11:48 AM,11.16,124.00,026,1.5,012km N 10° E of City Of Bogo (Cebu)
08 October 2025 - 11:38 AM,09.31,126.21,021,2.3,004km N 28° E of Cortes (Surigao Del Sur)
08 October 2025 - 11:36 AM,07.80,126.96,023,2.8,050km N 61° E of Baganga (Davao Oriental)
08 October 2025 - 11:28 AM,10.99,123.96,005,3.0,007km S 16° W of City Of Bogo (Cebu)
08 October 2025 - 11:08 AM,11.20,124.11,029,2.0,023km N 39° E of City Of Bogo (Cebu)
08 October 2025 - 11:03 AM,11.13,124.13,033,1.7,019km N 61° E of City Of Bogo (Cebu)
08 October 2025 - 10:48 AM,11.27,124.03,034,1.6,026km N 13° E of City Of Bogo (Cebu)
08 October 2025 - 10:38 AM,07.59,124.81,032,1.8,011km S 59° E of Wao (Lanao Del Sur)
08 October 2025 - 09:38 AM,11.22,124.02,020,1.8,019km N 12° E of City Of Bogo (Cebu)
08 October 2025 - 09:16 AM,10.94,123.97,004,2.1,012km S 03° W of City Of Bogo (Cebu)
08 October 2025 - 09:10 AM,11.21,124.23,026,2.5,033km N 56° E of City Of Bogo (Cebu)
08 October 2025 - 09:09 AM,17.92,120.26,012,2.4,022km N 73° W of Sinait (Ilocos Sur)
08 October 2025 - 09:00 AM,09.40,125.61,021,2.1,006km S 27° E of Kitcharao (Agusan Del Norte)
08 October 2025 - 08:58 AM,11.12,124.14,006,1.7,020km N 65° E of City Of Bogo (Cebu)
08 October 2025 - 08:56 AM,11.08,123.97,023,1.9,004km N 12° W of City Of Bogo (Cebu)
08 October 2025 - 08:46 AM,11.17,124.08,006,2.6,018km N 39° E of City Of Bogo (Cebu)
08 October 2025 - 08:35 AM,11.11,124.11,005,2.4,015km N 65° E of City Of Bogo (Cebu)
08 October 2025 - 08:29 AM,10.90,123.86,001,1.7,021km S 38° W of City Of Bogo (Cebu)
08 October 2025 - 08:27 AM,11.18,124.12,005,2.6,022km N 46° E of City Of Bogo (Cebu)
08 October 2025 - 08:24 AM,11.13,124.00,022,1.6,010km N 14° E of City Of Bogo (Cebu)
08 October 2025 - 08:17 AM,10.13,126.45,023,2.8,042km N 74° E of Burgos (Surigao Del Norte)
08 October 2025 - 08:16 AM,10.99,123.97,006,1.6,007km S 12° W of City Of Bogo (Cebu)
08 October 2025 - 08:13 AM,11.13,124.01,027,1.7,010km N 21° E of City Of Bogo (Cebu)
08 October 2025 - 08:06 AM,11.15,123.98,031,1.3,011km North of City Of Bogo (Cebu)
08 October 2025 - 07:59 AM,10.97,123.92,001,3.3,010km S 37° W of City Of Bogo (Cebu)
08 October 2025 - 07:47 AM,11.11,123.95,004,2.6,008km N 28° W of City Of Bogo (Cebu)
08 October 2025 - 07:46 AM,11.06,124.09,033,1.6,012km N 83° E of City Of Bogo (Cebu)
08 October 2025 - 07:38 AM,10.26,126.71,023,3.7,075km N 69° E of Burgos (Surigao Del Norte)
08 October 2025 - 07:34 AM,11.17,124.16,007,1.9,024km N 54° E of City Of Bogo (Cebu)
08 October 2025 - 07:23 AM,11.12,123.95,007,2.4,009km N 23° W of City Of Bogo (Cebu)
08 October 2025 - 07:19 AM,10.97,123.95,006,3.9,010km S 21° W of City Of Bogo (Cebu)
08 October 2025 - 06:57 AM,11.07,124.17,031,2.0,021km N 81° E of City Of Bogo (Cebu)
08 October 2025 - 06:50 AM,13.91,120.45,061,1.6,021km N 65° W of Calatagan (Batangas)
08 October 2025 - 06:50 AM,11.04,124.08,002,2.5,011km S 84° E of City Of Bogo (Cebu)
08 October 2025 - 06:41 AM,16.48,122.09,010,2.0,016km N 52° W of Dilasag (Aurora)
08 October 2025 - 06:35 AM,10.95,124.03,015,2.2,012km S 25° E of City Of Bogo (Cebu)
08 October 2025 - 06:24 AM,10.96,124.02,031,2.2,011km S 22° E of City Of Bogo (Cebu)
08 October 2025 - 06:22 AM,10.97,124.24,034,2.0,030km S 75° E of City Of Bogo (Cebu)
08 October 2025 - 06:20 AM,11.09,124.05,016,2.0,010km N 58° E of City Of Bogo (Cebu)
08 October 2025 - 06:00 AM,10.92,123.92,003,2.4,016km S 25° W of City Of Bogo (Cebu)
08 October 2025 - 05:45 AM,10.92,123.95,008,3.2,014km S 11° W of City Of Bogo (Cebu)
08 October 2025 - 05:34 AM,10.94,124.01,031,1.7,012km S 15° E of City Of Bogo (Cebu)
08 October 2025 - 05:31 AM,11.22,124.08,009,2.3,022km N 28° E of City Of Bogo (Cebu)
08 October 2025 - 05:21 AM,11.16,124.08,006,3.8,016km N 40° E of City Of Bogo (Cebu)
08 October 2025 - 05:14 AM,11.11,124.10,026,1.8,015km N 64° E of City Of Bogo (Cebu)
08 October 2025 - 05:04 AM,11.18,123.95,005,1.8,015km N 11° W of City Of Bogo (Cebu)
08 October 2025 - 05:03 AM,11.13,124.24,031,1.7,030km N 71° E of City Of Bogo (Cebu)
08 October 2025 - 05:03 AM,11.13,124.24,031,1.7,030km N 71° E of City Of Bogo (Cebu)
08 October 2025 - 05:03 AM,18.35,120.62,022,2.0,002km N 10° W of Pasuquin (Ilocos Norte)
08 October 2025 - 04:50 AM,11.14,123.99,031,1.4,011km N 05° E of City Of Bogo (Cebu)
08 October 2025 - 04:47 AM,10.99,123.99,005,2.1,007km S 14° E of City Of Bogo (Cebu)
08 October 2025 - 04:34 AM,11.07,124.10,024,1.6,013km N 77° E of City Of Bogo (Cebu)
08 October 2025 - 04:33 AM,06.32,124.39,020,2.0,017km S 28° E of Senator Ninoy Aquino (Sultan Kudarat)
08 October 2025 - 04:28 AM,11.10,124.30,034,1.6,036km N 80° E of City Of Bogo (Cebu)
08 October 2025 - 04:23 AM,13.50,120.60,053,2.3,015km N 66° W of Abra De Ilog (Occidental Mindoro)
08 October 2025 - 04:17 AM,05.97,126.24,104,3.2,066km S 67° E of Don Marcelino (Davao Occidental)
08 October 2025 - 04:17 AM,11.09,124.05,030,2.3,009km N 56° E of City Of Bogo (Cebu)
08 October 2025 - 04:14 AM,12.45,121.13,009,2.4,013km N 31° E of San Jose (Occidental Mindoro)
08 October 2025 - 04:10 AM,11.18,124.09,025,2.5,019km N 40° E of City Of Bogo (Cebu)
08 October 2025 - 04:03 AM,11.12,123.87,020,2.0,014km N 54° W of City Of Bogo (Cebu)
08 October 2025 - 03:50 AM,11.13,124.10,025,2.7,016km N 54° E of City Of Bogo (Cebu)
08 October 2025 - 03:49 AM,11.02,123.99,031,1.7,003km S 26° E of City Of Bogo (Cebu)
08 October 2025 - 03:45 AM,13.73,120.19,024,2.6,007km N 78° W of Looc (Occidental Mindoro)
08 October 2025 - 03:42 AM,11.07,124.01,035,1.5,004km N 47° E of City Of Bogo (Cebu)
08 October 2025 - 03:40 AM,11.21,124.14,008,2.2,025km N 44° E of City Of Bogo (Cebu)
08 October 2025 - 03:33 AM,12.46,121.10,008,2.7,015km S 88° E of Rizal (Occidental Mindoro)
08 October 2025 - 03:32 AM,11.17,124.14,002,2.0,022km N 51° E of City Of Bogo (Cebu)
08 October 2025 - 03:30 AM,11.29,124.36,009,3.1,009km N 20° W of Villaba (Leyte)
08 October 2025 - 03:25 AM,11.17,123.99,033,1.5,013km N 06° E of City Of Bogo (Cebu)
08 October 2025 - 03:23 AM,11.17,123.98,012,2.1,013km N 01° E of City Of Bogo (Cebu)
08 October 2025 - 03:17 AM,11.10,124.11,005,3.1,016km N 68° E of City Of Bogo (Cebu)
08 October 2025 - 03:11 AM,11.11,123.93,002,2.8,009km N 41° W of City Of Bogo (Cebu)
08 October 2025 - 03:03 AM,10.91,124.10,002,2.3,020km S 42° E of City Of Bogo (Cebu)
08 October 2025 - 03:00 AM,10.90,123.86,001,2.5,021km S 39° W of City Of Bogo (Cebu)
08 October 2025 - 02:53 AM,11.10,124.07,030,2.2,011km N 60° E of City Of Bogo (Cebu)
08 October 2025 - 02:51 AM,13.82,122.70,031,1.7,009km N 89° W of Ragay (Camarines Sur)
08 October 2025 - 02:43 AM,10.88,123.90,001,2.0,020km S 26° W of City Of Bogo (Cebu)
08 October 2025 - 02:34 AM,11.13,124.28,011,1.9,034km N 75° E of City Of Bogo (Cebu)
08 October 2025 - 02:29 AM,11.04,124.01,032,2.0,003km S 82° E of City Of Bogo (Cebu)
08 October 2025 - 02:29 AM,16.36,120.73,035,1.8,005km S 85° E of Itogon (Benguet)
08 October 2025 - 02:23 AM,11.02,123.96,003,2.8,003km S 45° W of City Of Bogo (Cebu)
08 October 2025 - 02:16 AM,11.06,124.02,023,1.5,004km N 63° E of City Of Bogo (Cebu)
08 October 2025 - 02:16 AM,11.18,123.99,031,2.1,015km N 05° E of City Of Bogo (Cebu)
08 October 2025 - 02:05 AM,11.16,124.09,007,1.8,022km N 36° E of City Of Bogo (Cebu)
08 October 2025 - 02:04 AM,10.94,124.22,025,2.1,028km S 67° E of City Of Bogo (Cebu)
08 October 2025 - 02:02 AM,10.90,123.87,006,2.3,020km S 36° W of City Of Bogo (Cebu)
08 October 2025 - 01:57 AM,08.38,125.88,008,2.0,014km N 39° E of La Paz (Agusan Del Sur)
08 October 2025 - 01:55 AM,11.08,123.93,030,1.9,007km N 55° W of City Of Bogo (Cebu)
08 October 2025 - 01:43 AM,12.51,121.08,008,2.3,014km N 65° E of Rizal (Occidental Mindoro)
08 October 2025 - 01:40 AM,10.98,123.94,026,1.7,008km S 35° W of City Of Bogo (Cebu)
08 October 2025 - 01:33 AM,11.15,124.03,020,1.9,013km N 24° E of City Of Bogo (Cebu)
08 October 2025 - 01:31 AM,11.13,124.01,034,1.3,010km N 20° E of City Of Bogo (Cebu)
08 October 2025 - 01:24 AM,11.00,123.98,029,2.0,006km S 04° E of City Of Bogo (Cebu)
08 October 2025 - 01:20 AM,11.09,124.10,005,2.9,014km N 72° E of City Of Bogo (Cebu)
08 October 2025 - 01:08 AM,11.48,124.24,033,2.1,015km N 57° W of San Isidro (Leyte)
08 October 2025 - 01:05 AM,10.96,123.93,006,1.9,012km S 30° W of City Of Bogo (Cebu)
08 October 2025 - 01:02 AM,10.95,123.96,012,2.7,010km S 11° W of City Of Bogo (Cebu)
08 October 2025 - 12:56 AM,11.26,124.02,006,1.9,024km N 09° E of City Of Bogo (Cebu)
08 October 2025 - 12:45 AM,11.15,124.02,030,2.4,013km N 19° E of City Of Bogo (Cebu)
08 October 2025 - 12:40 AM,11.12,124.14,011,1.4,020km N 64° E of City Of Bogo (Cebu)
08 October 2025 - 12:39 AM,11.15,124.12,005,2.7,019km N 53° E of City Of Bogo (Cebu)
08 October 2025 - 12:30 AM,10.89,123.51,016,2.0,020km N 02° W of Toboso (Negros Occidental)
08 October 2025 - 12:11 AM,13.77,122.83,033,1.4,007km S 35° E of Ragay (Camarines Sur)
08 October 2025 - 12:09 AM,11.08,124.08,008,3.4,011km N 73° E of City Of Bogo (Cebu)
08 October 2025 - 12:08 AM,13.56,120.60,006,1.8,019km N 46° W of Abra De Ilog (Occidental Mindoro)
07 October 2025 - 11:59 PM,11.21,124.12,018,1.6,023km N 41° E of City Of Bogo (Cebu)
07 October 2025 - 11:46 PM,05.85,126.21,152,2.6,064km S 83° E of Jose Abad Santos (Davao Occidental)
07 October 2025 - 11:44 PM,09.22,126.41,032,2.4,024km S 74° E of Cortes (Surigao Del Sur)
07 October 2025 - 11:38 PM,11.11,124.14,002,2.8,019km N 70° E of City Of Bogo (Cebu)
07 October 2025 - 11:37 PM,11.10,124.12,007,2.1,017km N 68° E of City Of Bogo (Cebu)
07 October 2025 - 11:17 PM,10.97,123.95,004,2.6,009km S 24° W of City Of Bogo (Cebu)
07 October 2025 - 11:08 PM,10.96,124.03,004,2.6,011km S 28° E of City Of Bogo (Cebu)
07 October 2025 - 10:44 PM,10.67,123.45,016,1.8,009km S 55° W of Toboso (Negros Occidental)
07 October 2025 - 10:28 PM,11.16,123.97,029,2.3,013km N 06° W of City Of Bogo (Cebu)
07 October 2025 - 10:14 PM,10.06,125.53,019,1.4,007km N 56° W of San Jose (Dinagat Islands)
07 October 2025 - 10:14 PM,10.99,124.01,001,2.6,007km S 26° E of City Of Bogo (Cebu)
07 October 2025 - 10:12 PM,11.17,123.96,011,1.7,014km N 09° W of City Of Bogo (Cebu)
07 October 2025 - 10:06 PM,11.00,124.05,032,2.3,010km S 56° E of City Of Bogo (Cebu)
07 October 2025 - 09:58 PM,11.03,124.02,003,2.5,005km S 68° E of City Of Bogo (Cebu)
07 October 2025 - 09:51 PM,13.75,120.57,080,1.6,011km S 36° W of Calatagan (Batangas)
07 October 2025 - 09:49 PM,11.13,124.08,007,2.0,014km N 50° E of City Of Bogo (Cebu)
07 October 2025 - 09:41 PM,16.56,120.00,038,1.8,022km N 32° E of Bolinao (Pangasinan)
07 October 2025 - 09:37 PM,11.25,123.97,008,2.7,022km N 03° W of City Of Bogo (Cebu)
07 October 2025 - 09:34 PM,10.89,124.08,024,2.3,021km S 31° E of City Of Bogo (Cebu)
07 October 2025 - 09:28 PM,11.16,124.04,023,1.8,015km N 28° E of City Of Bogo (Cebu)
07 October 2025 - 09:23 PM,06.33,126.31,047,2.9,044km S 37° E of Governor Generoso (Davao Oriental)
07 October 2025 - 09:16 PM,07.89,126.46,021,1.9,010km N 76° E of Boston (Davao Oriental)
07 October 2025 - 09:08 PM,10.99,123.99,025,1.3,006km S 12° E of City Of Bogo (Cebu)
07 October 2025 - 09:06 PM,07.90,127.53,040,3.1,113km N 72° E of Baganga (Davao Oriental)
07 October 2025 - 08:50 PM,13.36,120.21,009,2.2,028km S 77° W of Paluan (Occidental Mindoro)
07 October 2025 - 08:48 PM,17.02,119.88,008,1.8,057km N 71° W of Luna (La Union)
07 October 2025 - 08:37 PM,11.08,124.13,005,2.2,017km N 78° E of City Of Bogo (Cebu)
07 October 2025 - 08:30 PM,11.24,124.18,009,1.6,031km N 45° E of City Of Bogo (Cebu)
07 October 2025 - 08:07 PM,05.43,126.58,035,2.9,117km S 63° E of Jose Abad Santos (Davao Occidental)
07 October 2025 - 07:56 PM,11.01,124.04,007,2.3,007km S 60° E of City Of Bogo (Cebu)
07 October 2025 - 07:52 PM,11.22,123.91,018,1.6,020km N 21° W of City Of Bogo (Cebu)
07 October 2025 - 07:51 PM,11.05,124.03,024,1.4,005km N 87° E of City Of Bogo (Cebu)
07 October 2025 - 07:50 PM,11.16,123.97,029,1.7,012km N 03° W of City Of Bogo (Cebu)
07 October 2025 - 07:07 PM,11.13,124.09,033,2.3,015km N 51° E of City Of Bogo (Cebu)
07 October 2025 - 07:03 PM,06.85,125.10,035,2.0,012km S 05° E of Makilala (Cotabato)
07 October 2025 - 06:38 PM,11.23,124.08,009,2.5,023km N 28° E of City Of Bogo (Cebu)
07 October 2025 - 06:28 PM,09.99,125.64,012,3.4,006km N 43° E of Dinagat (Dinagat Islands)
07 October 2025 - 06:16 PM,10.98,124.02,003,1.9,008km S 33° E of City Of Bogo (Cebu)
07 October 2025 - 06:13 PM,11.28,123.95,004,1.9,026km N 07° W of City Of Bogo (Cebu)
07 October 2025 - 06:02 PM,11.10,124.09,030,1.8,013km N 63° E of City Of Bogo (Cebu)
07 October 2025 - 05:55 PM,11.01,124.06,032,2.3,010km S 65° E of City Of Bogo (Cebu)
07 October 2025 - 05:37 PM,11.02,123.94,007,3.0,006km S 55° W of City Of Bogo (Cebu)
07 October 2025 - 05:33 PM,11.01,123.94,002,3.6,006km S 48° W of City Of Bogo (Cebu)
07 October 2025 - 05:31 PM,11.08,123.80,005,2.0,019km N 80° W of City Of Bogo (Cebu)
07 October 2025 - 05:11 PM,11.15,124.00,033,2.0,012km N 09° E of City Of Bogo (Cebu)
07 October 2025 - 05:01 PM,11.16,124.13,033,2.6,021km N 51° E of City Of Bogo (Cebu)
07 October 2025 - 04:51 PM,11.09,124.14,004,2.6,018km N 73° E of City Of Bogo (Cebu)
07 October 2025 - 04:39 PM,11.09,123.94,004,3.1,007km N 41° W of City Of Bogo (Cebu)
07 October 2025 - 04:38 PM,11.11,124.13,006,2.6,017km N 66° E of City Of Bogo (Cebu)
07 October 2025 - 03:49 PM,11.21,124.15,005,2.4,026km N 46° E of City Of Bogo (Cebu)
07 October 2025 - 03:34 PM,10.99,124.06,008,2.9,011km S 55° E of City Of Bogo (Cebu)
07 October 2025 - 03:18 PM,11.10,123.95,004,3.9,006km N 31° W of City Of Bogo (Cebu)
07 October 2025 - 02:53 PM,10.93,123.80,052,1.6,024km S 57° W of City Of Bogo (Cebu)
07 October 2025 - 02:44 PM,11.20,124.15,004,2.1,025km N 48° E of City Of Bogo (Cebu)
07 October 2025 - 02:30 PM,10.68,123.47,011,1.6,006km S 51° W of Toboso (Negros Occidental)
07 October 2025 - 02:21 PM,11.15,124.03,028,2.1,013km N 29° E of City Of Bogo (Cebu)
07 October 2025 - 02:20 PM,11.11,124.05,034,1.5,011km N 46° E of City Of Bogo (Cebu)
07 October 2025 - 02:06 PM,11.08,123.98,010,1.9,004km N 05° W of City Of Bogo (Cebu)
07 October 2025 - 02:02 PM,11.03,124.02,028,2.0,005km S 73° E of City Of Bogo (Cebu)
07 October 2025 - 01:30 PM,11.14,123.90,003,2.3,014km N 37° W of City Of Bogo (Cebu)
07 October 2025 - 12:58 PM,10.21,126.64,024,3.9,066km N 71° E of Burgos (Surigao Del Norte)
07 October 2025 - 12:55 PM,10.25,126.81,014,4.4,084km N 73° E of Burgos (Surigao Del Norte)
07 October 2025 - 12:54 PM,11.02,124.12,026,2.5,015km S 80° E of City Of Bogo (Cebu)
07 October 2025 - 12:45 PM,11.14,124.07,031,2.0,014km N 42° E of City Of Bogo (Cebu)
07 October 2025 - 12:14 PM,05.41,126.52,064,4.8,111km S 60° E of Jose Abad Santos (Davao Occidental)
07 October 2025 - 12:07 PM,13.72,121.13,032,1.4,009km S 62° E of Batangas City (Batangas)
07 October 2025 - 11:57 AM,11.14,124.00,026,1.7,011km N 12° E of City Of Bogo (Cebu)
07 October 2025 - 11:45 AM,11.10,123.85,002,2.2,016km N 68° W of City Of Bogo (Cebu)
07 October 2025 - 11:44 AM,10.98,124.00,027,1.9,008km S 19° E of City Of Bogo (Cebu)
07 October 2025 - 11:33 AM,11.11,123.97,009,2.6,007km N 10° W of City Of Bogo (Cebu)
07 October 2025 - 11:15 AM,11.20,124.12,002,1.8,023km N 43° E of City Of Bogo (Cebu)
07 October 2025 - 10:56 AM,11.01,123.96,003,2.3,005km S 30° W of City Of Bogo (Cebu)
07 October 2025 - 10:49 AM,11.08,124.13,031,2.1,017km N 79° E of City Of Bogo (Cebu)
07 October 2025 - 10:39 AM,11.02,124.08,007,2.1,012km S 74° E of City Of Bogo (Cebu)
07 October 2025 - 10:24 AM,11.06,124.17,001,2.1,021km N 85° E of City Of Bogo (Cebu)
07 October 2025 - 10:19 AM,11.12,123.93,002,2.2,009km N 35° W of City Of Bogo (Cebu)
07 October 2025 - 10:08 AM,10.93,123.96,007,2.7,013km S 12° W of City Of Bogo (Cebu)
07 October 2025 - 09:58 AM,11.11,124.09,003,1.8,013km N 61° E of City Of Bogo (Cebu)
07 October 2025 - 09:55 AM,11.04,124.07,003,2.0,010km S 87° E of City Of Bogo (Cebu)
07 October 2025 - 09:54 AM,11.18,124.06,031,1.3,017km N 30° E of City Of Bogo (Cebu)
07 October 2025 - 09:43 AM,19.26,121.20,011,3.5,017km N 03° W of Dalupiri Island (Calayan) (Cagayan)
07 October 2025 - 09:29 AM,10.90,124.01,010,4.0,017km S 12° E of City Of Bogo (Cebu)
07 October 2025 - 09:17 AM,13.72,120.64,104,1.5,013km S 01° E of Calatagan (Batangas)
07 October 2025 - 08:40 AM,11.04,124.17,034,2.5,021km S 89° E of City Of Bogo (Cebu)
07 October 2025 - 08:36 AM,11.09,124.18,031,1.0,022km N 78° E of City Of Bogo (Cebu)
07 October 2025 - 08:35 AM,10.95,124.12,016,2.0,019km S 56° E of City Of Bogo (Cebu)
07 October 2025 - 08:32 AM,11.06,124.03,002,2.0,006km N 77° E of City Of Bogo (Cebu)
07 October 2025 - 08:25 AM,11.14,124.01,033,1.9,011km N 20° E of City Of Bogo (Cebu)
07 October 2025 - 08:23 AM,11.16,123.98,027,2.0,012km N 02° E of City Of Bogo (Cebu)
07 October 2025 - 08:10 AM,11.15,123.97,006,2.1,012km N 06° W of City Of Bogo (Cebu)
07 October 2025 - 08:03 AM,09.92,121.99,009,5.1,052km N 71° W of City Of Sipalay (Negros Occidental)
07 October 2025 - 07:54 AM,10.17,126.11,008,2.3,017km N 14° E of Burgos (Surigao Del Norte)
07 October 2025 - 07:51 AM,11.14,123.98,028,2.0,010km North of City Of Bogo (Cebu)
07 October 2025 - 07:47 AM,11.08,124.08,030,1.8,012km N 69° E of City Of Bogo (Cebu)
07 October 2025 - 07:46 AM,11.05,124.05,036,2.0,008km N 88° E of City Of Bogo (Cebu)
07 October 2025 - 07:44 AM,11.11,124.03,022,1.9,009km N 36° E of City Of Bogo (Cebu)
07 October 2025 - 07:40 AM,11.08,124.02,006,2.5,006km N 49° E of City Of Bogo (Cebu)
07 October 2025 - 07:27 AM,11.08,124.07,034,1.8,010km N 67° E of City Of Bogo (Cebu)
07 October 2025 - 07:21 AM,11.07,124.02,034,2.0,005km N 63° E of City Of Bogo (Cebu)
07 October 2025 - 07:18 AM,11.08,124.05,019,1.5,010km N 58° E of City Of Bogo (Cebu)
07 October 2025 - 07:16 AM,10.96,123.97,006,2.4,010km S 09° W of City Of Bogo (Cebu)
07 October 2025 - 07:15 AM,11.08,124.05,023,2.1,009km N 65° E of City Of Bogo (Cebu)
07 October 2025 - 07:12 AM,11.17,124.02,006,2.1,014km N 19° E of City Of Bogo (Cebu)
07 October 2025 - 07:11 AM,11.09,124.02,001,2.2,007km N 41° E of City Of Bogo (Cebu)
07 October 2025 - 06:48 AM,10.67,123.46,011,2.7,007km S 49° W of Toboso (Negros Occidental)
07 October 2025 - 06:37 AM,11.18,124.11,003,2.0,021km N 45° E of City Of Bogo (Cebu)
07 October 2025 - 06:28 AM,10.94,123.93,002,1.9,013km S 23° W of City Of Bogo (Cebu)
07 October 2025 - 05:58 AM,10.00,122.10,003,3.5,045km N 55° W of City Of Sipalay (Negros Occidental)
07 October 2025 - 05:54 AM,11.07,124.06,022,1.4,009km N 73° E of City Of Bogo (Cebu)
07 October 2025 - 05:41 AM,10.96,123.98,001,2.4,010km S 01° E of City Of Bogo (Cebu)
07 October 2025 - 05:21 AM,11.06,124.03,010,1.8,006km N 71° E of City Of Bogo (Cebu)
07 October 2025 - 05:16 AM,11.16,124.08,031,1.3,016km N 41° E of City Of Bogo (Cebu)
07 October 2025 - 05:13 AM,11.15,123.98,017,1.3,012km N 02° W of City Of Bogo (Cebu)
07 October 2025 - 05:12 AM,11.16,123.99,034,1.9,012km N 04° E of City Of Bogo (Cebu)
07 October 2025 - 04:56 AM,11.12,124.01,020,1.6,009km N 24° E of City Of Bogo (Cebu)
07 October 2025 - 04:55 AM,11.16,124.15,004,1.4,023km N 57° E of City Of Bogo (Cebu)
07 October 2025 - 04:44 AM,11.06,123.63,006,2.4,038km N 88° W of City Of Bogo (Cebu)
07 October 2025 - 04:40 AM,11.07,124.10,006,1.2,013km N 77° E of City Of Bogo (Cebu)
07 October 2025 - 04:39 AM,11.12,124.00,032,1.7,009km N 12° E of City Of Bogo (Cebu)
07 October 2025 - 04:37 AM,11.14,124.08,033,1.5,015km N 49° E of City Of Bogo (Cebu)
07 October 2025 - 04:37 AM,11.14,124.08,023,1.2,015km N 48° E of City Of Bogo (Cebu)
07 October 2025 - 04:33 AM,10.93,123.91,002,2.3,015km S 30° W of City Of Bogo (Cebu)
07 October 2025 - 04:22 AM,11.11,123.98,034,2.0,007km N 01° W of City Of Bogo (Cebu)
07 October 2025 - 04:15 AM,10.98,124.05,032,1.4,011km S 47° E of City Of Bogo (Cebu)
07 October 2025 - 04:05 AM,11.08,123.88,033,1.1,006km N 89° W of San Remigio (Cebu)
07 October 2025 - 03:54 AM,11.16,124.03,019,1.5,014km N 24° E of City Of Bogo (Cebu)
07 October 2025 - 03:51 AM,11.02,124.06,032,1.6,010km S 75° E of City Of Bogo (Cebu)
07 October 2025 - 03:48 AM,11.16,123.97,008,1.9,013km N 03° W of City Of Bogo (Cebu)
07 October 2025 - 03:47 AM,11.08,124.05,015,1.5,009km N 66° E of City Of Bogo (Cebu)
07 October 2025 - 03:45 AM,11.17,123.97,012,1.7,013km N 12° W of City Of Bogo (Cebu)
07 October 2025 - 03:40 AM,11.18,124.08,019,2.4,018km N 36° E of City Of Bogo (Cebu)
07 October 2025 - 03:29 AM,11.17,124.18,012,1.5,026km N 58° E of City Of Bogo (Cebu)
07 October 2025 - 03:27 AM,11.00,124.06,030,1.4,010km S 61° E of City Of Bogo (Cebu)
07 October 2025 - 03:25 AM,11.14,124.01,032,1.4,011km N 17° E of City Of Bogo (Cebu)
07 October 2025 - 03:15 AM,11.13,124.12,009,2.1,018km N 61° E of City Of Bogo (Cebu)
07 October 2025 - 03:10 AM,11.05,124.06,003,2.6,009km East of City Of Bogo (Cebu)
07 October 2025 - 03:08 AM,13.64,120.30,008,2.5,010km S 32° E of Looc (Occidental Mindoro)
07 October 2025 - 03:03 AM,11.05,124.08,033,1.7,011km N 87° E of City Of Bogo (Cebu)
07 October 2025 - 02:58 AM,11.01,124.05,033,1.7,008km S 65° E of City Of Bogo (Cebu)
07 October 2025 - 02:56 AM,14.80,120.00,001,2.4,019km S 30° W of San Antonio (Zambales)
07 October 2025 - 02:55 AM,10.97,123.96,003,3.1,009km S 16° W of City Of Bogo (Cebu)
07 October 2025 - 02:55 AM,14.40,119.65,008,2.4,073km S 65° W of Morong (Bataan)
07 October 2025 - 02:53 AM,11.11,123.99,032,1.4,007km N 09° E of City Of Bogo (Cebu)
07 October 2025 - 02:51 AM,11.05,124.03,032,1.5,005km N 88° E of City Of Bogo (Cebu)
07 October 2025 - 02:49 AM,15.48,121.63,026,1.4,028km N 69° E of Dingalan (Aurora)
07 October 2025 - 02:47 AM,11.08,124.12,033,1.5,016km N 75° E of City Of Bogo (Cebu)
07 October 2025 - 02:35 AM,11.15,123.99,033,1.3,012km N 04° E of City Of Bogo (Cebu)
07 October 2025 - 02:35 AM,11.28,124.12,011,1.3,031km N 31° E of City Of Bogo (Cebu)
07 October 2025 - 02:34 AM,11.04,123.83,011,2.1,017km S 87° W of City Of Bogo (Cebu)
07 October 2025 - 02:26 AM,10.97,123.97,022,2.3,009km S 09° W of City Of Bogo (Cebu)
07 October 2025 - 02:20 AM,07.87,125.79,033,2.3,006km N 01° E of Laak (Davao De Oro)
07 October 2025 - 02:19 AM,11.13,123.84,029,2.0,018km N 60° W of City Of Bogo (Cebu)
07 October 2025 - 02:12 AM,11.07,124.11,013,2.0,014km N 81° E of City Of Bogo (Cebu)
07 October 2025 - 02:11 AM,11.15,124.01,018,1.6,012km N 18° E of City Of Bogo (Cebu)
07 October 2025 - 02:08 AM,10.91,123.91,001,2.4,017km S 27° W of City Of Bogo (Cebu)
07 October 2025 - 02:07 AM,11.16,123.94,012,1.7,013km N 21° W of City Of Bogo (Cebu)
07 October 2025 - 01:56 AM,11.22,123.98,016,2.9,019km N 01° W of City Of Bogo (Cebu)
07 October 2025 - 01:55 AM,11.21,123.45,022,2.0,029km N 81° W of Bantayan (Cebu)
07 October 2025 - 01:53 AM,10.89,123.94,001,2.7,018km S 13° W of City Of Bogo (Cebu)
07 October 2025 - 01:48 AM,10.91,123.93,003,2.3,016km S 18° W of City Of Bogo (Cebu)
07 October 2025 - 01:31 AM,09.57,122.31,019,2.2,018km S 79° W of Hinoba-an (Negros Occidental)
07 October 2025 - 01:31 AM,16.81,120.60,037,1.7,010km S 69° E of Sugpon (Ilocos Sur)
07 October 2025 - 01:26 AM,11.13,124.15,033,2.0,021km N 63° E of City Of Bogo (Cebu)
07 October 2025 - 01:23 AM,10.98,123.91,021,2.1,011km S 45° W of City Of Bogo (Cebu)
07 October 2025 - 01:21 AM,11.17,124.02,033,1.2,015km N 16° E of City Of Bogo (Cebu)
07 October 2025 - 01:17 AM,11.15,123.94,006,3.3,012km N 19° W of City Of Bogo (Cebu)
07 October 2025 - 01:12 AM,11.10,124.06,031,1.8,011km N 58° E of City Of Bogo (Cebu)
07 October 2025 - 01:04 AM,18.56,120.78,022,2.9,001km S 50° W of Pagudpud (Ilocos Norte)
07 October 2025 - 01:00 AM,11.05,124.06,031,1.4,009km N 88° E of City Of Bogo (Cebu)
07 October 2025 - 12:51 AM,11.27,124.13,011,3.0,030km N 33° E of City Of Bogo (Cebu)
07 October 2025 - 12:47 PM,11.18,124.10,012,1.9,020km N 43° E of City Of Bogo (Cebu)
07 October 2025 - 12:46 AM,11.10,123.98,039,1.8,006km N 02° E of City Of Bogo (Cebu)
07 October 2025 - 12:44 AM,11.16,124.10,023,2.4,018km N 45° E of City Of Bogo (Cebu)
07 October 2025 - 12:42 AM,11.18,124.12,034,2.0,021km N 46° E of City Of Bogo (Cebu)
07 October 2025 - 12:42 AM,07.18,125.40,033,1.8,032km S 70° W of City Of Panabo (Davao Del Norte)
07 October 2025 - 12:43 AM,11.03,124.03,028,1.2,005km S 75° E of City Of Bogo (Cebu)
07 October 2025 - 12:41 AM,11.18,124.03,016,1.9,016km N 22° E of City Of Bogo (Cebu)
07 October 2025 - 12:38 AM,10.99,124.01,038,1.9,007km S 24° E of City Of Bogo (Cebu)
07 October 2025 - 12:37 AM,11.11,124.03,031,1.2,008km N 37° E of City Of Bogo (Cebu)
07 October 2025 - 12:30 AM,11.13,124.13,003,2.1,019km N 60° E of City Of Bogo (Cebu)
07 October 2025 - 12:23 AM,12.69,125.30,017,2.3,024km N 11° E of Mapanas (Northern Samar)
07 October 2025 - 12:22 AM,08.20,126.84,011,2.6,050km N 69° E of Lingig (Surigao Del Sur)
07 October 2025 - 12:20 AM,11.26,124.11,005,1.7,027km N 32° E of City Of Bogo (Cebu)
07 October 2025 - 12:18 AM,13.50,120.71,004,3.0,007km N 16° W of Abra De Ilog (Occidental Mindoro)
07 October 2025 - 12:17 AM,11.15,124.05,032,1.3,014km N 36° E of City Of Bogo (Cebu)
07 October 2025 - 12:12 AM,08.71,125.80,016,2.5,005km East of City Of Bayugan (Agusan Del Sur)
07 October 2025 - 12:10 AM,11.07,123.96,008,1.6,003km N 38° W of City Of Bogo (Cebu)
07 October 2025 - 12:06 AM,11.15,124.13,018,2.1,020km N 55° E of City Of Bogo (Cebu)
07 October 2025 - 12:05 AM,10.92,123.91,003,2.3,015km S 28° W of City Of Bogo (Cebu)
06 October 2025 - 11:59 PM,11.12,123.90,001,1.2,013km N 44° W of City Of Bogo (Cebu)
06 October 2025 - 11:51 PM,11.19,124.05,033,1.9,017km N 25° E of City Of Bogo (Cebu)
06 October 2025 - 11:50 PM,09.82,124.16,021,1.6,004km S 89° W of Carmen (Bohol)
06 October 2025 - 11:48 PM,11.07,124.10,013,1.3,014km N 80° E of City Of Bogo (Cebu)
06 October 2025 - 11:44 PM,11.18,123.98,011,2.7,015km N 02° W of City Of Bogo (Cebu)
06 October 2025 - 11:42 PM,11.32,124.18,009,1.3,037km N 36° E of City Of Bogo (Cebu)
06 October 2025 - 11:32 PM,11.06,123.97,012,1.8,002km N 33° W of City Of Bogo (Cebu)
06 October 2025 - 11:31 PM,05.72,125.31,016,2.6,015km S 46° E of Glan (Sarangani)
06 October 2025 - 11:30 PM,10.93,123.87,004,2.5,017km S 44° W of City Of Bogo (Cebu)
06 October 2025 - 11:26 PM,11.20,124.17,010,1.7,027km N 51° E of City Of Bogo (Cebu)
06 October 2025 - 11:24 PM,11.08,123.98,014,1.2,020km N 50° E of City Of Bogo (Cebu)
06 October 2025 - 11:07 PM,11.05,124.03,034,1.5,006km N 81° E of City Of Bogo (Cebu)
06 October 2025 - 10:54 PM,11.20,124.13,004,1.8,023km N 43° E of City Of Bogo (Cebu)
06 October 2025 - 10:45 PM,11.15,123.99,021,1.2,011km N 07° E of City Of Bogo (Cebu)
06 October 2025 - 10:43 PM,11.09,124.04,004,2.4,008km N 57° E of City Of Bogo (Cebu)
06 October 2025 - 10:41 PM,11.12,124.16,006,1.8,022km N 66° E of City Of Bogo (Cebu)
06 October 2025 - 10:40 PM,13.05,124.41,009,1.9,024km N 88° E of Prieto Diaz (Sorsogon)
06 October 2025 - 10:37 PM,11.06,124.09,031,1.3,012km N 82° E of City Of Bogo (Cebu)
06 October 2025 - 10:31 PM,10.69,123.33,030,1.9,021km S 83° W of Toboso (Negros Occidental)
06 October 2025 - 10:28 PM,11.08,124.11,022,2.6,015km N 78° E of City Of Bogo (Cebu)
06 October 2025 - 10:24 PM,11.06,124.05,001,1.6,008km N 77° E of City Of Bogo (Cebu)
06 October 2025 - 10:23 PM,10.94,123.97,001,2.5,012km S 07° W of City Of Bogo (Cebu)
06 October 2025 - 10:10 PM,11.13,124.05,033,2.0,012km N 37° E of City Of Bogo (Cebu)
06 October 2025 - 10:04 PM,10.98,123.96,007,3.8,007km S 15° W of City Of Bogo (Cebu)
06 October 2025 - 10:00 PM,11.16,123.98,033,2.2,013km N 02° E of City Of Bogo (Cebu)
06 October 2025 - 09:58 PM,11.12,124.02,016,2.1,009km N 30° E of City Of Bogo (Cebu)
06 October 2025 - 09:57 PM,13.57,123.34,033,2.4,004km N 65° W of Ocampo (Camarines Sur)
06 October 2025 - 09:53 PM,11.12,124.02,033,2.4,009km N 30° E of City Of Bogo (Cebu)
06 October 2025 - 09:52 PM,11.11,123.98,033,2.2,007km N 03° W of City Of Bogo (Cebu)
06 October 2025 - 09:44 PM,11.18,124.12,011,2.0,022km N 47° E of City Of Bogo (Cebu)
06 October 2025 - 09:35 PM,11.11,124.14,026,2.3,019km N 68° E of City Of Bogo (Cebu)
06 October 2025 - 09:32 PM,10.02,126.39,018,2.8,034km N 89° E of Burgos (Surigao Del Norte)
06 October 2025 - 09:30 PM,11.15,124.04,011,2.7,013km N 30° E of City Of Bogo (Cebu)
06 October 2025 - 09:29 PM,11.01,123.99,033,2.3,004km S 19° E of City Of Bogo (Cebu)
06 October 2025 - 09:22 PM,10.91,123.97,009,1.8,015km S 04° W of City Of Bogo (Cebu)
06 October 2025 - 09:08 PM,11.18,124.12,032,1.8,021km N 45° E of City Of Bogo (Cebu)
06 October 2025 - 08:56 PM,11.14,124.03,033,2.0,012km N 27° E of City Of Bogo (Cebu)
06 October 2025 - 08:38 PM,11.13,124.02,009,2.0,010km N 26° E of City Of Bogo (Cebu)
06 October 2025 - 08:21 PM,10.37,121.90,005,3.3,007km S 26° W of Anini-y (Antique)
06 October 2025 - 08:18 PM,10.68,123.48,012,2.3,006km S 47° W of Toboso (Negros Occidental)
06 October 2025 - 08:07 PM,11.12,124.17,004,2.9,022km N 67° E of City Of Bogo (Cebu)
06 October 2025 - 08:05 PM,10.67,123.47,007,3.4,007km S 43° W of Toboso (Negros Occidental)
06 October 2025 - 07:56 PM,10.66,123.48,010,3.4,007km S 34° W of Toboso (Negros Occidental)
06 October 2025 - 07:55 PM,10.66,123.45,015,1.5,009km S 52° W of Toboso (Negros Occidental)
06 October 2025 - 07:48 PM,10.98,123.97,028,1.7,007km S 05° W of City Of Bogo (Cebu)
06 October 2025 - 07:37 PM,11.02,123.93,006,1.7,006km S 64° W of City Of Bogo (Cebu)
06 October 2025 - 07:35 PM,10.86,123.87,001,2.6,024km S 31° W of City Of Bogo (Cebu)
06 October 2025 - 07:31 PM,11.08,124.14,015,1.5,018km N 80° E of City Of Bogo (Cebu)
06 October 2025 - 07:23 PM,08.08,126.66,016,2.3,028km N 80° E of Lingig (Surigao Del Sur)
06 October 2025 - 07:23 PM,11.13,124.13,009,1.7,019km N 61° E of City Of Bogo (Cebu)
06 October 2025 - 07:22 PM,11.15,123.92,008,1.5,013km N 30° W of City Of Bogo (Cebu)
06 October 2025 - 06:56 PM,10.96,124.02,032,2.4,010km S 23° E of City Of Bogo (Cebu)
06 October 2025 - 06:54 PM,12.04,124.76,029,1.5,007km N 60° W of Gandara (Samar)
06 October 2025 - 06:49 PM,11.14,124.07,028,1.9,014km N 44° E of City Of Bogo (Cebu)
06 October 2025 - 06:31 PM,08.80,126.40,027,2.9,011km S 89° E of Marihatag (Surigao Del Sur)
06 October 2025 - 06:21 PM,11.04,124.02,002,2.1,004km S 75° E of City Of Bogo (Cebu)
06 October 2025 - 06:11 PM,11.21,124.16,036,1.2,027km N 48° E of City Of Bogo (Cebu)
06 October 2025 - 06:11 PM,08.94,126.31,040,1.8,003km N 19° E of Cagwait (Surigao Del Sur)
06 October 2025 - 06:02 PM,10.91,123.92,016,3.0,016km S 22° W of City Of Bogo (Cebu)
06 October 2025 - 05:57 PM,11.09,123.95,010,4.2,006km N 39° W of City Of Bogo (Cebu)
06 October 2025 - 05:43 PM,11.00,124.06,024,2.0,011km S 58° E of City Of Bogo (Cebu)
06 October 2025 - 05:36 PM,11.15,123.99,032,1.8,012km N 04° E of City Of Bogo (Cebu)
06 October 2025 - 05:31 PM,13.30,124.48,033,2.0,039km S 31° E of Bato (Catanduanes)
06 October 2025 - 05:23 PM,11.18,124.00,008,2.3,015km N 10° E of City Of Bogo (Cebu)
06 October 2025 - 04:51 PM,10.92,123.96,001,1.8,014km S 10° W of City Of Bogo (Cebu)
06 October 2025 - 04:42 PM,11.10,124.12,032,1.8,017km N 68° E of City Of Bogo (Cebu)
06 October 2025 - 04:37 PM,11.05,124.00,009,2.1,002km N 66° E of City Of Bogo (Cebu)
06 October 2025 - 04:21 PM,09.18,125.69,032,2.0,017km N 67° E of City Of Cabadbaran (Agusan Del Norte)
06 October 2025 - 04:17 PM,11.02,123.95,027,2.1,004km S 53° W of City Of Bogo (Cebu)
06 October 2025 - 04:10 PM,11.16,123.97,030,1.5,012km N 03° W of City Of Bogo (Cebu)
06 October 2025 - 03:57 PM,11.15,124.09,002,2.5,016km N 45° E of City Of Bogo (Cebu)
06 October 2025 - 03:50 PM,11.00,123.95,005,3.9,007km S 32° W of City Of Bogo (Cebu)
06 October 2025 - 03:46 PM,10.95,123.93,007,3.7,012km S 27° W of City Of Bogo (Cebu)
06 October 2025 - 03:43 PM,11.14,124.14,003,2.2,021km N 60° E of City Of Bogo (Cebu)
06 October 2025 - 03:40 PM,11.05,124.06,012,1.8,009km N 86° E of City Of Bogo (Cebu)
06 October 2025 - 02:04 PM,11.02,124.10,031,1.8,014km S 76° E of City Of Bogo (Cebu)
06 October 2025 - 01:56 PM,05.96,123.86,570,3.5,046km S 53° W of Palimbang (Sultan Kudarat)
06 October 2025 - 01:36 PM,11.21,123.92,002,2.6,019km N 20° W of City Of Bogo (Cebu)
06 October 2025 - 01:33 PM,11.23,123.94,002,2.3,021km N 12° W of City Of Bogo (Cebu)
06 October 2025 - 01:24 PM,10.91,123.88,009,1.8,019km S 37° W of City Of Bogo (Cebu)
06 October 2025 - 12:50 PM,11.13,123.93,007,2.5,011km N 28° W of City Of Bogo (Cebu)
06 October 2025 - 12:43 PM,11.01,124.09,025,1.8,013km S 70° E of City Of Bogo (Cebu)
06 October 2025 - 12:30 PM,10.89,123.90,001,1.7,019km S 27° W of City Of Bogo (Cebu)
06 October 2025 - 12:27 PM,10.94,123.87,001,2.4,017km S 45° W of City Of Bogo (Cebu)
06 October 2025 - 12:09 PM,11.08,124.14,004,1.8,018km N 78° E of City Of Bogo (Cebu)
06 October 2025 - 11:43 AM,11.13,124.12,009,2.7,018km N 60° E of City Of Bogo (Cebu)
06 October 2025 - 11:23 AM,10.97,123.94,004,2.2,010km S 26° W of City Of Bogo (Cebu)
06 October 2025 - 11:08 AM,11.06,124.02,011,2.0,005km N 74° E of City Of Bogo (Cebu)
06 October 2025 - 11:02 AM,11.19,124.18,001,1.9,027km N 53° E of City Of Bogo (Cebu)
06 October 2025 - 10:49 AM,10.99,124.03,013,1.7,008km S 41° E of City Of Bogo (Cebu)
06 October 2025 - 10:24 AM,10.92,123.96,001,2.0,014km S 08° W of City Of Bogo (Cebu)
06 October 2025 - 10:23 AM,10.98,124.10,005,1.8,015km S 62° E of City Of Bogo (Cebu)
06 October 2025 - 10:20 AM,11.09,124.07,004,2.6,011km N 65° E of City Of Bogo (Cebu)
06 October 2025 - 10:19 AM,10.98,123.81,003,1.6,020km S 67° W of City Of Bogo (Cebu)
06 October 2025 - 10:14 AM,08.16,127.47,032,2.5,118km N 83° E of Lingig (Surigao Del Sur)
06 October 2025 - 10:10 AM,08.49,126.67,015,2.6,039km N 70° E of Hinatuan (Surigao Del Sur)
06 October 2025 - 09:57 AM,11.06,124.12,002,1.5,014km N 88° E of City Of Bogo (Cebu)
06 October 2025 - 09:56 AM,11.06,124.11,033,1.2,014km N 85° E of City Of Bogo (Cebu)
06 October 2025 - 09:46 AM,10.97,123.95,001,2.9,009km S 21° W of City Of Bogo (Cebu)
06 October 2025 - 09:35 AM,11.10,123.93,008,2.9,008km N 45° W of City Of Bogo (Cebu)
06 October 2025 - 09:27 AM,13.65,120.64,107,1.3,021km S 04° E of Calatagan (Batangas)
06 October 2025 - 09:25 AM,11.07,124.12,031,1.5,016km N 82° E of City Of Bogo (Cebu)
06 October 2025 - 09:19 AM,10.98,123.92,004,2.1,010km S 41° W of City Of Bogo (Cebu)
06 October 2025 - 09:17 AM,11.01,124.09,031,1.6,013km S 70° E of City Of Bogo (Cebu)
06 October 2025 - 09:04 AM,15.48,120.58,043,1.3,016km N 76° W of La Paz (Tarlac)
06 October 2025 - 09:01 AM,11.18,124.06,002,1.7,017km N 33° E of City Of Bogo (Cebu)
06 October 2025 - 08:37 AM,11.10,124.05,017,1.5,010km N 51° E of City Of Bogo (Cebu)
06 October 2025 - 08:19 AM,11.16,124.19,007,1.3,026km N 61° E of City Of Bogo (Cebu)
06 October 2025 - 08:17 AM,11.16,124.19,007,1.9,026km N 61° E of City Of Bogo (Cebu)
06 October 2025 - 08:16 AM,10.96,123.94,027,1.5,011km S 24° W of City Of Bogo (Cebu)
06 October 2025 - 07:54 AM,11.89,122.21,021,2.6,009km N 36° E of Ibajay (Aklan)
06 October 2025 - 07:51 AM,11.06,124.00,034,1.5,003km N 43° E of City Of Bogo (Cebu)
06 October 2025 - 07:37 AM,11.15,123.98,024,2.1,012km N 03° E of City Of Bogo (Cebu)
06 October 2025 - 07:25 AM,13.76,120.61,108,2.5,008km S 20° W of Calatagan (Batangas)
06 October 2025 - 07:20 AM,05.92,126.52,053,3.1,095km S 32° E of Governor Generoso (Davao Oriental)
06 October 2025 - 07:12 AM,10.88,123.90,001,2.3,021km S 25° W of City Of Bogo (Cebu)
06 October 2025 - 06:59 AM,11.06,124.05,005,4.3,008km N 78° E of City Of Bogo (Cebu)
06 October 2025 - 06:55 AM,11.23,124.03,004,1.5,021km N 15° E of City Of Bogo (Cebu)
06 October 2025 - 06:47 AM,10.88,123.92,001,3.2,019km S 19° W of City Of Bogo (Cebu)
06 October 2025 - 06:34 AM,11.11,124.14,021,2.3,019km N 68° E of City Of Bogo (Cebu)
06 October 2025 - 06:21 AM,10.95,123.80,005,3.7,022km S 61° W of City Of Bogo (Cebu)
06 October 2025 - 06:10 AM,11.08,124.04,005,1.6,008km N 65° E of City Of Bogo (Cebu)
06 October 2025 - 06:01 AM,11.21,124.10,007,1.5,022km N 36° E of City Of Bogo (Cebu)
06 October 2025 - 05:50 AM,11.19,123.97,007,1.8,016km N 05° W of City Of Bogo (Cebu)
06 October 2025 - 05:49 AM,12.47,124.70,029,1.7,007km S 64° E of Catarman (Northern Samar)
06 October 2025 - 05:43 AM,11.09,124.09,032,1.1,013km N 66° E of City Of Bogo (Cebu)
06 October 2025 - 05:40 AM,11.11,124.12,032,1.3,017km N 66° E of City Of Bogo (Cebu)
06 October 2025 - 05:39 AM,11.16,123.98,027,1.8,012km N 02° E of City Of Bogo (Cebu)
06 October 2025 - 05:25 AM,10.96,123.96,003,1.8,009km S 10° W of City Of Bogo (Cebu)
06 October 2025 - 05:06 AM,11.18,124.04,032,1.6,016km N 22° E of City Of Bogo (Cebu)
06 October 2025 - 04:52 AM,10.97,124.08,033,1.6,014km S 51° E of City Of Bogo (Cebu)
06 October 2025 - 04:44 AM,09.92,126.06,033,2.8,004km S 56° W of San Isidro (Surigao Del Norte)
06 October 2025 - 04:34 AM,10.88,123.91,002,2.2,020km S 22° W of City Of Bogo (Cebu)
06 October 2025 - 04:18 AM,11.11,124.08,007,2.0,012km N 58° E of City Of Bogo (Cebu)
06 October 2025 - 04:11 AM,11.14,124.05,022,1.5,013km N 38° E of City Of Bogo (Cebu)
06 October 2025 - 04:10 AM,11.03,123.84,026,2.0,016km S 85° W of City Of Bogo (Cebu)
06 October 2025 - 04:04 AM,11.14,123.98,008,2.5,011km N 02° W of City Of Bogo (Cebu)
06 October 2025 - 03:57 AM,11.03,124.01,016,1.5,004km S 69° E of City Of Bogo (Cebu)
06 October 2025 - 03:42 AM,06.72,124.89,033,2.8,004km S 47° E of Datu Paglas (Maguindanao Del Sur)
06 October 2025 - 03:39 AM,10.99,124.02,003,2.0,008km S 34° E of City Of Bogo (Cebu)
06 October 2025 - 03:32 AM,11.13,123.98,027,1.5,010km N 02° E of City Of Bogo (Cebu)
06 October 2025 - 03:21 AM,11.17,124.12,033,1.4,020km N 49° E of City Of Bogo (Cebu)
06 October 2025 - 03:18 AM,11.03,124.02,035,1.4,005km S 71° E of City Of Bogo (Cebu)
06 October 2025 - 03:15 AM,10.94,123.93,008,2.7,013km S 26° W of City Of Bogo (Cebu)
06 October 2025 - 03:08 AM,17.07,120.63,108,2.2,002km S 75° E of Sigay (Ilocos Sur)
06 October 2025 - 03:02 AM,11.15,123.97,011,1.8,012km N 03° W of City Of Bogo (Cebu)
06 October 2025 - 02:57 AM,10.94,123.78,004,2.3,024km S 62° W of City Of Bogo (Cebu)
06 October 2025 - 02:50 AM,10.95,123.93,004,2.7,012km S 28° W of City Of Bogo (Cebu)
06 October 2025 - 02:45 AM,10.98,124.02,031,1.8,008km S 29° E of City Of Bogo (Cebu)
06 October 2025 - 02:41 AM,11.08,123.96,008,1.9,005km N 34° W of City Of Bogo (Cebu)
06 October 2025 - 02:36 AM,13.45,120.50,034,1.2,006km N 48° E of Paluan (Occidental Mindoro)
06 October 2025 - 02:33 AM,11.01,123.96,026,1.8,005km S 32° W of City Of Bogo (Cebu)
06 October 2025 - 02:28 AM,10.97,123.97,026,2.3,008km S 06° W of City Of Bogo (Cebu)
06 October 2025 - 02:26 AM,09.13,123.42,012,2.1,008km S 67° W of San Juan (Siquijor)
06 October 2025 - 02:16 AM,13.56,120.74,032,1.5,013km N 06° E of Abra De Ilog (Occidental Mindoro)
06 October 2025 - 02:14 AM,11.12,123.98,016,1.7,008km North of City Of Bogo (Cebu)
06 October 2025 - 01:55 AM,10.89,123.87,010,2.0,021km S 34° W of City Of Bogo (Cebu)
06 October 2025 - 01:48 AM,10.90,123.90,002,2.0,018km S 27° W of City Of Bogo (Cebu)
06 October 2025 - 01:45 AM,09.83,126.21,030,1.9,008km N 50° E of General Luna (Surigao Del Norte)
06 October 2025 - 01:42 AM,10.98,123.94,008,3.5,009km S 33° W of City Of Bogo (Cebu)
06 October 2025 - 01:41 AM,11.15,124.13,017,2.4,020km N 54° E of City Of Bogo (Cebu)
06 October 2025 - 01:23 AM,04.66,124.97,026,4.8,097km S 31° W of Balut Island (Municipality Of Sarangani) (Davao Occidental)
06 October 2025 - 01:12 AM,10.95,124.00,004,2.3,011km S 13° E of City Of Bogo (Cebu)
06 October 2025 - 12:54 AM,10.91,124.02,002,2.3,015km S 18° E of City Of Bogo (Cebu)
06 October 2025 - 12:52 AM,09.48,126.08,040,2.1,018km N 49° E of Carrascal (Surigao Del Sur)
06 October 2025 - 12:31 AM,11.11,123.98,002,3.3,007km N 03° W of City Of Bogo (Cebu)
06 October 2025 - 12:27 AM,11.15,123.97,017,2.7,011km N 08° W of City Of Bogo (Cebu)
06 October 2025 - 12:22 AM,10.94,123.87,001,2.8,017km S 47° W of City Of Bogo (Cebu)
06 October 2025 - 12:18 AM,11.13,124.06,024,1.1,013km N 46° E of City Of Bogo (Cebu)
06 October 2025 - 12:14 AM,11.03,124.02,008,2.0,005km S 67° E of City Of Bogo (Cebu)
06 October 2025 - 12:11 AM,10.99,124.03,008,2.8,008km S 37° E of City Of Bogo (Cebu)
06 October 2025 - 12:01 AM,11.10,124.03,022,1.1,008km N 40° E of City Of Bogo (Cebu)
05 October 2025 - 11:59 PM,11.13,123.97,029,2.2,009km N 09° W of City Of Bogo (Cebu)
05 October 2025 - 11:58 PM,07.87,126.99,013,2.2,057km N 56° E of Baganga (Davao Oriental)
05 October 2025 - 11:48 PM,10.96,124.10,016,1.3,016km S 52° E of City Of Bogo (Cebu)
05 October 2025 - 11:46 PM,11.20,124.08,033,1.0,020km N 32° E of City Of Bogo (Cebu)
05 October 2025 - 11:29 PM,13.23,120.82,026,1.4,020km N 34° E of Santa Cruz (Occidental Mindoro)
05 October 2025 - 11:27 PM,11.16,123.98,018,1.8,012km N 01° E of City Of Bogo (Cebu)
05 October 2025 - 11:22 PM,11.17,123.98,011,1.9,014km N 02° W of City Of Bogo (Cebu)
05 October 2025 - 11:20 PM,11.08,123.96,007,2.4,004km N 25° W of City Of Bogo (Cebu)
05 October 2025 - 11:12 PM,11.09,123.95,001,3.2,006km N 38° W of City Of Bogo (Cebu)
05 October 2025 - 10:59 PM,09.41,126.33,017,1.8,021km N 44° E of Cortes (Surigao Del Sur)
05 October 2025 - 10:57 PM,11.15,123.93,008,2.0,012km N 27° W of City Of Bogo (Cebu)
05 October 2025 - 10:55 PM,07.52,126.87,025,2.4,034km S 80° E of Baganga (Davao Oriental)
05 October 2025 - 10:36 PM,09.24,126.49,021,3.9,033km S 84° E of Cortes (Surigao Del Sur)
05 October 2025 - 10:28 PM,11.16,123.95,005,2.4,012km N 15° W of City Of Bogo (Cebu)
05 October 2025 - 10:15 PM,10.91,123.97,025,2.2,015km S 05° W of City Of Bogo (Cebu)
05 October 2025 - 10:09 PM,10.96,124.00,001,2.1,010km S 12° E of City Of Bogo (Cebu)
05 October 2025 - 09:59 PM,10.89,123.92,027,2.8,018km S 20° W of City Of Bogo (Cebu)
05 October 2025 - 09:52 PM,06.65,125.93,149,3.5,015km N 90° W of Governor Generoso (Davao Oriental)
05 October 2025 - 09:34 PM,13.97,120.57,110,1.5,012km S 49° W of Lian (Batangas)
05 October 2025 - 09:27 PM,11.08,124.09,008,2.2,012km N 71° E of City Of Bogo (Cebu)
05 October 2025 - 09:16 PM,05.19,126.19,043,3.9,085km S 68° E of Sarangani Island (Municipality Of Sarangani) (Davao Occidental)
05 October 2025 - 09:15 PM,11.11,124.13,024,2.0,018km N 66° E of City Of Bogo (Cebu)
05 October 2025 - 09:11 PM,13.26,120.79,032,1.9,021km N 21° E of Santa Cruz (Occidental Mindoro)
05 October 2025 - 09:07 PM,13.20,120.77,009,1.9,013km N 23° E of Santa Cruz (Occidental Mindoro)
05 October 2025 - 09:07 PM,11.19,124.01,010,1.7,016km N 13° E of City Of Bogo (Cebu)
05 October 2025 - 09:04 PM,10.90,123.95,001,2.2,016km S 11° W of City Of Bogo (Cebu)
05 October 2025 - 08:54 PM,13.11,120.72,010,4.0,002km N 05° W of Santa Cruz (Occidental Mindoro)
05 October 2025 - 08:51 PM,11.14,123.93,004,3.6,011km N 28° W of City Of Bogo (Cebu)
05 October 2025 - 08:49 PM,11.16,123.97,017,1.4,013km N 04° W of City Of Bogo (Cebu)
05 October 2025 - 08:38 PM,11.17,123.97,017,2.3,014km N 05° W of City Of Bogo (Cebu)
05 October 2025 - 08:28 PM,11.19,124.06,010,1.2,018km N 30° E of City Of Bogo (Cebu)
05 October 2025 - 08:23 PM,11.02,124.08,034,1.7,012km S 75° E of City Of Bogo (Cebu)
05 October 2025 - 08:21 PM,16.95,121.36,024,2.4,005km S 57° E of Aguinaldo (Ifugao)
05 October 2025 - 08:14 PM,19.33,121.78,034,2.8,024km S 35° W of Babuyan Island (Calayan) (Cagayan)
05 October 2025 - 07:43 PM,11.13,124.08,004,3.5,014km N 48° E of City Of Bogo (Cebu)
05 October 2025 - 07:31 PM,10.87,124.09,032,1.3,023km S 32° E of City Of Bogo (Cebu)
05 October 2025 - 07:28 PM,10.99,123.93,010,2.2,008km S 42° W of City Of Bogo (Cebu)
05 October 2025 - 07:18 PM,11.00,123.92,001,2.0,008km S 52° W of City Of Bogo (Cebu)
05 October 2025 - 07:11 PM,11.02,124.11,004,1.9,014km S 79° E of City Of Bogo (Cebu)
05 October 2025 - 07:07 PM,13.66,120.65,067,1.9,020km S 05° E of Calatagan (Batangas)
05 October 2025 - 07:06 PM,11.12,123.95,007,3.6,009km N 19° W of City Of Bogo (Cebu)
05 October 2025 - 06:59 PM,11.13,124.11,002,2.0,017km N 56° E of City Of Bogo (Cebu)
05 October 2025 - 06:47 PM,11.18,123.94,005,2.2,016km N 16° W of City Of Bogo (Cebu)
05 October 2025 - 06:43 PM,11.12,123.97,004,1.5,008km N 11° W of City Of Bogo (Cebu)
05 October 2025 - 06:36 PM,11.15,123.97,026,1.7,012km N 04° W of City Of Bogo (Cebu)
05 October 2025 - 06:30 PM,04.09,127.98,037,4.4,318km S 61° E of Sarangani Island (Municipality Of Sarangani) (Davao Occidental)
05 October 2025 - 06:27 PM,10.88,123.94,001,1.9,019km S 11° W of City Of Bogo (Cebu)
05 October 2025 - 06:20 PM,07.96,124.88,008,2.0,015km N 20° E of Pangantucan (Bukidnon)
05 October 2025 - 06:12 PM,10.89,123.76,018,1.7,030km S 54° W of City Of Bogo (Cebu)
05 October 2025 - 06:11 PM,11.15,124.15,008,1.5,021km N 59° E of City Of Bogo (Cebu)
05 October 2025 - 06:03 PM,11.11,124.02,033,1.4,008km N 37° E of City Of Bogo (Cebu)
05 October 2025 - 06:02 PM,11.08,123.98,008,1.8,004km North of City Of Bogo (Cebu)
05 October 2025 - 05:57 PM,11.20,124.06,030,1.7,019km N 29° E of City Of Bogo (Cebu)
05 October 2025 - 05:52 PM,10.92,123.96,006,2.1,014km S 09° W of City Of Bogo (Cebu)
05 October 2025 - 05:42 PM,11.15,124.02,027,1.1,012km N 22° E of City Of Bogo (Cebu)
05 October 2025 - 05:40 PM,11.16,124.13,034,2.1,021km N 53° E of City Of Bogo (Cebu)
05 October 2025 - 05:01 PM,06.40,126.19,033,3.3,030km S 25° E of Governor Generoso (Davao Oriental)
05 October 2025 - 04:48 PM,06.75,125.15,017,2.5,001km S 45° W of Magsaysay (Davao Del Sur)
05 October 2025 - 04:34 PM,16.49,119.69,032,2.8,025km N 63° W of Bolinao (Pangasinan)
05 October 2025 - 04:25 PM,10.96,123.95,011,3.8,010km S 16° W of City Of Bogo (Cebu)
05 October 2025 - 04:19 PM,11.11,123.92,009,2.4,009km N 43° W of City Of Bogo (Cebu)
05 October 2025 - 04:02 PM,13.57,120.69,105,2.9,014km N 14° W of Abra De Ilog (Occidental Mindoro)
05 October 2025 - 03:57 PM,11.00,124.00,006,2.2,005km S 42° E of City Of Bogo (Cebu)
05 October 2025 - 03:55 PM,11.18,124.18,006,2.3,027km N 56° E of City Of Bogo (Cebu)
05 October 2025 - 03:52 PM,10.88,123.88,002,2.4,021km S 30° W of City Of Bogo (Cebu)
05 October 2025 - 03:43 PM,10.87,123.90,001,2.3,021km S 25° W of City Of Bogo (Cebu)
05 October 2025 - 03:35 PM,11.07,124.06,008,3.0,009km N 70° E of City Of Bogo (Cebu)
05 October 2025 - 03:32 PM,11.17,123.98,027,1.6,013km N 01° W of City Of Bogo (Cebu)
05 October 2025 - 03:29 PM,10.94,123.93,008,2.8,013km S 27° W of City Of Bogo (Cebu)
05 October 2025 - 03:20 PM,11.09,124.07,016,2.2,011km N 65° E of City Of Bogo (Cebu)
05 October 2025 - 03:19 PM,11.12,124.08,005,2.3,013km N 55° E of City Of Bogo (Cebu)
05 October 2025 - 03:09 PM,11.18,123.94,012,2.4,015km N 17° W of City Of Bogo (Cebu)
05 October 2025 - 03:05 PM,11.18,124.14,011,1.6,023km N 50° E of City Of Bogo (Cebu)
05 October 2025 - 02:54 PM,11.04,124.09,006,2.5,012km S 84° E of City Of Bogo (Cebu)
05 October 2025 - 02:52 PM,11.18,124.07,008,2.2,018km N 36° E of City Of Bogo (Cebu)
05 October 2025 - 02:49 PM,11.04,124.02,030,1.4,005km S 86° E of City Of Bogo (Cebu)
05 October 2025 - 02:47 PM,11.07,124.02,027,1.9,005km N 56° E of City Of Bogo (Cebu)
05 October 2025 - 02:28 PM,11.09,123.87,003,1.9,012km N 69° W of City Of Bogo (Cebu)
05 October 2025 - 02:22 PM,11.08,124.05,025,1.6,009km N 63° E of City Of Bogo (Cebu)
05 October 2025 - 02:16 PM,11.10,123.94,008,2.9,007km N 33° W of City Of Bogo (Cebu)
05 October 2025 - 02:14 PM,11.15,123.98,034,1.8,011km N 02° E of City Of Bogo (Cebu)
05 October 2025 - 01:58 PM,10.90,123.98,007,3.0,016km S 01° E of City Of Bogo (Cebu)
05 October 2025 - 01:55 PM,11.16,123.99,010,3.1,012km N 06° E of City Of Bogo (Cebu)
05 October 2025 - 01:54 PM,11.03,124.02,030,1.4,005km S 67° E of City Of Bogo (Cebu)
05 October 2025 - 01:50 PM,11.01,124.01,033,2.1,005km S 41° E of City Of Bogo (Cebu)
05 October 2025 - 01:50 PM,11.14,124.04,031,1.7,013km N 33° E of City Of Bogo (Cebu)
05 October 2025 - 01:47 PM,10.91,123.92,004,2.9,017km S 24° W of City Of Bogo (Cebu)
05 October 2025 - 01:43 PM,11.05,124.00,029,2.0,002km N 70° E of City Of Bogo (Cebu)
05 October 2025 - 01:41 PM,10.98,124.01,002,2.1,008km S 22° E of City Of Bogo (Cebu)
05 October 2025 - 01:31 PM,10.99,124.00,002,2.8,007km S 23° E of City Of Bogo (Cebu)
05 October 2025 - 01:29 PM,10.85,123.89,003,2.2,024km S 25° W of City Of Bogo (Cebu)
05 October 2025 - 01:24 PM,11.01,124.00,033,1.5,004km S 26° E of City Of Bogo (Cebu)
05 October 2025 - 01:20 PM,11.00,124.01,015,1.4,006km S 37° E of City Of Bogo (Cebu)
05 October 2025 - 01:16 PM,08.31,126.58,027,2.5,028km S 76° E of Hinatuan (Surigao Del Sur)
05 October 2025 - 01:12 PM,20.03,121.08,016,3.4,090km S 67° W of Sabtang (Batanes)
05 October 2025 - 01:11 PM,11.12,124.14,007,2.4,019km N 67° E of City Of Bogo (Cebu)
05 October 2025 - 01:03 PM,11.30,124.08,033,2.2,030km N 21° E of City Of Bogo (Cebu)
05 October 2025 - 12:59 PM,08.06,126.18,007,2.2,013km N 77° E of Trento (Agusan Del Sur)
05 October 2025 - 12:52 PM,11.10,124.10,006,2.0,015km N 67° E of City Of Bogo (Cebu)
05 October 2025 - 12:47 PM,11.06,124.07,033,1.6,010km N 83° E of City Of Bogo (Cebu)
05 October 2025 - 12:46 PM,11.16,124.09,004,2.9,017km N 42° E of City Of Bogo (Cebu)
05 October 2025 - 12:44 PM,11.13,124.11,006,2.8,017km N 58° E of City Of Bogo (Cebu)
05 October 2025 - 12:38 PM,11.14,124.07,018,1.9,015km N 43° E of City Of Bogo (Cebu)
05 October 2025 - 12:17 PM,11.06,124.08,005,2.3,011km N 81° E of City Of Bogo (Cebu)
05 October 2025 - 12:15 PM,11.29,124.14,010,1.6,033km N 33° E of City Of Bogo (Cebu)
05 October 2025 - 12:06 PM,10.88,123.73,019,2.4,033km S 56° W of City Of Bogo (Cebu)
05 October 2025 - 11:55 AM,11.43,123.86,002,1.8,045km N 17° W of City Of Bogo (Cebu)
05 October 2025 - 11:37 AM,11.10,124.18,007,2.1,023km N 74° E of City Of Bogo (Cebu)
05 October 2025 - 11:30 AM,11.08,124.01,028,1.4,005km N 46° E of City Of Bogo (Cebu)
05 October 2025 - 11:17 AM,11.10,124.03,033,1.7,014km N 47° E of City Of Bogo (Cebu)
05 October 2025 - 11:15 AM,10.93,123.89,025,2.2,016km S 39° W of City Of Bogo (Cebu)
05 October 2025 - 11:15 AM,10.93,123.89,025,2.2,016km S 39° W of City Of Bogo (Cebu)
05 October 2025 - 11:07 AM,11.07,124.02,030,2.0,005km N 61° E of City Of Bogo (Cebu)
05 October 2025 - 11:03 AM,10.98,124.03,001,2.1,009km S 39° E of City Of Bogo (Cebu)
05 October 2025 - 11:02 AM,10.95,124.00,006,2.7,011km S 11° E of City Of Bogo (Cebu)
05 October 2025 - 10:51 AM,10.89,124.03,017,1.9,018km S 18° E of City Of Bogo (Cebu)
05 October 2025 - 10:49 AM,11.10,124.09,005,4.5,013km N 62° E of City Of Bogo (Cebu)
05 October 2025 - 10:47 AM,11.04,123.98,001,2.3,001km S 06° E of City Of Bogo (Cebu)
05 October 2025 - 10:37 AM,07.20,123.43,029,2.6,029km S 05° E of Tabina (Zamboanga Del Sur)
05 October 2025 - 10:31 AM,11.08,124.08,003,2.4,012km N 70° E of City Of Bogo (Cebu)
05 October 2025 - 10:27 AM,11.14,124.10,001,2.4,017km N 52° E of City Of Bogo (Cebu)
05 October 2025 - 10:26 AM,11.16,123.98,021,1.4,012km N 02° E of City Of Bogo (Cebu)
05 October 2025 - 10:25 AM,11.15,124.04,031,1.3,013km N 28° E of City Of Bogo (Cebu)
05 October 2025 - 10:24 AM,11.30,124.11,014,1.8,032km N 27° E of City Of Bogo (Cebu)
05 October 2025 - 10:22 AM,11.13,124.12,007,1.6,018km N 59° E of City Of Bogo (Cebu)
05 October 2025 - 10:21 AM,11.16,123.97,026,1.6,013km N 06° W of City Of Bogo (Cebu)
05 October 2025 - 10:17 AM,11.01,123.93,027,2.3,007km S 52° W of City Of Bogo (Cebu)
05 October 2025 - 10:07 AM,10.94,123.93,004,2.6,013km S 23° W of City Of Bogo (Cebu)
05 October 2025 - 09:57 AM,11.08,124.11,022,1.8,015km N 77° E of City Of Bogo (Cebu)
05 October 2025 - 09:45 AM,18.27,119.86,013,4.8,072km N 68° W of Currimao (Ilocos Norte)
05 October 2025 - 09:25 AM,10.88,123.91,006,2.7,020km S 23° W of City Of Bogo (Cebu)
05 October 2025 - 09:18 AM,15.36,121.40,012,2.0,003km S 15° E of Dingalan (Aurora)
05 October 2025 - 09:12 AM,11.07,124.06,021,1.3,009km N 71° E of City Of Bogo (Cebu)
05 October 2025 - 09:06 AM,10.84,123.95,003,2.2,023km S 08° W of City Of Bogo (Cebu)
05 October 2025 - 09:02 AM,10.96,123.90,008,2.5,013km S 36° W of City Of Bogo (Cebu)
05 October 2025 - 08:58 AM,11.13,123.94,004,4.1,010km N 27° W of City Of Bogo (Cebu)
05 October 2025 - 08:58 AM,11.12,123.96,006,1.7,009km N 16° W of City Of Bogo (Cebu)
05 October 2025 - 08:56 AM,11.09,124.12,005,2.8,017km N 72° E of City Of Bogo (Cebu)
05 October 2025 - 08:54 AM,07.84,126.75,024,3.3,033km N 80° E of Cateel (Davao Oriental)
05 October 2025 - 08:53 AM,10.98,124.04,032,1.8,010km S 39° E of City Of Bogo (Cebu)
05 October 2025 - 08:47 AM,11.10,124.00,025,1.4,006km N 21° E of City Of Bogo (Cebu)
05 October 2025 - 08:46 AM,11.01,123.99,003,2.3,004km S 22° E of City Of Bogo (Cebu)
05 October 2025 - 08:39 AM,09.66,125.55,034,2.3,002km S 85° E of Sison (Surigao Del Norte)
05 October 2025 - 08:30 AM,10.87,123.92,007,1.9,021km S 18° W of City Of Bogo (Cebu)
05 October 2025 - 08:27 AM,10.86,123.94,005,3.1,021km S 12° W of City Of Bogo (Cebu)
05 October 2025 - 08:04 AM,10.89,123.90,006,2.2,019km S 26° W of City Of Bogo (Cebu)
05 October 2025 - 07:59 AM,11.03,123.93,002,2.4,006km S 70° W of City Of Bogo (Cebu)
05 October 2025 - 07:52 AM,10.98,124.15,035,1.3,020km S 69° E of City Of Bogo (Cebu)
05 October 2025 - 07:35 AM,11.16,123.93,006,2.8,014km N 25° W of City Of Bogo (Cebu)
05 October 2025 - 07:34 AM,15.67,121.12,033,1.8,004km S 32° E of Rizal (Nueva Ecija)
05 October 2025 - 07:27 AM,11.09,124.08,033,1.8,012km N 67° E of City Of Bogo (Cebu)
05 October 2025 - 07:07 AM,11.13,123.95,006,1.9,010km N 20° W of City Of Bogo (Cebu)
05 October 2025 - 07:02 AM,11.06,124.07,033,1.5,010km N 84° E of City Of Bogo (Cebu)
05 October 2025 - 06:56 AM,11.15,124.13,008,1.9,020km N 57° E of City Of Bogo (Cebu)
05 October 2025 - 06:49 AM,09.82,126.19,030,1.5,006km N 42° E of General Luna (Surigao Del Norte)
05 October 2025 - 06:47 AM,11.17,123.97,030,1.4,014km N 04° W of City Of Bogo (Cebu)
05 October 2025 - 06:45 AM,11.16,124.19,005,2.6,026km N 61° E of City Of Bogo (Cebu)
05 October 2025 - 06:35 AM,10.91,123.90,013,2.8,017km S 30° W of City Of Bogo (Cebu)
05 October 2025 - 06:34 AM,10.87,123.93,001,2.0,021km S 17° W of City Of Bogo (Cebu)
05 October 2025 - 06:27 AM,10.90,123.84,008,2.8,022km S 44° W of City Of Bogo (Cebu)
05 October 2025 - 06:26 AM,10.89,123.87,005,2.0,021km S 35° W of City Of Bogo (Cebu)
05 October 2025 - 06:23 AM,10.87,123.86,004,2.3,024km S 33° W of City Of Bogo (Cebu)
05 October 2025 - 06:11 AM,06.97,125.72,042,3.0,012km S 02° E of Island Garden City Of Samal (Davao Del Norte)
05 October 2025 - 06:09 AM,11.14,124.16,033,2.2,022km N 61° E of City Of Bogo (Cebu)
05 October 2025 - 05:58 AM,11.18,124.14,034,1.7,023km N 51° E of City Of Bogo (Cebu)
05 October 2025 - 05:55 AM,11.17,124.05,007,2.4,016km N 30° E of City Of Bogo (Cebu)
05 October 2025 - 05:49 AM,11.09,123.85,031,1.9,015km N 72° W of City Of Bogo (Cebu)
05 October 2025 - 05:46 AM,11.08,123.97,016,2.4,004km N 18° W of City Of Bogo (Cebu)
05 October 2025 - 05:44 AM,11.08,124.08,013,1.8,011km N 70° E of City Of Bogo (Cebu)
05 October 2025 - 05:39 AM,09.50,122.39,028,3.1,014km S 37° W of Hinoba-an (Negros Occidental)
05 October 2025 - 05:32 AM,11.10,124.10,031,2.7,014km N 64° E of City Of Bogo (Cebu)
05 October 2025 - 05:30 AM,11.15,123.93,007,2.6,013km N 25° W of City Of Bogo (Cebu)
05 October 2025 - 05:24 AM,11.10,124.08,012,2.5,013km N 60° E of City Of Bogo (Cebu)
05 October 2025 - 05:19 AM,10.89,123.90,005,3.3,019km S 27° W of City Of Bogo (Cebu)
05 October 2025 - 05:17 AM,11.04,123.94,005,3.4,004km S 74° W of City Of Bogo (Cebu)
05 October 2025 - 05:05 AM,15.35,121.38,010,1.7,004km S 16° W of Dingalan (Aurora)
05 October 2025 - 04:59 AM,10.91,123.98,008,2.4,015km S 02° W of City Of Bogo (Cebu)
05 October 2025 - 04:52 AM,11.16,123.98,031,1.4,013km N 01° E of City Of Bogo (Cebu)
05 October 2025 - 04:50 AM,11.06,124.10,006,3.0,013km N 86° E of City Of Bogo (Cebu)
05 October 2025 - 04:42 AM,11.05,124.12,032,1.5,015km N 87° E of City Of Bogo (Cebu)
05 October 2025 - 04:20 AM,11.00,124.02,028,2.1,007km S 37° E of City Of Bogo (Cebu)
05 October 2025 - 04:18 AM,11.12,124.01,008,2.3,009km N 23° E of City Of Bogo (Cebu)
05 October 2025 - 04:12 AM,10.90,124.01,026,2.4,017km S 13° E of City Of Bogo (Cebu)
05 October 2025 - 04:07 AM,09.00,126.50,025,1.9,024km N 83° E of Bayabas (Surigao Del Sur)
05 October 2025 - 04:07 AM,11.05,124.13,026,1.4,017km N 87° E of City Of Bogo (Cebu)
05 October 2025 - 04:06 AM,14.53,123.14,025,2.0,021km N 75° E of Tinaga Island (Vinzons) (Camarines Norte)
05 October 2025 - 03:59 AM,10.94,123.92,006,2.1,013km S 31° W of City Of Bogo (Cebu)
05 October 2025 - 03:54 AM,10.99,123.91,033,2.1,010km S 48° W of City Of Bogo (Cebu)
05 October 2025 - 03:52 AM,11.11,124.09,006,2.1,014km N 59° E of City Of Bogo (Cebu)
05 October 2025 - 03:50 AM,10.91,123.91,001,3.8,017km S 25° W of City Of Bogo (Cebu)
05 October 2025 - 03:48 AM,11.16,123.91,002,3.4,014km N 33° W of City Of Bogo (Cebu)
05 October 2025 - 03:37 AM,16.35,120.64,007,1.7,004km S 77° W of Itogon (Benguet)
05 October 2025 - 03:32 AM,10.96,124.08,015,2.3,015km S 47° E of City Of Bogo (Cebu)
05 October 2025 - 03:29 AM,10.87,124.11,026,2.2,025km S 36° E of City Of Bogo (Cebu)
05 October 2025 - 03:28 AM,11.12,124.04,013,1.8,010km N 40° E of City Of Bogo (Cebu)
05 October 2025 - 03:15 AM,10.99,124.06,033,2.3,011km S 54° E of City Of Bogo (Cebu)
05 October 2025 - 03:09 AM,10.93,123.98,007,4.0,013km South of City Of Bogo (Cebu)
05 October 2025 - 03:03 AM,11.03,124.01,004,2.3,004km S 58° E of City Of Bogo (Cebu)
05 October 2025 - 03:01 AM,11.12,124.12,002,1.7,017km N 63° E of City Of Bogo (Cebu)
05 October 2025 - 02:55 AM,10.91,123.95,006,3.3,016km S 12° W of City Of Bogo (Cebu)
05 October 2025 - 02:51 AM,11.06,123.97,009,2.1,002km N 47° W of City Of Bogo (Cebu)
05 October 2025 - 02:44 AM,11.19,124.18,007,1.6,027km N 55° E of City Of Bogo (Cebu)
05 October 2025 - 02:31 AM,11.07,123.94,026,1.6,005km N 64° W of City Of Bogo (Cebu)
05 October 2025 - 02:29 AM,11.14,124.17,007,3.8,024km N 63° E of City Of Bogo (Cebu)
05 October 2025 - 02:22 AM,11.07,124.04,024,1.6,007km N 68° E of City Of Bogo (Cebu)
05 October 2025 - 02:10 AM,08.01,126.78,012,2.5,041km S 85° E of Lingig (Surigao Del Sur)
05 October 2025 - 02:01 AM,09.37,125.54,004,4.2,004km N 38° E of Jabonga (Agusan Del Norte)
05 October 2025 - 01:58 AM,11.18,123.95,024,2.1,015km N 13° W of City Of Bogo (Cebu)
05 October 2025 - 01:57 AM,10.94,123.97,010,2.7,012km S 07° W of City Of Bogo (Cebu)
05 October 2025 - 01:51 AM,11.15,124.19,006,2.1,025km N 62° E of City Of Bogo (Cebu)
05 October 2025 - 01:43 AM,11.02,124.05,005,2.1,008km S 66° E of City Of Bogo (Cebu)
05 October 2025 - 01:37 AM,10.94,123.93,005,1.8,013km S 27° W of City Of Bogo (Cebu)
05 October 2025 - 01:35 AM,11.12,124.06,008,2.0,012km N 46° E of City Of Bogo (Cebu)
05 October 2025 - 01:25 AM,11.09,124.04,024,1.5,009km N 51° E of City Of Bogo (Cebu)
05 October 2025 - 01:24 AM,11.14,124.15,010,1.6,021km N 61° E of City Of Bogo (Cebu)
05 October 2025 - 01:17 AM,11.11,124.05,020,1.5,011km N 46° E of City Of Bogo (Cebu)
05 October 2025 - 01:16 AM,11.08,123.97,026,2.0,004km N 11° W of City Of Bogo (Cebu)
05 October 2025 - 01:14 AM,10.97,123.88,001,2.3,014km S 53° W of City Of Bogo (Cebu)
05 October 2025 - 01:11 AM,11.17,124.08,009,1.8,017km N 38° E of City Of Bogo (Cebu)
05 October 2025 - 01:10 AM,10.94,123.85,006,3.1,018km S 51° W of City Of Bogo (Cebu)
05 October 2025 - 01:05 AM,11.12,124.01,022,1.5,009km N 20° E of City Of Bogo (Cebu)
05 October 2025 - 12:59 AM,11.15,124.12,006,1.9,019km N 55° E of City Of Bogo (Cebu)
05 October 2025 - 12:51 AM,11.15,124.04,024,1.9,013km N 32° E of City Of Bogo (Cebu)
05 October 2025 - 12:47 AM,11.07,124.08,008,2.5,011km N 76° E of City Of Bogo (Cebu)
05 October 2025 - 12:44 AM,10.90,123.93,002,3.3,018km S 18° W of City Of Bogo (Cebu)
05 October 2025 - 12:43 AM,11.13,123.96,005,1.5,010km N 15° W of City Of Bogo (Cebu)
05 October 2025 - 12:37 AM,10.91,124.03,026,2.4,016km S 19° E of City Of Bogo (Cebu)
05 October 2025 - 12:33 AM,11.02,124.06,005,2.0,010km S 71° E of City Of Bogo (Cebu)
05 October 2025 - 12:31 AM,11.01,123.90,023,2.1,010km S 64° W of City Of Bogo (Cebu)
05 October 2025 - 12:30 AM,11.05,124.06,023,1.4,009km N 88° E of City Of Bogo (Cebu)
05 October 2025 - 12:26 AM,11.03,123.96,007,2.2,003km S 43° W of City Of Bogo (Cebu)
05 October 2025 - 12:21 AM,11.08,124.07,034,1.8,010km N 72° E of City Of Bogo (Cebu)
05 October 2025 - 12:14 AM,11.15,123.95,009,3.7,012km N 14° W of City Of Bogo (Cebu)
05 October 2025 - 12:10 AM,11.01,124.10,006,1.7,013km S 74° E of City Of Bogo (Cebu)
05 October 2025 - 12:09 AM,11.03,124.11,006,2.4,015km S 84° E of City Of Bogo (Cebu)
05 October 2025 - 12:02 AM,11.05,124.01,027,2.0,004km N 76° E of City Of Bogo (Cebu)
04 October 2025 - 11:55 PM,10.97,124.06,025,1.8,012km S 48° E of City Of Bogo (Cebu)
04 October 2025 - 11:54 PM,11.09,124.06,025,2.4,010km N 64° E of City Of Bogo (Cebu)
04 October 2025 - 11:52 PM,09.29,122.65,039,2.2,013km S 04° E of Basay (Negros Oriental)
04 October 2025 - 11:49 PM,11.85,125.77,032,2.0,034km N 84° E of Sulat (Eastern Samar)
04 October 2025 - 11:48 PM,11.17,123.98,033,1.5,013km N 02° E of City Of Bogo (Cebu)
04 October 2025 - 11:47 PM,11.16,123.99,032,1.3,012km N 04° E of City Of Bogo (Cebu)
04 October 2025 - 11:42 PM,11.14,124.08,006,2.0,015km N 46° E of City Of Bogo (Cebu)
04 October 2025 - 11:36 PM,11.12,124.10,008,1.8,015km N 59° E of City Of Bogo (Cebu)
04 October 2025 - 11:35 PM,11.08,124.08,029,1.8,012km N 73° E of City Of Bogo (Cebu)
04 October 2025 - 11:30 PM,10.88,123.91,007,1.7,020km S 24° W of City Of Bogo (Cebu)
04 October 2025 - 11:29 PM,11.07,123.94,031,1.6,005km N 52° W of City Of Bogo (Cebu)
04 October 2025 - 11:27 PM,11.09,124.27,024,1.5,033km N 82° E of City Of Bogo (Cebu)
04 October 2025 - 11:19 PM,10.92,123.90,007,2.4,016km S 33° W of City Of Bogo (Cebu)
04 October 2025 - 11:17 PM,10.93,123.95,011,2.5,013km S 13° W of City Of Bogo (Cebu)
04 October 2025 - 11:13 PM,08.07,127.40,046,2.1,107km N 60° E of Baganga (Davao Oriental)
04 October 2025 - 11:13 PM,11.11,124.07,030,2.0,012km N 55° E of City Of Bogo (Cebu)
04 October 2025 - 11:03 PM,11.14,123.96,009,2.3,011km N 10° W of City Of Bogo (Cebu)
04 October 2025 - 11:00 PM,11.05,124.04,006,3.6,007km N 89° E of City Of Bogo (Cebu)
04 October 2025 - 10:56 PM,11.08,123.87,027,1.8,012km N 72° W of City Of Bogo (Cebu)
04 October 2025 - 10:54 PM,10.89,123.89,003,3.2,020km S 29° W of City Of Bogo (Cebu)
04 October 2025 - 10:52 PM,10.89,123.88,007,2.0,020km S 33° W of City Of Bogo (Cebu)
04 October 2025 - 10:49 PM,11.15,124.03,034,1.6,013km N 24° E of City Of Bogo (Cebu)
04 October 2025 - 10:46 PM,11.06,124.06,008,2.3,009km N 78° E of City Of Bogo (Cebu)
04 October 2025 - 10:39 PM,09.59,126.23,035,1.8,022km S 20° E of General Luna (Surigao Del Norte)
04 October 2025 - 10:35 PM,11.02,124.04,006,2.1,007km S 68° E of City Of Bogo (Cebu)
04 October 2025 - 10:29 PM,10.97,123.93,008,2.3,010km S 30° W of City Of Bogo (Cebu)
04 October 2025 - 10:26 PM,13.81,120.56,080,1.5,008km S 75° W of Calatagan (Batangas)
04 October 2025 - 10:17 PM,10.95,123.96,007,3.2,011km S 10° W of City Of Bogo (Cebu)
04 October 2025 - 10:15 PM,10.96,123.93,006,3.4,011km S 29° W of City Of Bogo (Cebu)
04 October 2025 - 10:11 PM,11.15,124.03,032,1.8,013km N 27° E of City Of Bogo (Cebu)
04 October 2025 - 10:09 PM,10.98,123.99,034,1.5,007km S 08° E of City Of Bogo (Cebu)
04 October 2025 - 10:03 PM,11.33,125.42,035,2.0,016km N 54° W of General Macarthur (Eastern Samar)
04 October 2025 - 09:46 PM,10.99,123.99,028,2.2,007km S 13° E of City Of Bogo (Cebu)
04 October 2025 - 09:44 PM,10.90,123.97,005,3.1,017km S 04° W of City Of Bogo (Cebu)
04 October 2025 - 09:40 PM,11.02,124.05,033,2.1,009km S 72° E of City Of Bogo (Cebu)
04 October 2025 - 09:39 PM,11.00,124.02,033,1.5,007km S 41° E of City Of Bogo (Cebu)
04 October 2025 - 09:38 PM,11.02,124.01,036,2.0,004km S 52° E of City Of Bogo (Cebu)
04 October 2025 - 09:35 PM,18.56,121.80,002,1.6,028km N 36° E of Aparri (Cagayan)
04 October 2025 - 09:35 PM,11.02,123.98,031,1.3,003km South of City Of Bogo (Cebu)
04 October 2025 - 09:28 PM,11.08,124.11,016,1.7,015km N 75° E of City Of Bogo (Cebu)
04 October 2025 - 09:24 PM,11.10,124.11,034,2.0,016km N 68° E of City Of Bogo (Cebu)
04 October 2025 - 09:22 PM,11.17,123.98,024,1.3,013km N 01° W of City Of Bogo (Cebu)
04 October 2025 - 09:19 PM,11.00,123.91,008,2.7,009km S 54° W of City Of Bogo (Cebu)
04 October 2025 - 09:06 PM,11.10,124.10,007,2.8,014km N 66° E of City Of Bogo (Cebu)
04 October 2025 - 09:02 PM,11.27,124.18,009,2.9,033km N 42° E of City Of Bogo (Cebu)
04 October 2025 - 08:57 PM,18.59,121.04,011,2.4,005km S 60° W of Claveria (Cagayan)
04 October 2025 - 08:54 PM,11.15,124.13,005,2.1,020km N 55° E of City Of Bogo (Cebu)
04 October 2025 - 08:52 PM,11.14,123.88,005,1.9,015km N 49° W of City Of Bogo (Cebu)
04 October 2025 - 08:50 PM,11.17,123.96,018,1.7,013km N 07° W of City Of Bogo (Cebu)
04 October 2025 - 08:35 PM,11.00,124.00,024,2.3,005km S 24° E of City Of Bogo (Cebu)
04 October 2025 - 08:33 PM,11.17,124.03,020,1.4,015km N 23° E of City Of Bogo (Cebu)
04 October 2025 - 08:25 PM,11.03,124.08,026,2.1,011km S 83° E of City Of Bogo (Cebu)
04 October 2025 - 08:20 PM,11.00,124.00,005,2.5,006km S 25° E of City Of Bogo (Cebu)
04 October 2025 - 08:11 PM,11.17,123.96,009,2.1,014km N 09° W of City Of Bogo (Cebu)
04 October 2025 - 08:06 PM,10.98,124.03,030,1.6,009km S 35° E of City Of Bogo (Cebu)
04 October 2025 - 08:02 PM,10.86,124.09,032,2.4,024km S 32° E of City Of Bogo (Cebu)
04 October 2025 - 07:52 PM,11.18,123.88,002,2.9,018km N 36° W of City Of Bogo (Cebu)
04 October 2025 - 07:49 PM,11.02,124.04,006,2.5,007km S 67° E of City Of Bogo (Cebu)
04 October 2025 - 07:46 PM,11.12,123.98,009,1.6,008km N 02° E of City Of Bogo (Cebu)
04 October 2025 - 07:24 PM,09.36,125.46,002,3.5,006km N 75° W of Jabonga (Agusan Del Norte)
04 October 2025 - 07:29 PM,10.88,123.91,009,3.5,020km S 22° W of City Of Bogo (Cebu)
04 October 2025 - 07:22 PM,14.05,120.54,108,1.4,010km S 72° W of Nasugbu (Batangas)
04 October 2025 - 07:19 PM,09.38,125.58,020,2.3,009km N 63° E of Jabonga (Agusan Del Norte)
04 October 2025 - 07:16 PM,11.07,123.91,001,2.2,008km N 69° W of City Of Bogo (Cebu)
04 October 2025 - 07:13 PM,11.00,124.01,006,3.0,006km S 37° E of City Of Bogo (Cebu)
04 October 2025 - 07:05 PM,10.90,123.96,007,3.2,016km S 06° W of City Of Bogo (Cebu)
04 October 2025 - 06:58 PM,11.00,123.98,031,1.4,005km S 05° W of City Of Bogo (Cebu)
04 October 2025 - 06:57 PM,11.07,124.04,033,1.4,007km N 70° E of City Of Bogo (Cebu)
04 October 2025 - 06:52 PM,10.90,123.88,004,4.0,019km S 34° W of City Of Bogo (Cebu)
04 October 2025 - 06:43 PM,10.91,123.89,001,2.0,018km S 34° W of City Of Bogo (Cebu)
04 October 2025 - 06:35 PM,11.11,124.15,001,2.7,019km N 70° E of City Of Bogo (Cebu)
04 October 2025 - 06:28 PM,10.99,124.02,010,2.7,008km S 34° E of City Of Bogo (Cebu)
04 October 2025 - 06:25 PM,10.89,123.93,001,1.9,018km S 18° W of City Of Bogo (Cebu)
04 October 2025 - 06:21 PM,10.92,123.85,006,2.7,020km S 46° W of City Of Bogo (Cebu)
04 October 2025 - 06:17 PM,10.96,123.95,004,2.0,011km S 21° W of City Of Bogo (Cebu)
04 October 2025 - 06:11 PM,11.05,124.06,006,1.5,009km N 85° E of City Of Bogo (Cebu)
04 October 2025 - 06:06 PM,11.00,124.00,028,1.7,005km S 22° E of City Of Bogo (Cebu)
04 October 2025 - 06:03 PM,10.91,123.98,012,1.8,015km S 02° E of City Of Bogo (Cebu)
04 October 2025 - 05:56 PM,10.90,123.87,005,2.0,021km S 36° W of City Of Bogo (Cebu)
04 October 2025 - 05:50 PM,10.88,123.87,011,4.1,022km S 34° W of City Of Bogo (Cebu)
04 October 2025 - 05:41 PM,10.90,123.88,005,4.6,019km S 34° W of City Of Bogo (Cebu)
04 October 2025 - 05:37 PM,10.93,123.98,022,1.7,013km S 01° E of City Of Bogo (Cebu)
04 October 2025 - 05:36 PM,11.04,124.03,039,1.2,006km S 79° E of City Of Bogo (Cebu)
04 October 2025 - 05:34 PM,10.90,123.89,005,2.9,018km S 30° W of City Of Bogo (Cebu)
04 October 2025 - 05:30 PM,10.90,123.87,005,4.4,020km S 36° W of City Of Bogo (Cebu)
04 October 2025 - 05:30 PM,13.55,120.29,010,1.7,020km S 13° E of Looc (Occidental Mindoro)
04 October 2025 - 05:18 PM,11.08,124.10,030,1.6,013km N 72° E of City Of Bogo (Cebu)
04 October 2025 - 05:13 PM,10.94,123.81,006,2.3,022km S 57° W of City Of Bogo (Cebu)
04 October 2025 - 05:06 PM,10.88,123.97,005,4.0,018km S 02° W of City Of Bogo (Cebu)
04 October 2025 - 04:58 PM,10.93,123.90,005,2.5,016km S 34° W of City Of Bogo (Cebu)
04 October 2025 - 04:50 PM,11.04,123.99,001,2.3,002km S 79° E of City Of Bogo (Cebu)
04 October 2025 - 04:46 PM,08.14,127.41,024,2.9,111km N 84° E of Lingig (Surigao Del Sur)
04 October 2025 - 04:40 PM,11.05,124.03,031,2.4,005km N 80° E of City Of Bogo (Cebu)
04 October 2025 - 04:36 PM,11.15,124.12,003,1.8,019km N 54° E of City Of Bogo (Cebu)
04 October 2025 - 04:05 PM,11.15,124.15,033,1.7,021km N 58° E of City Of Bogo (Cebu)
04 October 2025 - 03:56 PM,09.75,123.84,030,2.6,001km N 20° W of Maribojoc (Bohol)
04 October 2025 - 03:52 PM,10.95,124.06,033,1.7,013km S 40° E of City Of Bogo (Cebu)
04 October 2025 - 03:47 PM,11.11,124.26,021,2.3,032km N 78° E of City Of Bogo (Cebu)
04 October 2025 - 03:34 PM,10.99,123.91,005,2.8,009km S 51° W of City Of Bogo (Cebu)
04 October 2025 - 03:33 PM,11.10,123.84,007,1.8,016km N 67° W of City Of Bogo (Cebu)
04 October 2025 - 03:30 PM,11.10,124.13,033,2.9,017km N 71° E of City Of Bogo (Cebu)
04 October 2025 - 03:22 PM,10.96,123.95,005,2.7,010km S 20° W of City Of Bogo (Cebu)
04 October 2025 - 03:17 PM,10.87,123.91,005,2.4,021km S 21° W of City Of Bogo (Cebu)
04 October 2025 - 03:14 PM,10.94,123.85,025,2.6,019km S 51° W of City Of Bogo (Cebu)
04 October 2025 - 03:08 PM,11.08,124.18,028,2.1,023km N 82° E of City Of Bogo (Cebu)
04 October 2025 - 03:07 PM,10.98,123.75,005,2.4,026km S 74° W of City Of Bogo (Cebu)
04 October 2025 - 03:05 PM,07.78,126.65,035,1.5,021km S 88° E of Cateel (Davao Oriental)
04 October 2025 - 02:59 PM,11.03,124.04,005,2.3,007km S 79° E of City Of Bogo (Cebu)
04 October 2025 - 02:44 PM,10.94,123.99,032,2.3,012km S 08° E of City Of Bogo (Cebu)
04 October 2025 - 02:41 PM,15.14,122.35,017,2.1,045km N 19° E of Patnanungan (Quezon)
04 October 2025 - 02:25 PM,18.73,121.54,090,3.8,023km S 55° E of Fuga Island (Aparri) (Cagayan)
04 October 2025 - 02:24 PM,11.03,124.04,002,1.7,007km S 78° E of City Of Bogo (Cebu)
04 October 2025 - 02:01 PM,11.15,124.00,033,1.7,012km N 11° E of City Of Bogo (Cebu)
04 October 2025 - 01:53 PM,07.72,126.72,016,3.4,024km N 48° E of Baganga (Davao Oriental)
04 October 2025 - 01:41 PM,11.15,124.07,033,1.6,016km N 41° E of City Of Bogo (Cebu)
04 October 2025 - 01:35 PM,11.09,124.05,025,1.4,009km N 60° E of City Of Bogo (Cebu)
04 October 2025 - 01:28 PM,11.17,123.97,015,1.6,014km N 04° W of City Of Bogo (Cebu)
04 October 2025 - 01:23 PM,11.16,124.05,010,2.1,015km N 33° E of City Of Bogo (Cebu)
04 October 2025 - 01:14 PM,11.12,124.01,016,1.9,009km N 23° E of City Of Bogo (Cebu)
04 October 2025 - 12:55 PM,13.54,120.65,064,2.6,013km N 39° W of Abra De Ilog (Occidental Mindoro)
04 October 2025 - 12:47 PM,11.11,124.12,009,1.9,017km N 66° E of City Of Bogo (Cebu)
04 October 2025 - 12:38 PM,10.93,124.09,027,2.3,017km S 43° E of City Of Bogo (Cebu)
04 October 2025 - 12:27 PM,11.16,124.16,011,2.0,023km N 57° E of City Of Bogo (Cebu)
04 October 2025 - 12:26 PM,11.15,124.15,034,1.8,022km N 58° E of City Of Bogo (Cebu)
04 October 2025 - 12:22 PM,11.09,124.10,032,2.5,014km N 69° E of City Of Bogo (Cebu)
04 October 2025 - 12:19 PM,11.05,123.96,032,1.4,003km N 78° W of City Of Bogo (Cebu)
04 October 2025 - 12:11 PM,11.20,124.16,008,2.6,026km N 49° E of City Of Bogo (Cebu)
04 October 2025 - 12:05 PM,11.28,124.20,023,1.6,035km N 43° E of City Of Bogo (Cebu)
04 October 2025 - 12:04 PM,10.98,124.27,032,2.1,033km S 77° E of City Of Bogo (Cebu)
04 October 2025 - 12:03 PM,10.90,124.06,030,1.9,019km S 27° E of City Of Bogo (Cebu)
04 October 2025 - 11:58 AM,11.09,124.07,026,1.7,011km N 65° E of City Of Bogo (Cebu)
04 October 2025 - 11:56 AM,10.91,123.94,005,2.2,016km S 18° W of City Of Bogo (Cebu)
04 October 2025 - 11:54 AM,11.03,124.23,025,2.5,028km S 86° E of City Of Bogo (Cebu)
04 October 2025 - 11:49 AM,10.82,123.94,017,1.7,025km S 09° W of City Of Bogo (Cebu)
04 October 2025 - 11:40 AM,10.86,124.06,029,1.8,022km S 22° E of City Of Bogo (Cebu)
04 October 2025 - 11:24 AM,11.01,124.04,032,1.3,008km S 56° E of City Of Bogo (Cebu)
04 October 2025 - 10:44 AM,11.12,124.06,033,1.6,012km N 50° E of City Of Bogo (Cebu)
04 October 2025 - 10:39 AM,11.06,124.08,032,2.3,011km N 80° E of City Of Bogo (Cebu)
04 October 2025 - 10:38 AM,11.17,123.86,006,1.9,019km N 43° W of City Of Bogo (Cebu)
04 October 2025 - 10:36 AM,10.84,124.17,033,2.0,030km S 42° E of City Of Bogo (Cebu)
04 October 2025 - 10:19 AM,11.27,123.95,008,2.1,025km N 06° W of City Of Bogo (Cebu)
04 October 2025 - 10:12 AM,11.21,123.91,005,2.9,019km N 25° W of City Of Bogo (Cebu)
04 October 2025 - 10:09 AM,11.08,124.05,006,1.9,009km N 61° E of City Of Bogo (Cebu)
04 October 2025 - 10:04 AM,11.04,124.08,027,1.9,011km S 83° E of City Of Bogo (Cebu)
04 October 2025 - 09:49 AM,11.02,124.08,005,1.7,011km S 77° E of City Of Bogo (Cebu)
04 October 2025 - 09:46 AM,20.13,121.27,033,2.7,067km S 70° W of Sabtang (Batanes)
04 October 2025 - 09:37 AM,10.97,123.96,011,2.8,009km S 11° W of City Of Bogo (Cebu)
04 October 2025 - 09:35 AM,11.05,123.96,005,2.1,002km N 87° W of City Of Bogo (Cebu)
04 October 2025 - 09:23 AM,10.96,124.06,016,1.6,013km S 41° E of City Of Bogo (Cebu)
04 October 2025 - 09:09 AM,11.03,123.97,005,2.9,002km S 59° W of City Of Bogo (Cebu)
04 October 2025 - 08:58 AM,11.01,123.95,003,2.4,005km S 35° W of City Of Bogo (Cebu)
04 October 2025 - 08:48 AM,11.01,124.21,028,1.8,026km S 83° E of City Of Bogo (Cebu)
04 October 2025 - 08:47 AM,10.96,123.99,006,1.9,010km S 05° E of City Of Bogo (Cebu)
04 October 2025 - 08:39 AM,11.05,123.95,018,2.4,003km N 75° W of City Of Bogo (Cebu)
04 October 2025 - 08:26 AM,11.11,124.04,025,1.7,013km N 43° E of City Of Bogo (Cebu)
04 October 2025 - 08:06 AM,11.11,124.09,012,2.4,014km N 61° E of City Of Bogo (Cebu)
04 October 2025 - 07:51 AM,11.00,123.93,018,2.8,007km S 43° W of City Of Bogo (Cebu)
04 October 2025 - 07:42 AM,10.21,126.67,021,4.9,069km N 72° E of Burgos (Surigao Del Norte)
04 October 2025 - 07:33 AM,11.30,124.16,023,2.5,035km N 35° E of City Of Bogo (Cebu)
04 October 2025 - 07:23 AM,11.12,124.06,026,2.5,012km N 47° E of City Of Bogo (Cebu)
04 October 2025 - 07:12 AM,11.14,124.17,005,3.2,024km N 74° E of City Of Bogo (Cebu)
04 October 2025 - 07:02 AM,09.27,126.57,022,3.8,041km S 89° E of Cortes (Surigao Del Sur)
04 October 2025 - 07:02 AM,10.92,123.84,012,2.2,021km S 48° W of City Of Bogo (Cebu)
04 October 2025 - 06:54 AM,11.02,123.99,023,2.5,004km S 23° E of City Of Bogo (Cebu)
04 October 2025 - 06:41 AM,10.89,123.93,003,2.0,019km S 17° W of City Of Bogo (Cebu)
04 October 2025 - 06:39 AM,10.96,123.94,030,2.2,010km S 26° W of City Of Bogo (Cebu)
04 October 2025 - 05:53 AM,11.16,124.11,033,1.5,019km N 49° E of City Of Bogo (Cebu)
04 October 2025 - 05:46 AM,10.92,123.89,005,2.1,018km S 34° W of City Of Bogo (Cebu)
04 October 2025 - 05:41 AM,11.14,124.12,008,2.5,019km N 55° E of City Of Bogo (Cebu)
04 October 2025 - 05:34 AM,11.08,124.03,008,1.8,007km N 55° E of City Of Bogo (Cebu)
04 October 2025 - 05:28 AM,10.95,123.93,002,1.9,012km S 26° W of City Of Bogo (Cebu)
04 October 2025 - 05:24 AM,11.17,124.20,008,2.2,028km N 61° E of City Of Bogo (Cebu)
04 October 2025 - 05:15 AM,10.86,123.69,008,2.7,021km N 85° E of City Of Escalante (Negros Occidental)
04 October 2025 - 04:42 AM,11.08,123.89,029,2.3,010km N 69° W of City Of Bogo (Cebu)
04 October 2025 - 04:34 AM,10.94,124.28,033,1.6,017km S 41° W of Palompon (Leyte)
04 October 2025 - 04:26 AM,10.90,123.96,024,2.6,016km S 08° W of City Of Bogo (Cebu)
04 October 2025 - 04:11 AM,11.10,124.20,025,2.1,024km N 76° E of City Of Bogo (Cebu)
04 October 2025 - 04:01 AM,11.05,123.97,008,3.6,001km S 82° W of City Of Bogo (Cebu)
04 October 2025 - 04:00 AM,08.76,126.40,030,2.0,012km S 68° E of Marihatag (Surigao Del Sur)
04 October 2025 - 03:57 AM,11.07,123.96,021,2.6,003km N 46° W of City Of Bogo (Cebu)
04 October 2025 - 03:52 AM,11.10,124.01,012,2.3,007km N 49° E of City Of Bogo (Cebu)
04 October 2025 - 03:45 AM,11.11,124.08,017,2.1,013km N 57° E of City Of Bogo (Cebu)
04 October 2025 - 03:35 AM,10.97,123.95,007,3.1,009km S 19° W of City Of Bogo (Cebu)
04 October 2025 - 03:32 AM,11.09,124.09,005,2.8,013km N 70° E of City Of Bogo (Cebu)
04 October 2025 - 03:26 AM,11.19,124.06,010,1.9,018km N 31° E of City Of Bogo (Cebu)
04 October 2025 - 03:22 AM,11.18,123.95,008,1.6,015km N 12° W of City Of Bogo (Cebu)
04 October 2025 - 03:18 AM,11.13,124.10,032,1.7,017km N 54° E of City Of Bogo (Cebu)
04 October 2025 - 03:17 AM,11.16,124.00,020,1.6,013km N 12° E of City Of Bogo (Cebu)
04 October 2025 - 03:06 AM,11.17,124.07,032,1.9,017km N 35° E of City Of Bogo (Cebu)
04 October 2025 - 03:05 AM,11.10,124.14,032,1.6,019km N 72° E of City Of Bogo (Cebu)
04 October 2025 - 03:02 AM,11.01,123.95,003,2.0,006km S 39° W of City Of Bogo (Cebu)
04 October 2025 - 02:58 AM,11.04,123.97,021,2.7,001km S 59° W of City Of Bogo (Cebu)
04 October 2025 - 02:47 AM,10.90,123.95,006,3.7,017km S 09° W of City Of Bogo (Cebu)
04 October 2025 - 02:46 AM,08.09,126.49,028,3.7,010km N 58° E of Lingig (Surigao Del Sur)
04 October 2025 - 02:42 AM,11.07,124.23,012,2.1,028km N 80° E of City Of Bogo (Cebu)
04 October 2025 - 02:32 AM,11.15,124.03,020,1.5,012km N 24° E of City Of Bogo (Cebu)
04 October 2025 - 02:28 AM,11.18,124.15,033,2.4,024km N 53° E of City Of Bogo (Cebu)
04 October 2025 - 02:25 AM,11.01,123.92,022,2.3,008km S 58° W of City Of Bogo (Cebu)
04 October 2025 - 02:19 AM,11.12,124.11,008,2.4,017km N 61° E of City Of Bogo (Cebu)
04 October 2025 - 02:17 AM,11.00,123.96,006,2.7,006km S 21° W of City Of Bogo (Cebu)
04 October 2025 - 02:07 AM,11.22,124.17,007,1.7,028km N 48° E of City Of Bogo (Cebu)
04 October 2025 - 02:06 AM,11.07,123.97,004,2.2,003km N 14° W of City Of Bogo (Cebu)
04 October 2025 - 02:02 AM,10.95,123.96,005,2.9,011km S 16° W of City Of Bogo (Cebu)
04 October 2025 - 01:51 AM,11.14,124.06,006,3.2,014km N 40° E of City Of Bogo (Cebu)
04 October 2025 - 01:45 AM,10.91,123.96,009,2.7,015km S 10° W of City Of Bogo (Cebu)
04 October 2025 - 01:43 AM,05.78,127.34,107,2.9,171km S 55° E of Governor Generoso (Davao Oriental)
04 October 2025 - 01:38 AM,11.16,124.16,004,2.8,024km N 58° E of City Of Bogo (Cebu)
04 October 2025 - 01:36 AM,11.11,124.14,004,2.7,019km N 65° E of City Of Bogo (Cebu)
04 October 2025 - 01:29 AM,11.13,123.96,010,2.2,010km N 16° W of City Of Bogo (Cebu)
04 October 2025 - 01:24 AM,10.91,123.97,010,3.5,015km S 3° W of City Of Bogo (Cebu)
04 October 2025 - 01:17 AM,11.01,124.01,009,2.6,005km S 40° E of City Of Bogo (Cebu)
04 October 2025 - 01:15 AM,10.95,123.99,004,2.9,010km S 04° E of City Of Bogo (Cebu)
04 October 2025 - 01:07 AM,10.97,123.90,010,2.3,012km S 44° W of City Of Bogo (Cebu)
04 October 2025 - 01:06 AM,11.07,124.12,034,2.4,016km N 79° E of City Of Bogo (Cebu)
04 October 2025 - 12:59 AM,11.02,123.95,005,2.8,005km S 46° W of City Of Bogo (Cebu)
04 October 2025 - 12:47 AM,10.92,123.97,005,2.5,018km S 31° E of City Of Bogo (Cebu)
04 October 2025 - 12:40 AM,11.09,124.08,009,3.4,012km N 65° E of City Of Bogo (Cebu)
04 October 2025 - 12:32 AM,11.23,123.92,004,2.5,021km N 18° W of City Of Bogo (Cebu)
04 October 2025 - 12:20 AM,11.19,124.14,009,2.2,024km N 47° E of City Of Bogo (Cebu)
04 October 2025 - 12:14 AM,18.76,121.05,013,1.9,017km N 11° W of Claveria (Cagayan)
04 October 2025 - 12:10 AM,11.17,124.11,020,2.1,020km N 46° E of City Of Bogo (Cebu)
04 October 2025 - 12:09 AM,10.98,123.97,021,2.0,008km S 10° W of City Of Bogo (Cebu)
04 October 2025 - 12:06 AM,15.34,120.33,133,3.1,022km S 43° W of San Jose (Tarlac)
04 October 2025 - 12:03 AM,11.15,124.04,031,1.5,013km N 30° E of City Of Bogo (Cebu)
04 October 2025 - 12:03 AM,11.16,124.07,033,1.6,016km N 37° E of City Of Bogo (Cebu)
04 October 2025 - 12:01 AM,11.21,123.87,002,2.8,021km N 33° W of City Of Bogo (Cebu)
03 October 2025 - 11:58 PM,11.12,124.09,007,2.7,015km N 56° E of City Of Bogo (Cebu)
03 October 2025 - 11:52 PM,13.67,120.60,102,2.6,018km S 12° W of Calatagan (Batangas)
03 October 2025 - 11:50 PM,10.91,123.93,006,2.3,015km S 19° W of City Of Bogo (Cebu)
03 October 2025 - 11:46 PM,11.01,123.85,015,2.3,015km S 74° W of City Of Bogo (Cebu)
03 October 2025 - 11:40 PM,10.85,123.78,010,2.1,031km S 46° W of City Of Bogo (Cebu)
03 October 2025 - 11:37 PM,11.10,124.07,007,2.8,011km N 58° E of City Of Bogo (Cebu)
03 October 2025 - 11:35 PM,10.91,123.94,006,1.6,016km S 14° W of City Of Bogo (Cebu)
03 October 2025 - 11:34 PM,10.88,123.93,005,2.0,019km S 17° W of City Of Bogo (Cebu)
03 October 2025 - 11:22 PM,10.95,123.96,002,2.4,011km S 10° W of City Of Bogo (Cebu)
03 October 2025 - 11:20 PM,11.18,124.26,011,2.1,034km N 64° E of City Of Bogo (Cebu)
03 October 2025 - 11:18 PM,10.95,123.89,007,2.1,015km S 44° W of City Of Bogo (Cebu)
03 October 2025 - 11:14 PM,11.41,123.91,011,2.2,040km N 10° W of City Of Bogo (Cebu)
03 October 2025 - 11:07 PM,11.14,124.03,005,2.4,012km N 29° E of City Of Bogo (Cebu)
03 October 2025 - 10:51 PM,11.17,123.94,010,2.3,015km N 18° W of City Of Bogo (Cebu)
03 October 2025 - 10:46 PM,10.93,123.95,007,2.3,014km S 15° W of City Of Bogo (Cebu)
03 October 2025 - 10:41 PM,10.92,123.94,006,3.0,017km S 11° W of City Of Bogo (Cebu)
03 October 2025 - 10:35 PM,11.14,124.05,024,2.2,013km N 39° E of City Of Bogo (Cebu)
03 October 2025 - 10:29 PM,10.90,124.01,019,2.4,016km S 10° E of City Of Bogo (Cebu)
03 October 2025 - 10:26 PM,11.16,124.00,008,2.2,013km N 11° E of City Of Bogo (Cebu)
03 October 2025 - 10:22 PM,11.12,123.95,003,3.7,008km N 20° W of City Of Bogo (Cebu)
03 October 2025 - 10:19 PM,11.05,124.03,015,2.1,006km N 83° E of City Of Bogo (Cebu)
03 October 2025 - 10:17 PM,10.99,123.96,007,2.7,006km S 18° W of City Of Bogo (Cebu)
03 October 2025 - 10:15 PM,10.90,123.90,005,2.8,018km S 28° W of City Of Bogo (Cebu)
03 October 2025 - 10:09 PM,11.10,124.21,005,2.8,026km N 78° E of City Of Bogo (Cebu)
03 October 2025 - 10:03 PM,10.90,123.92,001,2.2,017km S 23° W of City Of Bogo (Cebu)
03 October 2025 - 09:58 PM,11.15,124.05,029,1.5,014km N 35° E of City Of Bogo (Cebu)
03 October 2025 - 09:49 PM,11.08,124.08,017,1.4,012km N 71° E of City Of Bogo (Cebu)
03 October 2025 - 09:44 PM,11.03,124.04,001,2.0,007km S 74° E of City Of Bogo (Cebu)
03 October 2025 - 09:41 PM,10.93,123.92,018,2.4,015km S 25° W of City Of Bogo (Cebu)
03 October 2025 - 09:39 PM,11.02,123.87,006,2.4,012km S 77° W of City Of Bogo (Cebu)
03 October 2025 - 09:32 PM,07.17,126.78,013,2.4,027km S 81° E of Manay (Davao Oriental)
03 October 2025 - 09:25 PM,11.06,124.12,031,2.4,015km N 83° E of City Of Bogo (Cebu)
03 October 2025 - 09:16 PM,10.90,124.08,023,2.0,020km S 34° E of City Of Bogo (Cebu)
03 October 2025 - 09:09 PM,11.03,124.05,005,1.5,008km S 79° E of City Of Bogo (Cebu)
03 October 2025 - 09:07 PM,11.26,124.19,021,2.3,033km N 44° E of City Of Bogo (Cebu)
03 October 2025 - 09:00 PM,10.89,123.86,004,1.7,022km S 36° W of City Of Bogo (Cebu)
03 October 2025 - 08:57 PM,11.16,123.99,007,2.3,013km N 05° E of City Of Bogo (Cebu)
03 October 2025 - 08:53 PM,11.09,124.08,004,1.6,012km N 65° E of City Of Bogo (Cebu)
03 October 2025 - 08:42 PM,11.00,123.93,001,2.4,007km S 41° W of City Of Bogo (Cebu)
03 October 2025 - 08:37 PM,11.28,124.14,011,2.4,032km N 34° E of City Of Bogo (Cebu)
03 October 2025 - 08:28 PM,10.96,123.94,002,3.4,010km S 27° W of City Of Bogo (Cebu)
03 October 2025 - 08:19 PM,11.23,123.91,006,3.2,021km N 20° W of City Of Bogo (Cebu)
03 October 2025 - 08:17 PM,11.13,123.95,010,2.8,010km N 17° W of City Of Bogo (Cebu)
03 October 2025 - 08:15 PM,10.89,123.98,007,2.3,017km S 01° E of City Of Bogo (Cebu)
03 October 2025 - 08:12 PM,11.10,124.07,007,2.4,011km N 60° E of City Of Bogo (Cebu)
03 October 2025 - 07:56 PM,11.16,123.97,014,1.7,013km N 03° W of City Of Bogo (Cebu)
03 October 2025 - 07:42 PM,13.97,120.38,058,1.6,029km S 68° W of Nasugbu (Batangas)
03 October 2025 - 07:39 PM,11.17,123.89,013,2.0,017km N 35° W of City Of Bogo (Cebu)
03 October 2025 - 07:29 PM,11.02,123.87,007,2.6,013km S 77° W of City Of Bogo (Cebu)
03 October 2025 - 07:24 PM,11.18,123.97,016,2.1,015km N 03° W of City Of Bogo (Cebu)
03 October 2025 - 07:22 PM,11.15,124.14,007,2.6,021km N 58° E of City Of Bogo (Cebu)
03 October 2025 - 07:20 PM,10.97,123.94,002,2.7,010km S 26° W of City Of Bogo (Cebu)
03 October 2025 - 07:17 PM,11.09,124.06,003,3.8,010km N 60° E of City Of Bogo (Cebu)
03 October 2025 - 07:11 PM,11.14,124.04,029,1.6,012km N 35° E of City Of Bogo (Cebu)
03 October 2025 - 07:10 PM,10.96,124.01,022,1.6,010km S 19° E of City Of Bogo (Cebu)
03 October 2025 - 07:04 PM,11.15,124.14,026,2.5,020km N 58° E of City Of Bogo (Cebu)
03 October 2025 - 07:03 PM,11.07,124.06,002,1.5,009km N 75° E of City Of Bogo (Cebu)
03 October 2025 - 07:02 PM,11.10,124.14,005,2.5,019km N 71° E of City Of Bogo (Cebu)
03 October 2025 - 06:55 PM,11.14,124.04,028,2.3,012km N 36° E of City Of Bogo (Cebu)
03 October 2025 - 06:48 PM,10.90,124.11,031,2.7,022km S 41° E of City Of Bogo (Cebu)
03 October 2025 - 06:33 PM,11.09,124.05,004,2.8,009km N 57° E of City Of Bogo (Cebu)
03 October 2025 - 06:15 PM,11.21,123.96,004,3.1,018km N 07° W of City Of Bogo (Cebu)
03 October 2025 - 06:12 PM,11.15,124.13,013,2.9,020km N 54° E of City Of Bogo (Cebu)
03 October 2025 - 06:04 PM,11.10,124.16,010,1.5,020km N 72° E of City Of Bogo (Cebu)
03 October 2025 - 05:56 PM,11.34,124.16,005,1.9,015km N 55° E of City Of Bogo (Cebu)
03 October 2025 - 05:52 PM,10.96,123.94,006,2.0,010km S 25° W of City Of Bogo (Cebu)
03 October 2025 - 05:45 PM,10.89,124.11,005,2.0,022km S 39° E of City Of Bogo (Cebu)
03 October 2025 - 05:38 PM,11.03,123.93,004,1.6,005km S 70° W of City Of Bogo (Cebu)
03 October 2025 - 05:33 PM,11.12,124.11,015,1.8,016km N 59° E of City Of Bogo (Cebu)
03 October 2025 - 05:28 PM,11.07,124.09,002,1.8,013km N 79° E of City Of Bogo (Cebu)
03 October 2025 - 05:21 PM,11.16,124.14,029,2.2,021km N 55° E of City Of Bogo (Cebu)
03 October 2025 - 05:14 PM,11.20,124.25,007,2.1,034km N 61° E of City Of Bogo (Cebu)
03 October 2025 - 05:07 PM,11.06,124.03,008,2.7,005km N 72° E of City Of Bogo (Cebu)
03 October 2025 - 05:00 PM,09.71,123.93,028,2.3,002km N 26° E of Corella (Bohol)
03 October 2025 - 04:50 PM,11.13,124.10,007,2.3,016km N 54° E of City Of Bogo (Cebu)
03 October 2025 - 04:47 PM,11.16,124.07,006,2.2,015km N 38° E of City Of Bogo (Cebu)
03 October 2025 - 04:44 PM,11.07,124.14,035,1.8,018km N 81° E of City Of Bogo (Cebu)
03 October 2025 - 04:25 PM,11.14,124.12,008,2.0,019km N 55° E of City Of Bogo (Cebu)
03 October 2025 - 04:24 PM,10.91,123.92,006,2.1,017km S 23° W of City Of Bogo (Cebu)
03 October 2025 - 04:13 PM,11.19,124.16,033,1.8,026km N 52° E of City Of Bogo (Cebu)
03 October 2025 - 04:04 PM,11.07,124.00,032,1.6,003km N 49° E of City Of Bogo (Cebu)
03 October 2025 - 04:00 PM,11.10,124.15,005,2.1,020km N 74° E of City Of Bogo (Cebu)
03 October 2025 - 03:36 PM,11.10,124.04,027,1.9,008km N 46° E of City Of Bogo (Cebu)
03 October 2025 - 03:34 PM,13.27,120.45,035,1.4,016km N 72° W of Mamburao (Occidental Mindoro)
03 October 2025 - 03:33 PM,11.13,124.07,027,1.7,014km N 49° E of City Of Bogo (Cebu)
03 October 2025 - 03:32 PM,10.92,123.94,004,1.9,014km S 15° W of City Of Bogo (Cebu)
03 October 2025 - 03:30 PM,11.13,124.05,027,1.7,012km N 41° E of City Of Bogo (Cebu)
03 October 2025 - 03:24 PM,10.84,123.37,007,2.1,006km S 50° W of City Of Sagay (Negros Occidental)
03 October 2025 - 03:19 PM,11.07,124.12,012,1.4,016km N 81° E of City Of Bogo (Cebu)
03 October 2025 - 02:31 PM,11.05,124.03,007,2.3,006km N 85° E of City Of Bogo (Cebu)
03 October 2025 - 02:20 PM,11.16,124.00,006,2.3,013km N 10° E of City Of Bogo (Cebu)
03 October 2025 - 02:11 PM,10.93,123.92,026,1.6,014km S 28° W of City Of Bogo (Cebu)
03 October 2025 - 02:09 PM,11.10,124.11,006,2.0,015km N 69° E of City Of Bogo (Cebu)
03 October 2025 - 02:07 PM,10.90,123.80,007,2.1,025km S 49° W of City Of Bogo (Cebu)
03 October 2025 - 02:05 PM,11.02,123.99,019,1.4,004km S 23° E of City Of Bogo (Cebu)
03 October 2025 - 02:01 PM,11.10,123.93,006,1.9,008km N 40° W of City Of Bogo (Cebu)
03 October 2025 - 01:43 PM,10.99,123.97,026,2.2,007km S 10° W of City Of Bogo (Cebu)
03 October 2025 - 01:25 PM,10.91,123.90,006,1.5,017km S 30° W of City Of Bogo (Cebu)
03 October 2025 - 01:19 PM,11.17,124.17,009,2.0,026km N 56° E of City Of Bogo (Cebu)
03 October 2025 - 01:15 PM,11.10,124.10,005,2.5,015km N 66° E of City Of Bogo (Cebu)
03 October 2025 - 01:06 PM,10.97,123.99,009,2.5,008km S 11° E of City Of Bogo (Cebu)
03 October 2025 - 12:57 PM,11.20,124.12,008,2.2,023km N 41° E of City Of Bogo (Cebu)
03 October 2025 - 12:55 PM,18.54,120.82,021,2.0,003km N 34° E of Dumalneg (Ilocos Norte)
03 October 2025 - 12:41 PM,10.75,123.95,018,2.1,006km N 84° W of Sogod (Cebu)
03 October 2025 - 12:30 PM,11.15,123.95,006,1.4,012km N 13° W of City Of Bogo (Cebu)
03 October 2025 - 12:28 PM,11.18,123.96,010,1.9,015km N 07° W of City Of Bogo (Cebu)
03 October 2025 - 12:21 PM,11.16,124.11,024,1.8,020km N 49° E of City Of Bogo (Cebu)
03 October 2025 - 12:18 PM,11.12,124.14,008,2.0,019km N 64° E of City Of Bogo (Cebu)
03 October 2025 - 12:13 PM,10.98,123.94,006,3.0,009km S 27° W of City Of Bogo (Cebu)
03 October 2025 - 12:13 PM,11.09,123.94,004,1.3,007km N 44° W of City Of Bogo (Cebu)
03 October 2025 - 12:11 PM,10.99,123.96,007,2.0,007km S 16° W of City Of Bogo (Cebu)
03 October 2025 - 12:07 PM,10.99,123.98,007,2.7,006km S 04° E of City Of Bogo (Cebu)
03 October 2025 - 12:04 PM,09.31,126.37,025,2.2,020km N 78° E of Cortes (Surigao Del Sur)
03 October 2025 - 12:01 PM,11.17,124.03,007,2.1,014km N 21° E of City Of Bogo (Cebu)
03 October 2025 - 11:56 AM,11.11,124.04,020,1.7,010km N 45° E of City Of Bogo (Cebu)
03 October 2025 - 11:50 AM,10.90,123.93,002,2.3,017km S 18° W of City Of Bogo (Cebu)
03 October 2025 - 11:42 AM,11.10,124.06,030,2.1,011km N 58° E of City Of Bogo (Cebu)
03 October 2025 - 11:39 AM,10.94,123.96,005,1.6,007km N 87° W of Tabogon (Cebu)
03 October 2025 - 11:29 AM,11.00,123.92,007,1.7,008km S 53° W of City Of Bogo (Cebu)
03 October 2025 - 11:26 AM,11.14,124.04,032,1.8,012km N 36° E of City Of Bogo (Cebu)
03 October 2025 - 11:19 AM,11.01,123.99,030,2.2,005km S 19° E of City Of Bogo (Cebu)
03 October 2025 - 11:16 AM,10.99,124.05,031,2.2,010km S 49° E of City Of Bogo (Cebu)
03 October 2025 - 11:08 AM,11.10,124.09,008,2.5,014km N 66° E of City Of Bogo (Cebu)
03 October 2025 - 11:00 AM,11.14,124.18,007,1.9,024km N 64° E of City Of Bogo (Cebu)
03 October 2025 - 10:57 AM,11.04,124.10,008,2.3,013km S 87° E of City Of Bogo (Cebu)
03 October 2025 - 10:54 AM,11.14,123.99,011,2.0,010km N 04° E of City Of Bogo (Cebu)
03 October 2025 - 10:50 AM,10.98,123.98,007,1.9,007km S 02° W of City Of Bogo (Cebu)
03 October 2025 - 10:47 AM,11.05,124.01,033,1.8,004km N 85° E of City Of Bogo (Cebu)
03 October 2025 - 10:38 AM,11.00,124.08,008,1.9,012km S 63° E of City Of Bogo (Cebu)
03 October 2025 - 10:37 AM,11.13,124.11,006,2.2,017km N 59° E of City Of Bogo (Cebu)
03 October 2025 - 10:34 AM,11.10,124.02,017,2.1,008km N 38° E of City Of Bogo (Cebu)
03 October 2025 - 10:09 AM,09.60,125.55,016,2.6,006km N 24° W of Tubod (Surigao Del Norte)
03 October 2025 - 09:57 AM,11.06,124.07,017,1.8,010km N 84° E of City Of Bogo (Cebu)
03 October 2025 - 09:37 AM,11.08,123.95,033,2.0,005km N 36° W of City Of Bogo (Cebu)
03 October 2025 - 09:34 AM,11.14,123.98,033,1.7,010km N 02° E of City Of Bogo (Cebu)
03 October 2025 - 09:23 AM,11.05,124.12,033,1.8,016km N 87° E of City Of Bogo (Cebu)
03 October 2025 - 09:17 AM,10.97,124.19,026,1.9,024km S 70° E of City Of Bogo (Cebu)
03 October 2025 - 09:08 AM,11.15,123.96,010,1.8,011km N 09° W of City Of Bogo (Cebu)
03 October 2025 - 08:48 AM,10.91,123.93,001,2.2,016km S 21° W of City Of Bogo (Cebu)
03 October 2025 - 08:30 AM,11.13,124.05,022,1.4,012km N 40° E of City Of Bogo (Cebu)
03 October 2025 - 08:26 AM,11.05,124.21,036,2.1,025km N 89° E of City Of Bogo (Cebu)
03 October 2025 - 08:22 AM,11.24,124.02,032,2.0,022km N 12° E of City Of Bogo (Cebu)
03 October 2025 - 08:10 AM,11.00,123.82,004,2.4,019km S 74° W of City Of Bogo (Cebu)
03 October 2025 - 07:46 AM,11.17,124.25,007,2.5,032km N 65° E of City Of Bogo (Cebu)
03 October 2025 - 07:41 AM,11.10,123.92,005,3.1,009km N 47° W of City Of Bogo (Cebu)
03 October 2025 - 07:39 AM,10.91,123.94,005,2.8,015km S 14° W of City Of Bogo (Cebu)
03 October 2025 - 07:13 AM,11.06,124.06,032,1.4,009km N 77° E of City Of Bogo (Cebu)
03 October 2025 - 06:56 AM,07.93,122.57,032,1.6,005km N 62° E of Kalawit (Zamboanga Del Norte)
03 October 2025 - 06:54 AM,11.08,124.14,004,2.1,018km N 77° E of City Of Bogo (Cebu)
03 October 2025 - 06:39 AM,11.13,124.18,023,1.5,024km N 68° E of City Of Bogo (Cebu)
03 October 2025 - 06:30 AM,11.17,124.09,032,1.4,019km N 42° E of City Of Bogo (Cebu)
03 October 2025 - 06:27 AM,11.14,124.10,005,3.1,017km N 52° E of City Of Bogo (Cebu)
03 October 2025 - 06:24 AM,18.92,120.97,003,1.8,032km S 50° W of Dalupiri Island (Calayan) (Cagayan)
03 October 2025 - 06:05 AM,11.02,124.11,031,2.6,014km S 78° E of City Of Bogo (Cebu)
03 October 2025 - 06:04 AM,11.10,123.94,005,2.3,007km N 41° W of City Of Bogo (Cebu)
03 October 2025 - 05:59 AM,11.00,124.04,005,4.2,009km S 51° E of City Of Bogo (Cebu)
03 October 2025 - 05:59 AM,11.09,124.04,005,1.8,008km N 56° E of City Of Bogo (Cebu)
03 October 2025 - 05:53 AM,11.08,124.05,004,2.8,009km N 62° E of City Of Bogo (Cebu)
03 October 2025 - 05:52 AM,11.09,124.04,018,1.3,008km N 49° E of City Of Bogo (Cebu)
03 October 2025 - 05:49 AM,10.89,123.92,002,2.5,019km S 21° W of City Of Bogo (Cebu)
03 October 2025 - 05:46 AM,11.13,124.13,011,1.5,019km N 62° E of City Of Bogo (Cebu)
03 October 2025 - 05:42 AM,11.16,124.04,033,1.4,014km N 29° E of City Of Bogo (Cebu)
03 October 2025 - 05:39 AM,11.11,124.14,010,5.1,019km N 68° E of City Of Bogo (Cebu)
03 October 2025 - 05:28 AM,10.93,123.93,001,1.6,014km S 24° W of City Of Bogo (Cebu)
03 October 2025 - 05:23 AM,11.13,124.16,007,3.7,022km N 66° E of City Of Bogo (Cebu)
03 October 2025 - 05:21 AM,15.69,122.07,003,3.0,051km S 13° E of Dinalungan (Aurora)
03 October 2025 - 05:19 AM,08.27,126.59,033,2.3,030km S 69° E of Hinatuan (Surigao Del Sur)
03 October 2025 - 05:18 AM,10.93,123.90,002,2.0,017km S 33° W of City Of Bogo (Cebu)
03 October 2025 - 05:15 AM,11.05,124.00,003,1.8,003km N 76° E of City Of Bogo (Cebu)
03 October 2025 - 05:14 AM,11.04,124.04,002,2.0,006km S 79° E of City Of Bogo (Cebu)
03 October 2025 - 05:11 AM,11.15,124.12,005,2.6,019km N 55° E of City Of Bogo (Cebu)
03 October 2025 - 05:00 AM,11.03,124.13,033,1.1,017km S 84° E of City Of Bogo (Cebu)
03 October 2025 - 04:54 AM,10.76,124.04,001,2.0,033km S 11° E of City Of Bogo (Cebu)
03 October 2025 - 04:53 AM,17.77,120.67,029,1.5,006km N 34° W of Lagayan (Abra)
03 October 2025 - 04:50 AM,11.11,124.20,022,2.7,025km N 73° E of City Of Bogo (Cebu)
03 October 2025 - 04:50 AM,10.95,123.97,007,1.4,011km S 06° W of City Of Bogo (Cebu)
03 October 2025 - 04:49 AM,11.11,124.04,022,1.5,010km N 43° E of City Of Bogo (Cebu)
03 October 2025 - 04:47 AM,10.98,124.08,018,2.3,013km S 57° E of City Of Bogo (Cebu)
03 October 2025 - 04:36 AM,10.93,123.83,001,1.6,021km S 52° W of City Of Bogo (Cebu)
03 October 2025 - 04:31 AM,10.99,124.12,024,2.4,016km S 69° E of City Of Bogo (Cebu)
03 October 2025 - 04:29 AM,11.09,124.14,034,1.8,018km N 76° E of City Of Bogo (Cebu)
03 October 2025 - 04:27 AM,11.02,124.01,001,2.4,005km S 49° E of City Of Bogo (Cebu)
03 October 2025 - 04:24 AM,11.02,123.76,009,2.1,024km S 83° W of City Of Bogo (Cebu)
03 October 2025 - 04:22 AM,10.94,123.91,001,2.3,013km S 34° W of City Of Bogo (Cebu)
03 October 2025 - 04:20 AM,10.97,124.00,026,1.4,009km S 15° E of City Of Bogo (Cebu)
03 October 2025 - 04:17 AM,11.10,123.99,007,2.3,006km N 14° E of City Of Bogo (Cebu)
03 October 2025 - 04:16 AM,11.15,123.98,027,1.5,012km N 01° W of City Of Bogo (Cebu)
03 October 2025 - 04:12 AM,11.18,123.90,008,3.7,017km N 31° W of City Of Bogo (Cebu)
03 October 2025 - 04:10 AM,11.13,123.92,028,2.8,011km N 39° W of City Of Bogo (Cebu)
03 October 2025 - 04:00 AM,11.11,124.02,019,1.1,009km N 35° E of City Of Bogo (Cebu)
03 October 2025 - 03:57 AM,11.11,124.07,024,1.4,012km N 57° E of City Of Bogo (Cebu)
03 October 2025 - 03:55 AM,10.97,124.10,033,1.6,015km S 59° E of City Of Bogo (Cebu)
03 October 2025 - 03:50 AM,11.18,124.06,006,2.5,017km N 32° E of City Of Bogo (Cebu)
03 October 2025 - 03:42 AM,11.02,123.94,005,3.6,006km S 56° W of City Of Bogo (Cebu)
03 October 2025 - 03:39 AM,11.30,124.17,015,1.9,035km N 38° E of City Of Bogo (Cebu)
03 October 2025 - 03:35 AM,11.28,124.20,005,1.9,031km N 57° E of Medellin (Cebu)
03 October 2025 - 03:34 AM,11.15,124.02,033,2.4,010km N 17° E of City Of Bogo (Cebu)
03 October 2025 - 03:31 AM,15.74,121.97,013,3.1,044km S 87° E of Baler (Aurora)
03 October 2025 - 03:29 AM,10.98,123.99,031,1.6,007km S 13° E of City Of Bogo (Cebu)
03 October 2025 - 03:18 AM,11.13,124.09,033,1.3,015km N 54° E of City Of Bogo (Cebu)
03 October 2025 - 03:17 AM,11.16,123.95,008,1.2,013km N 14° W of City Of Bogo (Cebu)
03 October 2025 - 03:16 AM,11.03,123.94,005,2.8,005km S 72° W of City Of Bogo (Cebu)
03 October 2025 - 03:14 AM,11.09,124.09,009,1.9,013km N 70° E of City Of Bogo (Cebu)
03 October 2025 - 03:12 AM,11.24,124.18,012,2.6,031km N 46° E of City Of Bogo (Cebu)
03 October 2025 - 03:06 AM,11.01,124.00,005,2.4,005km S 26° E of City Of Bogo (Cebu)
03 October 2025 - 03:06 AM,11.15,124.14,004,1.8,023km N 63° E of City Of Bogo (Cebu)
03 October 2025 - 03:01 AM,11.13,124.21,034,1.5,027km N 69° E of City Of Bogo (Cebu)
03 October 2025 - 02:52 AM,11.12,124.20,001,2.0,025km N 70° E of City Of Bogo (Cebu)
03 October 2025 - 02:49 AM,11.05,124.04,019,1.7,006km N 85° E of City Of Bogo (Cebu)
03 October 2025 - 02:48 AM,10.96,123.94,001,1.7,010km S 22° W of City Of Bogo (Cebu)
03 October 2025 - 02:47 AM,11.10,124.04,017,1.2,009km N 50° E of City Of Bogo (Cebu)
03 October 2025 - 02:46 AM,10.98,123.96,005,2.4,008km S 16° W of City Of Bogo (Cebu)
03 October 2025 - 02:45 AM,11.01,123.86,015,1.7,014km S 72° W of City Of Bogo (Cebu)
03 October 2025 - 02:38 AM,06.88,126.07,029,2.1,006km N 16° W of San Isidro (Davao Oriental)
03 October 2025 - 02:28 AM,11.01,124.04,006,2.1,007km S 59° E of City Of Bogo (Cebu)
03 October 2025 - 02:26 AM,11.06,124.09,017,2.2,012km N 85° E of City Of Bogo (Cebu)
03 October 2025 - 02:25 AM,11.03,124.03,033,1.4,005km S 71° E of City Of Bogo (Cebu)
03 October 2025 - 02:24 AM,11.04,124.00,031,1.8,002km S 64° E of City Of Bogo (Cebu)
03 October 2025 - 02:21 AM,11.03,124.03,001,1.4,006km S 77° E of City Of Bogo (Cebu)
03 October 2025 - 02:06 AM,10.91,123.94,005,2.4,016km S 14° W of City Of Bogo (Cebu)
03 October 2025 - 02:03 AM,11.04,124.12,002,3.4,016km S 89° E of City Of Bogo (Cebu)
03 October 2025 - 02:00 AM,11.06,124.15,011,2.0,019km N 86° E of City Of Bogo (Cebu)
03 October 2025 - 01:56 AM,11.08,124.00,019,1.8,004km N 29° E of City Of Bogo (Cebu)
03 October 2025 - 01:54 AM,13.24,122.14,001,1.6,012km S 32° E of Torrijos (Marinduque)
03 October 2025 - 01:54 AM,11.13,124.01,025,1.2,009km N 19° E of City Of Bogo (Cebu)
03 October 2025 - 01:47 AM,10.96,123.76,005,3.8,026km S 68° W of City Of Bogo (Cebu)
03 October 2025 - 01:40 AM,10.97,123.90,001,2.1,012km S 45° W of City Of Bogo (Cebu)
03 October 2025 - 01:42 AM,11.16,124.11,033,1.7,020km N 49° E of City Of Bogo (Cebu)
03 October 2025 - 01:40 AM,11.14,123.99,027,1.5,010km N 09° E of City Of Bogo (Cebu)
03 October 2025 - 01:38 AM,11.15,123.98,007,1.7,012km N 01° W of City Of Bogo (Cebu)
03 October 2025 - 01:36 AM,11.12,123.99,005,2.2,008km N 11° E of City Of Bogo (Cebu)
03 October 2025 - 01:24 AM,11.22,123.97,009,2.5,020km N 02° W of City Of Bogo (Cebu)
03 October 2025 - 01:20 AM,10.95,124.01,019,3.0,011km S 15° E of City Of Bogo (Cebu)
03 October 2025 - 01:13 AM,10.89,123.94,001,1.8,017km S 13° W of City Of Bogo (Cebu)
03 October 2025 - 01:10 AM,11.11,124.08,004,2.5,013km N 58° E of City Of Bogo (Cebu)
03 October 2025 - 01:09 AM,11.02,123.87,029,1.7,012km S 76° W of City Of Bogo (Cebu)
03 October 2025 - 01:04 AM,10.97,123.78,009,2.8,024km S 68° W of City Of Bogo (Cebu)
03 October 2025 - 01:00 AM,10.87,124.08,012,2.2,023km S 28° E of City Of Bogo (Cebu)
03 October 2025 - 12:57 AM,11.03,123.98,036,1.2,002km S 14° E of City Of Bogo (Cebu)
03 October 2025 - 12:54 AM,11.34,124.19,005,2.1,034km N 47° E of Medellin (Cebu)
03 October 2025 - 12:52 AM,11.07,124.08,033,1.4,012km N 76° E of City Of Bogo (Cebu)
03 October 2025 - 12:51 AM,11.10,124.04,019,1.5,008km N 47° E of City Of Bogo (Cebu)
03 October 2025 - 12:48 AM,10.96,123.92,004,3.4,012km S 33° W of City Of Bogo (Cebu)
03 October 2025 - 12:47 AM,11.09,124.04,020,2.5,009km N 55° E of City Of Bogo (Cebu)
03 October 2025 - 12:41 AM,10.94,123.91,005,2.6,014km S 31° W of City Of Bogo (Cebu)
03 October 2025 - 12:40 AM,11.08,124.03,010,2.4,007km N 51° E of City Of Bogo (Cebu)
03 October 2025 - 12:38 AM,11.06,124.05,004,2.3,007km N 85° E of City Of Bogo (Cebu)
03 October 2025 - 12:30 AM,11.15,124.08,011,2.0,016km N 44° E of City Of Bogo (Cebu)
03 October 2025 - 12:21 AM,11.16,124.19,004,2.1,025km N 62° E of City of Bogo (Cebu)
03 October 2025 - 12:20 AM,11.29,124.05,012,1.8,028km N 15° E of City Of Bogo (Cebu)
03 October 2025 - 12:17 AM,11.13,124.00,029,1.5,010km N 16° E of City Of Bogo (Cebu)
03 October 2025 - 12:16 AM,10.94,123.92,001,2.0,013km S 28° W of City Of Bogo (Cebu)
03 October 2025 - 12:07 AM,11.01,124.00,011,4.2,005km S 32° E of City Of Bogo (Cebu)
03 October 2025 - 12:05 AM,11.19,124.12,031,1.5,022km N 44° E of City Of Bogo (Cebu)
03 October 2025 - 12:01 AM,11.17,123.99,014,2.3,014km N 06° E of City Of Bogo (Cebu)
02 October 2025 - 11:56 PM,10.93,123.96,005,3.3,013km S 07° W of City Of Bogo (Cebu)
02 October 2025 - 11:55 PM,11.16,123.99,009,2.0,005km N 45° E of Medellin (Cebu)
02 October 2025 - 11:49 PM,11.15,123.99,025,1.3,011km N 06° E of City Of Bogo (Cebu)
02 October 2025 - 11:47 PM,11.12,124.01,023,1.4,009km N 20° E of City Of Bogo (Cebu)
02 October 2025 - 11:41 PM,11.01,124.13,005,2.5,017km S 75° E of City Of Bogo (Cebu)
02 October 2025 - 11:40 PM,10.93,123.93,005,2.0,013km S 23° W of City Of Bogo (Cebu)
02 October 2025 - 11:38 PM,10.95,123.95,005,2.4,009km N 80° W of Tabogon (Cebu)
02 October 2025 - 11:37 PM,11.09,124.05,019,1.8,009km N 58° E of City Of Bogo (Cebu)
02 October 2025 - 11:34 PM,11.19,124.17,007,2.8,026km N 51° E of City Of Bogo (Cebu)
02 October 2025 - 11:31 PM,10.90,123.94,005,2.9,018km S 15° W of City Of Bogo (Cebu)
02 October 2025 - 11:26 PM,11.11,124.03,018,2.1,009km N 42° E of City Of Bogo (Cebu)
02 October 2025 - 11:22 PM,11.15,123.99,017,1.3,011km N 03° E of City Of Bogo (Cebu)
02 October 2025 - 11:21 PM,10.97,123.92,006,2.3,012km S 39° W of City Of Bogo (Cebu)
02 October 2025 - 11:17 PM,11.13,124.11,025,1.7,017km N 57° E of City Of Bogo (Cebu)
02 October 2025 - 11:16 PM,11.02,124.07,038,1.3,010km S 75° E of City Of Bogo (Cebu)
02 October 2025 - 11:14 PM,11.14,124.18,008,2.6,024km N 65° E of City Of Bogo (Cebu)
02 October 2025 - 11:12 PM,10.87,124.02,025,1.4,020km S 13° E of City Of Bogo (Cebu)
02 October 2025 - 11:06 PM,11.33,124.19,011,1.9,034km N 48° E of Medellin (Cebu)
02 October 2025 - 11:03 PM,16.12,122.10,014,2.4,016km S 83° E of Dinalungan (Aurora)
02 October 2025 - 11:01 PM,11.24,124.22,004,1.5,034km N 51° E of City Of Bogo (Cebu)
02 October 2025 - 10:49 PM,11.11,123.98,005,3.0,007km N 02° E of City Of Bogo (Cebu)
02 October 2025 - 10:48 PM,11.24,124.10,032,2.8,024km N 31° E of City Of Bogo (Cebu)
02 October 2025 - 10:47 PM,11.14,124.00,024,1.8,010km N 10° E of City Of Bogo (Cebu)
02 October 2025 - 10:46 PM,11.11,124.09,032,1.2,014km N 59° E of City Of Bogo (Cebu)
02 October 2025 - 10:45 PM,10.97,124.05,025,1.6,012km S 54° E of City Of Bogo (Cebu)
02 October 2025 - 10:44 PM,11.05,123.83,026,1.6,016km N 88° W of City Of Bogo (Cebu)
02 October 2025 - 10:39 PM,11.16,124.00,025,2.0,005km N 46° E of Medellin (Cebu)
02 October 2025 - 10:37 PM,11.07,124.05,016,1.6,009km N 72° E of City Of Bogo (Cebu)
02 October 2025 - 10:33 PM,10.93,123.98,008,2.4,013km S 01° W of City Of Bogo (Cebu)
02 October 2025 - 10:32 PM,11.10,124.09,033,1.8,013km N 65° E of City Of Bogo (Cebu)
02 October 2025 - 10:27 PM,11.05,124.04,002,3.2,007km N 85° E of City Of Bogo (Cebu)
02 October 2025 - 10:26 PM,10.98,124.02,031,2.4,008km S 34° E of City Of Bogo (Cebu)
02 October 2025 - 10:24 PM,11.15,123.98,021,1.5,012km N 03° E of City Of Bogo (Cebu)
02 October 2025 - 10:20 PM,10.84,123.88,005,3.3,025km S 26° W of City Of Bogo (Cebu)
02 October 2025 - 10:11 PM,11.09,124.11,007,1.5,010km S 68° E of City Of Bogo (Cebu)
02 October 2025 - 09:56 PM,11.14,123.97,009,1.3,010km N 07° W of City Of Bogo (Cebu)
02 October 2025 - 09:55 PM,11.24,124.18,005,2.1,031km N 47° E of City Of Bogo (Cebu)
02 October 2025 - 09:49 PM,10.89,123.92,009,2.2,019km S 22° W of City Of Bogo (Cebu)
02 October 2025 - 09:44 PM,11.13,124.00,026,1.8,009km N 17° E of City Of Bogo (Cebu)
02 October 2025 - 09:37 PM,11.00,123.98,001,1.7,006km S 04° E of City Of Bogo (Cebu)
02 October 2025 - 09:31 PM,10.86,123.93,005,2.5,021km S 15° W of City Of Bogo (Cebu)
02 October 2025 - 09:30 PM,10.96,124.01,027,1.5,010km S 20° E of City Of Bogo (Cebu)
02 October 2025 - 09:26 PM,10.77,124.02,021,2.1,031km S 08° E of City Of Bogo (Cebu)
02 October 2025 - 09:14 PM,11.32,124.05,035,1.4,032km N 15° E of City Of Bogo (Cebu)
02 October 2025 - 08:59 PM,11.10,124.09,003,1.9,014km N 64° E of City Of Bogo (Cebu)
02 October 2025 - 08:57 PM,11.02,124.04,012,2.5,007km S 70° E of City Of Bogo (Cebu)
02 October 2025 - 08:51 PM,11.04,124.00,006,2.8,002km S 79° E of City Of Bogo (Cebu)
02 October 2025 - 08:49 PM,11.28,124.11,003,2.8,030km N 29° E of City Of Bogo (Cebu)
02 October 2025 - 08:45 PM,11.11,123.94,005,2.9,008km N 35° W of City Of Bogo (Cebu)
02 October 2025 - 08:41 PM,11.17,124.05,028,2.0,015km N 30° E of City Of Bogo (Cebu)
02 October 2025 - 08:40 PM,11.07,124.08,033,1.8,011km N 77° E of City Of Bogo (Cebu)
02 October 2025 - 08:33 PM,11.16,123.98,030,2.1,013km N 02° E of City Of Bogo (Cebu)
02 October 2025 - 08:27 PM,10.98,124.04,001,2.2,005km N 10° E of Tabogon (Cebu)
02 October 2025 - 08:25 PM,10.96,124.12,034,2.4,019km S 58° E of City Of Bogo (Cebu)
02 October 2025 - 08:23 PM,10.87,123.90,001,1.8,021km S 24° W of City Of Bogo (Cebu)
02 October 2025 - 08:20 PM,10.96,123.89,010,2.1,013km S 44° W of City Of Bogo (Cebu)
02 October 2025 - 08:18 PM,10.91,123.89,005,3.4,018km S 35° W of City Of Bogo (Cebu)
02 October 2025 - 08:15 PM,11.14,124.11,027,2.0,018km N 53° E of City Of Bogo (Cebu)
02 October 2025 - 08:12 PM,11.20,124.10,033,2.8,021km N 39° E of City Of Bogo (Cebu)
02 October 2025 - 08:11 PM,11.08,124.02,029,2.7,006km N 49° E of City Of Bogo (Cebu)
02 October 2025 - 08:05 PM,10.99,123.75,004,2.9,026km S 76° W of City Of Bogo (Cebu)
02 October 2025 - 08:05 PM,10.98,123.79,018,2.0,022km S 70° W of City Of Bogo (Cebu)
02 October 2025 - 07:56 PM,11.10,124.12,008,2.7,017km N 68° E of City Of Bogo (Cebu)
02 October 2025 - 07:55 PM,10.92,123.88,001,2.5,018km S 39° W of City Of Bogo (Cebu)
02 October 2025 - 07:51 PM,10.89,123.89,001,2.6,020km S 28° W of City Of Bogo (Cebu)
02 October 2025 - 07:47 PM,13.69,120.62,122,1.8,016km S 07° W of Calatagan (Batangas)
02 October 2025 - 07:46 PM,10.99,124.01,005,3.1,007km S 26° E of City Of Bogo (Cebu)
02 October 2025 - 07:26 PM,10.10,126.21,016,2.2,017km N 58° E of Burgos (Surigao Del Norte)
02 October 2025 - 07:19 PM,11.10,124.04,019,2.0,009km N 49° E of City Of Bogo (Cebu)
02 October 2025 - 07:15 PM,10.98,124.04,023,1.5,010km S 44° E of City Of Bogo (Cebu)
02 October 2025 - 07:12 PM,11.12,124.05,018,1.3,011km N 46° E of City Of Bogo (Cebu)
02 October 2025 - 07:12 PM,14.09,120.33,028,1.8,032km N 87° W of Nasugbu (Batangas)
02 October 2025 - 07:09 PM,11.13,124.13,006,2.3,019km N 61° E of City of Bogo (Cebu)
02 October 2025 - 07:06 PM,11.14,124.26,004,2.1,033km N 72° E of City Of Bogo (Cebu)
02 October 2025 - 06:59 PM,11.17,124.18,009,1.8,026km N 58° E of City Of Bogo (Cebu)
02 October 2025 - 06:50 PM,11.09,124.07,009,1.6,011km N 62° E of City Of Bogo (Cebu)
02 October 2025 - 06:37 PM,11.16,124.13,006,2.1,021km N 53° E of City Of Bogo (Cebu)
02 October 2025 - 06:34 PM,11.18,123.98,030,1.7,014km N 01° E of City Of Bogo (Cebu)
02 October 2025 - 06:33 PM,11.14,124.06,018,1.9,014km N 38° E of City Of Bogo (Cebu)
02 October 2025 - 06:31 PM,11.05,124.10,035,1.5,013km N 89° E of City Of Bogo (Cebu)
02 October 2025 - 06:27 PM,11.07,124.04,005,3.7,007km N 67° E of City Of Bogo (Cebu)
02 October 2025 - 06:23 PM,11.09,124.05,020,1.2,009km N 55° E of City Of Bogo (Cebu)
02 October 2025 - 06:21 PM,11.11,124.10,005,4.4,015km N 63° E of City Of Bogo (Cebu)
02 October 2025 - 06:21 PM,11.06,124.04,012,1.5,007km N 79° E of City Of Bogo (Cebu)
02 October 2025 - 06:19 PM,11.05,124.04,032,2.1,007km N 87° E of City Of Bogo (Cebu)
02 October 2025 - 06:14 PM,11.16,123.96,026,1.5,013km N 07° W of City Of Bogo (Cebu)
02 October 2025 - 06:14 PM,11.14,123.99,024,1.3,011km N 08° E of City Of Bogo (Cebu)
02 October 2025 - 06:13 PM,13.90,120.48,070,1.9,018km N 68° W of Calatagan (Batangas)
02 October 2025 - 06:06 PM,11.08,124.05,019,1.6,009km N 62° E of City Of Bogo (Cebu)
02 October 2025 - 06:02 PM,11.07,123.97,033,1.5,003km N 17° W of City Of Bogo (Cebu)
02 October 2025 - 06:00 PM,10.91,124.00,022,1.8,015km S 07° E of City Of Bogo (Cebu)
02 October 2025 - 05:58 PM,11.10,124.13,005,2.4,017km N 69° E of City Of Bogo (Cebu)
02 October 2025 - 05:56 PM,11.11,123.91,001,2.8,010km N 44° W of City Of Bogo (Cebu)
02 October 2025 - 05:44 PM,11.23,124.22,006,2.2,033km N 52° E of City Of Bogo (Cebu)
02 October 2025 - 05:40 PM,10.93,124.01,025,2.1,014km S 12° E of City Of Bogo (Cebu)
02 October 2025 - 05:19 PM,10.93,123.95,005,2.3,013km S 16° W of City Of Bogo (Cebu)
02 October 2025 - 05:14 PM,10.87,123.93,004,2.0,020km S 16° W of City Of Bogo (Cebu)
02 October 2025 - 05:03 PM,11.18,124.04,028,2.3,017km N 24° E of City Of Bogo (Cebu)
02 October 2025 - 04:58 PM,11.27,124.11,027,1.9,028km N 30° E of City Of Bogo (Cebu)
02 October 2025 - 04:56 PM,11.18,124.17,005,3.1,025km N 56° E of City Of Bogo (Cebu)
02 October 2025 - 04:51 PM,11.00,124.09,013,2.4,013km S 67° E of City Of Bogo (Cebu)
02 October 2025 - 04:50 PM,11.13,124.15,008,1.9,021km N 64° E of City Of Bogo (Cebu)
02 October 2025 - 04:48 PM,11.08,124.15,032,1.8,019km N 80° E of City Of Bogo (Cebu)
02 October 2025 - 04:48 PM,11.12,124.06,021,1.4,012km N 50° E of City Of Bogo (Cebu)
02 October 2025 - 04:38 PM,11.02,124.17,007,2.2,021km S 81° E of City Of Bogo (Cebu)
02 October 2025 - 04:36 PM,11.02,124.04,012,2.7,007km S 67° E of City Of Bogo (Cebu)
02 October 2025 - 04:35 PM,11.10,123.97,045,1.7,006km N 06° W of City Of Bogo (Cebu)
02 October 2025 - 04:31 PM,11.16,124.08,028,2.2,017km N 42° E of City Of Bogo (Cebu)
02 October 2025 - 04:26 PM,11.16,124.02,031,1.4,014km N 20° E of City Of Bogo (Cebu)
02 October 2025 - 04:21 PM,10.90,123.94,007,2.2,017km S 15° W of City Of Bogo (Cebu)
02 October 2025 - 04:18 PM,11.14,124.14,009,2.2,021km N 60° E of City Of Bogo (Cebu)
02 October 2025 - 04:17 PM,11.09,123.96,007,2.5,005km N 23° W of City Of Bogo (Cebu)
02 October 2025 - 04:15 PM,10.91,123.87,007,3.0,019km S 40° W of City Of Bogo (Cebu)
02 October 2025 - 04:06 PM,20.00,121.22,014,3.9,077km S 62° W of Sabtang (Batanes)
02 October 2025 - 04:05 PM,10.99,123.84,028,2.2,017km S 66° W of City Of Bogo (Cebu)
02 October 2025 - 04:00 PM,10.98,123.93,033,1.5,009km S 38° W of City Of Bogo (Cebu)
02 October 2025 - 03:46 PM,11.07,124.25,006,2.2,029km N 85° E of City Of Bogo (Cebu)
02 October 2025 - 03:39 PM,11.12,124.01,020,1.9,009km N 21° E of City Of Bogo (Cebu)
02 October 2025 - 03:35 PM,11.03,124.06,006,2.9,009km S 77° E of City Of Bogo (Cebu)
02 October 2025 - 03:26 PM,11.01,123.98,032,2.1,004km S 03° E of City Of Bogo (Cebu)
02 October 2025 - 03:24 PM,10.98,123.97,031,1.6,007km S 06° W of City Of Bogo (Cebu)
02 October 2025 - 03:22 PM,11.24,124.12,009,1.9,026km N 36° E of City Of Bogo (Cebu)
02 October 2025 - 03:18 PM,10.96,123.91,030,2.9,012km S 38° W of City Of Bogo (Cebu)
02 October 2025 - 03:16 PM,11.14,124.10,029,1.4,017km N 53° E of City Of Bogo (Cebu)
02 October 2025 - 03:14 PM,10.99,123.88,032,1.7,013km S 60° W of City Of Bogo (Cebu)
02 October 2025 - 03:09 PM,10.85,123.93,006,2.9,022km S 13° W of City Of Bogo (Cebu)
02 October 2025 - 03:06 PM,11.12,124.16,010,1.9,021km N 68° E of City Of Bogo (Cebu)
02 October 2025 - 03:05 PM,11.37,124.09,021,2.2,038km N 18° E of City Of Bogo (Cebu)
02 October 2025 - 02:58 PM,11.17,124.17,009,1.9,025km N 58° E of City Of Bogo (Cebu)
02 October 2025 - 02:55 PM,11.08,123.99,023,2.6,004km N 15° E of City Of Bogo (Cebu)
02 October 2025 - 02:52 PM,11.11,124.15,011,2.0,020km N 68° E of City Of Bogo (Cebu)
02 October 2025 - 02:51 PM,11.00,123.93,001,2.6,008km S 49° W of City Of Bogo (Cebu)
02 October 2025 - 02:45 PM,11.13,124.02,007,2.0,010km N 24° E of City Of Bogo (Cebu)
02 October 2025 - 02:39 PM,13.94,120.55,080,1.3,015km N 39° W of Calatagan (Batangas)
02 October 2025 - 02:34 PM,11.14,124.10,033,1.8,017km N 53° E of City Of Bogo (Cebu)
02 October 2025 - 02:30 PM,11.16,124.10,019,2.1,018km N 45° E of City Of Bogo (Cebu)
02 October 2025 - 02:23 PM,11.12,124.09,006,2.6,015km N 56° E of City Of Bogo (Cebu)
02 October 2025 - 02:14 PM,11.01,124.27,016,2.0,032km S 83° E of City Of Bogo (Cebu)
02 October 2025 - 02:08 PM,08.29,127.00,014,2.4,071km N 67° E of Lingig (Surigao Del Sur)
02 October 2025 - 01:50 PM,10.92,123.88,004,3.3,018km S 38° W of City Of Bogo (Cebu)
02 October 2025 - 01:48 PM,10.88,123.90,006,1.8,021km S 24° W of City Of Bogo (Cebu)
02 October 2025 - 01:44 PM,11.00,123.98,022,1.8,005km S 03° W of City Of Bogo (Cebu)
02 October 2025 - 01:40 PM,10.81,123.94,024,1.8,027km S 10° W of City Of Bogo (Cebu)
02 October 2025 - 01:29 PM,11.03,124.01,042,1.9,004km S 62° E of City Of Bogo (Cebu)
02 October 2025 - 01:26 PM,11.00,124.06,018,2.3,010km S 58° E of City Of Bogo (Cebu)
02 October 2025 - 01:11 PM,10.95,123.91,007,3.0,013km S 33° W of City Of Bogo (Cebu)
02 October 2025 - 01:04 PM,11.22,124.17,007,1.6,029km N 48° E of City Of Bogo (Cebu)
02 October 2025 - 01:03 PM,11.14,124.02,029,1.2,011km N 24° E of City Of Bogo (Cebu)
02 October 2025 - 12:58 PM,11.08,123.94,006,3.5,005km N 49° W of City Of Bogo (Cebu)
02 October 2025 - 12:57 PM,11.14,124.14,032,1.2,020km N 59° E of City Of Bogo (Cebu)
02 October 2025 - 12:54 PM,10.95,123.98,008,3.2,010km South of City Of Bogo (Cebu)
02 October 2025 - 12:49 PM,10.99,124.03,034,1.8,008km S 44° E of City Of Bogo (Cebu)
02 October 2025 - 12:43 PM,10.96,123.92,009,3.7,011km S 34° W of City Of Bogo (Cebu)
02 October 2025 - 12:40 PM,11.04,124.22,024,2.3,026km S 88° E of City Of Bogo (Cebu)
02 October 2025 - 12:35 PM,11.01,124.09,023,3.1,013km S 70° E of City Of Bogo (Cebu)
02 October 2025 - 12:29 PM,11.04,124.09,009,2.1,012km S 86° E of City Of Bogo (Cebu)
02 October 2025 - 12:28 PM,11.18,124.13,011,2.1,022km N 47° E of City Of Bogo (Cebu)
02 October 2025 - 12:22 PM,10.95,123.99,001,2.3,011km S 08° E of City Of Bogo (Cebu)
02 October 2025 - 12:19 PM,10.95,123.84,018,2.4,019km S 54° W of City Of Bogo (Cebu)
02 October 2025 - 12:07 PM,10.95,123.99,003,1.8,011km S 04° E of City Of Bogo (Cebu)
02 October 2025 - 12:01 PM,10.99,123.99,004,2.9,006km S 08° E of City Of Bogo (Cebu)
02 October 2025 - 12:00 PM,11.04,124.03,026,2.6,006km S 79° E of City Of Bogo (Cebu)
02 October 2025 - 11:58 AM,18.72,121.00,003,2.3,015km N 34° W of Claveria (Cagayan)
02 October 2025 - 11:50 AM,10.92,123.95,004,3.4,015km S 16° W of City Of Bogo (Cebu)
02 October 2025 - 11:43 AM,10.99,124.01,034,2.1,006km S 27° E of City Of Bogo (Cebu)
02 October 2025 - 11:34 AM,11.08,124.04,024,1.3,008km N 61° E of City Of Bogo (Cebu)
02 October 2025 - 11:33 AM,11.01,123.89,018,2.6,011km S 71° W of City Of Bogo (Cebu)
02 October 2025 - 11:25 AM,11.00,123.99,029,1.7,006km S 08° E of City Of Bogo (Cebu)
02 October 2025 - 11:23 AM,10.88,123.54,020,2.5,006km N 51° E of City Of Escalante (Negros Occidental)
02 October 2025 - 11:20 AM,11.19,124.20,002,1.3,029km N 57° E of City Of Bogo (Cebu)
02 October 2025 - 11:18 AM,10.02,126.17,016,3.8,010km S 89° E of Burgos (Surigao Del Norte)
02 October 2025 - 11:14 AM,10.91,123.95,007,3.3,015km S 11° W of City Of Bogo (Cebu)
02 October 2025 - 11:11 AM,11.08,124.12,031,2.1,015km N 77° E of City Of Bogo (Cebu)
02 October 2025 - 11:09 AM,11.14,124.20,006,2.0,026km N 66° E of City Of Bogo (Cebu)
02 October 2025 - 11:08 AM,10.98,124.05,026,2.4,011km S 43° E of City Of Bogo (Cebu)
02 October 2025 - 11:05 AM,10.99,123.96,005,2.9,007km S 22° W of City Of Bogo (Cebu)
02 October 2025 - 11:01 AM,11.17,124.12,021,2.6,021km N 48° E of City Of Bogo (Cebu)
02 October 2025 - 10:56 AM,15.07,119.63,032,1.7,047km S 77° W of Cabangan (Zambales)
02 October 2025 - 10:54 AM,11.02,124.24,024,2.1,028km S 85° E of City Of Bogo (Cebu)
02 October 2025 - 10:51 AM,11.00,123.93,018,2.2,007km S 46° W of City Of Bogo (Cebu)
02 October 2025 - 10:48 AM,11.09,124.16,028,1.7,020km N 76° E of City Of Bogo (Cebu)
02 October 2025 - 10:40 AM,11.14,124.03,021,2.2,012km N 25° E of City Of Bogo (Cebu)
02 October 2025 - 10:37 AM,11.07,124.29,026,1.8,035km N 86° E of City Of Bogo (Cebu)
02 October 2025 - 10:31 AM,11.09,123.99,033,1.9,005km N 17° E of City Of Bogo (Cebu)
02 October 2025 - 10:18 AM,11.19,124.05,031,2.4,017km N 24° E of City Of Bogo (Cebu)
02 October 2025 - 10:25 AM,11.14,123.97,010,2.3,010km N 06° W of City Of Bogo (Cebu)
02 October 2025 - 10:20 AM,10.98,123.91,010,2.7,011km S 45° W of City Of Bogo (Cebu)
02 October 2025 - 10:01 AM,11.12,123.86,029,4.5,015km N 58° W of City Of Bogo (Cebu)
02 October 2025 - 10:05 AM,11.05,124.00,013,2.2,002km N 76° E of City Of Bogo (Cebu)
02 October 2025 - 09:59 AM,11.16,123.95,018,1.8,013km N 16° W of City Of Bogo (Cebu)
02 October 2025 - 09:42 AM,13.61,120.57,072,1.8,024km N 27° E of Paluan (Occidental Mindoro)
02 October 2025 - 09:34 AM,10.93,123.89,008,2.5,016km S 38° W of City Of Bogo (Cebu)
02 October 2025 - 09:25 AM,10.91,123.97,032,2.5,016km S 06° W of City Of Bogo (Cebu)
02 October 2025 - 09:31 AM,10.99,123.98,006,4.0,006km S 03° W of City Of Bogo (Cebu)
02 October 2025 - 09:20 AM,11.02,123.89,005,2.9,010km S 70° W of City Of Bogo (Cebu)
02 October 2025 - 09:14 AM,11.01,124.09,025,1.8,013km S 74° E of City Of Bogo (Cebu)
02 October 2025 - 09:12 AM,11.14,124.07,026,2.1,015km N 43° E of City Of Bogo (Cebu)
02 October 2025 - 09:07 AM,11.14,124.00,033,1.7,011km N 12° E of City Of Bogo (Cebu)
02 October 2025 - 09:03 AM,11.19,124.13,002,2.6,023km N 46° E of City Of Bogo (Cebu)
02 October 2025 - 08:54 AM,11.00,124.05,005,3.4,009km S 58° E of City Of Bogo (Cebu)
02 October 2025 - 08:40 AM,10.97,123.93,023,1.3,010km S 31° W of City Of Bogo (Cebu)
02 October 2025 - 08:29 AM,11.22,123.99,013,2.6,019km N 03° E of City Of Bogo (Cebu)
02 October 2025 - 08:27 AM,11.13,124.02,011,2.5,010km N 24° E of City Of Bogo (Cebu)
02 October 2025 - 08:23 AM,11.36,124.37,002,2.2,006km S 36° E of San Isidro (Leyte)
02 October 2025 - 08:14 AM,11.15,124.19,034,1.7,026km N 63° E of City Of Bogo (Cebu)
02 October 2025 - 08:06 AM,11.12,124.17,004,3.4,023km N 69° E of City Of Bogo (Cebu)
02 October 2025 - 07:53 AM,11.10,123.98,019,2.2,006km N 01° E of City Of Bogo (Cebu)
02 October 2025 - 07:52 AM,11.14,123.99,024,1.4,011km N 08° E of City Of Bogo (Cebu)
02 October 2025 - 07:43 AM,11.15,124.09,016,1.6,017km N 45° E of City Of Bogo (Cebu)
02 October 2025 - 07:39 AM,11.05,124.07,003,3.8,009km N 87° E of City Of Bogo (Cebu)
02 October 2025 - 07:35 AM,11.11,124.03,028,2.6,009km N 35° E of City Of Bogo (Cebu)
02 October 2025 - 07:34 AM,13.83,120.54,089,1.8,009km S 88° W of Calatagan (Batangas)
02 October 2025 - 07:31 AM,16.95,119.78,010,3.6,063km N 11° W of Bolinao (Pangasinan)
02 October 2025 - 07:24 AM,10.89,123.97,002,3.6,018km S 04° W of City Of Bogo (Cebu)
02 October 2025 - 07:20 AM,11.11,124.01,029,2.7,008km N 22° E of City Of Bogo (Cebu)
02 October 2025 - 07:13 AM,10.81,123.90,004,1.9,027km S 19° W of City Of Bogo (Cebu)
02 October 2025 - 07:10 AM,10.93,123.91,010,3.6,014km S 30° W of City Of Bogo (Cebu)
02 October 2025 - 07:04 AM,11.00,124.04,010,2.3,009km S 54° E of City Of Bogo (Cebu)
02 October 2025 - 06:56 AM,10.92,123.96,010,3.9,014km S 8° W of City Of Bogo (Cebu)
02 October 2025 - 06:43 AM,11.00,124.07,004,2.8,011km S 63° E of City Of Bogo (Cebu)
02 October 2025 - 06:42 AM,11.11,124.08,009,2.2,013km N 58° E of City Of Bogo (Cebu)
02 October 2025 - 06:33 AM,10.92,123.94,002,2.4,015km S 18° W of City Of Bogo (Cebu)
02 October 2025 - 06:32 AM,11.18,124.04,005,2.2,017km N 23° E of City Of Bogo (Cebu)
02 October 2025 - 06:26 AM,10.90,123.88,002,2.2,020km S 33° W of City Of Bogo (Cebu)
02 October 2025 - 06:14 AM,10.97,124.00,003,2.8,009km S 12° E of City Of Bogo (Cebu)
02 October 2025 - 06:05 AM,10.87,123.90,002,2.8,022km S 25° W of City Of Bogo (Cebu)
02 October 2025 - 06:03 AM,11.28,124.07,030,1.7,028km N 21° E of City Of Bogo (Cebu)
02 October 2025 - 06:03 AM,11.26,124.03,033,1.1,024km N 12° E of City Of Bogo (Cebu)
02 October 2025 - 05:57 AM,10.91,123.90,005,2.9,018km S 28° W of City Of Bogo (Cebu)
02 October 2025 - 05:44 AM,11.21,124.19,007,1.9,029km N 51° E of City Of Bogo (Cebu)
02 October 2025 - 05:42 AM,10.83,123.87,010,3.7,026km S 26° W of City Of Bogo (Cebu)
02 October 2025 - 05:31 AM,10.92,123.90,002,1.5,016km S 32° W of City Of Bogo (Cebu)
02 October 2025 - 05:26 AM,11.14,124.19,008,2.3,025km N 66° E of City Of Bogo (Cebu)
02 October 2025 - 05:23 AM,10.90,123.88,002,2.6,020km S 35° W of City Of Bogo (Cebu)
02 October 2025 - 05:20 AM,10.90,123.92,002,3.1,018km S 23° W of City Of Bogo (Cebu)
02 October 2025 - 05:12 AM,10.92,123.96,006,2.6,015km S 08° W of City Of Bogo (Cebu)
02 October 2025 - 05:11 AM,11.07,124.16,003,1.6,020km N 82° E of City Of Bogo (Cebu)
02 October 2025 - 05:07 AM,11.16,123.97,010,3.1,012km N 05° W of City Of Bogo (Cebu)
02 October 2025 - 05:03 AM,10.90,123.95,002,2.9,018km S 14° W of City Of Bogo (Cebu)
02 October 2025 - 04:55 AM,10.86,124.02,022,2.4,022km S 11° E of City Of Bogo (Cebu)
02 October 2025 - 04:53 AM,11.02,123.98,022,1.7,003km S 02° E of City Of Bogo (Cebu)
02 October 2025 - 04:47 AM,11.14,124.15,008,2.8,021km N 60° E of City Of Bogo (Cebu)
02 October 2025 - 04:44 AM,10.98,124.08,002,1.8,013km S 58° E of City Of Bogo (Cebu)
02 October 2025 - 04:41 AM,10.90,123.93,010,4.2,017km S 18° W of City Of Bogo (Cebu)
02 October 2025 - 04:33 AM,10.89,123.94,002,3.5,018km S 15° W of City Of Bogo (Cebu)
02 October 2025 - 04:26 AM,11.06,123.95,031,1.3,003km N 67° W of City Of Bogo (Cebu)
02 October 2025 - 04:23 AM,10.97,123.94,001,2.8,009km S 27° W of City Of Bogo (Cebu)
02 October 2025 - 04:19 AM,11.12,123.94,003,2.1,009km N 26° W of City Of Bogo (Cebu)
02 October 2025 - 04:19 AM,11.04,124.04,004,1.6,006km S 86° E of City Of Bogo (Cebu)
02 October 2025 - 04:16 AM,11.06,124.07,018,2.4,010km N 79° E of City Of Bogo (Cebu)
02 October 2025 - 04:05 AM,11.10,124.13,007,2.4,018km N 71° E of City Of Bogo (Cebu)
02 October 2025 - 04:01 AM,11.12,124.14,010,3.3,019km N 65° E of City Of Bogo (Cebu)
02 October 2025 - 03:54 AM,10.88,123.94,001,3.0,018km S 12° W of City Of Bogo (Cebu)
02 October 2025 - 03:49 AM,11.11,124.07,005,2.5,012km N 54° E of City Of Bogo (Cebu)
02 October 2025 - 03:48 AM,10.99,124.06,001,2.3,010km S 54° E of City Of Bogo (Cebu)
02 October 2025 - 03:43 AM,11.03,124.00,010,2.9,002km S 50° E of City Of Bogo (Cebu)
02 October 2025 - 03:42 AM,11.10,124.04,013,1.6,009km N 49° E of City Of Bogo (Cebu)
02 October 2025 - 03:39 AM,11.13,123.97,005,2.6,009km N 03° W of City Of Bogo (Cebu)
02 October 2025 - 03:32 AM,11.17,124.18,005,2.0,025km N 58° E of City Of Bogo (Cebu)
02 October 2025 - 03:21 AM,11.18,124.06,032,1.5,017km N 29° E of City Of Bogo (Cebu)
02 October 2025 - 03:17 AM,11.00,124.18,023,2.2,022km S 76° E of City Of Bogo (Cebu)
02 October 2025 - 03:11 AM,11.18,123.99,031,1.5,015km N 04° E of City Of Bogo (Cebu)
02 October 2025 - 03:05 AM,11.13,124.14,005,2.0,020km N 61° E of City Of Bogo (Cebu)
02 October 2025 - 03:03 AM,10.96,124.14,020,1.2,020km S 61° E of City Of Bogo (Cebu)
02 October 2025 - 03:01 AM,11.23,124.09,029,1.5,023km N 30° E of City Of Bogo (Cebu)
02 October 2025 - 02:59 AM,11.17,124.16,007,4.0,024km N 55° E of City Of Bogo (Cebu)
02 October 2025 - 02:45 AM,10.92,123.95,010,3.0,014km S 13° W of City Of Bogo (Cebu)
02 October 2025 - 02:42 AM,11.10,123.96,002,2.3,006km N 16° W of City Of Bogo (Cebu)
02 October 2025 - 02:28 AM,11.18,123.90,020,1.9,017km N 30° W of City Of Bogo (Cebu)
02 October 2025 - 02:27 AM,11.14,124.20,004,2.1,026km N 67° E of City Of Bogo (Cebu)
02 October 2025 - 02:24 AM,11.12,123.94,024,1.8,009km N 29° W of City Of Bogo (Cebu)
02 October 2025 - 02:18 AM,11.06,123.97,007,1.9,002km N 22° W of City Of Bogo (Cebu)
02 October 2025 - 02:07 AM,11.03,123.96,003,2.1,003km S 45° W of City Of Bogo (Cebu)
02 October 2025 - 02:04 AM,10.99,123.93,021,2.0,008km S 45° W of City Of Bogo (Cebu)
02 October 2025 - 02:03 AM,11.13,124.14,004,1.4,020km N 63° E of City Of Bogo (Cebu)
02 October 2025 - 02:01 AM,11.16,124.14,003,2.6,022km N 53° E of City Of Bogo (Cebu)
02 October 2025 - 01:59 AM,11.12,124.19,005,2.9,024km N 71° E of City Of Bogo (Cebu)
02 October 2025 - 01:49 AM,11.17,124.01,029,1.1,014km N 14° E of City Of Bogo (Cebu)
02 October 2025 - 01:45 AM,11.07,124.15,029,2.3,019km N 81° E of City Of Bogo (Cebu)
02 October 2025 - 01:36 AM,11.44,123.37,074,1.7,024km S 85° E of Estancia (Iloilo)
02 October 2025 - 01:35 AM,11.01,123.99,012,1.6,004km S 10° E of City Of Bogo (Cebu)
02 October 2025 - 01:23 AM,10.90,123.92,006,2.9,017km S 22° W of City Of Bogo (Cebu)
02 October 2025 - 01:29 AM,11.13,124.11,003,2.0,017km N 59° E of City Of Bogo (Cebu)
02 October 2025 - 01:28 AM,10.89,123.93,004,2.4,018km S 19° W of City Of Bogo (Cebu)
02 October 2025 - 01:18 AM,10.99,123.95,004,2.3,007km S 31° W of City Of Bogo (Cebu)
02 October 2025 - 01:11 AM,10.97,124.04,022,1.7,011km S 34° E of City Of Bogo (Cebu)
02 October 2025 - 01:05 AM,10.89,123.92,005,2.5,019km S 21° W of City Of Bogo (Cebu)
02 October 2025 - 01:01 AM,10.91,123.90,001,2.4,017km S 30° W of City Of Bogo (Cebu)
02 October 2025 - 12:52 AM,14.12,120.47,114,2.7,018km N 74° W of Nasugbu (Batangas)
02 October 2025 - 12:51 AM,11.12,124.09,001,2.5,014km N 56° E of City Of Bogo (Cebu)
02 October 2025 - 12:50 AM,11.02,123.98,004,1.6,003km S 07° E of City Of Bogo (Cebu)
02 October 2025 - 12:43 AM,10.91,123.97,007,3.6,015km S 05° W of City Of Bogo (Cebu)
02 October 2025 - 12:42 AM,11.09,124.05,011,1.5,009km N 57° E of City Of Bogo (Cebu)
02 October 2025 - 12:38 AM,11.04,124.01,002,2.7,004km S 70° E of City Of Bogo (Cebu)
02 October 2025 - 12:37 AM,11.17,124.10,024,1.9,019km N 43° E of City Of Bogo (Cebu)
02 October 2025 - 12:34 AM,11.00,124.02,005,4.0,006km S 40° E of City Of Bogo (Cebu)
02 October 2025 - 12:21 AM,10.92,123.91,001,2.0,016km S 28° W of City Of Bogo (Cebu)
02 October 2025 - 12:24 AM,10.88,124.02,032,1.5,019km S 14° E of City Of Bogo (Cebu)
02 October 2025 - 12:22 AM,11.13,124.17,004,2.4,023km N 66° E of City Of Bogo (Cebu)
02 October 2025 - 12:18 AM,11.11,124.16,005,3.9,021km N 71° E of City Of Bogo (Cebu)
02 October 2025 - 12:16 AM,11.18,124.03,022,1.6,015km N 21° E of City Of Bogo (Cebu)
02 October 2025 - 12:15 AM,10.88,123.95,001,2.7,019km S 09° W of City Of Bogo (Cebu)
02 October 2025 - 12:13 AM,11.14,124.13,011,2.2,019km N 60° E of City Of Bogo (Cebu)
02 October 2025 - 12:13 AM,11.14,124.13,011,2.2,019km N 60° E of City Of Bogo (Cebu)
02 October 2025 - 12:08 AM,11.07,123.96,004,2.1,003km N 39° W of City Of Bogo (Cebu)
02 October 2025 - 12:07 AM,11.03,123.91,010,1.4,008km S 79° W of City Of Bogo (Cebu)
02 October 2025 - 12:01 AM,13.17,122.17,015,2.3,019km S 28° E of Torrijos (Marinduque)
01 October 2025 - 11:59 PM,10.91,123.97,006,1.9,015km S 03° W of City Of Bogo (Cebu)
01 October 2025 - 11:50 PM,18.75,119.65,012,3.1,109km N 76° W of Burgos (Ilocos Norte)
01 October 2025 - 11:50 PM,11.20,124.25,021,2.0,034km N 61° E of City Of Bogo (Cebu)
01 October 2025 - 11:48 PM,11.12,124.18,011,2.3,024km N 69° E of City Of Bogo (Cebu)
01 October 2025 - 11:47 PM,11.19,124.16,025,2.1,025km N 52° E of City Of Bogo (Cebu)
01 October 2025 - 11:43 PM,11.16,123.93,002,3.7,014km N 26° W of City Of Bogo (Cebu)
01 October 2025 - 11:40 PM,11.10,123.95,005,3.6,007km N 29° W of City Of Bogo (Cebu)
01 October 2025 - 11:40 PM,11.23,124.24,027,1.6,035km N 55° E of City Of Bogo (Cebu)
01 October 2025 - 11:30 PM,10.89,123.98,034,2.4,017km S 01° W of City Of Bogo (Cebu)
01 October 2025 - 11:25 PM,11.09,124.01,007,2.4,006km N 41° E of City Of Bogo (Cebu)
01 October 2025 - 11:19 PM,10.88,123.94,003,2.7,019km S 12° W of City Of Bogo (Cebu)
01 October 2025 - 11:16 PM,10.95,123.99,001,3.3,011km S 07° E of City Of Bogo (Cebu)
01 October 2025 - 11:12 PM,11.17,124.19,004,1.7,026km N 59° E of City Of Bogo (Cebu)
01 October 2025 - 11:11 PM,11.15,124.15,003,2.6,021km N 59° E of City Of Bogo (Cebu)
01 October 2025 - 11:08 PM,11.15,124.15,004,2.7,022km N 59° E of City Of Bogo (Cebu)
01 October 2025 - 11:04 PM,10.91,123.98,025,2.0,015km S 02° W of City Of Bogo (Cebu)
01 October 2025 - 11:03 PM,11.14,124.21,003,1.8,028km N 67° E of City Of Bogo (Cebu)
01 October 2025 - 10:56 PM,11.14,124.14,010,4.2,020km N 59° E of City Of Bogo (Cebu)
01 October 2025 - 10:49 PM,11.25,123.99,033,3.0,022km N 03° E of City Of Bogo (Cebu)
01 October 2025 - 10:46 PM,11.15,124.17,007,5.0,023km N 62° E of City Of Bogo (Cebu)
01 October 2025 - 10:37 PM,11.04,124.15,002,2.0,018km S 87° E of City Of Bogo (Cebu)
01 October 2025 - 10:37 PM,11.14,124.08,008,1.4,015km N 49° E of City Of Bogo (Cebu)
01 October 2025 - 10:36 PM,13.64,120.70,141,2.2,019km S 82° W of Tingloy (Batangas)
01 October 2025 - 10:32 PM,11.10,124.01,012,2.2,007km N 31° E of City Of Bogo (Cebu)
01 October 2025 - 10:31 PM,18.23,120.27,018,2.4,033km N 46° W of Currimao (Ilocos Norte)
01 October 2025 - 10:27 PM,11.10,123.96,007,4.4,006km N 24° W of City Of Bogo (Cebu)
01 October 2025 - 10:20 PM,11.12,123.98,012,1.8,008km N 01° E of City Of Bogo (Cebu)
01 October 2025 - 10:10 PM,11.00,124.03,019,2.2,007km S 43° E of City Of Bogo (Cebu)
01 October 2025 - 10:11 PM,11.14,123.97,009,2.2,010km N 07° W of City Of Bogo (Cebu)
01 October 2025 - 10:13 PM,11.03,124.05,002,3.5,008km S 74° E of City Of Bogo (Cebu)
01 October 2025 - 10:09 PM,11.18,124.16,017,1.4,024km N 53° E of City Of Bogo (Cebu)
01 October 2025 - 10:05 PM,10.98,123.98,002,2.5,007km S 03° W of City Of Bogo (Cebu)
01 October 2025 - 10:03 PM,11.19,124.06,018,1.6,018km N 29° E of City Of Bogo (Cebu)
01 October 2025 - 10:01 PM,10.98,123.95,026,1.5,008km S 20° W of City Of Bogo (Cebu)
01 October 2025 - 09:54 PM,11.26,124.05,009,1.6,025km N 19° E of City Of Bogo (Cebu)
01 October 2025 - 09:48 PM,10.88,124.08,020,1.3,021km S 32° E of City Of Bogo (Cebu)
01 October 2025 - 09:51 PM,11.13,124.00,024,1.3,010km N 16° E of City Of Bogo (Cebu)
01 October 2025 - 09:46 PM,11.04,124.07,003,2.7,010km S 83° E of City Of Bogo (Cebu)
01 October 2025 - 09:39 PM,11.08,124.03,033,1.7,007km N 58° E of City Of Bogo (Cebu)
01 October 2025 - 09:40 PM,11.02,124.02,002,2.2,005km S 55° E of City Of Bogo (Cebu)
01 October 2025 - 09:38 PM,10.93,123.89,005,2.9,016km S 40° W of City Of Bogo (Cebu)
01 October 2025 - 09:36 PM,10.88,123.93,008,2.1,020km S 16° W of City Of Bogo (Cebu)
01 October 2025 - 09:32 PM,10.98,124.04,007,3.3,010km S 40° E of City Of Bogo (Cebu)
01 October 2025 - 09:32 PM,11.09,123.90,020,2.2,010km N 63° W of City Of Bogo (Cebu)
01 October 2025 - 09:21 PM,11.05,124.02,034,1.7,005km N 82° E of City Of Bogo (Cebu)
01 October 2025 - 09:27 PM,10.90,123.97,010,3.5,016km S 3° W of City Of Bogo (Cebu)
01 October 2025 - 09:16 PM,11.23,124.24,003,2.3,035km N 54° E of City Of Bogo (Cebu)
01 October 2025 - 09:11 PM,11.13,124.11,002,2.2,017km N 57° E of City Of Bogo (Cebu)
01 October 2025 - 09:14 PM,11.38,124.13,032,1.4,020km N 45° E of Daanbantayan (Cebu)
01 October 2025 - 09:09 PM,11.41,124.17,062,2.0,019km N 89° W of San Isidro (Leyte)
01 October 2025 - 08:53 PM,10.95,123.97,005,2.1,011km S 06° W of City Of Bogo (Cebu)
01 October 2025 - 09:03 PM,10.82,123.94,010,4.9,025km S 9° W of City Of Bogo (Cebu)
01 October 2025 - 08:47 PM,10.63,124.00,010,3.6,046km S 2° E of City Of Bogo (Cebu)
01 October 2025 - 08:46 PM,10.93,123.99,002,1.5,013km S 07° E of City Of Bogo (Cebu)
01 October 2025 - 08:42 PM,11.20,124.07,033,2.2,020km N 29° E of City Of Bogo (Cebu)
01 October 2025 - 08:39 PM,10.99,123.98,004,2.3,007km S 04° W of City Of Bogo (Cebu)
01 October 2025 - 08:35 PM,10.98,124.02,025,2.4,008km S 30° E of City Of Bogo (Cebu)
01 October 2025 - 08:22 PM,11.16,124.07,034,2.3,016km N 37° E of City Of Bogo (Cebu)
01 October 2025 - 08:19 PM,11.03,123.92,047,1.8,006km S 78° W of City Of Bogo (Cebu)
01 October 2025 - 08:16 PM,10.95,123.90,003,2.8,014km S 37° W of City Of Bogo (Cebu)
01 October 2025 - 08:11 PM,11.01,124.06,004,2.8,009km S 65° E of City Of Bogo (Cebu)
01 October 2025 - 08:07 PM,11.19,124.16,021,2.6,025km N 51° E of City Of Bogo (Cebu)
01 October 2025 - 08:06 PM,10.97,124.05,001,1.4,012km S 43° E of City Of Bogo (Cebu)
01 October 2025 - 08:01 PM,11.02,124.00,002,2.9,003km S 34° E of City Of Bogo (Cebu)
01 October 2025 - 07:58 PM,10.90,124.07,028,2.6,018km S 32° E of City Of Bogo (Cebu)
01 October 2025 - 07:55 PM,11.07,123.96,002,1.8,003km N 37° W of City Of Bogo (Cebu)
01 October 2025 - 07:53 PM,10.85,123.92,001,2.2,023km S 15° W of City Of Bogo (Cebu)
01 October 2025 - 07:47 PM,11.22,124.23,009,1.5,033km N 56° E of City Of Bogo (Cebu)
01 October 2025 - 07:40 PM,10.90,123.91,001,2.6,018km S 24° W of City Of Bogo (Cebu)
01 October 2025 - 07:36 PM,11.04,123.90,060,2.3,009km S 82° W of City Of Bogo (Cebu)
01 October 2025 - 07:32 PM,11.07,124.08,011,2.4,011km N 74° E of City Of Bogo (Cebu)
01 October 2025 - 07:30 PM,11.15,124.25,033,1.0,032km N 69° E of City Of Bogo (Cebu)
01 October 2025 - 07:28 PM,11.14,123.96,047,2.7,011km N 13° W of City Of Bogo (Cebu)
01 October 2025 - 07:22 PM,11.14,124.03,031,2.2,012km N 26° E of City Of Bogo (Cebu)
01 October 2025 - 07:18 PM,11.07,124.00,024,1.4,004km N 47° E of City Of Bogo (Cebu)
01 October 2025 - 07:16 PM,18.44,120.91,007,2.5,002km S 18° E of Adams (Ilocos Norte)
01 October 2025 - 07:12 PM,11.02,124.02,010,3.9,005km S 57° E of City Of Bogo (Cebu)
01 October 2025 - 06:59 PM,10.85,123.91,004,2.1,023km S 19° W of City Of Bogo (Cebu)
01 October 2025 - 06:47 PM,10.93,124.00,006,3.5,013km S 12° E of City Of Bogo (Cebu)
01 October 2025 - 06:43 PM,11.08,124.09,002,3.2,013km N 75° E of City Of Bogo (Cebu)
01 October 2025 - 06:42 PM,11.14,124.21,005,2.1,027km N 69° E of City Of Bogo (Cebu)
01 October 2025 - 06:39 PM,11.13,124.20,002,2.1,026km N 68° E of City Of Bogo (Cebu)
01 October 2025 - 06:38 PM,10.95,123.90,001,2.2,014km S 37° W of City Of Bogo (Cebu)
01 October 2025 - 06:36 PM,11.26,123.99,031,1.1,024km N 02° E of City Of Bogo (Cebu)
01 October 2025 - 06:34 PM,11.35,124.12,033,2.0,037km N 25° E of City Of Bogo (Cebu)
01 October 2025 - 06:23 PM,10.92,123.98,004,2.8,014km S 05° W of City Of Bogo (Cebu)
01 October 2025 - 06:21 PM,11.05,124.08,008,2.1,011km N 87° E of City Of Bogo (Cebu)
01 October 2025 - 06:12 PM,10.96,123.99,001,2.5,010km S 08° E of City Of Bogo (Cebu)
01 October 2025 - 06:04 PM,11.02,123.93,006,3.5,006km S 60° W of City Of Bogo (Cebu)
01 October 2025 - 05:54 PM,11.11,123.95,010,3.8,007km N 24° W of City Of Bogo (Cebu)
01 October 2025 - 05:37 PM,11.05,124.01,012,3.0,003km N 79° E of City Of Bogo (Cebu)
01 October 2025 - 05:35 PM,10.86,123.97,018,3.0,021km S 04° W of City Of Bogo (Cebu)
01 October 2025 - 05:34 PM,10.98,123.97,003,2.0,007km S 07° W of City Of Bogo (Cebu)
01 October 2025 - 05:31 PM,11.14,124.38,033,1.3,008km S 17° W of Villaba (Leyte)
01 October 2025 - 05:25 PM,11.19,124.18,006,2.3,027km N 55° E of City Of Bogo (Cebu)
01 October 2025 - 05:15 PM,10.95,123.92,002,4.0,013km S 29° W of City Of Bogo (Cebu)
01 October 2025 - 05:03 PM,10.96,123.97,002,2.5,010km S 07° W of City Of Bogo (Cebu)
01 October 2025 - 05:02 PM,11.11,123.98,036,1.1,008km N 02° W of City Of Bogo (Cebu)
01 October 2025 - 05:01 PM,10.95,123.92,006,2.7,013km S 31° W of City Of Bogo (Cebu)
01 October 2025 - 05:00 PM,11.11,124.09,007,2.6,014km N 59° E of City Of Bogo (Cebu)
01 October 2025 - 04:58 PM,11.01,124.00,032,1.7,005km S 33° E of City Of Bogo (Cebu)
01 October 2025 - 04:59 PM,11.14,124.12,006,2.3,018km N 56° E of City Of Bogo (Cebu)
01 October 2025 - 04:56 PM,11.16,124.14,007,3.0,021km N 56° E of City Of Bogo (Cebu)
01 October 2025 - 04:51 PM,10.39,123.34,012,3.6,006km N 15° E of Vallehermoso (Negros Oriental)
01 October 2025 - 04:48 PM,11.07,123.96,002,3.9,003km N 47° W of City Of Bogo (Cebu)
01 October 2025 - 04:43 PM,11.10,124.09,005,4.1,013km N 64° E of City Of Bogo (Cebu)
01 October 2025 - 04:42 PM,10.94,123.98,005,1.5,012km S 02° E of City Of Bogo (Cebu)
01 October 2025 - 04:32 PM,13.75,120.57,122,1.7,011km S 34° W of Calatagan (Batangas)
01 October 2025 - 04:31 PM,11.08,124.10,005,4.0,014km N 74° E of City Of Bogo (Cebu)
01 October 2025 - 04:15 PM,11.02,123.96,005,3.5,003km S 39° W of City Of Bogo (Cebu)
01 October 2025 - 04:13 PM,11.22,124.07,035,1.7,021km N 29° E of City Of Bogo (Cebu)
01 October 2025 - 04:12 PM,11.13,124.00,014,1.3,010km N 13° E of City Of Bogo (Cebu)
01 October 2025 - 04:11 PM,11.14,124.15,003,1.5,022km N 61° E of City Of Bogo (Cebu)
01 October 2025 - 04:05 PM,11.16,124.18,007,2.9,025km N 60° E of City Of Bogo (Cebu)
01 October 2025 - 04:03 PM,11.00,123.99,002,3.3,005km S 13° E of City Of Bogo (Cebu)
01 October 2025 - 04:00 PM,11.13,124.26,030,1.4,032km N 73° E of City Of Bogo (Cebu)
01 October 2025 - 03:57 PM,11.11,124.11,009,2.6,015km N 64° E of City Of Bogo (Cebu)
01 October 2025 - 03:47 PM,11.00,123.93,026,1.6,007km S 48° W of City Of Bogo (Cebu)
01 October 2025 - 03:45 PM,11.17,124.16,012,1.7,024km N 55° E of City Of Bogo (Cebu)
01 October 2025 - 03:48 PM,10.99,123.97,002,4.5,006km S 08° W of City Of Bogo (Cebu)
01 October 2025 - 03:30 PM,11.11,124.11,028,3.1,015km N 65° E of City Of Bogo (Cebu)
01 October 2025 - 03:43 PM,11.17,123.99,027,1.3,014km N 06° E of City Of Bogo (Cebu)
01 October 2025 - 03:42 PM,11.12,123.98,027,1.6,008km N 02° W of City Of Bogo (Cebu)
01 October 2025 - 03:35 PM,10.93,123.96,002,1.7,013km S 10° W of City Of Bogo (Cebu)
01 October 2025 - 03:28 PM,11.18,123.92,030,1.9,016km N 22° W of City Of Bogo (Cebu)
01 October 2025 - 03:33 PM,11.19,123.99,027,1.8,016km N 05° E of City Of Bogo (Cebu)
01 October 2025 - 03:25 PM,10.96,123.99,031,1.1,010km S 06° E of City Of Bogo (Cebu)
01 October 2025 - 03:24 PM,11.14,124.10,034,1.4,017km N 51° E of City Of Bogo (Cebu)
01 October 2025 - 03:22 PM,11.12,124.06,034,1.5,012km N 48° E of City Of Bogo (Cebu)
01 October 2025 - 03:21 PM,11.05,123.96,009,1.5,002km N 72° W of City Of Bogo (Cebu)
01 October 2025 - 03:16 PM,11.14,124.16,023,2.2,022km N 61° E of City Of Bogo (Cebu)
01 October 2025 - 03:15 PM,11.08,124.23,032,1.4,028km N 82° E of City Of Bogo (Cebu)
01 October 2025 - 03:10 PM,11.03,123.97,004,4.1,002km S 45° W of City Of Bogo (Cebu)
01 October 2025 - 03:09 PM,11.06,123.96,001,2.4,003km N 51° W of City Of Bogo (Cebu)
01 October 2025 - 03:05 PM,11.01,124.01,003,2.5,005km S 44° E of City Of Bogo (Cebu)
01 October 2025 - 03:03 PM,11.02,124.02,006,1.4,006km S 53° E of City Of Bogo (Cebu)
01 October 2025 - 02:59 PM,11.09,124.20,027,2.1,025km N 79° E of City Of Bogo (Cebu)
01 October 2025 - 02:56 PM,10.93,123.94,004,3.2,013km S 19° W of City Of Bogo (Cebu)
01 October 2025 - 02:51 PM,11.14,124.16,006,3.2,023km N 62° E of City Of Bogo (Cebu)
01 October 2025 - 02:50 PM,10.89,123.89,006,3.5,020km S 29° W of City Of Bogo (Cebu)
01 October 2025 - 02:38 PM,11.12,124.06,014,1.5,012km N 47° E of City Of Bogo (Cebu)
01 October 2025 - 02:35 PM,11.08,124.00,030,1.6,005km N 35° E of City Of Bogo (Cebu)
01 October 2025 - 02:32 PM,10.97,123.95,004,2.4,009km S 18° W of City Of Bogo (Cebu)
01 October 2025 - 02:30 PM,11.22,124.15,032,2.5,027km N 43° E of City Of Bogo (Cebu)
01 October 2025 - 02:27 PM,11.11,123.93,004,2.0,009km N 35° W of City Of Bogo (Cebu)
01 October 2025 - 02:24 PM,10.89,123.85,009,2.2,022km S 38° W of City Of Bogo (Cebu)
01 October 2025 - 02:18 PM,11.01,123.97,002,3.0,004km S 21° W of City Of Bogo (Cebu)
01 October 2025 - 02:14 PM,11.17,124.01,020,1.6,014km N 15° E of City Of Bogo (Cebu)
01 October 2025 - 02:10 PM,11.11,123.96,007,3.7,008km N 14° W of City Of Bogo (Cebu)
01 October 2025 - 02:06 PM,10.92,123.88,002,3.2,018km S 39° W of City Of Bogo (Cebu)
01 October 2025 - 02:02 PM,17.57,122.28,055,3.5,021km N 13° E of Maconacon (Isabela)
01 October 2025 - 02:01 PM,11.13,124.12,004,2.4,018km N 59° E of City Of Bogo (Cebu)
01 October 2025 - 01:59 PM,11.18,124.01,014,2.7,016km N 14° E of City Of Bogo (Cebu)
01 October 2025 - 01:56 PM,10.34,126.74,013,3.3,081km N 64° E of Burgos (Surigao Del Norte)
01 October 2025 - 01:54 PM,11.21,124.17,033,1.5,028km N 48° E of City Of Bogo (Cebu)
01 October 2025 - 01:52 PM,10.98,124.04,033,1.6,010km S 45° E of City Of Bogo (Cebu)
01 October 2025 - 01:41 PM,11.16,124.11,016,2.3,019km N 49° E of City Of Bogo (Cebu)
01 October 2025 - 01:36 PM,10.99,123.99,002,2.4,006km S 09° E of City Of Bogo (Cebu)
01 October 2025 - 01:34 PM,11.10,124.03,019,1.8,008km N 44° E of City Of Bogo (Cebu)
01 October 2025 - 01:30 PM,11.18,124.15,005,2.7,025km N 51° E of City Of Bogo (Cebu)
01 October 2025 - 01:25 PM,11.00,123.95,004,2.7,006km S 26° W of City Of Bogo (Cebu)
01 October 2025 - 01:22 PM,11.13,123.93,005,2.6,010km N 34° W of City Of Bogo (Cebu)
01 October 2025 - 01:17 PM,11.17,124.07,033,1.3,017km N 36° E of City Of Bogo (Cebu)
01 October 2025 - 01:14 PM,11.02,124.03,008,2.5,006km S 57° E of City Of Bogo (Cebu)
01 October 2025 - 01:10 PM,11.18,124.16,004,3.0,025km N 54° E of City Of Bogo (Cebu)
01 October 2025 - 01:06 PM,11.06,123.99,010,1.6,002km N 24° E of City Of Bogo (Cebu)
01 October 2025 - 01:04 PM,10.05,126.30,033,2.2,025km N 82° E of Burgos (Surigao Del Norte)
01 October 2025 - 12:54 PM,11.16,124.19,005,2.9,027km N 61° E of City Of Bogo (Cebu)
01 October 2025 - 12:42 PM,11.09,123.94,010,4.3,006km N 41° W of City Of Bogo (Cebu)
01 October 2025 - 12:30 PM,11.09,124.02,011,2.1,006km N 39° E of City Of Bogo (Cebu)
01 October 2025 - 12:29 PM,11.06,124.05,010,1.9,008km N 79° E of City Of Bogo (Cebu)
01 October 2025 - 12:24 PM,10.95,124.05,005,1.6,013km S 37° E of City Of Bogo (Cebu)
01 October 2025 - 12:27 PM,11.11,124.01,018,2.6,008km N 24° E of City Of Bogo (Cebu)
01 October 2025 - 12:23 PM,11.07,123.94,017,1.4,005km N 58° W of City Of Bogo (Cebu)
01 October 2025 - 12:21 PM,11.12,124.05,019,1.8,011km N 45° E of City Of Bogo (Cebu)
01 October 2025 - 12:21 PM,10.99,123.94,032,1.4,008km S 35° W of City Of Bogo (Cebu)
01 October 2025 - 12:20 PM,11.05,123.95,027,1.3,004km N 78° W of City Of Bogo (Cebu)
01 October 2025 - 12:19 PM,11.01,123.94,004,3.3,006km S 50° W of City Of Bogo (Cebu)
01 October 2025 - 12:18 PM,10.95,123.71,016,1.3,031km S 70° W of City Of Bogo (Cebu)
01 October 2025 - 12:16 PM,11.06,124.05,036,1.3,008km N 80° E of City Of Bogo (Cebu)
01 October 2025 - 12:15 PM,11.24,124.11,027,1.4,026km N 35° E of City Of Bogo (Cebu)
01 October 2025 - 12:10 PM,10.96,123.97,010,4.1,009km S 6° W of City Of Bogo (Cebu)
01 October 2025 - 12:08 PM,13.54,120.68,010,3.2,011km N 25° W of Abra De Ilog (Occidental Mindoro)
01 October 2025 - 12:06 PM,10.94,123.93,001,3.3,013km S 25° W of City Of Bogo (Cebu)
01 October 2025 - 12:05 PM,11.01,124.04,001,2.5,008km S 56° E of City Of Bogo (Cebu)
01 October 2025 - 11:53 AM,10.91,123.89,001,2.4,018km S 33° W of City Of Bogo (Cebu)
01 October 2025 - 11:49 AM,11.06,124.05,011,2.2,008km N 82° E of City Of Bogo (Cebu)
01 October 2025 - 11:47 AM,11.18,124.00,032,1.4,015km N 09° E of City Of Bogo (Cebu)
01 October 2025 - 11:46 AM,11.02,124.06,034,1.6,009km S 73° E of City Of Bogo (Cebu)
01 October 2025 - 11:39 AM,11.18,124.21,004,2.8,029km N 59° E of City Of Bogo (Cebu)
01 October 2025 - 11:36 AM,10.80,124.00,015,1.8,028km S 04° E of City Of Bogo (Cebu)
01 October 2025 - 11:23 AM,10.96,123.94,001,2.5,011km S 24° W of City Of Bogo (Cebu)
01 October 2025 - 11:23 AM,10.95,123.92,027,1.2,012km S 33° W of City Of Bogo (Cebu)
01 October 2025 - 11:21 AM,11.14,124.02,011,2.7,011km N 21° E of City Of Bogo (Cebu)
01 October 2025 - 11:19 AM,11.12,124.07,026,1.6,013km N 49° E of City Of Bogo (Cebu)
01 October 2025 - 11:16 AM,10.90,124.01,005,3.2,016km S 11° E of City Of Bogo (Cebu)
01 October 2025 - 11:08 AM,11.02,123.81,021,2.5,019km S 83° W of City Of Bogo (Cebu)
01 October 2025 - 11:07 AM,10.93,123.92,006,1.7,015km S 26° W of City Of Bogo (Cebu)
01 October 2025 - 11:06 AM,11.05,123.94,009,1.7,004km N 83° W of City Of Bogo (Cebu)
01 October 2025 - 11:03 AM,10.99,123.94,013,2.4,008km S 32° W of City Of Bogo (Cebu)
01 October 2025 - 11:02 AM,11.16,124.19,004,2.4,026km N 61° E of City Of Bogo (Cebu)
01 October 2025 - 10:54 AM,11.18,124.10,037,1.8,020km N 40° E of City Of Bogo (Cebu)
01 October 2025 - 10:51 AM,11.00,123.98,033,2.6,005km S 06° E of City Of Bogo (Cebu)
01 October 2025 - 10:50 AM,10.96,124.05,018,1.5,012km S 38° E of City Of Bogo (Cebu)
01 October 2025 - 10:48 AM,10.96,123.95,002,2.2,011km S 20° W of City Of Bogo (Cebu)
01 October 2025 - 10:46 AM,10.87,123.95,002,2.2,020km S 10° W of City Of Bogo (Cebu)
01 October 2025 - 10:44 AM,11.08,124.28,032,1.6,033km N 83° E of City Of Bogo (Cebu)
01 October 2025 - 10:37 AM,11.10,123.97,009,3.0,006km N 08° W of City Of Bogo (Cebu)
01 October 2025 - 10:36 AM,11.14,124.06,010,1.5,013km N 40° E of City Of Bogo (Cebu)
01 October 2025 - 10:36 AM,11.01,124.09,020,1.4,012km S 72° E of City Of Bogo (Cebu)
01 October 2025 - 10:22 AM,11.10,123.89,001,1.5,012km N 60° W of City Of Bogo (Cebu)
01 October 2025 - 10:19 AM,11.03,124.03,001,1.9,006km S 69° E of City Of Bogo (Cebu)
01 October 2025 - 10:16 AM,11.08,124.00,030,1.7,004km N 34° E of City Of Bogo (Cebu)
01 October 2025 - 10:10 AM,11.08,124.05,003,3.2,008km N 65° E of City Of Bogo (Cebu)
01 October 2025 - 10:05 AM,11.62,123.19,050,2.6,032km N 61° W of City Of Bogo (Cebu)
01 October 2025 - 10:02 AM,11.01,124.11,018,1.4,014km S 75° E of City Of Bogo (Cebu)
01 October 2025 - 10:01 AM,11.03,124.10,024,1.6,013km S 80° E of City Of Bogo (Cebu)
01 October 2025 - 09:53 AM,11.07,124.23,001,1.6,028km N 85° E of City Of Bogo (Cebu)
01 October 2025 - 09:57 AM,11.00,124.02,005,1.8,007km S 45° E of City Of Bogo (Cebu)
01 October 2025 - 09:51 AM,10.91,123.99,029,1.3,015km S 03° E of City Of Bogo (Cebu)
01 October 2025 - 09:49 AM,10.99,124.08,015,1.6,013km S 62° E of City Of Bogo (Cebu)
01 October 2025 - 09:46 AM,10.84,123.86,010,2.6,026km S 29° W of City Of Bogo (Cebu)
01 October 2025 - 09:38 AM,10.97,123.94,004,1.4,009km S 29° W of City Of Bogo (Cebu)
01 October 2025 - 09:35 AM,11.09,124.06,002,3.2,010km N 59° E of City Of Bogo (Cebu)
01 October 2025 - 09:30 AM,10.90,123.91,005,2.3,018km S 27° W of City Of Bogo (Cebu)
01 October 2025 - 09:27 AM,10.94,123.90,002,2.3,015km S 34° W of City Of Bogo (Cebu)
01 October 2025 - 09:23 AM,11.07,124.10,032,1.7,014km N 78° E of City Of Bogo (Cebu)
01 October 2025 - 09:21 AM,11.19,124.04,033,1.3,018km N 23° E of City Of Bogo (Cebu)
01 October 2025 - 09:20 AM,11.27,124.05,051,1.4,026km N 16° E of City Of Bogo (Cebu)
01 October 2025 - 09:19 AM,11.12,124.05,033,2.0,011km N 43° E of City Of Bogo (Cebu)
01 October 2025 - 09:18 AM,10.91,123.86,002,1.5,020km S 40° W of City Of Bogo (Cebu)
01 October 2025 - 09:15 AM,11.16,124.18,004,2.4,026km N 61° E of City Of Bogo (Cebu)
01 October 2025 - 09:12 AM,11.05,124.09,004,2.6,012km N 86° E of City Of Bogo (Cebu)
01 October 2025 - 09:02 AM,11.13,123.94,011,2.2,010km N 25° W of City Of Bogo (Cebu)
01 October 2025 - 08:58 AM,11.06,123.89,032,2.1,010km N 81° W of City Of Bogo (Cebu)
01 October 2025 - 08:54 AM,11.19,124.12,033,2.4,023km N 44° E of City Of Bogo (Cebu)
01 October 2025 - 08:53 AM,10.91,123.98,032,1.8,015km S 01° E of City Of Bogo (Cebu)
01 October 2025 - 08:57 AM,11.07,123.87,023,2.3,012km N 79° W of City Of Bogo (Cebu)
01 October 2025 - 08:52 AM,11.20,124.14,019,1.7,024km N 46° E of City Of Bogo (Cebu)
01 October 2025 - 08:47 AM,10.91,123.65,013,3.4,017km N 64° E of City Of Escalante (Negros Occidental)
01 October 2025 - 08:51 AM,11.12,123.96,024,2.0,009km N 14° W of City Of Bogo (Cebu)
01 October 2025 - 08:42 AM,11.14,124.19,003,2.2,025km N 66° E of City Of Bogo (Cebu)
01 October 2025 - 08:41 AM,11.12,123.85,023,1.8,017km N 60° W of City Of Bogo (Cebu)
01 October 2025 - 08:40 AM,11.05,124.04,006,2.1,006km N 89° E of City Of Bogo (Cebu)
01 October 2025 - 08:36 AM,10.94,123.93,002,3.5,013km S 24° W of City Of Bogo (Cebu)
01 October 2025 - 08:33 AM,10.96,124.00,005,3.0,009km S 11° E of City Of Bogo (Cebu)
01 October 2025 - 08:26 AM,11.01,124.03,031,2.0,006km S 55° E of City Of Bogo (Cebu)
01 October 2025 - 08:23 AM,10.95,123.88,002,3.7,015km S 46° W of City Of Bogo (Cebu)
01 October 2025 - 08:21 AM,11.11,124.00,012,3.0,008km N 20° E of City Of Bogo (Cebu)
01 October 2025 - 08:20 AM,11.09,124.12,033,1.7,016km N 71° E of City Of Bogo (Cebu)
01 October 2025 - 08:18 AM,11.17,124.11,002,2.5,020km N 46° E of City Of Bogo (Cebu)
01 October 2025 - 08:16 AM,11.08,124.05,032,2.1,009km N 67° E of City Of Bogo (Cebu)
01 October 2025 - 08:15 AM,11.16,124.05,032,2.0,015km N 32° E of City Of Bogo (Cebu)
01 October 2025 - 08:12 AM,10.94,123.65,015,2.7,038km S 72° W of City Of Bogo (Cebu)
01 October 2025 - 08:10 AM,10.95,123.98,017,2.0,011km S 02° W of City Of Bogo (Cebu)
01 October 2025 - 08:07 AM,11.08,123.91,003,2.7,009km N 62° W of City Of Bogo (Cebu)
01 October 2025 - 08:06 AM,11.09,124.24,005,1.7,017km N 72° W of Palompon (Leyte)
01 October 2025 - 08:03 AM,11.01,123.99,012,2.8,005km S 12° E of City Of Bogo (Cebu)
01 October 2025 - 07:59 AM,11.14,124.10,034,2.0,017km N 50° E of City Of Bogo (Cebu)
01 October 2025 - 07:56 AM,11.17,123.97,022,2.0,014km N 05° W of City Of Bogo (Cebu)
01 October 2025 - 07:55 AM,10.95,123.99,021,2.2,011km S 08° E of City Of Bogo (Cebu)
01 October 2025 - 07:54 AM,11.13,123.92,002,2.1,011km N 35° W of City Of Bogo (Cebu)
01 October 2025 - 07:52 AM,11.03,124.06,023,2.1,009km S 76° E of City Of Bogo (Cebu)
01 October 2025 - 07:46 AM,11.02,123.94,038,2.4,005km S 54° W of City Of Bogo (Cebu)
01 October 2025 - 07:41 AM,11.11,124.10,006,1.4,015km N 64° E of City Of Bogo (Cebu)
01 October 2025 - 07:41 AM,11.08,124.08,006,3.6,012km N 73° E of City Of Bogo (Cebu)
01 October 2025 - 07:35 AM,10.91,123.73,011,2.1,031km S 62° W of City Of Bogo (Cebu)
01 October 2025 - 07:32 AM,10.93,124.12,028,2.5,020km S 49° E of City Of Bogo (Cebu)
01 October 2025 - 07:31 AM,11.17,124.02,032,1.9,014km N 19° E of City Of Bogo (Cebu)
01 October 2025 - 07:24 AM,11.02,123.89,022,2.0,011km S 71° W of City Of Bogo (Cebu)
01 October 2025 - 07:22 AM,11.00,123.94,005,2.6,007km S 43° W of City Of Bogo (Cebu)
01 October 2025 - 07:19 AM,10.91,123.87,041,2.1,019km S 39° W of City Of Bogo (Cebu)
01 October 2025 - 07:14 AM,10.83,123.89,008,2.1,026km S 21° W of City Of Bogo (Cebu)
01 October 2025 - 07:12 AM,11.14,123.99,025,1.8,011km N 04° E of City Of Bogo (Cebu)
01 October 2025 - 07:11 AM,11.15,123.89,031,1.6,015km N 39° W of City Of Bogo (Cebu)
01 October 2025 - 07:09 AM,11.21,124.16,010,2.2,027km N 49° E of City Of Bogo (Cebu)
01 October 2025 - 07:07 AM,10.97,124.13,025,1.9,018km S 63° E of City Of Bogo (Cebu)
01 October 2025 - 07:03 AM,11.22,124.43,029,2.4,004km N 78° E of Villaba (Leyte)
01 October 2025 - 07:01 AM,10.98,123.96,005,4.4,007km S 13° W of City Of Bogo (Cebu)
01 October 2025 - 06:59 AM,10.91,124.01,025,1.9,004km S 37° W of Tabogon (Cebu)
01 October 2025 - 06:55 AM,11.11,124.01,033,1.6,007km N 24° E of City Of Bogo (Cebu)
01 October 2025 - 06:48 AM,10.98,123.97,019,2.0,007km S 11° W of City Of Bogo (Cebu)
01 October 2025 - 06:42 AM,11.18,123.97,017,1.9,015km N 03° W of City Of Bogo (Cebu)
01 October 2025 - 06:40 AM,10.97,124.00,015,2.3,008km S 14° E of City Of Bogo (Cebu)
01 October 2025 - 06:43 AM,10.97,123.94,032,2.1,009km S 30° W of City Of Bogo (Cebu)
01 October 2025 - 06:38 AM,11.26,124.09,024,2.1,026km N 26° E of City Of Bogo (Cebu)
01 October 2025 - 06:36 AM,11.20,124.12,032,1.4,015km S 68° E of Daanbantayan (Cebu)
01 October 2025 - 06:34 AM,11.11,124.07,030,2.0,012km N 54° E of City Of Bogo (Cebu)
01 October 2025 - 06:33 AM,11.02,123.94,031,1.9,006km S 56° W of City Of Bogo (Cebu)
01 October 2025 - 06:30 AM,11.02,124.25,054,2.6,030km S 85° E of City Of Bogo (Cebu)
01 October 2025 - 06:28 AM,11.14,124.06,009,2.0,014km N 42° E of City Of Bogo (Cebu)
01 October 2025 - 06:27 AM,11.14,124.09,009,1.7,016km N 49° E of City Of Bogo (Cebu)
01 October 2025 - 06:20 AM,11.65,123.63,028,1.5,034km S 25° W of Cawayan (Masbate)
01 October 2025 - 06:24 AM,10.93,123.97,002,2.3,013km S 05° W of City Of Bogo (Cebu)
01 October 2025 - 06:17 AM,11.06,124.08,013,2.4,011km N 80° E of City Of Bogo (Cebu)
01 October 2025 - 06:15 AM,10.98,124.05,021,2.3,010km S 46° E of City Of Bogo (Cebu)
01 October 2025 - 06:12 AM,11.12,124.19,002,2.0,025km N 70° E of City Of Bogo (Cebu)
01 October 2025 - 06:07 AM,11.01,123.84,026,1.9,016km S 74° W of City Of Bogo (Cebu)
01 October 2025 - 06:11 AM,11.15,124.00,024,2.0,012km N 13° E of City Of Bogo (Cebu)
01 October 2025 - 06:09 AM,11.11,123.93,022,2.2,009km N 37° W of City Of Bogo (Cebu)
01 October 2025 - 06:08 AM,10.86,123.90,004,2.5,022km S 22° W of City Of Bogo (Cebu)
01 October 2025 - 05:58 AM,11.18,123.97,023,2.4,015km N 04° W of City Of Bogo (Cebu)
01 October 2025 - 05:53 AM,11.06,124.08,002,2.3,011km N 80° E of City Of Bogo (Cebu)
01 October 2025 - 05:55 AM,11.15,123.95,008,1.7,012km N 16° W of City Of Bogo (Cebu)
01 October 2025 - 05:51 AM,11.04,124.01,007,1.9,003km S 73° E of City Of Bogo (Cebu)
01 October 2025 - 05:50 AM,11.09,124.02,033,2.2,007km N 41° E of City Of Bogo (Cebu)
01 October 2025 - 05:47 AM,10.98,123.97,037,2.6,008km S 06° W of City Of Bogo (Cebu)
01 October 2025 - 05:46 AM,11.19,123.95,022,1.8,016km N 10° W of City Of Bogo (Cebu)
01 October 2025 - 05:46 AM,11.19,123.95,022,1.8,016km N 10° W of City Of Bogo (Cebu)
01 October 2025 - 05:45 AM,11.12,123.97,004,2.7,008km N 08° W of City Of Bogo (Cebu)
01 October 2025 - 05:42 AM,11.16,123.98,032,2.1,013km N 01° E of City Of Bogo (Cebu)
01 October 2025 - 05:41 AM,10.99,123.95,002,2.1,007km S 32° W of City Of Bogo (Cebu)
01 October 2025 - 05:35 AM,10.94,124.00,019,3.5,012km S 10° E of City Of Bogo (Cebu)
01 October 2025 - 05:30 AM,11.14,123.87,005,3.0,015km N 48° W of City Of Bogo (Cebu)
01 October 2025 - 05:29 AM,09.60,122.25,121,2.0,024km S 89° W of Hinoba-an (Negros Occidental)
01 October 2025 - 05:23 AM,10.92,123.92,024,2.1,016km S 24° W of City Of Bogo (Cebu)
01 October 2025 - 05:20 AM,11.15,123.98,031,1.7,011km N 01° W of City Of Bogo (Cebu)
01 October 2025 - 05:15 AM,10.89,124.10,029,2.1,022km S 39° E of City Of Bogo (Cebu)
01 October 2025 - 05:10 AM,11.08,124.05,023,2.5,008km N 64° E of City Of Bogo (Cebu)
01 October 2025 - 05:09 AM,10.85,123.99,036,1.8,022km S 02° E of City Of Bogo (Cebu)
01 October 2025 - 05:02 AM,11.15,123.96,009,3.1,011km N 10° W of City Of Bogo (Cebu)
01 October 2025 - 05:01 AM,11.19,123.95,023,2.1,016km N 13° W of City Of Bogo (Cebu)
01 October 2025 - 04:59 AM,11.37,123.90,035,2.6,036km N 14° W of City Of Bogo (Cebu)
01 October 2025 - 04:57 AM,09.90,126.18,024,2.4,010km N 68° E of Pilar (Surigao Del Norte)
01 October 2025 - 04:56 AM,11.28,124.02,034,2.2,026km N 10° E of City Of Bogo (Cebu)
01 October 2025 - 04:55 AM,10.85,123.92,002,2.5,023km S 17° W of City Of Bogo (Cebu)
01 October 2025 - 04:51 AM,11.04,123.92,005,2.1,006km S 88° W of City Of Bogo (Cebu)
01 October 2025 - 04:47 AM,10.89,123.88,002,2.2,021km S 33° W of City Of Bogo (Cebu)
01 October 2025 - 04:44 AM,10.90,123.96,004,3.7,016km S 09° W of City Of Bogo (Cebu)
01 October 2025 - 04:41 AM,11.08,123.94,002,2.9,005km N 45° W of City Of Bogo (Cebu)
01 October 2025 - 04:36 AM,11.14,123.87,020,2.6,016km N 49° W of City Of Bogo (Cebu)
01 October 2025 - 04:30 AM,11.03,123.93,026,3.4,005km S 74° W of City Of Bogo (Cebu)
01 October 2025 - 04:27 AM,10.93,123.97,007,3.6,013km S 03° W of City Of Bogo (Cebu)
01 October 2025 - 04:24 AM,11.12,123.80,024,3.0,022km N 68° W of City Of Bogo (Cebu)
01 October 2025 - 04:20 AM,11.07,123.91,003,2.3,008km N 71° W of City Of Bogo (Cebu)
01 October 2025 - 04:16 AM,11.18,123.98,017,2.4,015km N 01° E of City Of Bogo (Cebu)
01 October 2025 - 04:17 AM,10.87,123.88,002,2.1,022km S 29° W of City Of Bogo (Cebu)
01 October 2025 - 04:15 AM,11.12,123.99,005,1.7,009km N 10° E of City Of Bogo (Cebu)
01 October 2025 - 04:13 AM,11.50,124.05,030,1.5,027km S 02° E of Esperanza (Masbate)
01 October 2025 - 04:18 AM,13.64,120.54,087,3.0,024km S 25° W of Calatagan (Batangas)
01 October 2025 - 04:12 AM,08.80,126.52,027,2.1,025km N 89° E of Marihatag (Surigao Del Sur)
01 October 2025 - 04:09 AM,10.80,123.93,025,3.0,028km S 11° W of City Of Bogo (Cebu)
01 October 2025 - 04:11 AM,18.67,121.90,007,2.2,027km S 08° E of Camiguin Island (Calayan) (Cagayan)
01 October 2025 - 04:07 AM,11.14,123.93,007,1.8,012km N 27° W of City Of Bogo (Cebu)
01 October 2025 - 04:05 AM,10.73,123.93,018,2.2,008km S 77° W of Sogod (Cebu)
01 October 2025 - 04:04 AM,11.15,123.96,004,2.3,012km N 13° W of City Of Bogo (Cebu)
01 October 2025 - 04:03 AM,11.17,124.15,009,2.2,023km N 54° E of City Of Bogo (Cebu)
01 October 2025 - 03:56 AM,11.04,124.04,018,1.8,007km S 86° E of City Of Bogo (Cebu)
01 October 2025 - 03:55 AM,11.07,124.08,002,2.7,011km N 75° E of City Of Bogo (Cebu)
01 October 2025 - 03:47 AM,11.09,124.18,030,1.6,022km N 77° E of City Of Bogo (Cebu)
01 October 2025 - 03:51 AM,08.84,126.47,032,3.4,019km N 77° E of Marihatag (Surigao Del Sur)
01 October 2025 - 03:50 AM,11.10,124.10,009,3.1,015km N 68° E of City Of Bogo (Cebu)
01 October 2025 - 03:44 AM,11.10,124.16,002,3.5,020km N 72° E of City Of Bogo (Cebu)
01 October 2025 - 03:41 AM,11.17,124.12,034,2.5,021km N 47° E of City Of Bogo (Cebu)
01 October 2025 - 03:39 AM,11.19,124.15,012,2.0,024km N 50° E of City Of Bogo (Cebu)
01 October 2025 - 03:38 AM,11.16,124.11,034,1.9,015km S 50° E of Daanbantayan (Cebu)
01 October 2025 - 03:37 AM,10.98,124.25,028,2.0,030km S 75° E of City Of Bogo (Cebu)
01 October 2025 - 03:35 AM,11.14,124.14,005,2.8,019km S 52° E of Daanbantayan (Cebu)
01 October 2025 - 03:30 AM,11.05,123.99,004,4.5,001km N 68° E of City Of Bogo (Cebu)
01 October 2025 - 03:29 AM,11.00,123.92,025,2.1,008km S 53° W of City Of Bogo (Cebu)
01 October 2025 - 03:27 AM,11.05,123.95,024,1.8,003km S 88° W of City Of Bogo (Cebu)
01 October 2025 - 03:18 AM,11.09,123.84,022,1.5,016km N 72° W of City Of Bogo (Cebu)
01 October 2025 - 03:16 AM,11.08,123.98,034,2.2,003km North of City Of Bogo (Cebu)
01 October 2025 - 03:15 AM,10.95,123.96,004,2.2,011km S 11° W of City Of Bogo (Cebu)
01 October 2025 - 03:13 AM,11.17,124.05,019,2.3,011km S 34° E of Daanbantayan (Cebu)
01 October 2025 - 03:10 AM,11.15,124.13,009,2.4,020km N 54° E of City Of Bogo (Cebu)
01 October 2025 - 03:07 AM,11.21,123.99,032,1.4,018km N 03° E of City Of Bogo (Cebu)
01 October 2025 - 03:05 AM,11.31,123.91,007,2.3,031km N 15° W of City Of Bogo (Cebu)
01 October 2025 - 03:03 AM,10.91,123.90,009,1.4,015km S 77° W of Tabogon (Cebu)
01 October 2025 - 03:02 AM,11.07,124.00,015,1.4,003km N 50° E of City Of Bogo (Cebu)
01 October 2025 - 02:58 AM,12.04,123.48,048,2.0,022km S 09° W of Milagros (Masbate)
01 October 2025 - 02:55 AM,11.16,124.16,002,2.6,024km N 57° E of City Of Bogo (Cebu)
01 October 2025 - 02:45 AM,11.84,123.88,123,2.0,006km S 48° W of Placer (Masbate)
01 October 2025 - 02:52 AM,11.20,124.07,025,2.2,020km N 31° E of City Of Bogo (Cebu)
01 October 2025 - 02:51 AM,11.04,124.17,018,2.2,021km S 88° E of City Of Bogo (Cebu)
01 October 2025 - 02:44 AM,11.10,123.92,045,2.7,009km N 50° W of City Of Bogo (Cebu)
01 October 2025 - 02:40 AM,11.12,124.16,006,3.7,022km N 67° E of City Of Bogo (Cebu)
01 October 2025 - 02:26 AM,10.99,124.11,033,1.8,015km S 66° E of City Of Bogo (Cebu)
01 October 2025 - 02:36 AM,11.14,123.97,033,2.6,010km N 04° W of City Of Bogo (Cebu)
01 October 2025 - 02:25 AM,11.13,124.14,003,2.6,020km N 63° E of City Of Bogo (Cebu)
01 October 2025 - 02:34 AM,11.28,123.96,033,2.1,025km N 04° W of City Of Bogo (Cebu)
01 October 2025 - 02:32 AM,11.13,123.89,023,2.3,013km N 48° W of City Of Bogo (Cebu)
01 October 2025 - 02:19 AM,11.14,123.96,024,2.1,010km N 12° W of City Of Bogo (Cebu)
01 October 2025 - 02:24 AM,11.28,124.07,013,1.5,028km N 21° E of City Of Bogo (Cebu)
01 October 2025 - 02:20 AM,11.21,124.06,034,2.5,020km N 27° E of City Of Bogo (Cebu)
01 October 2025 - 02:18 AM,11.20,124.08,033,1.6,020km N 32° E of City Of Bogo (Cebu)
01 October 2025 - 02:13 AM,11.17,124.03,025,2.2,014km N 21° E of City Of Bogo (Cebu)
01 October 2025 - 02:12 AM,11.07,124.06,035,2.3,009km N 75° E of City Of Bogo (Cebu)
01 October 2025 - 02:09 AM,11.43,123.88,031,3.4,044km N 14° W of City Of Bogo (Cebu)
01 October 2025 - 02:07 AM,10.95,123.96,002,2.6,010km S 14° W of City Of Bogo (Cebu)
01 October 2025 - 02:06 AM,10.99,124.01,010,2.1,007km S 29° E of City Of Bogo (Cebu)
01 October 2025 - 01:55 AM,10.90,124.02,038,2.5,017km S 14° E of City Of Bogo (Cebu)
01 October 2025 - 01:52 AM,11.16,123.98,031,2.6,013km N 01° W of City Of Bogo (Cebu)
01 October 2025 - 01:52 AM,11.16,123.98,031,2.6,013km N 01° W of City Of Bogo (Cebu)
01 October 2025 - 01:48 AM,11.17,124.09,005,2.2,019km N 41° E of City Of Bogo (Cebu)
01 October 2025 - 01:35 AM,11.03,124.03,009,1.5,006km S 68° E of City Of Bogo (Cebu)
01 October 2025 - 01:34 AM,11.13,123.87,024,2.2,015km N 52° W of City Of Bogo (Cebu)
01 October 2025 - 01:33 AM,11.07,124.09,008,1.4,012km N 79° E of City Of Bogo (Cebu)
01 October 2025 - 01:47 AM,11.13,124.01,018,2.3,010km N 16° E of City Of Bogo (Cebu)
01 October 2025 - 01:41 AM,11.31,124.02,031,1.9,029km N 08° E of City Of Bogo (Cebu)
01 October 2025 - 01:39 AM,11.00,124.04,011,2.2,009km S 51° E of City Of Bogo (Cebu)
01 October 2025 - 01:30 AM,11.15,124.17,002,3.4,024km N 60° E of City Of Bogo (Cebu)
01 October 2025 - 01:27 AM,10.93,124.07,015,1.6,016km S 38° E of City Of Bogo (Cebu)
01 October 2025 - 01:24 AM,11.16,124.16,007,3.1,023km N 58° E of City Of Bogo (Cebu)
01 October 2025 - 01:20 AM,11.37,124.07,035,2.1,037km N 16° E of City Of Bogo (Cebu)
01 October 2025 - 01:16 AM,11.14,124.19,003,3.5,026km N 66° E of City Of Bogo (Cebu)
01 October 2025 - 01:14 AM,11.08,124.16,032,2.0,020km N 79° E of City Of Bogo (Cebu)
01 October 2025 - 01:12 AM,11.04,124.04,033,3.5,006km S 85° E of City Of Bogo (Cebu)
01 October 2025 - 01:09 AM,11.17,124.05,016,2.9,016km N 30° E of City Of Bogo (Cebu)
01 October 2025 - 01:08 AM,11.09,124.16,002,2.3,021km N 75° E of City Of Bogo (Cebu)
01 October 2025 - 01:05 AM,11.04,124.22,002,1.5,026km S 89° E of City Of Bogo (Cebu)
01 October 2025 - 01:04 AM,11.14,124.10,008,2.1,017km N 53° E of City Of Bogo (Cebu)
01 October 2025 - 01:01 AM,11.09,124.09,002,2.6,013km N 66° E of City Of Bogo (Cebu)
01 October 2025 - 12:59 AM,11.17,124.04,004,3.8,015km N 26° E of City Of Bogo (Cebu)
01 October 2025 - 12:55 AM,11.30,124.09,004,2.6,030km N 23° E of City Of Bogo (Cebu)
01 October 2025 - 12:53 AM,11.31,123.95,031,3.1,030km N 07° W of City Of Bogo (Cebu)
01 October 2025 - 12:51 AM,11.06,124.11,010,4.5,014km N 84° E of City Of Bogo (Cebu)
01 October 2025 - 12:48 AM,11.14,123.89,006,2.9,014km N 43° W of City Of Bogo (Cebu)
01 October 2025 - 12:48 AM,11.21,124.08,018,1.4,021km N 32° E of City Of Bogo (Cebu)
01 October 2025 - 12:47 AM,10.86,124.09,031,1.5,024km S 29° E of City Of Bogo (Cebu)
01 October 2025 - 12:45 AM,10.95,123.94,004,2.1,012km S 23° W of City Of Bogo (Cebu)
01 October 2025 - 12:43 AM,11.02,124.04,004,2.8,007km S 65° E of City Of Bogo (Cebu)
01 October 2025 - 12:38 AM,11.03,124.01,033,1.9,004km S 61° E of City Of Bogo (Cebu)
01 October 2025 - 12:35 AM,11.06,123.97,005,1.7,002km N 36° W of City Of Bogo (Cebu)
01 October 2025 - 12:34 AM,11.18,124.17,005,4.8,025km N 56° E of City Of Bogo (Cebu)
01 October 2025 - 12:31 AM,10.94,124.01,009,3.0,013km S 16° E of City Of Bogo (Cebu)
01 October 2025 - 12:28 AM,11.03,123.92,002,3.1,006km S 72° W of City Of Bogo (Cebu)
01 October 2025 - 12:26 AM,11.15,124.11,004,1.4,018km N 52° E of City Of Bogo (Cebu)
01 October 2025 - 12:21 AM,10.86,123.95,030,1.8,020km S 08° W of City Of Bogo (Cebu)
01 October 2025 - 12:19 AM,11.01,124.00,002,2.5,005km S 22° E of City Of Bogo (Cebu)
01 October 2025 - 12:15 AM,11.19,124.11,003,2.4,022km N 41° E of City Of Bogo (Cebu)
01 October 2025 - 12:12 AM,11.08,124.11,006,2.5,015km N 77° E of City Of Bogo (Cebu)
01 October 2025 - 12:06 AM,10.95,123.89,002,2.0,014km S 42° W of City Of Bogo (Cebu)
01 October 2025 - 12:04 AM,11.05,123.97,008,3.6,001km N 49° W of City Of Bogo (Cebu)
01 October 2025 - 12:01 AM,10.83,123.95,010,4.5,024km S 08° W of City Of Bogo (Cebu)
