{
    "type": "FeatureCollection",
    "features": [
        {
            "type": "Feature",
            "id": 1,
            "geometry": {
                "type": "LineString",
                "coordinates": [
                    [
                        119.955726813,
                        20.486447307
                    ],
                    [
                        120.196831544,
                        19.8020099240001
                    ],
                    [
                        120.216442648,
                        19.682031103
                    ],
                    [
                        120.222959828,
                        19.557696815
                    ],
                    [
                        120.207101372,
                        19.462051741
                    ],
                    [
                        120.131101446,
                        19.3074003120001
                    ],
                    [
                        119.968803741,
                        19.1057066850001
                    ],
                    [
                        119.84024634,
                        18.983283214
                    ],
                    [
                        119.690839104,
                        18.8231047350001
                    ],
                    [
                        119.615879295,
                        18.65176138
                    ],
                    [
                        119.595871671,
                        18.5643288890001
                    ],
                    [
                        119.53991862,
                        18.319520658
                    ],
                    [
                        119.48167503,
                        18.1940769110001
                    ],
                    [
                        119.380769446,
                        18.0388119890001
                    ],
                    [
                        119.267735533,
                        17.8501266460001
                    ],
                    [
                        119.159147176,
                        17.6656446420001
                    ],
                    [
                        119.077188291,
                        17.456799861
                    ],
                    [
                        119.03301825,
                        17.3025802320001
                    ],
                    [
                        119.005436777,
                        17.198903982
                    ],
                    [
                        118.996722156,
                        17.0109751350001
                    ],
                    [
                        119.007980889,
                        16.8797651140001
                    ],
                    [
                        119.028164063,
                        16.7250481390001
                    ],
                    [
                        119.057246941,
                        16.5459985180001
                    ],
                    [
                        119.09379627,
                        16.4119756110001
                    ],
                    [
                        119.096394827,
                        16.2813932170001
                    ],
                    [
                        119.086303237,
                        16.1505761970001
                    ],
                    [
                        119.026865892,
                        15.9535394730001
                    ],
                    [
                        119.003659203,
                        15.8469798470001
                    ],
                    [
                        119.013530837,
                        15.7736864670001
                    ],
                    [
                        119.04539576,
                        15.6518050190001
                    ],
                    [
                        119.07743789,
                        15.517666406
                    ],
                    [
                        119.050461106,
                        15.3861463780001
                    ],
                    [
                        119.006600017,
                        15.2588194140001
                    ],
                    [
                        118.988670346,
                        15.095219575
                    ],
                    [
                        119.012698636,
                        14.703759597
                    ],
                    [
                        119.061996605,
                        14.288196327
                    ],
                    [
                        119.094655153,
                        14.092769569
                    ],
                    [
                        119.155109379,
                        13.9794216070001
                    ],
                    [
                        119.245036472,
                        13.848123441
                    ],
                    [
                        119.287659386,
                        13.7956885300001
                    ],
                    [
                        119.300834394,
                        13.7550517940001
                    ],
                    [
                        119.314385528,
                        13.6899170140001
                    ],
                    [
                        119.340322132,
                        13.6331298650001
                    ],
                    [
                        119.407981927,
                        13.5769419390001
                    ],
                    [
                        119.483657634,
                        13.5412624660001
                    ],
                    [
                        119.568070776,
                        13.4770818200001
                    ],
                    [
                        119.619007448,
                        13.4165001970001
                    ],
                    [
                        119.619863271,
                        13.3552381750001
                    ],
                    [
                        119.675093613,
                        13.2824378510001
                    ],
                    [
                        119.759634012,
                        13.1977347390001
                    ],
                    [
                        119.910956926,
                        13.101542581
                    ],
                    [
                        120.045312603,
                        13.0213890970001
                    ],
                    [
                        120.174871527,
                        12.9901389140001
                    ],
                    [
                        120.32107909,
                        12.958989354
                    ],
                    [
                        120.425554436,
                        12.9314298090001
                    ],
                    [
                        120.517715464,
                        12.8832676010001
                    ],
                    [
                        120.647908714,
                        12.7740846710001
                    ],
                    [
                        120.744323975,
                        12.705420077
                    ],
                    [
                        120.873997782,
                        12.636979125
                    ]
                ]
            },
            "properties": {
                "OBJECTID_1": 1,
                "OBJECTID": 1,
                "Id": 0,
                "NAME": "Manila Trench",
                "DESC_": "Trench",
                "Shape_Leng": 1017720.36199,
                "Shape__Length": null,
                "Shape__Length_2": null
            }
        },
        {
            "type": "Feature",
            "id": 2,
            "geometry": {
                "type": "LineString",
                "coordinates": [
                    [
                        121.834168939,
                        10.478289965
                    ],
                    [
                        121.743258086,
                        10.6619933370001
                    ],
                    [
                        121.669251775,
                        10.8234217190001
                    ],
                    [
                        121.640055132,
                        11.0407941930001
                    ],
                    [
                        121.639148283,
                        11.2359796740001
                    ],
                    [
                        121.649424515,
                        11.453521428
                    ],
                    [
                        121.614546359,
                        11.648540847
                    ],
                    [
                        121.574173935,
                        11.7989089950001
                    ],
                    [
                        121.494075972,
                        11.954631163
                    ],
                    [
                        121.408310936,
                        12.0935579870001
                    ],
                    [
                        121.305765005,
                        12.1821625080001
                    ],
                    [
                        121.174730683,
                        12.2816820120001
                    ],
                    [
                        121.077381586,
                        12.41481494
                    ],
                    [
                        120.957407352,
                        12.5254284000001
                    ],
                    [
                        120.905894293,
                        12.5807755800001
                    ],
                    [
                        120.873997782,
                        12.636979125
                    ]
                ]
            },
            "properties": {
                "OBJECTID_1": 2,
                "OBJECTID": 2,
                "Id": 0,
                "NAME": " ",
                "DESC_": "Collision zone",
                "Shape_Leng": 272866.74986,
                "Shape__Length": null,
                "Shape__Length_2": null
            }
        },
        {
            "type": "Feature",
            "id": 3,
            "geometry": {
                "type": "LineString",
                "coordinates": [
                    [
                        125.00644412,
                        4.97734541700004
                    ],
                    [
                        124.931556101,
                        5.05289848800004
                    ],
                    [
                        124.806477638,
                        5.09845956800007
                    ],
                    [
                        124.626308333,
                        5.15921365600008
                    ],
                    [
                        124.300904903,
                        5.28052622900009
                    ],
                    [
                        124.060513311,
                        5.37643680300005
                    ],
                    [
                        123.935328368,
                        5.46205026900009
                    ],
                    [
                        123.815154396,
                        5.57275741500007
                    ],
                    [
                        123.780105672,
                        5.61299859000007
                    ],
                    [
                        123.740152732,
                        5.74368085700007
                    ],
                    [
                        123.700172495,
                        5.86431359800008
                    ],
                    [
                        123.64013955,
                        6.01511451000005
                    ],
                    [
                        123.595098403,
                        6.13072481100005
                    ],
                    [
                        123.565266204,
                        6.39704556400005
                    ],
                    [
                        123.55032942,
                        6.51764464400009
                    ],
                    [
                        123.570595866,
                        6.66834941300004
                    ],
                    [
                        123.585833691,
                        6.80398498000005
                    ],
                    [
                        123.590940344,
                        6.86929305600006
                    ]
                ]
            },
            "properties": {
                "OBJECTID_1": 3,
                "OBJECTID": 3,
                "Id": 0,
                "NAME": "Cotabato Trench",
                "DESC_": "Trench",
                "Shape_Leng": 298585.876045,
                "Shape__Length": null,
                "Shape__Length_2": null
            }
        },
        {
            "type": "Feature",
            "id": 4,
            "geometry": {
                "type": "LineString",
                "coordinates": [
                    [
                        123.590940344,
                        6.86929305600006
                    ],
                    [
                        123.60122467,
                        7.05014935500009
                    ],
                    [
                        123.596436561,
                        7.23604745300008
                    ],
                    [
                        123.586485401,
                        7.32146984900004
                    ]
                ]
            },
            "properties": {
                "OBJECTID_1": 4,
                "OBJECTID": 4,
                "Id": 0,
                "NAME": " ",
                "DESC_": "Collision zone",
                "Shape_Leng": 50092.7237736,
                "Shape__Length": null,
                "Shape__Length_2": null
            }
        },
        {
            "type": "Feature",
            "id": 5,
            "geometry": {
                "type": "LineString",
                "coordinates": [
                    [
                        127.933292857,
                        4.96620816400008
                    ],
                    [
                        127.769743852,
                        5.19134303500005
                    ],
                    [
                        127.60205244,
                        5.47032785200008
                    ],
                    [
                        127.430219248,
                        5.80319438600009
                    ],
                    [
                        127.351372908,
                        6.01890134700005
                    ],
                    [
                        127.316423362,
                        6.12673094900009
                    ],
                    [
                        127.291685488,
                        6.38685355400008
                    ],
                    [
                        127.284975437,
                        6.65131580500008
                    ],
                    [
                        127.288626555,
                        7.05909283000005
                    ],
                    [
                        127.317271621,
                        7.24300656900004
                    ],
                    [
                        127.292068205,
                        7.42249968500005
                    ],
                    [
                        127.255201412,
                        7.78137832700008
                    ],
                    [
                        127.232068811,
                        8.15358607200005
                    ],
                    [
                        127.202244151,
                        8.31075914500008
                    ],
                    [
                        127.141254137,
                        8.49964774500006
                    ],
                    [
                        127.106733303,
                        8.63896428100009
                    ],
                    [
                        127.090230936,
                        8.77809356800009
                    ],
                    [
                        126.991176357,
                        9.19650761700007
                    ],
                    [
                        126.875974552,
                        9.78508563200006
                    ],
                    [
                        126.742165046,
                        10.3336280140001
                    ],
                    [
                        126.711848674,
                        10.4505636270001
                    ],
                    [
                        126.61523204,
                        10.7108759710001
                    ],
                    [
                        126.469285254,
                        11.0309765740001
                    ],
                    [
                        126.358890432,
                        11.3013511830001
                    ],
                    [
                        126.302410213,
                        11.52627111
                    ],
                    [
                        126.206276812,
                        11.8682858800001
                    ],
                    [
                        126.153707635,
                        12.0483245380001
                    ],
                    [
                        126.051032725,
                        12.2379024350001
                    ],
                    [
                        125.858170585,
                        12.5406197680001
                    ],
                    [
                        125.755252066,
                        12.7400430850001
                    ],
                    [
                        125.701594447,
                        12.852787392
                    ],
                    [
                        125.693215989,
                        12.9246756480001
                    ],
                    [
                        125.717062663,
                        13.014179008
                    ],
                    [
                        125.69505827,
                        13.0951851350001
                    ],
                    [
                        125.636554736,
                        13.1900329170001
                    ],
                    [
                        125.469877232,
                        13.4654764990001
                    ],
                    [
                        125.429837307,
                        13.5870506730001
                    ],
                    [
                        125.254947171,
                        14.0101843460001
                    ],
                    [
                        125.201508223,
                        14.1902261830001
                    ],
                    [
                        125.175196473,
                        14.3251299770001
                    ],
                    [
                        125.121526442,
                        14.4917038450001
                    ],
                    [
                        125.049391934,
                        14.6629260770001
                    ],
                    [
                        124.958298991,
                        14.7894081410001
                    ],
                    [
                        124.853101998,
                        14.8980222770001
                    ],
                    [
                        124.729036676,
                        14.970825909
                    ],
                    [
                        124.494379167,
                        15.0982045620001
                    ],
                    [
                        124.351770465,
                        15.2023760420001
                    ],
                    [
                        124.149071052,
                        15.3427072330001
                    ],
                    [
                        123.909166437,
                        15.509969706
                    ],
                    [
                        123.793691351,
                        15.5912484770001
                    ]
                ]
            },
            "properties": {
                "OBJECTID_1": 5,
                "OBJECTID": 5,
                "Id": 0,
                "NAME": "Philippine Trench",
                "DESC_": "Trench",
                "Shape_Leng": 1309459.40947,
                "Shape__Length": null,
                "Shape__Length_2": null
            }
        },
        {
            "type": "Feature",
            "id": 6,
            "geometry": {
                "type": "LineString",
                "coordinates": [
                    [
                        123.793691351,
                        15.5912484770001
                    ],
                    [
                        122.699958841,
                        15.7272072630001
                    ]
                ]
            },
            "properties": {
                "OBJECTID_1": 6,
                "OBJECTID": 6,
                "Id": 0,
                "NAME": " ",
                "DESC_": "Transform Fault",
                "Shape_Leng": 118180.585951,
                "Shape__Length": null,
                "Shape__Length_2": null
            }
        },
        {
            "type": "Feature",
            "id": 7,
            "geometry": {
                "type": "LineString",
                "coordinates": [
                    [
                        122.699958841,
                        15.7272072630001
                    ],
                    [
                        122.718394249,
                        15.8080698580001
                    ],
                    [
                        122.838822061,
                        16.0282501720001
                    ],
                    [
                        123.033919922,
                        16.4010495560001
                    ],
                    [
                        123.136478094,
                        16.69290419
                    ],
                    [
                        123.253374943,
                        17.0026423850001
                    ],
                    [
                        123.356483483,
                        17.231498463
                    ],
                    [
                        123.403375643,
                        17.3077452790001
                    ]
                ]
            },
            "properties": {
                "OBJECTID_1": 7,
                "OBJECTID": 7,
                "Id": 0,
                "NAME": "East Luzon Trough",
                "DESC_": "Trench",
                "Shape_Leng": 190862.432138,
                "Shape__Length": null,
                "Shape__Length_2": null
            }
        },
        {
            "type": "Feature",
            "id": 8,
            "geometry": {
                "type": "LineString",
                "coordinates": [
                    [
                        125.605719293,
                        6.43282684400009
                    ],
                    [
                        125.488888886,
                        6.49031270900008
                    ],
                    [
                        125.388664445,
                        6.52761777700005
                    ],
                    [
                        125.291950749,
                        6.60506456000007
                    ]
                ]
            },
            "properties": {
                "OBJECTID_1": 8,
                "OBJECTID": 8,
                "Id": 0,
                "NAME": " ",
                "DESC_": "Trace approximate",
                "Shape_Leng": 39953.8278846,
                "Shape__Length": null,
                "Shape__Length_2": null
            }
        },
        {
            "type": "Feature",
            "id": 9,
            "geometry": {
                "type": "LineString",
                "coordinates": [
                    [
                        125.247697888,
                        6.44122345200009
                    ],
                    [
                        125.211380496,
                        6.55521067700005
                    ],
                    [
                        125.164920954,
                        6.64915704500004
                    ],
                    [
                        125.088493248,
                        6.78675931100008
                    ]
                ]
            },
            "properties": {
                "OBJECTID_1": 9,
                "OBJECTID": 9,
                "Id": 0,
                "NAME": " ",
                "DESC_": "Trace approximate",
                "Shape_Leng": 42240.4537383,
                "Shape__Length": null,
                "Shape__Length_2": null
            }
        },
        {
            "type": "Feature",
            "id": 10,
            "geometry": {
                "type": "LineString",
                "coordinates": [
                    [
                        125.141352286,
                        6.61912733500009
                    ],
                    [
                        125.054408231,
                        6.64628023600005
                    ],
                    [
                        124.954174484,
                        6.70360927900009
                    ]
                ]
            },
            "properties": {
                "OBJECTID_1": 10,
                "OBJECTID": 10,
                "Id": 0,
                "NAME": " ",
                "DESC_": "Trace approximate",
                "Shape_Leng": 22845.9291727,
                "Shape__Length": null,
                "Shape__Length_2": null
            }
        },
        {
            "type": "Feature",
            "id": 11,
            "geometry": {
                "type": "LineString",
                "coordinates": [
                    [
                        124.980405484,
                        6.56287270200005
                    ],
                    [
                        124.92721063,
                        6.66018588000009
                    ],
                    [
                        124.890565387,
                        6.71055555100008
                    ],
                    [
                        124.860510445,
                        6.73411065000005
                    ]
                ]
            },
            "properties": {
                "OBJECTID_1": 11,
                "OBJECTID": 11,
                "Id": 0,
                "NAME": " ",
                "DESC_": "Trace approximate",
                "Shape_Leng": 23378.8849517,
                "Shape__Length": null,
                "Shape__Length_2": null
            }
        },
        {
            "type": "Feature",
            "id": 12,
            "geometry": {
                "type": "LineString",
                "coordinates": [
                    [
                        124.862384721,
                        6.33561949500006
                    ],
                    [
                        124.805910102,
                        6.45637330800008
                    ],
                    [
                        124.759144987,
                        6.48667623000006
                    ],
                    [
                        124.71239634,
                        6.52367398300004
                    ],
                    [
                        124.685732582,
                        6.56060196700008
                    ],
                    [
                        124.669100904,
                        6.59414704400007
                    ]
                ]
            },
            "properties": {
                "OBJECTID_1": 12,
                "OBJECTID": 12,
                "Id": 0,
                "NAME": " ",
                "DESC_": "Trace approximate",
                "Shape_Leng": 36681.6211017,
                "Shape__Length": null,
                "Shape__Length_2": null
            }
        },
        {
            "type": "Feature",
            "id": 13,
            "geometry": {
                "type": "LineString",
                "coordinates": [
                    [
                        124.586903689,
                        5.99492483100005
                    ],
                    [
                        124.536941609,
                        6.07209931200009
                    ],
                    [
                        124.466916311,
                        6.15937592100005
                    ],
                    [
                        124.366754007,
                        6.25007704600006
                    ]
                ]
            },
            "properties": {
                "OBJECTID_1": 13,
                "OBJECTID": 13,
                "Id": 0,
                "NAME": " ",
                "DESC_": "Trace approximate",
                "Shape_Leng": 37496.3521697,
                "Shape__Length": null,
                "Shape__Length_2": null
            }
        },
        {
            "type": "Feature",
            "id": 14,
            "geometry": {
                "type": "LineString",
                "coordinates": [
                    [
                        124.86084443,
                        5.89025376600006
                    ],
                    [
                        124.780744561,
                        5.94074784500009
                    ],
                    [
                        124.767591929,
                        6.01111573600008
                    ],
                    [
                        124.764485798,
                        6.08480023200008
                    ]
                ]
            },
            "properties": {
                "OBJECTID_1": 14,
                "OBJECTID": 14,
                "Id": 0,
                "NAME": " ",
                "DESC_": "Trace approximate",
                "Shape_Leng": 26556.0273993,
                "Shape__Length": null,
                "Shape__Length_2": null
            }
        },
        {
            "type": "Feature",
            "id": 15,
            "geometry": {
                "type": "LineString",
                "coordinates": [
                    [
                        124.184107952,
                        6.86685314900006
                    ],
                    [
                        124.11053768,
                        6.93737243200007
                    ],
                    [
                        124.050311106,
                        6.98775553200005
                    ],
                    [
                        124.003432736,
                        7.01465588900004
                    ]
                ]
            },
            "properties": {
                "OBJECTID_1": 15,
                "OBJECTID": 15,
                "Id": 0,
                "NAME": " ",
                "DESC_": "Trace approximate",
                "Shape_Leng": 25914.1321923,
                "Shape__Length": null,
                "Shape__Length_2": null
            }
        },
        {
            "type": "Feature",
            "id": 16,
            "geometry": {
                "type": "LineString",
                "coordinates": [
                    [
                        125.332592658,
                        7.37481603800006
                    ],
                    [
                        125.356851607,
                        7.52197675000008
                    ],
                    [
                        125.377861155,
                        7.68253780400005
                    ],
                    [
                        125.382007455,
                        7.82310382500009
                    ],
                    [
                        125.382178861,
                        7.85322896900004
                    ]
                ]
            },
            "properties": {
                "OBJECTID_1": 16,
                "OBJECTID": 16,
                "Id": 0,
                "NAME": " ",
                "DESC_": "Trace approximate",
                "Shape_Leng": 53309.9611038,
                "Shape__Length": null,
                "Shape__Length_2": null
            }
        },
        {
            "type": "Feature",
            "id": 17,
            "geometry": {
                "type": "LineString",
                "coordinates": [
                    [
                        125.672975531,
                        7.66072205200004
                    ],
                    [
                        125.603454338,
                        7.81175473600007
                    ],
                    [
                        125.497211277,
                        8.00317868100007
                    ],
                    [
                        125.357253142,
                        8.18810754100008
                    ],
                    [
                        125.297127013,
                        8.24870917700008
                    ]
                ]
            },
            "properties": {
                "OBJECTID_1": 17,
                "OBJECTID": 17,
                "Id": 0,
                "NAME": "Central Mindanao Fault",
                "DESC_": "Trace approximate",
                "Shape_Leng": 77660.2632813,
                "Shape__Length": null,
                "Shape__Length_2": null
            }
        },
        {
            "type": "Feature",
            "id": 18,
            "geometry": {
                "type": "LineString",
                "coordinates": [
                    [
                        125.974494373,
                        7.10668260100005
                    ],
                    [
                        125.921242433,
                        7.16055771800006
                    ],
                    [
                        125.888165842,
                        7.22768869500004
                    ],
                    [
                        125.872009092,
                        7.32148267700006
                    ]
                ]
            },
            "properties": {
                "OBJECTID_1": 18,
                "OBJECTID": 18,
                "Id": 0,
                "NAME": " ",
                "DESC_": "Trace approximate",
                "Shape_Leng": 27196.3170481,
                "Shape__Length": null,
                "Shape__Length_2": null
            }
        },
        {
            "type": "Feature",
            "id": 19,
            "geometry": {
                "type": "LineString",
                "coordinates": [
                    [
                        126.197803979,
                        6.94797120900006
                    ],
                    [
                        126.174913163,
                        7.02841139700007
                    ],
                    [
                        126.148716939,
                        7.11556689700006
                    ],
                    [
                        126.149129553,
                        7.17577986300006
                    ],
                    [
                        126.169831562,
                        7.26261373600005
                    ],
                    [
                        126.18063995,
                        7.36958458000004
                    ],
                    [
                        126.174586215,
                        7.45994839000008
                    ],
                    [
                        126.151971605,
                        7.57719496000004
                    ]
                ]
            },
            "properties": {
                "OBJECTID_1": 19,
                "OBJECTID": 19,
                "Id": 0,
                "NAME": "PFZ: Mati Fault",
                "DESC_": "Active Fault",
                "Shape_Leng": 71033.7677218,
                "Shape__Length": null,
                "Shape__Length_2": null
            }
        },
        {
            "type": "Feature",
            "id": 20,
            "geometry": {
                "type": "LineString",
                "coordinates": [
                    [
                        126.239987699,
                        6.75032584600007
                    ],
                    [
                        126.170377137,
                        6.85114260800009
                    ],
                    [
                        126.124066863,
                        6.93508185300004
                    ],
                    [
                        126.100918334,
                        6.97872512100008
                    ]
                ]
            },
            "properties": {
                "OBJECTID_1": 20,
                "OBJECTID": 20,
                "Id": 0,
                "NAME": " ",
                "DESC_": "Trace approximate",
                "Shape_Leng": 29643.160992,
                "Shape__Length": null,
                "Shape__Length_2": null
            }
        },
        {
            "type": "Feature",
            "id": 21,
            "geometry": {
                "type": "LineString",
                "coordinates": [
                    [
                        126.084552036,
                        7.03570658900009
                    ],
                    [
                        126.041700866,
                        7.13970263800007
                    ],
                    [
                        126.01865152,
                        7.20007707400009
                    ],
                    [
                        125.998949358,
                        7.26043060600006
                    ],
                    [
                        125.972565137,
                        7.32417532500006
                    ]
                ]
            },
            "properties": {
                "OBJECTID_1": 21,
                "OBJECTID": 21,
                "Id": 0,
                "NAME": " ",
                "DESC_": "Trace approximate",
                "Shape_Leng": 34265.4287341,
                "Shape__Length": null,
                "Shape__Length_2": null
            }
        },
        {
            "type": "Feature",
            "id": 22,
            "geometry": {
                "type": "LineString",
                "coordinates": [
                    [
                        125.976340033,
                        7.38772103400004
                    ],
                    [
                        125.929817215,
                        7.44825633600004
                    ],
                    [
                        125.900380233,
                        7.55886932900006
                    ],
                    [
                        125.881067644,
                        7.67945598500006
                    ],
                    [
                        125.868901854,
                        7.86357239100005
                    ],
                    [
                        125.856380643,
                        7.99415598900009
                    ],
                    [
                        125.827030581,
                        8.11816642200006
                    ],
                    [
                        125.804133628,
                        8.20532674900005
                    ],
                    [
                        125.774605737,
                        8.30558553400004
                    ],
                    [
                        125.755035858,
                        8.38937991800009
                    ]
                ]
            },
            "properties": {
                "OBJECTID_1": 22,
                "OBJECTID": 22,
                "Id": 0,
                "NAME": "PFZ: Eastern Mindanao Fault",
                "DESC_": "Active Fault",
                "Shape_Leng": 114737.36491,
                "Shape__Length": null,
                "Shape__Length_2": null
            }
        },
        {
            "type": "Feature",
            "id": 23,
            "geometry": {
                "type": "LineString",
                "coordinates": [
                    [
                        125.253802001,
                        8.31188976200008
                    ],
                    [
                        125.224066543,
                        8.40244331000008
                    ],
                    [
                        125.167856166,
                        8.57014385200006
                    ],
                    [
                        125.124901833,
                        8.70764269100005
                    ],
                    [
                        125.085161212,
                        8.82169027700007
                    ]
                ]
            },
            "properties": {
                "OBJECTID_1": 23,
                "OBJECTID": 23,
                "Id": 0,
                "NAME": "Central Mindanao Fault",
                "DESC_": "Trace approximate",
                "Shape_Leng": 59383.8934367,
                "Shape__Length": null,
                "Shape__Length_2": null
            }
        },
        {
            "type": "Feature",
            "id": 24,
            "geometry": {
                "type": "LineString",
                "coordinates": [
                    [
                        125.056900616,
                        8.57744690200008
                    ],
                    [
                        124.93288644,
                        8.66514119700008
                    ],
                    [
                        124.839034847,
                        8.73926830300007
                    ],
                    [
                        124.765230755,
                        8.78984645100007
                    ]
                ]
            },
            "properties": {
                "OBJECTID_1": 24,
                "OBJECTID": 24,
                "Id": 0,
                "NAME": "Cabanglasan Fault",
                "DESC_": "Trace approximate",
                "Shape_Leng": 39798.6312815,
                "Shape__Length": null,
                "Shape__Length_2": null
            }
        },
        {
            "type": "Feature",
            "id": 25,
            "geometry": {
                "type": "LineString",
                "coordinates": [
                    [
                        125.363892866,
                        8.72631530000007
                    ],
                    [
                        125.300177325,
                        8.76018112700007
                    ],
                    [
                        125.263531681,
                        8.82065712400009
                    ],
                    [
                        125.240217405,
                        8.86096732000004
                    ]
                ]
            },
            "properties": {
                "OBJECTID_1": 25,
                "OBJECTID": 25,
                "Id": 0,
                "NAME": " ",
                "DESC_": "Trace approximate",
                "Shape_Leng": 20910.2352228,
                "Shape__Length": null,
                "Shape__Length_2": null
            }
        },
        {
            "type": "Feature",
            "id": 26,
            "geometry": {
                "type": "LineString",
                "coordinates": [
                    [
                        125.404952648,
                        8.83316640500004
                    ],
                    [
                        125.304373146,
                        8.89405107900006
                    ],
                    [
                        125.230729637,
                        8.96145022700006
                    ],
                    [
                        125.170447954,
                        9.01537155300008
                    ]
                ]
            },
            "properties": {
                "OBJECTID_1": 26,
                "OBJECTID": 26,
                "Id": 0,
                "NAME": " ",
                "DESC_": "Trace approximate",
                "Shape_Leng": 32888.8407669,
                "Shape__Length": null,
                "Shape__Length_2": null
            }
        },
        {
            "type": "Feature",
            "id": 27,
            "geometry": {
                "type": "LineString",
                "coordinates": [
                    [
                        125.458703584,
                        8.81942959500009
                    ],
                    [
                        125.405344725,
                        8.89341258700006
                    ],
                    [
                        125.38556439,
                        8.95713637800009
                    ]
                ]
            },
            "properties": {
                "OBJECTID_1": 27,
                "OBJECTID": 27,
                "Id": 0,
                "NAME": " ",
                "DESC_": "Trace approximate",
                "Shape_Leng": 17454.511125,
                "Shape__Length": null,
                "Shape__Length_2": null
            }
        },
        {
            "type": "Feature",
            "id": 28,
            "geometry": {
                "type": "LineString",
                "coordinates": [
                    [
                        126.075288873,
                        8.09227809500004
                    ],
                    [
                        125.915247049,
                        8.24401911000007
                    ],
                    [
                        125.792042854,
                        8.39547724100004
                    ],
                    [
                        125.712333938,
                        8.52989185400008
                    ],
                    [
                        125.632976213,
                        8.72119634900008
                    ]
                ]
            },
            "properties": {
                "OBJECTID_1": 28,
                "OBJECTID": 28,
                "Id": 0,
                "NAME": " ",
                "DESC_": "Active Fault",
                "Shape_Leng": 86127.5272273,
                "Shape__Length": null,
                "Shape__Length_2": null
            }
        },
        {
            "type": "Feature",
            "id": 29,
            "geometry": {
                "type": "LineString",
                "coordinates": [
                    [
                        126.380545439,
                        8.46444195100008
                    ],
                    [
                        126.26334551,
                        8.50892171000004
                    ],
                    [
                        126.216533149,
                        8.53607179300008
                    ]
                ]
            },
            "properties": {
                "OBJECTID_1": 29,
                "OBJECTID": 29,
                "Id": 0,
                "NAME": "PFZ: Lianga Fault",
                "DESC_": "Active Fault",
                "Shape_Leng": 19800.045064,
                "Shape__Length": null,
                "Shape__Length_2": null
            }
        },
        {
            "type": "Feature",
            "id": 30,
            "geometry": {
                "type": "LineString",
                "coordinates": [
                    [
                        126.149384898,
                        8.54331396500004
                    ],
                    [
                        126.012023908,
                        8.59793668500009
                    ],
                    [
                        125.871373969,
                        8.66927785100006
                    ],
                    [
                        125.784395991,
                        8.73015415100008
                    ],
                    [
                        125.731049542,
                        8.79412281400005
                    ]
                ]
            },
            "properties": {
                "OBJECTID_1": 30,
                "OBJECTID": 30,
                "Id": 0,
                "NAME": "PFZ: Lianga Fault",
                "DESC_": "Active Fault",
                "Shape_Leng": 54603.3746832,
                "Shape__Length": null,
                "Shape__Length_2": null
            }
        },
        {
            "type": "Feature",
            "id": 31,
            "geometry": {
                "type": "LineString",
                "coordinates": [
                    [
                        125.676485978,
                        8.69077348600007
                    ],
                    [
                        125.646784601,
                        8.77129883100008
                    ],
                    [
                        125.617430976,
                        8.90202223700004
                    ],
                    [
                        125.59167543,
                        9.06618974600008
                    ],
                    [
                        125.585713251,
                        9.17332550500004
                    ]
                ]
            },
            "properties": {
                "OBJECTID_1": 31,
                "OBJECTID": 31,
                "Id": 0,
                "NAME": " ",
                "DESC_": "Active Fault",
                "Shape_Leng": 54580.1000842,
                "Shape__Length": null,
                "Shape__Length_2": null
            }
        },
        {
            "type": "Feature",
            "id": 32,
            "geometry": {
                "type": "LineString",
                "coordinates": [
                    [
                        124.081369015,
                        9.59635108600008
                    ],
                    [
                        124.396097696,
                        9.82073266200007
                    ]
                ]
            },
            "properties": {
                "OBJECTID_1": 32,
                "OBJECTID": 32,
                "Id": 0,
                "NAME": "East Bohol Fault",
                "DESC_": "Trace approximate",
                "Shape_Leng": 42522.3232916,
                "Shape__Length": null,
                "Shape__Length_2": null
            }
        },
        {
            "type": "Feature",
            "id": 33,
            "geometry": {
                "type": "LineString",
                "coordinates": [
                    [
                        123.435677991,
                        9.61924825100004
                    ],
                    [
                        123.482789533,
                        9.76598111500005
                    ],
                    [
                        123.562498612,
                        9.94487380700008
                    ]
                ]
            },
            "properties": {
                "OBJECTID_1": 33,
                "OBJECTID": 33,
                "Id": 0,
                "NAME": "Cebu Lineament",
                "DESC_": "Trace approximate",
                "Shape_Leng": 38651.7300253,
                "Shape__Length": null,
                "Shape__Length_2": null
            }
        },
        {
            "type": "Feature",
            "id": 34,
            "geometry": {
                "type": "LineString",
                "coordinates": [
                    [
                        123.349170703,
                        9.69811625100004
                    ],
                    [
                        123.486735691,
                        9.99511705200007
                    ]
                ]
            },
            "properties": {
                "OBJECTID_1": 34,
                "OBJECTID": 34,
                "Id": 0,
                "NAME": "Cebu Lineament",
                "DESC_": "Trace approximate",
                "Shape_Leng": 36137.0261404,
                "Shape__Length": null,
                "Shape__Length_2": null
            }
        },
        {
            "type": "Feature",
            "id": 35,
            "geometry": {
                "type": "LineString",
                "coordinates": [
                    [
                        123.617033719,
                        10.1381100290001
                    ],
                    [
                        123.707636199,
                        10.259651874
                    ],
                    [
                        123.888931478,
                        10.459683419
                    ]
                ]
            },
            "properties": {
                "OBJECTID_1": 35,
                "OBJECTID": 35,
                "Id": 0,
                "NAME": "Cebu Lineament",
                "DESC_": "Trace approximate",
                "Shape_Leng": 46425.63745,
                "Shape__Length": null,
                "Shape__Length_2": null
            }
        },
        {
            "type": "Feature",
            "id": 36,
            "geometry": {
                "type": "LineString",
                "coordinates": [
                    [
                        123.686141629,
                        10.3492011530001
                    ],
                    [
                        123.849155964,
                        10.463371813
                    ],
                    [
                        123.914312077,
                        10.481091054
                    ]
                ]
            },
            "properties": {
                "OBJECTID_1": 36,
                "OBJECTID": 36,
                "Id": 0,
                "NAME": "Cebu Lineament",
                "DESC_": "Trace approximate",
                "Shape_Leng": 29254.4541032,
                "Shape__Length": null,
                "Shape__Length_2": null
            }
        },
        {
            "type": "Feature",
            "id": 37,
            "geometry": {
                "type": "LineString",
                "coordinates": [
                    [
                        122.901581389,
                        10.045226159
                    ],
                    [
                        123.04609696,
                        10.1383283090001
                    ],
                    [
                        123.295566033,
                        10.2814123190001
                    ]
                ]
            },
            "properties": {
                "OBJECTID_1": 37,
                "OBJECTID": 37,
                "Id": 0,
                "NAME": "Central Negros Fault",
                "DESC_": "Trace approximate",
                "Shape_Leng": 50458.8028362,
                "Shape__Length": null,
                "Shape__Length_2": null
            }
        },
        {
            "type": "Feature",
            "id": 38,
            "geometry": {
                "type": "LineString",
                "coordinates": [
                    [
                        123.024383571,
                        9.70867667200008
                    ],
                    [
                        122.832995949,
                        9.94136648500006
                    ]
                ]
            },
            "properties": {
                "OBJECTID_1": 38,
                "OBJECTID": 38,
                "Id": 0,
                "NAME": "Central Negros Fault",
                "DESC_": "Trace approximate",
                "Shape_Leng": 33201.1327418,
                "Shape__Length": null,
                "Shape__Length_2": null
            }
        },
        {
            "type": "Feature",
            "id": 39,
            "geometry": {
                "type": "LineString",
                "coordinates": [
                    [
                        122.862123209,
                        9.36133924800009
                    ],
                    [
                        122.937821008,
                        9.42939118600009
                    ],
                    [
                        122.991907904,
                        9.52607123000007
                    ],
                    [
                        123.046017978,
                        9.56903461500008
                    ]
                ]
            },
            "properties": {
                "OBJECTID_1": 39,
                "OBJECTID": 39,
                "Id": 0,
                "NAME": "Central Negros Fault",
                "DESC_": "Trace approximate",
                "Shape_Leng": 31042.4271053,
                "Shape__Length": null,
                "Shape__Length_2": null
            }
        },
        {
            "type": "Feature",
            "id": 40,
            "geometry": {
                "type": "LineString",
                "coordinates": [
                    [
                        123.031542082,
                        9.05343339500007
                    ],
                    [
                        123.013540157,
                        9.28259317100009
                    ]
                ]
            },
            "properties": {
                "OBJECTID_1": 40,
                "OBJECTID": 40,
                "Id": 0,
                "NAME": "Central Negros Fault",
                "DESC_": "Trace approximate",
                "Shape_Leng": 25412.8297938,
                "Shape__Length": null,
                "Shape__Length_2": null
            }
        },
        {
            "type": "Feature",
            "id": 41,
            "geometry": {
                "type": "LineString",
                "coordinates": [
                    [
                        123.063973235,
                        9.12146090600004
                    ],
                    [
                        123.182905664,
                        9.20019347500005
                    ],
                    [
                        123.244208229,
                        9.26102670700004
                    ]
                ]
            },
            "properties": {
                "OBJECTID_1": 41,
                "OBJECTID": 41,
                "Id": 0,
                "NAME": "Central Negros Fault",
                "DESC_": "Trace approximate",
                "Shape_Leng": 25217.9351092,
                "Shape__Length": null,
                "Shape__Length_2": null
            }
        },
        {
            "type": "Feature",
            "id": 42,
            "geometry": {
                "type": "LineString",
                "coordinates": [
                    [
                        122.079997374,
                        10.5863232250001
                    ],
                    [
                        122.101571208,
                        10.632923996
                    ],
                    [
                        122.177375122,
                        10.7047306580001
                    ],
                    [
                        122.263972318,
                        10.8195067170001
                    ],
                    [
                        122.336055777,
                        10.9736105900001
                    ],
                    [
                        122.357577014,
                        11.0738965990001
                    ],
                    [
                        122.357420343,
                        11.1454957610001
                    ],
                    [
                        122.346360041,
                        11.227810714
                    ]
                ]
            },
            "properties": {
                "OBJECTID_1": 42,
                "OBJECTID": 42,
                "Id": 0,
                "NAME": "West Panay Fault",
                "DESC_": "Trace approximate",
                "Shape_Leng": 80191.9821304,
                "Shape__Length": null,
                "Shape__Length_2": null
            }
        },
        {
            "type": "Feature",
            "id": 43,
            "geometry": {
                "type": "LineString",
                "coordinates": [
                    [
                        122.292252765,
                        11.1095498930001
                    ],
                    [
                        122.277381272,
                        11.259870435
                    ],
                    [
                        122.244290125,
                        11.4316204150001
                    ],
                    [
                        122.243908077,
                        11.5748114820001
                    ],
                    [
                        122.243434115,
                        11.7498606340001
                    ]
                ]
            },
            "properties": {
                "OBJECTID_1": 43,
                "OBJECTID": 43,
                "Id": 0,
                "NAME": "West Panay Fault",
                "DESC_": "Trace approximate",
                "Shape_Leng": 71227.3636833,
                "Shape__Length": null,
                "Shape__Length_2": null
            }
        },
        {
            "type": "Feature",
            "id": 44,
            "geometry": {
                "type": "LineString",
                "coordinates": [
                    [
                        125.366546452,
                        11.1848677980001
                    ],
                    [
                        125.278018019,
                        11.292184423
                    ],
                    [
                        125.219153868,
                        11.3882325600001
                    ],
                    [
                        125.149489363,
                        11.5395117300001
                    ]
                ]
            },
            "properties": {
                "OBJECTID_1": 44,
                "OBJECTID": 44,
                "Id": 0,
                "NAME": "Southern Samar Lineament",
                "DESC_": "Trace approximate",
                "Shape_Leng": 46121.8936313,
                "Shape__Length": null,
                "Shape__Length_2": null
            }
        },
        {
            "type": "Feature",
            "id": 45,
            "geometry": {
                "type": "LineString",
                "coordinates": [
                    [
                        125.239323914,
                        11.1049545330001
                    ],
                    [
                        125.206567973,
                        11.2044766150001
                    ],
                    [
                        125.196064244,
                        11.2928032390001
                    ],
                    [
                        125.192927631,
                        11.370044271
                    ]
                ]
            },
            "properties": {
                "OBJECTID_1": 45,
                "OBJECTID": 45,
                "Id": 0,
                "NAME": "Southern Samar Lineament",
                "DESC_": "Trace approximate",
                "Shape_Leng": 29973.9088349,
                "Shape__Length": null,
                "Shape__Length_2": null
            }
        },
        {
            "type": "Feature",
            "id": 46,
            "geometry": {
                "type": "LineString",
                "coordinates": [
                    [
                        125.313371452,
                        9.93418727900007
                    ],
                    [
                        125.252500832,
                        10.0515897320001
                    ],
                    [
                        125.199353528,
                        10.1263957840001
                    ],
                    [
                        125.169223205,
                        10.1420320070001
                    ],
                    [
                        125.103874547,
                        10.3631048300001
                    ],
                    [
                        125.045677026,
                        10.5510351390001
                    ],
                    [
                        124.983326773,
                        10.6801501140001
                    ],
                    [
                        124.942825619,
                        10.7429256460001
                    ],
                    [
                        124.920791256,
                        10.7871955570001
                    ],
                    [
                        124.861640342,
                        10.8464026120001
                    ],
                    [
                        124.798722788,
                        10.901945991
                    ],
                    [
                        124.743462873,
                        10.997894547
                    ],
                    [
                        124.643834177,
                        11.1566121160001
                    ],
                    [
                        124.544006404,
                        11.29691926
                    ],
                    [
                        124.477415928,
                        11.3928973020001
                    ],
                    [
                        124.381000872,
                        11.5000433220001
                    ],
                    [
                        124.343861344,
                        11.5333240470001
                    ]
                ]
            },
            "properties": {
                "OBJECTID_1": 46,
                "OBJECTID": 46,
                "Id": 0,
                "NAME": "PFZ: Central Leyte Fault",
                "DESC_": "Active Fault",
                "Shape_Leng": 209672.574621,
                "Shape__Length": null,
                "Shape__Length_2": null
            }
        },
        {
            "type": "Feature",
            "id": 47,
            "geometry": {
                "type": "LineString",
                "coordinates": [
                    [
                        124.985299398,
                        10.4079911320001
                    ],
                    [
                        124.993362771,
                        10.5072377320001
                    ],
                    [
                        124.983326773,
                        10.6801501140001
                    ]
                ]
            },
            "properties": {
                "OBJECTID_1": 47,
                "OBJECTID": 47,
                "Id": 0,
                "NAME": "PFZ: Central Leyte Fault",
                "DESC_": "Active Fault",
                "Shape_Leng": 30176.750249,
                "Shape__Length": null,
                "Shape__Length_2": null
            }
        },
        {
            "type": "Feature",
            "id": 48,
            "geometry": {
                "type": "LineString",
                "coordinates": [
                    [
                        124.643834177,
                        11.1566121160001
                    ],
                    [
                        124.559112298,
                        11.3336229380001
                    ],
                    [
                        124.507279175,
                        11.4001023410001
                    ]
                ]
            },
            "properties": {
                "OBJECTID_1": 48,
                "OBJECTID": 48,
                "Id": 0,
                "NAME": "PFZ: Central Leyte Fault",
                "DESC_": "Active Fault",
                "Shape_Leng": 30933.4397818,
                "Shape__Length": null,
                "Shape__Length_2": null
            }
        },
        {
            "type": "Feature",
            "id": 49,
            "geometry": {
                "type": "LineString",
                "coordinates": [
                    [
                        124.901070954,
                        11.7501321220001
                    ],
                    [
                        124.92405215,
                        11.8345608760001
                    ],
                    [
                        124.951392046,
                        12.003535668
                    ]
                ]
            },
            "properties": {
                "OBJECTID_1": 49,
                "OBJECTID": 49,
                "Id": 0,
                "NAME": "Central Samar Lineament",
                "DESC_": "Trace approximate",
                "Shape_Leng": 28602.062223,
                "Shape__Length": null,
                "Shape__Length_2": null
            }
        },
        {
            "type": "Feature",
            "id": 50,
            "geometry": {
                "type": "LineString",
                "coordinates": [
                    [
                        124.526512373,
                        12.1827282950001
                    ],
                    [
                        124.452421255,
                        12.3081879170001
                    ],
                    [
                        124.392960359,
                        12.3820632160001
                    ],
                    [
                        124.355752161,
                        12.422712968
                    ]
                ]
            },
            "properties": {
                "OBJECTID_1": 50,
                "OBJECTID": 50,
                "Id": 0,
                "NAME": "Northern Samar Lineament",
                "DESC_": "Trace approximate",
                "Shape_Leng": 32518.282444,
                "Shape__Length": null,
                "Shape__Length_2": null
            }
        },
        {
            "type": "Feature",
            "id": 51,
            "geometry": {
                "type": "LineString",
                "coordinates": [
                    [
                        124.091478483,
                        11.8610622740001
                    ],
                    [
                        123.99850813,
                        11.9717720020001
                    ],
                    [
                        123.879332156,
                        12.0935767760001
                    ],
                    [
                        123.789882313,
                        12.1858208300001
                    ],
                    [
                        123.748931714,
                        12.2521575100001
                    ]
                ]
            },
            "properties": {
                "OBJECTID_1": 51,
                "OBJECTID": 51,
                "Id": 0,
                "NAME": "PFZ: Masbate Fault",
                "DESC_": "Active Fault",
                "Shape_Leng": 57273.5022591,
                "Shape__Length": null,
                "Shape__Length_2": null
            }
        },
        {
            "type": "Feature",
            "id": 52,
            "geometry": {
                "type": "LineString",
                "coordinates": [
                    [
                        124.069515507,
                        11.9751890260001
                    ],
                    [
                        123.957757554,
                        12.0712442320001
                    ],
                    [
                        123.827427595,
                        12.2335373160001
                    ]
                ]
            },
            "properties": {
                "OBJECTID_1": 52,
                "OBJECTID": 52,
                "Id": 0,
                "NAME": "PFZ: Masbate Fault",
                "DESC_": "Active Fault",
                "Shape_Leng": 39026.8049128,
                "Shape__Length": null,
                "Shape__Length_2": null
            }
        },
        {
            "type": "Feature",
            "id": 53,
            "geometry": {
                "type": "LineString",
                "coordinates": [
                    [
                        124.343861344,
                        11.5333240470001
                    ],
                    [
                        124.239914747,
                        11.6470896290001
                    ],
                    [
                        124.135978108,
                        11.7836333480001
                    ],
                    [
                        124.091478483,
                        11.8610622740001
                    ]
                ]
            },
            "properties": {
                "OBJECTID_1": 53,
                "OBJECTID": 53,
                "Id": 0,
                "NAME": " ",
                "DESC_": "approximate offshore projection",
                "Shape_Leng": 45654.8035495,
                "Shape__Length": null,
                "Shape__Length_2": null
            }
        },
        {
            "type": "Feature",
            "id": 54,
            "geometry": {
                "type": "LineString",
                "coordinates": [
                    [
                        124.507279175,
                        11.4001023410001
                    ],
                    [
                        124.407434379,
                        11.5653934490001
                    ],
                    [
                        124.285035099,
                        11.7204636870001
                    ],
                    [
                        124.166222137,
                        11.8718001880001
                    ],
                    [
                        124.069515507,
                        11.9751890260001
                    ]
                ]
            },
            "properties": {
                "OBJECTID_1": 54,
                "OBJECTID": 54,
                "Id": 0,
                "NAME": " ",
                "DESC_": "approximate offshore projection",
                "Shape_Leng": 79720.4949934,
                "Shape__Length": null,
                "Shape__Length_2": null
            }
        },
        {
            "type": "Feature",
            "id": 55,
            "geometry": {
                "type": "LineString",
                "coordinates": [
                    [
                        122.046749164,
                        13.2778820380001
                    ],
                    [
                        121.956285801,
                        13.354775009
                    ],
                    [
                        121.92224714,
                        13.4061301560001
                    ],
                    [
                        121.888261382,
                        13.4427663100001
                    ]
                ]
            },
            "properties": {
                "OBJECTID_1": 55,
                "OBJECTID": 55,
                "Id": 0,
                "NAME": "Central Marinduque Fault",
                "DESC_": "Active Fault",
                "Shape_Leng": 25220.267075,
                "Shape__Length": null,
                "Shape__Length_2": null
            }
        },
        {
            "type": "Feature",
            "id": 56,
            "geometry": {
                "type": "LineString",
                "coordinates": [
                    [
                        121.973970879,
                        13.612337579
                    ],
                    [
                        122.173915521,
                        13.4328298670001
                    ],
                    [
                        122.456332409,
                        13.1871137940001
                    ],
                    [
                        122.651814183,
                        13.0145404230001
                    ],
                    [
                        122.892020254,
                        12.8418331990001
                    ],
                    [
                        123.116918013,
                        12.6836255000001
                    ],
                    [
                        123.341595379,
                        12.569378182
                    ],
                    [
                        123.51743155,
                        12.4697607620001
                    ],
                    [
                        123.644433965,
                        12.3517578870001
                    ],
                    [
                        123.748931714,
                        12.2521575100001
                    ]
                ]
            },
            "properties": {
                "OBJECTID_1": 56,
                "OBJECTID": 56,
                "Id": 0,
                "NAME": " ",
                "DESC_": "approximate offshore projection",
                "Shape_Leng": 245495.7113,
                "Shape__Length": null,
                "Shape__Length_2": null
            }
        },
        {
            "type": "Feature",
            "id": 57,
            "geometry": {
                "type": "LineString",
                "coordinates": [
                    [
                        123.748931714,
                        12.2521575100001
                    ],
                    [
                        123.54742154,
                        12.4880970760001
                    ],
                    [
                        123.390391915,
                        12.6392150600001
                    ],
                    [
                        123.248140068,
                        12.757118312
                    ],
                    [
                        123.064518344,
                        12.9227883620001
                    ],
                    [
                        122.97073933,
                        13.018451514
                    ],
                    [
                        122.888142441,
                        13.1288012510001
                    ],
                    [
                        122.797939389,
                        13.2648701350001
                    ],
                    [
                        122.70390431,
                        13.3788261590001
                    ],
                    [
                        122.639855149,
                        13.4927892940001
                    ]
                ]
            },
            "properties": {
                "OBJECTID_1": 57,
                "OBJECTID": 57,
                "Id": 0,
                "NAME": " ",
                "DESC_": "approximate offshore projection",
                "Shape_Leng": 183572.822184,
                "Shape__Length": null,
                "Shape__Length_2": null
            }
        },
        {
            "type": "Feature",
            "id": 58,
            "geometry": {
                "type": "LineString",
                "coordinates": [
                    [
                        122.639855149,
                        13.4927892940001
                    ],
                    [
                        122.511813114,
                        13.6029375530001
                    ],
                    [
                        122.36467127,
                        13.7755045260001
                    ],
                    [
                        122.217486142,
                        13.8961050060001
                    ]
                ]
            },
            "properties": {
                "OBJECTID_1": 58,
                "OBJECTID": 58,
                "Id": 0,
                "NAME": " ",
                "DESC_": "Trace approximate",
                "Shape_Leng": 64056.4446588,
                "Shape__Length": null,
                "Shape__Length_2": null
            }
        },
        {
            "type": "Feature",
            "id": 59,
            "geometry": {
                "type": "LineString",
                "coordinates": [
                    [
                        122.217486142,
                        13.8961050060001
                    ],
                    [
                        122.07017822,
                        14.009618661
                    ],
                    [
                        121.911403663,
                        14.1266598640001
                    ],
                    [
                        121.733288199,
                        14.3023292140001
                    ]
                ]
            },
            "properties": {
                "OBJECTID_1": 59,
                "OBJECTID": 59,
                "Id": 0,
                "NAME": " ",
                "DESC_": "approximate offshore projection",
                "Shape_Leng": 69085.076222,
                "Shape__Length": null,
                "Shape__Length_2": null
            }
        },
        {
            "type": "Feature",
            "id": 60,
            "geometry": {
                "type": "LineString",
                "coordinates": [
                    [
                        120.097336427,
                        14.0192775260001
                    ],
                    [
                        120.366127045,
                        13.882688354
                    ],
                    [
                        120.687538254,
                        13.7205143750001
                    ],
                    [
                        120.989643016,
                        13.5724064020001
                    ],
                    [
                        120.997159729,
                        13.572466868
                    ]
                ]
            },
            "properties": {
                "OBJECTID_1": 60,
                "OBJECTID": 60,
                "Id": 0,
                "NAME": "Lubang Fault",
                "DESC_": "approximate offshore projection",
                "Shape_Leng": 109283.278482,
                "Shape__Length": null,
                "Shape__Length_2": null
            }
        },
        {
            "type": "Feature",
            "id": 61,
            "geometry": {
                "type": "LineString",
                "coordinates": [
                    [
                        120.305502485,
                        13.5916818890001
                    ],
                    [
                        120.5198123,
                        13.5792051110001
                    ],
                    [
                        120.801805157,
                        13.5634688270001
                    ],
                    [
                        120.937185799,
                        13.5535941020001
                    ],
                    [
                        120.997159729,
                        13.572466868
                    ]
                ]
            },
            "properties": {
                "OBJECTID_1": 61,
                "OBJECTID": 61,
                "Id": 0,
                "NAME": "Lubang Fault",
                "DESC_": "approximate offshore projection",
                "Shape_Leng": 75348.4797793,
                "Shape__Length": null,
                "Shape__Length_2": null
            }
        },
        {
            "type": "Feature",
            "id": 62,
            "geometry": {
                "type": "LineString",
                "coordinates": [
                    [
                        120.997159729,
                        13.572466868
                    ],
                    [
                        121.144056794,
                        13.5331537540001
                    ],
                    [
                        121.339945544,
                        13.4683342540001
                    ],
                    [
                        121.460516689,
                        13.4176129950001
                    ]
                ]
            },
            "properties": {
                "OBJECTID_1": 62,
                "OBJECTID": 62,
                "Id": 0,
                "NAME": "Lubang Fault",
                "DESC_": "approximate offshore projection",
                "Shape_Leng": 53086.1935535,
                "Shape__Length": null,
                "Shape__Length_2": null
            }
        },
        {
            "type": "Feature",
            "id": 63,
            "geometry": {
                "type": "LineString",
                "coordinates": [
                    [
                        121.044217777,
                        14.1800011980001
                    ],
                    [
                        121.035600011,
                        14.3049426750001
                    ],
                    [
                        121.038473746,
                        14.4079167400001
                    ],
                    [
                        121.048504193,
                        14.5550711600001
                    ],
                    [
                        121.08507128,
                        14.6914154150001
                    ],
                    [
                        121.118686252,
                        14.7358126720001
                    ],
                    [
                        121.151909308,
                        14.8280027660001
                    ],
                    [
                        121.188474773,
                        14.9753705680001
                    ],
                    [
                        121.195730781,
                        15.0121972090001
                    ]
                ]
            },
            "properties": {
                "OBJECTID_1": 63,
                "OBJECTID": 63,
                "Id": 0,
                "NAME": "Valley Fault System",
                "DESC_": "Active Fault",
                "Shape_Leng": 95008.7350389,
                "Shape__Length": null,
                "Shape__Length_2": null
            }
        },
        {
            "type": "Feature",
            "id": 64,
            "geometry": {
                "type": "LineString",
                "coordinates": [
                    [
                        121.202614034,
                        12.2605172820001
                    ],
                    [
                        121.203123176,
                        12.3713733180001
                    ],
                    [
                        121.238597048,
                        12.4280008910001
                    ],
                    [
                        121.320693112,
                        12.4884448230001
                    ],
                    [
                        121.352753564,
                        12.5238914850001
                    ],
                    [
                        121.384756608,
                        12.5699096880001
                    ],
                    [
                        121.413246626,
                        12.605329526
                    ]
                ]
            },
            "properties": {
                "OBJECTID_1": 64,
                "OBJECTID": 64,
                "Id": 0,
                "NAME": "Southern Mindoro Fault",
                "DESC_": "Active Fault",
                "Shape_Leng": 47179.6892003,
                "Shape__Length": null,
                "Shape__Length_2": null
            }
        },
        {
            "type": "Feature",
            "id": 65,
            "geometry": {
                "type": "LineString",
                "coordinates": [
                    [
                        121.456839047,
                        12.5174590340001
                    ],
                    [
                        121.413246626,
                        12.605329526
                    ]
                ]
            },
            "properties": {
                "OBJECTID_1": 65,
                "OBJECTID": 65,
                "Id": 0,
                "NAME": "Central Mindoro Fault",
                "DESC_": "Active Fault",
                "Shape_Leng": 10813.3491876,
                "Shape__Length": null,
                "Shape__Length_2": null
            }
        },
        {
            "type": "Feature",
            "id": 66,
            "geometry": {
                "type": "LineString",
                "coordinates": [
                    [
                        121.191374255,
                        13.01981527
                    ],
                    [
                        121.151496986,
                        13.0653513520001
                    ],
                    [
                        121.122177031,
                        13.1391511630001
                    ],
                    [
                        121.103600447,
                        13.2165491910001
                    ],
                    [
                        121.077868252,
                        13.2868415340001
                    ],
                    [
                        121.052316476,
                        13.3324613250001
                    ],
                    [
                        121.026782937,
                        13.3745531920001
                    ],
                    [
                        121.019151849,
                        13.4273547010001
                    ],
                    [
                        121.018891275,
                        13.459069259
                    ]
                ]
            },
            "properties": {
                "OBJECTID_1": 66,
                "OBJECTID": 66,
                "Id": 0,
                "NAME": "Central Mindoro Fault",
                "DESC_": "Active Fault",
                "Shape_Leng": 53048.2270343,
                "Shape__Length": null,
                "Shape__Length_2": null
            }
        },
        {
            "type": "Feature",
            "id": 67,
            "geometry": {
                "type": "LineString",
                "coordinates": [
                    [
                        124.028565318,
                        12.0103979580001
                    ],
                    [
                        123.899542207,
                        12.2153734750001
                    ],
                    [
                        123.776149556,
                        12.3669659770001
                    ],
                    [
                        123.656891805,
                        12.5184988810001
                    ],
                    [
                        123.524705879,
                        12.6910123520001
                    ],
                    [
                        123.362350826,
                        12.8467055870001
                    ],
                    [
                        123.195511913,
                        13.0023050870001
                    ],
                    [
                        123.015608817,
                        13.2082059610001
                    ],
                    [
                        122.904078365,
                        13.3636070400001
                    ],
                    [
                        122.792426458,
                        13.4937536200001
                    ],
                    [
                        122.69353704,
                        13.6238635810001
                    ],
                    [
                        122.607485395,
                        13.7203493410001
                    ],
                    [
                        122.512810714,
                        13.795784654
                    ]
                ]
            },
            "properties": {
                "OBJECTID_1": 67,
                "OBJECTID": 67,
                "Id": 0,
                "NAME": " ",
                "DESC_": "approximate offshore projection",
                "Shape_Leng": 257889.179282,
                "Shape__Length": null,
                "Shape__Length_2": null
            }
        },
        {
            "type": "Feature",
            "id": 68,
            "geometry": {
                "type": "LineString",
                "coordinates": [
                    [
                        122.512810714,
                        13.795784654
                    ],
                    [
                        122.357705316,
                        13.9382309690001
                    ],
                    [
                        122.275794667,
                        14.0047807990001
                    ]
                ]
            },
            "properties": {
                "OBJECTID_1": 68,
                "OBJECTID": 68,
                "Id": 0,
                "NAME": "PFZ: Guinyangan Fault",
                "DESC_": "Active Fault",
                "Shape_Leng": 34511.4483018,
                "Shape__Length": null,
                "Shape__Length_2": null
            }
        },
        {
            "type": "Feature",
            "id": 69,
            "geometry": {
                "type": "LineString",
                "coordinates": [
                    [
                        122.275794667,
                        14.0047807990001
                    ],
                    [
                        122.107460511,
                        14.1554118690001
                    ],
                    [
                        122.003800355,
                        14.2389968260001
                    ],
                    [
                        121.96482203,
                        14.2892258520001
                    ],
                    [
                        121.908495618,
                        14.3603653750001
                    ],
                    [
                        121.860558148,
                        14.4693238250001
                    ],
                    [
                        121.790737087,
                        14.628546929
                    ],
                    [
                        121.751259171,
                        14.7454949580001
                    ],
                    [
                        121.681257431,
                        14.9046684840001
                    ],
                    [
                        121.589373919,
                        15.088868318
                    ],
                    [
                        121.480202347,
                        15.247707544
                    ],
                    [
                        121.410157932,
                        15.360578848
                    ]
                ]
            },
            "properties": {
                "OBJECTID_1": 69,
                "OBJECTID": 69,
                "Id": 0,
                "NAME": " ",
                "DESC_": "approximate offshore projection",
                "Shape_Leng": 179472.965136,
                "Shape__Length": null,
                "Shape__Length_2": null
            }
        },
        {
            "type": "Feature",
            "id": 70,
            "geometry": {
                "type": "LineString",
                "coordinates": [
                    [
                        120.432552229,
                        15.359852301
                    ],
                    [
                        120.343241857,
                        15.581184529
                    ],
                    [
                        120.240595124,
                        15.8106711140001
                    ],
                    [
                        120.103286837,
                        16.018630714
                    ]
                ]
            },
            "properties": {
                "OBJECTID_1": 70,
                "OBJECTID": 70,
                "Id": 0,
                "NAME": "East Zambales Fault",
                "DESC_": "Active Fault",
                "Shape_Leng": 81336.7278695,
                "Shape__Length": null,
                "Shape__Length_2": null
            }
        },
        {
            "type": "Feature",
            "id": 71,
            "geometry": {
                "type": "LineString",
                "coordinates": [
                    [
                        120.2369614,
                        15.2434060200001
                    ],
                    [
                        120.119849078,
                        15.2754942780001
                    ],
                    [
                        120.054449644,
                        15.316593104
                    ],
                    [
                        120.014900331,
                        15.3622112200001
                    ]
                ]
            },
            "properties": {
                "OBJECTID_1": 71,
                "OBJECTID": 71,
                "Id": 0,
                "NAME": "Iba Fault",
                "DESC_": "Active Fault",
                "Shape_Leng": 28058.079253,
                "Shape__Length": null,
                "Shape__Length_2": null
            }
        },
        {
            "type": "Feature",
            "id": 72,
            "geometry": {
                "type": "LineString",
                "coordinates": [
                    [
                        120.220339306,
                        15.1928540900001
                    ],
                    [
                        120.120363889,
                        15.2377439350001
                    ],
                    [
                        120.05106706,
                        15.2494286560001
                    ],
                    [
                        120.007866033,
                        15.2488561520001
                    ]
                ]
            },
            "properties": {
                "OBJECTID_1": 72,
                "OBJECTID": 72,
                "Id": 0,
                "NAME": "Iba Fault",
                "DESC_": "Active Fault",
                "Shape_Leng": 24050.6670193,
                "Shape__Length": null,
                "Shape__Length_2": null
            }
        },
        {
            "type": "Feature",
            "id": 73,
            "geometry": {
                "type": "LineString",
                "coordinates": [
                    [
                        120.792916488,
                        16.035230282
                    ],
                    [
                        120.666447883,
                        16.0884458630001
                    ],
                    [
                        120.592112401,
                        16.133780926
                    ],
                    [
                        120.521615015,
                        16.2168954750001
                    ],
                    [
                        120.472075686,
                        16.3547776290001
                    ],
                    [
                        120.461532939,
                        16.4973108310001
                    ],
                    [
                        120.455033576,
                        16.6608686150001
                    ],
                    [
                        120.462127947,
                        16.7826335490001
                    ],
                    [
                        120.473935163,
                        16.877603568
                    ],
                    [
                        120.490641473,
                        16.9323544270001
                    ],
                    [
                        120.499136285,
                        16.949241897
                    ]
                ]
            },
            "properties": {
                "OBJECTID_1": 73,
                "OBJECTID": 73,
                "Id": 0,
                "NAME": "PFZ: Tubao Fault",
                "DESC_": "Active Fault",
                "Shape_Leng": 118659.635671,
                "Shape__Length": null,
                "Shape__Length_2": null
            }
        },
        {
            "type": "Feature",
            "id": 74,
            "geometry": {
                "type": "LineString",
                "coordinates": [
                    [
                        120.412212389,
                        16.6083116900001
                    ],
                    [
                        120.406051647,
                        16.7424956520001
                    ]
                ]
            },
            "properties": {
                "OBJECTID_1": 74,
                "OBJECTID": 74,
                "Id": 0,
                "NAME": " ",
                "DESC_": "Active Fault",
                "Shape_Leng": 14872.2961785,
                "Shape__Length": null,
                "Shape__Length_2": null
            }
        },
        {
            "type": "Feature",
            "id": 75,
            "geometry": {
                "type": "LineString",
                "coordinates": [
                    [
                        121.354566116,
                        16.349249441
                    ],
                    [
                        121.480194357,
                        16.4089668220001
                    ],
                    [
                        121.658084895,
                        16.4731543780001
                    ]
                ]
            },
            "properties": {
                "OBJECTID_1": 75,
                "OBJECTID": 75,
                "Id": 0,
                "NAME": " ",
                "DESC_": "Active Fault",
                "Shape_Leng": 35239.5480132,
                "Shape__Length": null,
                "Shape__Length_2": null
            }
        },
        {
            "type": "Feature",
            "id": 76,
            "geometry": {
                "type": "LineString",
                "coordinates": [
                    [
                        121.897181695,
                        7.23816602700009
                    ],
                    [
                        121.959384988,
                        7.17914685500006
                    ]
                ]
            },
            "properties": {
                "OBJECTID_1": 76,
                "OBJECTID": 76,
                "Id": 0,
                "NAME": " ",
                "DESC_": "Trace approximate",
                "Shape_Leng": 9474.23904955,
                "Shape__Length": null,
                "Shape__Length_2": null
            }
        },
        {
            "type": "Feature",
            "id": 77,
            "geometry": {
                "type": "LineString",
                "coordinates": [
                    [
                        122.077545502,
                        7.33717961800005
                    ],
                    [
                        122.114343118,
                        7.28090321300004
                    ],
                    [
                        122.165330752,
                        7.17393247700005
                    ]
                ]
            },
            "properties": {
                "OBJECTID_1": 77,
                "OBJECTID": 77,
                "Id": 0,
                "NAME": "Zamboanga Fault System",
                "DESC_": "Active Fault",
                "Shape_Leng": 20528.9879861,
                "Shape__Length": null,
                "Shape__Length_2": null
            }
        },
        {
            "type": "Feature",
            "id": 78,
            "geometry": {
                "type": "LineString",
                "coordinates": [
                    [
                        122.094686988,
                        7.23296659000005
                    ],
                    [
                        122.159522152,
                        7.26408399500008
                    ],
                    [
                        122.238447842,
                        7.31212272100004
                    ],
                    [
                        122.275102023,
                        7.33190655800007
                    ]
                ]
            },
            "properties": {
                "OBJECTID_1": 78,
                "OBJECTID": 78,
                "Id": 0,
                "NAME": "Zamboanga Fault System",
                "DESC_": "Active Fault",
                "Shape_Leng": 22745.4783673,
                "Shape__Length": null,
                "Shape__Length_2": null
            }
        },
        {
            "type": "Feature",
            "id": 79,
            "geometry": {
                "type": "LineString",
                "coordinates": [
                    [
                        122.407502036,
                        7.51321084300008
                    ],
                    [
                        122.317229531,
                        7.46517995900007
                    ],
                    [
                        122.190304266,
                        7.40579677300008
                    ],
                    [
                        122.187289402,
                        7.51004085600005
                    ],
                    [
                        122.167403057,
                        7.57480684000006
                    ],
                    [
                        122.147582266,
                        7.60294361700005
                    ]
                ]
            },
            "properties": {
                "OBJECTID_1": 79,
                "OBJECTID": 79,
                "Id": 0,
                "NAME": " ",
                "DESC_": "Trace approximate",
                "Shape_Leng": 49578.8154689,
                "Shape__Length": null,
                "Shape__Length_2": null
            }
        },
        {
            "type": "Feature",
            "id": 80,
            "geometry": {
                "type": "LineString",
                "coordinates": [
                    [
                        122.296949057,
                        7.78353746200008
                    ],
                    [
                        122.387262289,
                        7.84566540800006
                    ],
                    [
                        122.553854521,
                        7.95576496300009
                    ]
                ]
            },
            "properties": {
                "OBJECTID_1": 80,
                "OBJECTID": 80,
                "Id": 0,
                "NAME": " ",
                "DESC_": "Trace approximate",
                "Shape_Leng": 34128.4648491,
                "Shape__Length": null,
                "Shape__Length_2": null
            }
        },
        {
            "type": "Feature",
            "id": 81,
            "geometry": {
                "type": "LineString",
                "coordinates": [
                    [
                        122.969743769,
                        7.78130132300009
                    ],
                    [
                        123.000821957,
                        7.80666249800004
                    ],
                    [
                        123.060159339,
                        7.82638270800004
                    ],
                    [
                        123.094072697,
                        7.85455429600006
                    ]
                ]
            },
            "properties": {
                "OBJECTID_1": 81,
                "OBJECTID": 81,
                "Id": 0,
                "NAME": " ",
                "DESC_": "Trace approximate",
                "Shape_Leng": 16188.9536378,
                "Shape__Length": null,
                "Shape__Length_2": null
            }
        },
        {
            "type": "Feature",
            "id": 82,
            "geometry": {
                "type": "LineString",
                "coordinates": [
                    [
                        123.445818467,
                        7.75405833000008
                    ],
                    [
                        123.307440725,
                        7.82180675800009
                    ],
                    [
                        123.197279656,
                        7.89513447700006
                    ],
                    [
                        123.115345623,
                        7.97124473700006
                    ]
                ]
            },
            "properties": {
                "OBJECTID_1": 82,
                "OBJECTID": 82,
                "Id": 0,
                "NAME": " ",
                "DESC_": "Trace approximate",
                "Shape_Leng": 43940.904039,
                "Shape__Length": null,
                "Shape__Length_2": null
            }
        },
        {
            "type": "Feature",
            "id": 83,
            "geometry": {
                "type": "LineString",
                "coordinates": [
                    [
                        122.883553506,
                        8.01801918000007
                    ],
                    [
                        122.77610571,
                        8.06587629300009
                    ],
                    [
                        122.711058106,
                        8.09683044700006
                    ],
                    [
                        122.679934398,
                        8.12498426000008
                    ]
                ]
            },
            "properties": {
                "OBJECTID_1": 83,
                "OBJECTID": 83,
                "Id": 0,
                "NAME": " ",
                "DESC_": "Trace approximate",
                "Shape_Leng": 25540.9423304,
                "Shape__Length": null,
                "Shape__Length_2": null
            }
        },
        {
            "type": "Feature",
            "id": 84,
            "geometry": {
                "type": "LineString",
                "coordinates": [
                    [
                        122.223221956,
                        7.93161086800006
                    ],
                    [
                        122.381292006,
                        8.05866786700005
                    ]
                ]
            },
            "properties": {
                "OBJECTID_1": 84,
                "OBJECTID": 84,
                "Id": 0,
                "NAME": " ",
                "DESC_": "Trace approximate",
                "Shape_Leng": 22378.9858943,
                "Shape__Length": null,
                "Shape__Length_2": null
            }
        },
        {
            "type": "Feature",
            "id": 85,
            "geometry": {
                "type": "LineString",
                "coordinates": [
                    [
                        124.171632956,
                        7.69520807700007
                    ],
                    [
                        124.036174958,
                        7.73781705900007
                    ],
                    [
                        123.832997326,
                        7.83687477200004
                    ],
                    [
                        123.677741753,
                        7.92449831300007
                    ],
                    [
                        123.547846431,
                        8.00358326000008
                    ],
                    [
                        123.482876,
                        8.04029397700009
                    ]
                ]
            },
            "properties": {
                "OBJECTID_1": 85,
                "OBJECTID": 85,
                "Id": 0,
                "NAME": "MF: Western Mindanao Extension",
                "DESC_": "Active Fault",
                "Shape_Leng": 85276.6228532,
                "Shape__Length": null,
                "Shape__Length_2": null
            }
        },
        {
            "type": "Feature",
            "id": 86,
            "geometry": {
                "type": "LineString",
                "coordinates": [
                    [
                        123.821514631,
                        7.74391955200008
                    ],
                    [
                        123.734113499,
                        7.83987624500008
                    ],
                    [
                        123.615563976,
                        7.92177717400006
                    ],
                    [
                        123.525204236,
                        7.98107151200009
                    ],
                    [
                        123.460238167,
                        8.02059627200009
                    ],
                    [
                        123.378341086,
                        8.10802811600007
                    ]
                ]
            },
            "properties": {
                "OBJECTID_1": 86,
                "OBJECTID": 86,
                "Id": 0,
                "NAME": " ",
                "DESC_": "Trace approximate",
                "Shape_Leng": 63766.6824408,
                "Shape__Length": null,
                "Shape__Length_2": null
            }
        },
        {
            "type": "Feature",
            "id": 87,
            "geometry": {
                "type": "LineString",
                "coordinates": [
                    [
                        123.338721303,
                        8.06579744400005
                    ],
                    [
                        123.245473602,
                        8.14757785400008
                    ],
                    [
                        123.152181443,
                        8.21243129500004
                    ],
                    [
                        123.126729016,
                        8.21807556300007
                    ]
                ]
            },
            "properties": {
                "OBJECTID_1": 87,
                "OBJECTID": 87,
                "Id": 0,
                "NAME": " ",
                "DESC_": "Trace approximate",
                "Shape_Leng": 29087.5573659,
                "Shape__Length": null,
                "Shape__Length_2": null
            }
        },
        {
            "type": "Feature",
            "id": 88,
            "geometry": {
                "type": "LineString",
                "coordinates": [
                    [
                        123.253983634,
                        8.18983828400008
                    ],
                    [
                        123.155019541,
                        8.23778969500006
                    ],
                    [
                        123.0673435,
                        8.26880895100004
                    ],
                    [
                        122.9966269,
                        8.29699182800005
                    ],
                    [
                        122.965506774,
                        8.32798524200007
                    ]
                ]
            },
            "properties": {
                "OBJECTID_1": 88,
                "OBJECTID": 88,
                "Id": 0,
                "NAME": "MF: Western Mindanao Extension",
                "DESC_": "Active Fault",
                "Shape_Leng": 35601.3826348,
                "Shape__Length": null,
                "Shape__Length_2": null
            }
        },
        {
            "type": "Feature",
            "id": 89,
            "geometry": {
                "type": "LineString",
                "coordinates": [
                    [
                        123.248346745,
                        8.22083657300004
                    ],
                    [
                        123.197469668,
                        8.28567210600005
                    ],
                    [
                        123.092823909,
                        8.36460611700005
                    ],
                    [
                        122.999455576,
                        8.42660654900004
                    ]
                ]
            },
            "properties": {
                "OBJECTID_1": 89,
                "OBJECTID": 89,
                "Id": 0,
                "NAME": " ",
                "DESC_": "Trace approximate",
                "Shape_Leng": 35907.150681,
                "Shape__Length": null,
                "Shape__Length_2": null
            }
        },
        {
            "type": "Feature",
            "id": 90,
            "geometry": {
                "type": "LineString",
                "coordinates": [
                    [
                        122.965506774,
                        8.32798524200007
                    ],
                    [
                        122.886268947,
                        8.40968389000005
                    ],
                    [
                        122.812639225,
                        8.53081599900008
                    ],
                    [
                        122.733283837,
                        8.67446956400005
                    ],
                    [
                        122.687889541,
                        8.78150463400004
                    ]
                ]
            },
            "properties": {
                "OBJECTID_1": 90,
                "OBJECTID": 90,
                "Id": 0,
                "NAME": " ",
                "DESC_": "approximate offshore projection",
                "Shape_Leng": 59178.5275423,
                "Shape__Length": null,
                "Shape__Length_2": null
            }
        },
        {
            "type": "Feature",
            "id": 91,
            "geometry": {
                "type": "LineString",
                "coordinates": [
                    [
                        124.000593871,
                        7.84727888000009
                    ],
                    [
                        124.109902478,
                        7.89319510500007
                    ],
                    [
                        124.206091542,
                        7.97210953500007
                    ],
                    [
                        124.269113714,
                        8.01810881200004
                    ]
                ]
            },
            "properties": {
                "OBJECTID_1": 91,
                "OBJECTID": 91,
                "Id": 0,
                "NAME": "Lanao Fault System",
                "DESC_": "Trace approximate",
                "Shape_Leng": 35419.8923602,
                "Shape__Length": null,
                "Shape__Length_2": null
            }
        },
        {
            "type": "Feature",
            "id": 92,
            "geometry": {
                "type": "LineString",
                "coordinates": [
                    [
                        124.130017722,
                        7.98882039000006
                    ],
                    [
                        124.202927095,
                        8.02160657500008
                    ],
                    [
                        124.282539526,
                        8.07745077300007
                    ],
                    [
                        124.36879378,
                        8.13325363600006
                    ]
                ]
            },
            "properties": {
                "OBJECTID_1": 92,
                "OBJECTID": 92,
                "Id": 0,
                "NAME": " ",
                "DESC_": "Active Fault",
                "Shape_Leng": 30878.2083729,
                "Shape__Length": null,
                "Shape__Length_2": null
            }
        },
        {
            "type": "Feature",
            "id": 93,
            "geometry": {
                "type": "LineString",
                "coordinates": [
                    [
                        124.014094446,
                        7.95612700300006
                    ],
                    [
                        124.08704366,
                        8.00873151800005
                    ],
                    [
                        124.143385428,
                        8.03497320900004
                    ],
                    [
                        124.173213777,
                        8.04808604300007
                    ]
                ]
            },
            "properties": {
                "OBJECTID_1": 93,
                "OBJECTID": 93,
                "Id": 0,
                "NAME": " ",
                "DESC_": "Active Fault",
                "Shape_Leng": 20371.1369664,
                "Shape__Length": null,
                "Shape__Length_2": null
            }
        },
        {
            "type": "Feature",
            "id": 94,
            "geometry": {
                "type": "LineString",
                "coordinates": [
                    [
                        123.987760496,
                        8.01558006400006
                    ],
                    [
                        124.063951396,
                        8.03848577800005
                    ],
                    [
                        124.143385428,
                        8.03497320900004
                    ]
                ]
            },
            "properties": {
                "OBJECTID_1": 94,
                "OBJECTID": 94,
                "Id": 0,
                "NAME": " ",
                "DESC_": "Active Fault",
                "Shape_Leng": 17533.7610481,
                "Shape__Length": null,
                "Shape__Length_2": null
            }
        },
        {
            "type": "Feature",
            "id": 95,
            "geometry": {
                "type": "LineString",
                "coordinates": [
                    [
                        124.110509994,
                        8.11754535000006
                    ],
                    [
                        124.034335901,
                        8.10784796400009
                    ],
                    [
                        124.007824938,
                        8.09801623500005
                    ]
                ]
            },
            "properties": {
                "OBJECTID_1": 95,
                "OBJECTID": 95,
                "Id": 0,
                "NAME": " ",
                "DESC_": "Active Fault",
                "Shape_Leng": 11578.7069615,
                "Shape__Length": null,
                "Shape__Length_2": null
            }
        },
        {
            "type": "Feature",
            "id": 96,
            "geometry": {
                "type": "LineString",
                "coordinates": [
                    [
                        124.068955572,
                        8.05331977700007
                    ],
                    [
                        124.025921419,
                        8.05342965400007
                    ],
                    [
                        123.966303424,
                        8.04037668900008
                    ],
                    [
                        123.943131265,
                        8.04043053000004
                    ],
                    [
                        123.916678266,
                        8.05368830500004
                    ],
                    [
                        123.886912816,
                        8.06695173900005
                    ],
                    [
                        123.85050307,
                        8.07032849400008
                    ],
                    [
                        123.814059379,
                        8.05720433700009
                    ]
                ]
            },
            "properties": {
                "OBJECTID_1": 96,
                "OBJECTID": 96,
                "Id": 0,
                "NAME": " ",
                "DESC_": "Active Fault",
                "Shape_Leng": 29178.4967465,
                "Shape__Length": null,
                "Shape__Length_2": null
            }
        },
        {
            "type": "Feature",
            "id": 97,
            "geometry": {
                "type": "LineString",
                "coordinates": [
                    [
                        125.680994888,
                        8.93228043500005
                    ],
                    [
                        125.651899594,
                        8.97502046800008
                    ],
                    [
                        125.652364987,
                        9.03881314900008
                    ],
                    [
                        125.636768175,
                        9.10006410400007
                    ],
                    [
                        125.61298895,
                        9.14010902400008
                    ],
                    [
                        125.568053933,
                        9.21486294000005
                    ],
                    [
                        125.518246565,
                        9.35876879100005
                    ],
                    [
                        125.484229665,
                        9.46800544900009
                    ],
                    [
                        125.469005606,
                        9.58508567800004
                    ],
                    [
                        125.44582024,
                        9.71285807400005
                    ],
                    [
                        125.443624756,
                        9.77933602900009
                    ]
                ]
            },
            "properties": {
                "OBJECTID_1": 97,
                "OBJECTID": 97,
                "Id": 0,
                "NAME": " ",
                "DESC_": "Active Fault",
                "Shape_Leng": 98833.0546582,
                "Shape__Length": null,
                "Shape__Length_2": null
            }
        },
        {
            "type": "Feature",
            "id": 98,
            "geometry": {
                "type": "LineString",
                "coordinates": [
                    [
                        125.585119229,
                        8.98346917900005
                    ],
                    [
                        125.569453337,
                        9.03674537600006
                    ],
                    [
                        125.562187495,
                        9.14312984500009
                    ],
                    [
                        125.555167668,
                        9.25210164600009
                    ],
                    [
                        125.583192839,
                        9.45399889800007
                    ],
                    [
                        125.587153146,
                        9.62409696600008
                    ],
                    [
                        125.587681271,
                        9.69320679100008
                    ]
                ]
            },
            "properties": {
                "OBJECTID_1": 98,
                "OBJECTID": 98,
                "Id": 0,
                "NAME": " ",
                "DESC_": "Active Fault",
                "Shape_Leng": 79061.6117285,
                "Shape__Length": null,
                "Shape__Length_2": null
            }
        },
        {
            "type": "Feature",
            "id": 99,
            "geometry": {
                "type": "LineString",
                "coordinates": [
                    [
                        123.531281294,
                        13.2179370470001
                    ],
                    [
                        123.404117765,
                        13.2711552330001
                    ],
                    [
                        123.299199394,
                        13.3429868470001
                    ],
                    [
                        123.235600481,
                        13.4053902420001
                    ]
                ]
            },
            "properties": {
                "OBJECTID_1": 99,
                "OBJECTID": 99,
                "Id": 0,
                "NAME": "Lake Bato Lineament",
                "DESC_": "Active Fault",
                "Shape_Leng": 38595.6484567,
                "Shape__Length": null,
                "Shape__Length_2": null
            }
        },
        {
            "type": "Feature",
            "id": 100,
            "geometry": {
                "type": "LineString",
                "coordinates": [
                    [
                        123.044591064,
                        13.5114680600001
                    ],
                    [
                        122.964952122,
                        13.5675719420001
                    ],
                    [
                        122.862958003,
                        13.642339372
                    ],
                    [
                        122.840636692,
                        13.661026613
                    ]
                ]
            },
            "properties": {
                "OBJECTID_1": 100,
                "OBJECTID": 100,
                "Id": 0,
                "NAME": " ",
                "DESC_": "Active Fault",
                "Shape_Leng": 27584.1450211,
                "Shape__Length": null,
                "Shape__Length_2": null
            }
        },
        {
            "type": "Feature",
            "id": 101,
            "geometry": {
                "type": "LineString",
                "coordinates": [
                    [
                        123.654453979,
                        12.8779274490001
                    ],
                    [
                        123.524397601,
                        12.9717249240001
                    ],
                    [
                        123.441899249,
                        13.0466823370001
                    ],
                    [
                        123.375237225,
                        13.112241414
                    ],
                    [
                        123.333965233,
                        13.1621678010001
                    ]
                ]
            },
            "properties": {
                "OBJECTID_1": 101,
                "OBJECTID": 101,
                "Id": 0,
                "NAME": " ",
                "DESC_": "Active Fault",
                "Shape_Leng": 47050.9186618,
                "Shape__Length": null,
                "Shape__Length_2": null
            }
        },
        {
            "type": "Feature",
            "id": 102,
            "geometry": {
                "type": "LineString",
                "coordinates": [
                    [
                        121.689262923,
                        17.9906193740001
                    ],
                    [
                        121.804814533,
                        18.0513478130001
                    ],
                    [
                        121.923493249,
                        18.12702411
                    ],
                    [
                        122.067124942,
                        18.250741829
                    ],
                    [
                        122.201647638,
                        18.3503263000001
                    ]
                ]
            },
            "properties": {
                "OBJECTID_1": 102,
                "OBJECTID": 102,
                "Id": 0,
                "NAME": "Dummon River Fault System",
                "DESC_": "Trace approximate",
                "Shape_Leng": 67491.4140433,
                "Shape__Length": null,
                "Shape__Length_2": null
            }
        },
        {
            "type": "Feature",
            "id": 103,
            "geometry": {
                "type": "LineString",
                "coordinates": [
                    [
                        121.9300031,
                        18.088071444
                    ],
                    [
                        122.020578046,
                        18.154535266
                    ],
                    [
                        122.148650006,
                        18.2691172900001
                    ]
                ]
            },
            "properties": {
                "OBJECTID_1": 103,
                "OBJECTID": 103,
                "Id": 0,
                "NAME": "Dummon River Fault System",
                "DESC_": "Trace approximate",
                "Shape_Leng": 30632.0697399,
                "Shape__Length": null,
                "Shape__Length_2": null
            }
        },
        {
            "type": "Feature",
            "id": 104,
            "geometry": {
                "type": "LineString",
                "coordinates": [
                    [
                        121.923968861,
                        18.049048843
                    ],
                    [
                        122.020861687,
                        18.103550096
                    ],
                    [
                        122.146153839,
                        18.1371380500001
                    ]
                ]
            },
            "properties": {
                "OBJECTID_1": 104,
                "OBJECTID": 104,
                "Id": 0,
                "NAME": "Dummon River Fault System",
                "DESC_": "Trace approximate",
                "Shape_Leng": 25663.8830692,
                "Shape__Length": null,
                "Shape__Length_2": null
            }
        },
        {
            "type": "Feature",
            "id": 105,
            "geometry": {
                "type": "LineString",
                "coordinates": [
                    [
                        121.763107644,
                        17.7361830500001
                    ],
                    [
                        122.003425386,
                        17.8575227240001
                    ],
                    [
                        122.165740201,
                        17.975260011
                    ]
                ]
            },
            "properties": {
                "OBJECTID_1": 105,
                "OBJECTID": 105,
                "Id": 0,
                "NAME": " ",
                "DESC_": "Trace approximate",
                "Shape_Leng": 50367.390517,
                "Shape__Length": null,
                "Shape__Length_2": null
            }
        },
        {
            "type": "Feature",
            "id": 106,
            "geometry": {
                "type": "LineString",
                "coordinates": [
                    [
                        121.201226018,
                        17.9087454620001
                    ],
                    [
                        121.291443514,
                        17.9725280110001
                    ],
                    [
                        121.41936574,
                        18.0335862600001
                    ],
                    [
                        121.500553079,
                        18.0702178500001
                    ]
                ]
            },
            "properties": {
                "OBJECTID_1": 106,
                "OBJECTID": 106,
                "Id": 0,
                "NAME": " ",
                "DESC_": "Active Fault",
                "Shape_Leng": 36524.8326597,
                "Shape__Length": null,
                "Shape__Length_2": null
            }
        },
        {
            "type": "Feature",
            "id": 107,
            "geometry": {
                "type": "LineString",
                "coordinates": [
                    [
                        121.397263068,
                        18.05139619
                    ],
                    [
                        121.45026166,
                        18.0848141640001
                    ]
                ]
            },
            "properties": {
                "OBJECTID_1": 107,
                "OBJECTID": 107,
                "Id": 0,
                "NAME": " ",
                "DESC_": "Active Fault",
                "Shape_Leng": 6719.79447383,
                "Shape__Length": null,
                "Shape__Length_2": null
            }
        },
        {
            "type": "Feature",
            "id": 108,
            "geometry": {
                "type": "LineString",
                "coordinates": [
                    [
                        121.308076794,
                        17.8707226220001
                    ],
                    [
                        121.391972864,
                        17.9434009620001
                    ]
                ]
            },
            "properties": {
                "OBJECTID_1": 108,
                "OBJECTID": 108,
                "Id": 0,
                "NAME": " ",
                "DESC_": "Active Fault",
                "Shape_Leng": 11988.6233623,
                "Shape__Length": null,
                "Shape__Length_2": null
            }
        },
        {
            "type": "Feature",
            "id": 109,
            "geometry": {
                "type": "LineString",
                "coordinates": [
                    [
                        121.027427331,
                        18.3267988480001
                    ],
                    [
                        121.09801814,
                        18.1866009750001
                    ],
                    [
                        121.168642563,
                        18.0313745650001
                    ],
                    [
                        121.191313208,
                        17.9596265070001
                    ],
                    [
                        121.201226018,
                        17.9087454620001
                    ],
                    [
                        121.230242949,
                        17.8250541680001
                    ],
                    [
                        121.280845299,
                        17.7715319180001
                    ],
                    [
                        121.30619146,
                        17.7387680690001
                    ],
                    [
                        121.313568444,
                        17.6188860610001
                    ],
                    [
                        121.320514568,
                        17.5439784340001
                    ],
                    [
                        121.289512147,
                        17.5167252700001
                    ],
                    [
                        121.25553747,
                        17.4744487330001
                    ],
                    [
                        121.246795311,
                        17.408402213
                    ],
                    [
                        121.247309243,
                        17.3544313080001
                    ]
                ]
            },
            "properties": {
                "OBJECTID_1": 109,
                "OBJECTID": 109,
                "Id": 0,
                "NAME": " ",
                "DESC_": "Active Fault",
                "Shape_Leng": 117582.559855,
                "Shape__Length": null,
                "Shape__Length_2": null
            }
        },
        {
            "type": "Feature",
            "id": 110,
            "geometry": {
                "type": "LineString",
                "coordinates": [
                    [
                        120.911261739,
                        17.2522635540001
                    ],
                    [
                        121.010263641,
                        17.3312246460001
                    ],
                    [
                        121.115935703,
                        17.3772241720001
                    ],
                    [
                        121.200154286,
                        17.3869966950001
                    ],
                    [
                        121.246995393,
                        17.387413564
                    ]
                ]
            },
            "properties": {
                "OBJECTID_1": 110,
                "OBJECTID": 110,
                "Id": 0,
                "NAME": " ",
                "DESC_": "Trace approximate",
                "Shape_Leng": 40009.5594083,
                "Shape__Length": null,
                "Shape__Length_2": null
            }
        },
        {
            "type": "Feature",
            "id": 111,
            "geometry": {
                "type": "LineString",
                "coordinates": [
                    [
                        121.067794286,
                        17.202856463
                    ],
                    [
                        121.141970801,
                        17.2725203960001
                    ],
                    [
                        121.175677484,
                        17.3357992520001
                    ],
                    [
                        121.200154286,
                        17.3869966950001
                    ]
                ]
            },
            "properties": {
                "OBJECTID_1": 111,
                "OBJECTID": 111,
                "Id": 0,
                "NAME": " ",
                "DESC_": "Trace approximate",
                "Shape_Leng": 25134.4024678,
                "Shape__Length": null,
                "Shape__Length_2": null
            }
        },
        {
            "type": "Feature",
            "id": 112,
            "geometry": {
                "type": "LineString",
                "coordinates": [
                    [
                        121.283036314,
                        17.540658443
                    ],
                    [
                        121.347936828,
                        17.6221754970001
                    ],
                    [
                        121.409950629,
                        17.6826603280001
                    ]
                ]
            },
            "properties": {
                "OBJECTID_1": 112,
                "OBJECTID": 112,
                "Id": 0,
                "NAME": " ",
                "DESC_": "Active Fault",
                "Shape_Leng": 20738.213696,
                "Shape__Length": null,
                "Shape__Length_2": null
            }
        },
        {
            "type": "Feature",
            "id": 113,
            "geometry": {
                "type": "LineString",
                "coordinates": [
                    [
                        121.320514568,
                        17.5439784340001
                    ],
                    [
                        121.404249384,
                        17.619640233
                    ]
                ]
            },
            "properties": {
                "OBJECTID_1": 113,
                "OBJECTID": 113,
                "Id": 0,
                "NAME": " ",
                "DESC_": "Active Fault",
                "Shape_Leng": 12211.6230462,
                "Shape__Length": null,
                "Shape__Length_2": null
            }
        },
        {
            "type": "Feature",
            "id": 114,
            "geometry": {
                "type": "LineString",
                "coordinates": [
                    [
                        120.571196881,
                        18.4054590320001
                    ],
                    [
                        120.635975149,
                        18.4902038010001
                    ],
                    [
                        120.66991756,
                        18.5355866370001
                    ]
                ]
            },
            "properties": {
                "OBJECTID_1": 114,
                "OBJECTID": 114,
                "Id": 0,
                "NAME": " ",
                "DESC_": "Active Fault",
                "Shape_Leng": 17788.4277384,
                "Shape__Length": null,
                "Shape__Length_2": null
            }
        },
        {
            "type": "Feature",
            "id": 115,
            "geometry": {
                "type": "LineString",
                "coordinates": [
                    [
                        120.412265155,
                        17.462260852
                    ],
                    [
                        120.435305835,
                        17.6004340810001
                    ],
                    [
                        120.456043128,
                        17.6816291540001
                    ],
                    [
                        120.480131865,
                        17.74788026
                    ],
                    [
                        120.497810834,
                        17.8260373570001
                    ],
                    [
                        120.494010384,
                        17.8739455580001
                    ],
                    [
                        120.496340699,
                        17.9309242230001
                    ],
                    [
                        120.530445405,
                        17.9553395700001
                    ],
                    [
                        120.576348904,
                        18.033851348
                    ],
                    [
                        120.597380696,
                        18.1000576260001
                    ],
                    [
                        120.626734474,
                        18.2472972830001
                    ],
                    [
                        120.672101076,
                        18.3737499740001
                    ],
                    [
                        120.711281156,
                        18.4971247070001
                    ],
                    [
                        120.716966975,
                        18.5421564060001
                    ]
                ]
            },
            "properties": {
                "OBJECTID_1": 115,
                "OBJECTID": 115,
                "Id": 0,
                "NAME": " ",
                "DESC_": "Active Fault",
                "Shape_Leng": 125840.933434,
                "Shape__Length": null,
                "Shape__Length_2": null
            }
        },
        {
            "type": "Feature",
            "id": 116,
            "geometry": {
                "type": "LineString",
                "coordinates": [
                    [
                        123.394923309,
                        17.4102409490001
                    ],
                    [
                        123.433621331,
                        17.6445106360001
                    ],
                    [
                        123.4340089,
                        17.8056222610001
                    ]
                ]
            },
            "properties": {
                "OBJECTID_1": 116,
                "OBJECTID": 116,
                "Id": 0,
                "NAME": " ",
                "DESC_": "approximate offshore projection",
                "Shape_Leng": 44066.5805933,
                "Shape__Length": null,
                "Shape__Length_2": null
            }
        },
        {
            "type": "Feature",
            "id": 117,
            "geometry": {
                "type": "LineString",
                "coordinates": [
                    [
                        123.42653837,
                        17.8788708330001
                    ],
                    [
                        123.480629187,
                        18.0837907810001
                    ],
                    [
                        123.481009751,
                        18.2229256310001
                    ],
                    [
                        123.466490319,
                        18.5231956170001
                    ],
                    [
                        123.436251986,
                        18.706333391
                    ]
                ]
            },
            "properties": {
                "OBJECTID_1": 117,
                "OBJECTID": 117,
                "Id": 0,
                "NAME": " ",
                "DESC_": "approximate offshore projection",
                "Shape_Leng": 92550.4354971,
                "Shape__Length": null,
                "Shape__Length_2": null
            }
        },
        {
            "type": "Feature",
            "id": 118,
            "geometry": {
                "type": "LineString",
                "coordinates": [
                    [
                        123.064015884,
                        17.5895254750001
                    ],
                    [
                        123.064154806,
                        17.9790669020001
                    ],
                    [
                        123.060092641,
                        18.124650445
                    ],
                    [
                        123.060111473,
                        18.1797350420001
                    ],
                    [
                        123.072492901,
                        18.2584224980001
                    ],
                    [
                        123.076713593,
                        18.4905576830001
                    ]
                ]
            },
            "properties": {
                "OBJECTID_1": 118,
                "OBJECTID": 118,
                "Id": 0,
                "NAME": " ",
                "DESC_": "approximate offshore projection",
                "Shape_Leng": 99795.280781,
                "Shape__Length": null,
                "Shape__Length_2": null
            }
        },
        {
            "type": "Feature",
            "id": 119,
            "geometry": {
                "type": "LineString",
                "coordinates": [
                    [
                        122.02440959,
                        18.633223941
                    ],
                    [
                        122.14751719,
                        18.7715137000001
                    ],
                    [
                        122.258597113,
                        18.8703393010001
                    ],
                    [
                        122.328504795,
                        18.9571546240001
                    ],
                    [
                        122.377799775,
                        19.0438764350001
                    ]
                ]
            },
            "properties": {
                "OBJECTID_1": 119,
                "OBJECTID": 119,
                "Id": 0,
                "NAME": " ",
                "DESC_": "approximate offshore projection",
                "Shape_Leng": 59097.8701721,
                "Shape__Length": null,
                "Shape__Length_2": null
            }
        },
        {
            "type": "Feature",
            "id": 120,
            "geometry": {
                "type": "LineString",
                "coordinates": [
                    [
                        121.818689886,
                        18.5455014330001
                    ],
                    [
                        121.883881302,
                        18.6678467900001
                    ],
                    [
                        121.978026564,
                        18.7982007350001
                    ],
                    [
                        122.064090496,
                        18.9206031800001
                    ],
                    [
                        122.142004211,
                        19.042931228
                    ],
                    [
                        122.195019227,
                        19.2005262270001
                    ],
                    [
                        122.276707689,
                        19.4565687660001
                    ]
                ]
            },
            "properties": {
                "OBJECTID_1": 120,
                "OBJECTID": 120,
                "Id": 0,
                "NAME": " ",
                "DESC_": "approximate offshore projection",
                "Shape_Leng": 112738.918216,
                "Shape__Length": null,
                "Shape__Length_2": null
            }
        },
        {
            "type": "Feature",
            "id": 121,
            "geometry": {
                "type": "LineString",
                "coordinates": [
                    [
                        121.71179008,
                        18.5015320680001
                    ],
                    [
                        121.715413294,
                        18.5684290060001
                    ],
                    [
                        121.751643729,
                        18.6906160980001
                    ]
                ]
            },
            "properties": {
                "OBJECTID_1": 121,
                "OBJECTID": 121,
                "Id": 0,
                "NAME": " ",
                "DESC_": "approximate offshore projection",
                "Shape_Leng": 21465.3789306,
                "Shape__Length": null,
                "Shape__Length_2": null
            }
        },
        {
            "type": "Feature",
            "id": 122,
            "geometry": {
                "type": "LineString",
                "coordinates": [
                    [
                        122.015116042,
                        19.5100136410001
                    ],
                    [
                        121.950563438,
                        19.8675951180001
                    ]
                ]
            },
            "properties": {
                "OBJECTID_1": 122,
                "OBJECTID": 122,
                "Id": 0,
                "NAME": " ",
                "DESC_": "approximate offshore projection",
                "Shape_Leng": 40148.6948007,
                "Shape__Length": null,
                "Shape__Length_2": null
            }
        },
        {
            "type": "Feature",
            "id": 123,
            "geometry": {
                "type": "LineString",
                "coordinates": [
                    [
                        120.896530493,
                        18.6177505110001
                    ],
                    [
                        120.93780386,
                        18.79628045
                    ],
                    [
                        120.978845612,
                        18.999650407
                    ],
                    [
                        120.97779238,
                        19.0866037800001
                    ]
                ]
            },
            "properties": {
                "OBJECTID_1": 123,
                "OBJECTID": 123,
                "Id": 0,
                "NAME": " ",
                "DESC_": "approximate offshore projection",
                "Shape_Leng": 52793.2440942,
                "Shape__Length": null,
                "Shape__Length_2": null
            }
        },
        {
            "type": "Feature",
            "id": 124,
            "geometry": {
                "type": "LineString",
                "coordinates": [
                    [
                        120.971970072,
                        19.2066326280001
                    ],
                    [
                        121.057726193,
                        19.327658097
                    ],
                    [
                        121.168957986,
                        19.5234551830001
                    ],
                    [
                        121.271162325,
                        19.768809456
                    ],
                    [
                        121.314076127,
                        19.8479074260001
                    ]
                ]
            },
            "properties": {
                "OBJECTID_1": 124,
                "OBJECTID": 124,
                "Id": 0,
                "NAME": " ",
                "DESC_": "approximate offshore projection",
                "Shape_Leng": 79817.6141876,
                "Shape__Length": null,
                "Shape__Length_2": null
            }
        },
        {
            "type": "Feature",
            "id": 125,
            "geometry": {
                "type": "LineString",
                "coordinates": [
                    [
                        121.436865474,
                        18.9088223200001
                    ],
                    [
                        121.47936964,
                        19.0210120840001
                    ],
                    [
                        121.534596783,
                        19.1788593450001
                    ]
                ]
            },
            "properties": {
                "OBJECTID_1": 125,
                "OBJECTID": 125,
                "Id": 0,
                "NAME": " ",
                "DESC_": "approximate offshore projection",
                "Shape_Leng": 31611.7844607,
                "Shape__Length": null,
                "Shape__Length_2": null
            }
        },
        {
            "type": "Feature",
            "id": 126,
            "geometry": {
                "type": "LineString",
                "coordinates": [
                    [
                        120.716966975,
                        18.5421564060001
                    ],
                    [
                        120.748277107,
                        18.661583851
                    ],
                    [
                        120.768146932,
                        18.8026102090001
                    ]
                ]
            },
            "properties": {
                "OBJECTID_1": 126,
                "OBJECTID": 126,
                "Id": 0,
                "NAME": " ",
                "DESC_": "approximate offshore projection",
                "Shape_Leng": 29384.8779074,
                "Shape__Length": null,
                "Shape__Length_2": null
            }
        },
        {
            "type": "Feature",
            "id": 127,
            "geometry": {
                "type": "LineString",
                "coordinates": [
                    [
                        120.979038016,
                        15.7935627350001
                    ],
                    [
                        120.95122135,
                        15.8654398280001
                    ],
                    [
                        120.903051203,
                        15.9371137370001
                    ],
                    [
                        120.834401542,
                        16.018403231
                    ],
                    [
                        120.786185735,
                        16.0867622310001
                    ],
                    [
                        120.771743303,
                        16.16529798
                    ],
                    [
                        120.764109187,
                        16.2406243660001
                    ],
                    [
                        120.73636179,
                        16.2927853730001
                    ],
                    [
                        120.715578779,
                        16.328624361
                    ],
                    [
                        120.667664591,
                        16.3608831440001
                    ]
                ]
            },
            "properties": {
                "OBJECTID_1": 127,
                "OBJECTID": 127,
                "Id": 0,
                "NAME": " ",
                "DESC_": "Active Fault",
                "Shape_Leng": 73226.2190599,
                "Shape__Length": null,
                "Shape__Length_2": null
            }
        },
        {
            "type": "Feature",
            "id": 128,
            "geometry": {
                "type": "LineString",
                "coordinates": [
                    [
                        120.783259459,
                        16.1026818760001
                    ],
                    [
                        120.714456425,
                        16.131905852
                    ],
                    [
                        120.663240988,
                        16.1608559080001
                    ],
                    [
                        120.625619351,
                        16.186665792
                    ],
                    [
                        120.615048971,
                        16.2193299400001
                    ]
                ]
            },
            "properties": {
                "OBJECTID_1": 128,
                "OBJECTID": 128,
                "Id": 0,
                "NAME": " ",
                "DESC_": "Active Fault",
                "Shape_Leng": 23114.5752073,
                "Shape__Length": null,
                "Shape__Length_2": null
            }
        },
        {
            "type": "Feature",
            "id": 129,
            "geometry": {
                "type": "LineString",
                "coordinates": [
                    [
                        120.735808509,
                        16.122840055
                    ],
                    [
                        120.703752698,
                        16.1776889670001
                    ],
                    [
                        120.679778368,
                        16.1970990460001
                    ]
                ]
            },
            "properties": {
                "OBJECTID_1": 129,
                "OBJECTID": 129,
                "Id": 0,
                "NAME": " ",
                "DESC_": "Active Fault",
                "Shape_Leng": 10319.1232472,
                "Shape__Length": null,
                "Shape__Length_2": null
            }
        },
        {
            "type": "Feature",
            "id": 130,
            "geometry": {
                "type": "LineString",
                "coordinates": [
                    [
                        120.767547876,
                        16.2067064780001
                    ],
                    [
                        120.780486342,
                        16.2932534050001
                    ]
                ]
            },
            "properties": {
                "OBJECTID_1": 130,
                "OBJECTID": 130,
                "Id": 0,
                "NAME": " ",
                "DESC_": "Active Fault",
                "Shape_Leng": 9679.72143679,
                "Shape__Length": null,
                "Shape__Length_2": null
            }
        },
        {
            "type": "Feature",
            "id": 131,
            "geometry": {
                "type": "LineString",
                "coordinates": [
                    [
                        121.224007066,
                        15.2677022940001
                    ],
                    [
                        121.196336215,
                        15.3429103010001
                    ],
                    [
                        121.151682587,
                        15.4245305780001
                    ],
                    [
                        121.110730587,
                        15.4668173790001
                    ]
                ]
            },
            "properties": {
                "OBJECTID_1": 131,
                "OBJECTID": 131,
                "Id": 0,
                "NAME": " ",
                "DESC_": "Trace approximate",
                "Shape_Leng": 25483.2230742,
                "Shape__Length": null,
                "Shape__Length_2": null
            }
        },
        {
            "type": "Feature",
            "id": 132,
            "geometry": {
                "type": "LineString",
                "coordinates": [
                    [
                        121.388639443,
                        15.387019765
                    ],
                    [
                        121.293295248,
                        15.4715794200001
                    ],
                    [
                        121.187323475,
                        15.6019150770001
                    ],
                    [
                        121.08792376,
                        15.7388012280001
                    ],
                    [
                        121.015550795,
                        15.869318342
                    ],
                    [
                        120.946131419,
                        16.032617541
                    ],
                    [
                        120.900750627,
                        16.1567732350001
                    ],
                    [
                        120.879381063,
                        16.2516453600001
                    ],
                    [
                        120.878180538,
                        16.3631099850001
                    ],
                    [
                        120.900860061,
                        16.4649781780001
                    ],
                    [
                        120.940762759,
                        16.54734397
                    ],
                    [
                        120.946446499,
                        16.6523205680001
                    ],
                    [
                        120.959179703,
                        16.7344153860001
                    ],
                    [
                        120.968166182,
                        16.8492603330001
                    ]
                ]
            },
            "properties": {
                "OBJECTID_1": 132,
                "OBJECTID": 132,
                "Id": 0,
                "NAME": "Philippine Fault Zone (PFZ): Digdig Fault",
                "DESC_": "Active Fault",
                "Shape_Leng": 179518.86193,
                "Shape__Length": null,
                "Shape__Length_2": null
            }
        },
        {
            "type": "Feature",
            "id": 133,
            "geometry": {
                "type": "LineString",
                "coordinates": [
                    [
                        120.850547984,
                        16.4054521960001
                    ],
                    [
                        120.842886046,
                        16.4840606400001
                    ],
                    [
                        120.814486604,
                        16.5919579000001
                    ],
                    [
                        120.796515446,
                        16.677008963
                    ],
                    [
                        120.795838041,
                        16.7360141790001
                    ],
                    [
                        120.808657329,
                        16.8049986670001
                    ]
                ]
            },
            "properties": {
                "OBJECTID_1": 133,
                "OBJECTID": 133,
                "Id": 0,
                "NAME": "Philippine Fault Zone (PFZ): Digdig Fault",
                "DESC_": "Active Fault",
                "Shape_Leng": 44960.5528327,
                "Shape__Length": null,
                "Shape__Length_2": null
            }
        },
        {
            "type": "Feature",
            "id": 134,
            "geometry": {
                "type": "LineString",
                "coordinates": [
                    [
                        121.66176457,
                        16.0153191790001
                    ],
                    [
                        121.72919329,
                        16.078049406
                    ],
                    [
                        121.817200398,
                        16.1113551430001
                    ],
                    [
                        121.915205333,
                        16.1840395140001
                    ],
                    [
                        121.972773674,
                        16.210567101
                    ]
                ]
            },
            "properties": {
                "OBJECTID_1": 134,
                "OBJECTID": 134,
                "Id": 0,
                "NAME": "Casiguran Fault",
                "DESC_": "Trace approximate",
                "Shape_Leng": 40148.1023144,
                "Shape__Length": null,
                "Shape__Length_2": null
            }
        },
        {
            "type": "Feature",
            "id": 135,
            "geometry": {
                "type": "LineString",
                "coordinates": [
                    [
                        121.658985026,
                        15.9234627310001
                    ],
                    [
                        121.750078799,
                        15.9928911710001
                    ],
                    [
                        121.902152366,
                        16.0888475410001
                    ],
                    [
                        121.942621661,
                        16.13497455
                    ]
                ]
            },
            "properties": {
                "OBJECTID_1": 135,
                "OBJECTID": 135,
                "Id": 0,
                "NAME": " ",
                "DESC_": "approximate offshore projection",
                "Shape_Leng": 38532.3118523,
                "Shape__Length": null,
                "Shape__Length_2": null
            }
        },
        {
            "type": "Feature",
            "id": 136,
            "geometry": {
                "type": "LineString",
                "coordinates": [
                    [
                        121.942621661,
                        16.13497455
                    ],
                    [
                        122.016988275,
                        16.194375091
                    ],
                    [
                        122.094855656,
                        16.2406453030001
                    ],
                    [
                        122.159049099,
                        16.3163574800001
                    ],
                    [
                        122.226430154,
                        16.4576703320001
                    ],
                    [
                        122.273739911,
                        16.5332877260001
                    ]
                ]
            },
            "properties": {
                "OBJECTID_1": 136,
                "OBJECTID": 136,
                "Id": 0,
                "NAME": "Casiguran Fault",
                "DESC_": "Trace approximate",
                "Shape_Leng": 57894.4179078,
                "Shape__Length": null,
                "Shape__Length_2": null
            }
        },
        {
            "type": "Feature",
            "id": 137,
            "geometry": {
                "type": "LineString",
                "coordinates": [
                    [
                        122.084258266,
                        16.3291674600001
                    ],
                    [
                        122.216086995,
                        16.493715422
                    ]
                ]
            },
            "properties": {
                "OBJECTID_1": 137,
                "OBJECTID": 137,
                "Id": 0,
                "NAME": "Casiguran Fault",
                "DESC_": "Trace approximate",
                "Shape_Leng": 23011.8688106,
                "Shape__Length": null,
                "Shape__Length_2": null
            }
        },
        {
            "type": "Feature",
            "id": 138,
            "geometry": {
                "type": "LineString",
                "coordinates": [
                    [
                        121.687366671,
                        14.056835236
                    ],
                    [
                        121.679928069,
                        14.1814534730001
                    ],
                    [
                        121.672494407,
                        14.3027891900001
                    ],
                    [
                        121.658413446,
                        14.4076832060001
                    ]
                ]
            },
            "properties": {
                "OBJECTID_1": 138,
                "OBJECTID": 138,
                "Id": 0,
                "NAME": " ",
                "DESC_": "Trace approximate",
                "Shape_Leng": 38959.1724281,
                "Shape__Length": null,
                "Shape__Length_2": null
            }
        },
        {
            "type": "Feature",
            "id": 139,
            "geometry": {
                "type": "LineString",
                "coordinates": [
                    [
                        121.733288199,
                        14.3023292140001
                    ],
                    [
                        121.658413446,
                        14.4076832060001
                    ]
                ]
            },
            "properties": {
                "OBJECTID_1": 139,
                "OBJECTID": 139,
                "Id": 0,
                "NAME": "PFZ: Infanta Fault",
                "DESC_": "Active Fault",
                "Shape_Leng": 14179.0976432,
                "Shape__Length": null,
                "Shape__Length_2": null
            }
        },
        {
            "type": "Feature",
            "id": 140,
            "geometry": {
                "type": "LineString",
                "coordinates": [
                    [
                        121.658413446,
                        14.4076832060001
                    ],
                    [
                        121.630907115,
                        14.50265548
                    ],
                    [
                        121.606865997,
                        14.5779608920001
                    ],
                    [
                        121.585817111,
                        14.7090442240001
                    ],
                    [
                        121.588318585,
                        14.8435481870001
                    ],
                    [
                        121.570744447,
                        14.9516848100001
                    ],
                    [
                        121.533164643,
                        15.0203283370001
                    ],
                    [
                        121.502356796,
                        15.082448098
                    ],
                    [
                        121.491812679,
                        15.1414181520001
                    ],
                    [
                        121.481448851,
                        15.1741484170001
                    ]
                ]
            },
            "properties": {
                "OBJECTID_1": 140,
                "OBJECTID": 140,
                "Id": 0,
                "NAME": "PFZ: Infanta Fault",
                "DESC_": "Active Fault",
                "Shape_Leng": 87959.3122987,
                "Shape__Length": null,
                "Shape__Length_2": null
            }
        },
        {
            "type": "Feature",
            "id": 141,
            "geometry": {
                "type": "LineString",
                "coordinates": [
                    [
                        121.520184145,
                        14.9448025870001
                    ],
                    [
                        121.479053267,
                        15.0363728830001
                    ],
                    [
                        121.424451697,
                        15.1179987410001
                    ],
                    [
                        121.366580586,
                        15.1799045660001
                    ],
                    [
                        121.356144678,
                        15.2191861320001
                    ],
                    [
                        121.355711163,
                        15.2749391830001
                    ],
                    [
                        121.36869164,
                        15.3439094820001
                    ],
                    [
                        121.388639443,
                        15.387019765
                    ]
                ]
            },
            "properties": {
                "OBJECTID_1": 141,
                "OBJECTID": 141,
                "Id": 0,
                "NAME": " ",
                "DESC_": "Trace approximate",
                "Shape_Leng": 54723.3795791,
                "Shape__Length": null,
                "Shape__Length_2": null
            }
        },
        {
            "type": "Feature",
            "id": 142,
            "geometry": {
                "type": "LineString",
                "coordinates": [
                    [
                        121.332346591,
                        15.238689262
                    ],
                    [
                        121.347284439,
                        15.0551313890001
                    ],
                    [
                        121.351439086,
                        14.9534867
                    ],
                    [
                        121.372197988,
                        14.8847580080001
                    ],
                    [
                        121.393376047,
                        14.756989606
                    ],
                    [
                        121.397225927,
                        14.6914168640001
                    ]
                ]
            },
            "properties": {
                "OBJECTID_1": 142,
                "OBJECTID": 142,
                "Id": 0,
                "NAME": " ",
                "DESC_": "Trace approximate",
                "Shape_Leng": 61142.1661634,
                "Shape__Length": null,
                "Shape__Length_2": null
            }
        },
        {
            "type": "Feature",
            "id": 143,
            "geometry": {
                "type": "LineString",
                "coordinates": [
                    [
                        121.538855814,
                        14.6759511970001
                    ],
                    [
                        121.528153585,
                        14.764447702
                    ],
                    [
                        121.50089503,
                        14.806913674
                    ],
                    [
                        121.497025088,
                        14.8790501840001
                    ],
                    [
                        121.46625478,
                        14.9378868460001
                    ],
                    [
                        121.452620387,
                        14.9574748860001
                    ]
                ]
            },
            "properties": {
                "OBJECTID_1": 143,
                "OBJECTID": 143,
                "Id": 0,
                "NAME": " ",
                "DESC_": "Trace approximate",
                "Shape_Leng": 33310.0379237,
                "Shape__Length": null,
                "Shape__Length_2": null
            }
        },
        {
            "type": "Feature",
            "id": 144,
            "geometry": {
                "type": "LineString",
                "coordinates": [
                    [
                        121.274763049,
                        15.2579319610001
                    ],
                    [
                        121.264224054,
                        15.3070451230001
                    ],
                    [
                        121.256813152,
                        15.385698006
                    ],
                    [
                        121.25983855,
                        15.4283564230001
                    ],
                    [
                        121.293295248,
                        15.4715794200001
                    ]
                ]
            },
            "properties": {
                "OBJECTID_1": 144,
                "OBJECTID": 144,
                "Id": 0,
                "NAME": " ",
                "DESC_": "Trace approximate",
                "Shape_Leng": 25003.4150809,
                "Shape__Length": null,
                "Shape__Length_2": null
            }
        },
        {
            "type": "Feature",
            "id": 145,
            "geometry": {
                "type": "LineString",
                "coordinates": [
                    [
                        121.630907115,
                        14.50265548
                    ],
                    [
                        121.543154479,
                        14.5349295760001
                    ],
                    [
                        121.397679205,
                        14.6291001650001
                    ],
                    [
                        121.235368885,
                        14.706640958
                    ],
                    [
                        121.204910633,
                        14.722805511
                    ],
                    [
                        121.144314957,
                        14.715768611
                    ],
                    [
                        121.11755718,
                        14.6925958390001
                    ],
                    [
                        121.097910015,
                        14.6268449570001
                    ],
                    [
                        121.078187031,
                        14.5709313400001
                    ]
                ]
            },
            "properties": {
                "OBJECTID_1": 145,
                "OBJECTID": 145,
                "Id": 0,
                "NAME": " ",
                "DESC_": "Trace approximate",
                "Shape_Leng": 76692.2030067,
                "Shape__Length": null,
                "Shape__Length_2": null
            }
        },
        {
            "type": "Feature",
            "id": 146,
            "geometry": {
                "type": "LineString",
                "coordinates": [
                    [
                        121.351229107,
                        14.5336575620001
                    ],
                    [
                        121.266544861,
                        14.5986427860001
                    ],
                    [
                        121.225657643,
                        14.6573708550001
                    ],
                    [
                        121.204910633,
                        14.722805511
                    ]
                ]
            },
            "properties": {
                "OBJECTID_1": 146,
                "OBJECTID": 146,
                "Id": 0,
                "NAME": " ",
                "DESC_": "Trace approximate",
                "Shape_Leng": 27046.6391633,
                "Shape__Length": null,
                "Shape__Length_2": null
            }
        },
        {
            "type": "Feature",
            "id": 147,
            "geometry": {
                "type": "LineString",
                "coordinates": [
                    [
                        120.872790434,
                        16.853211468
                    ],
                    [
                        120.882381858,
                        16.9090465350001
                    ],
                    [
                        120.904910247,
                        17.027307916
                    ],
                    [
                        120.945083245,
                        17.0932907490001
                    ]
                ]
            },
            "properties": {
                "OBJECTID_1": 147,
                "OBJECTID": 147,
                "Id": 0,
                "NAME": " ",
                "DESC_": "Active Fault",
                "Shape_Leng": 28037.780789,
                "Shape__Length": null,
                "Shape__Length_2": null
            }
        },
        {
            "type": "Feature",
            "id": 148,
            "geometry": {
                "type": "LineString",
                "coordinates": [
                    [
                        121.018669177,
                        16.9038546800001
                    ],
                    [
                        121.017810308,
                        16.9858161580001
                    ],
                    [
                        121.047997862,
                        17.0320111790001
                    ],
                    [
                        121.129201135,
                        17.091795774
                    ],
                    [
                        121.190154424,
                        17.1349766150001
                    ],
                    [
                        121.199973549,
                        17.177691516
                    ],
                    [
                        121.229797203,
                        17.2697686270001
                    ],
                    [
                        121.247309243,
                        17.3544313080001
                    ]
                ]
            },
            "properties": {
                "OBJECTID_1": 148,
                "OBJECTID": 148,
                "Id": 0,
                "NAME": " ",
                "DESC_": "Active Fault",
                "Shape_Leng": 59125.0852545,
                "Shape__Length": null,
                "Shape__Length_2": null
            }
        },
        {
            "type": "Feature",
            "id": 149,
            "geometry": {
                "type": "LineString",
                "coordinates": [
                    [
                        122.415741182,
                        16.8076449450001
                    ],
                    [
                        122.388169014,
                        16.9092541780001
                    ],
                    [
                        122.374354902,
                        16.9649770160001
                    ],
                    [
                        122.374049834,
                        17.0568230210001
                    ],
                    [
                        122.360151892,
                        17.1322246230001
                    ],
                    [
                        122.322339857,
                        17.2108255240001
                    ],
                    [
                        122.287972208,
                        17.2730293880001
                    ],
                    [
                        122.270630651,
                        17.341849154
                    ]
                ]
            },
            "properties": {
                "OBJECTID_1": 149,
                "OBJECTID": 149,
                "Id": 0,
                "NAME": "Divalacan Fault",
                "DESC_": "Trace approximate",
                "Shape_Leng": 61795.6925131,
                "Shape__Length": null,
                "Shape__Length_2": null
            }
        },
        {
            "type": "Feature",
            "id": 150,
            "geometry": {
                "type": "LineString",
                "coordinates": [
                    [
                        122.212989961,
                        17.24322885
                    ],
                    [
                        122.212473546,
                        17.364589046
                    ],
                    [
                        122.188173134,
                        17.4530521080001
                    ],
                    [
                        122.177670862,
                        17.508768649
                    ]
                ]
            },
            "properties": {
                "OBJECTID_1": 150,
                "OBJECTID": 150,
                "Id": 0,
                "NAME": "Divalacan Fault",
                "DESC_": "Trace approximate",
                "Shape_Leng": 29814.023322,
                "Shape__Length": null,
                "Shape__Length_2": null
            }
        },
        {
            "type": "Feature",
            "id": 151,
            "geometry": {
                "type": "LineString",
                "coordinates": [
                    [
                        120.659963269,
                        16.994804731
                    ],
                    [
                        120.658123093,
                        17.14229851
                    ],
                    [
                        120.662880965,
                        17.30625746
                    ],
                    [
                        120.672365079,
                        17.6341707340001
                    ],
                    [
                        120.683680153,
                        17.8178708990001
                    ],
                    [
                        120.713595984,
                        17.8870613350001
                    ],
                    [
                        120.771051623,
                        17.9467331440001
                    ],
                    [
                        120.831810697,
                        18.0195411060001
                    ]
                ]
            },
            "properties": {
                "OBJECTID_1": 151,
                "OBJECTID": 151,
                "Id": 0,
                "NAME": "PFZ: Abra River Fault",
                "DESC_": "Active Fault",
                "Shape_Leng": 118774.45947,
                "Shape__Length": null,
                "Shape__Length_2": null
            }
        },
        {
            "type": "Feature",
            "id": 152,
            "geometry": {
                "type": "LineString",
                "coordinates": [
                    [
                        120.777285841,
                        16.8682628870001
                    ],
                    [
                        120.742579776,
                        16.9236149490001
                    ],
                    [
                        120.714664415,
                        16.979034916
                    ],
                    [
                        120.703846754,
                        17.0280865320001
                    ],
                    [
                        120.703325879,
                        17.070697275
                    ],
                    [
                        120.689250156,
                        17.1065971890001
                    ],
                    [
                        120.658123093,
                        17.14229851
                    ]
                ]
            },
            "properties": {
                "OBJECTID_1": 152,
                "OBJECTID": 152,
                "Id": 0,
                "NAME": " ",
                "DESC_": "Active Fault",
                "Shape_Leng": 33650.0311301,
                "Shape__Length": null,
                "Shape__Length_2": null
            }
        },
        {
            "type": "Feature",
            "id": 153,
            "geometry": {
                "type": "LineString",
                "coordinates": [
                    [
                        120.63812662,
                        18.2790663070001
                    ],
                    [
                        120.65822368,
                        18.1909149960001
                    ],
                    [
                        120.659489378,
                        18.0958737280001
                    ],
                    [
                        120.609415534,
                        17.996926767
                    ],
                    [
                        120.541916249,
                        17.9239737590001
                    ],
                    [
                        120.525254569,
                        17.8909861040001
                    ],
                    [
                        120.55272618,
                        17.8847780710001
                    ],
                    [
                        120.651727619,
                        17.905664447
                    ],
                    [
                        120.705529194,
                        17.9816995740001
                    ],
                    [
                        120.772998075,
                        18.0644380890001
                    ],
                    [
                        120.844117589,
                        18.1340868760001
                    ],
                    [
                        120.966358453,
                        18.2370464140001
                    ],
                    [
                        121.000363067,
                        18.2636315860001
                    ]
                ]
            },
            "properties": {
                "OBJECTID_1": 153,
                "OBJECTID": 153,
                "Id": 0,
                "NAME": "West Ilocos Fault System",
                "DESC_": "Active Fault",
                "Shape_Leng": 115723.429696,
                "Shape__Length": null,
                "Shape__Length_2": null
            }
        },
        {
            "type": "Feature",
            "id": 154,
            "geometry": {
                "type": "LineString",
                "coordinates": [
                    [
                        121.12619404,
                        18.0485174360001
                    ],
                    [
                        121.076963919,
                        18.162783043
                    ],
                    [
                        121.000363067,
                        18.2636315860001
                    ],
                    [
                        120.96528782,
                        18.328827957
                    ],
                    [
                        120.902399304,
                        18.4199357310001
                    ],
                    [
                        120.881354056,
                        18.4557615100001
                    ]
                ]
            },
            "properties": {
                "OBJECTID_1": 154,
                "OBJECTID": 154,
                "Id": 0,
                "NAME": "PFZ: Bangui Fault",
                "DESC_": "Active Fault",
                "Shape_Leng": 52216.1881728,
                "Shape__Length": null,
                "Shape__Length_2": null
            }
        },
        {
            "type": "Feature",
            "id": 155,
            "geometry": {
                "type": "LineString",
                "coordinates": [
                    [
                        120.796202829,
                        18.39906483
                    ],
                    [
                        120.857312299,
                        18.455491259
                    ],
                    [
                        120.881354056,
                        18.4557615100001
                    ],
                    [
                        120.952819982,
                        18.5122768910001
                    ],
                    [
                        121.020972309,
                        18.562177568
                    ],
                    [
                        121.086057024,
                        18.582519731
                    ],
                    [
                        121.171822741,
                        18.5997639770001
                    ]
                ]
            },
            "properties": {
                "OBJECTID_1": 155,
                "OBJECTID": 155,
                "Id": 0,
                "NAME": " ",
                "DESC_": "Active Fault",
                "Shape_Leng": 46885.4738223,
                "Shape__Length": null,
                "Shape__Length_2": null
            }
        },
        {
            "type": "Feature",
            "id": 156,
            "geometry": {
                "type": "LineString",
                "coordinates": [
                    [
                        120.844117589,
                        18.1340868760001
                    ],
                    [
                        120.778487058,
                        18.1726768020001
                    ],
                    [
                        120.705927664,
                        18.2144364420001
                    ],
                    [
                        120.622380613,
                        18.2254690610001
                    ]
                ]
            },
            "properties": {
                "OBJECTID_1": 156,
                "OBJECTID": 156,
                "Id": 0,
                "NAME": " ",
                "DESC_": "Active Fault",
                "Shape_Leng": 26042.2492869,
                "Shape__Length": null,
                "Shape__Length_2": null
            }
        },
        {
            "type": "Feature",
            "id": 157,
            "geometry": {
                "type": "LineString",
                "coordinates": [
                    [
                        120.757853381,
                        18.0458738730001
                    ],
                    [
                        120.758374741,
                        18.136385148
                    ],
                    [
                        120.778487058,
                        18.1726768020001
                    ],
                    [
                        120.788318577,
                        18.208848721
                    ],
                    [
                        120.801088163,
                        18.284390698
                    ],
                    [
                        120.84132551,
                        18.3602457790001
                    ],
                    [
                        120.857312299,
                        18.455491259
                    ],
                    [
                        120.896530493,
                        18.6177505110001
                    ]
                ]
            },
            "properties": {
                "OBJECTID_1": 157,
                "OBJECTID": 157,
                "Id": 0,
                "NAME": " ",
                "DESC_": "Active Fault",
                "Shape_Leng": 65706.7743274,
                "Shape__Length": null,
                "Shape__Length_2": null
            }
        },
        {
            "type": "Feature",
            "id": 158,
            "geometry": {
                "type": "LineString",
                "coordinates": [
                    [
                        121.911216818,
                        14.0053730900001
                    ],
                    [
                        121.836563194,
                        14.0356553550001
                    ],
                    [
                        121.763790719,
                        14.0774082950001
                    ],
                    [
                        121.716544237,
                        14.109703488
                    ],
                    [
                        121.68161157,
                        14.1532710550001
                    ]
                ]
            },
            "properties": {
                "OBJECTID_1": 158,
                "OBJECTID": 158,
                "Id": 0,
                "NAME": " ",
                "DESC_": "Trace approximate",
                "Shape_Leng": 30193.7674477,
                "Shape__Length": null,
                "Shape__Length_2": null
            }
        },
        {
            "type": "Feature",
            "id": 159,
            "geometry": {
                "type": "LineString",
                "coordinates": [
                    [
                        121.413246626,
                        12.605329526
                    ],
                    [
                        121.398474092,
                        12.6722149390001
                    ],
                    [
                        121.376779288,
                        12.6967575300001
                    ],
                    [
                        121.322767207,
                        12.7210952040001
                    ],
                    [
                        121.257563696,
                        12.805266315
                    ],
                    [
                        121.213619759,
                        12.9248069980001
                    ],
                    [
                        121.191374255,
                        13.01981527
                    ]
                ]
            },
            "properties": {
                "OBJECTID_1": 159,
                "OBJECTID": 159,
                "Id": 0,
                "NAME": "Central Mindoro Fault",
                "DESC_": "Active Fault",
                "Shape_Leng": 54163.7930636,
                "Shape__Length": null,
                "Shape__Length_2": null
            }
        },
        {
            "type": "Feature",
            "id": 160,
            "geometry": {
                "type": "LineString",
                "coordinates": [
                    [
                        121.191374255,
                        13.01981527
                    ],
                    [
                        121.176298384,
                        13.1148697780001
                    ],
                    [
                        121.175777254,
                        13.1853546420001
                    ],
                    [
                        121.197098849,
                        13.2207500730001
                    ],
                    [
                        121.200359442,
                        13.266590873
                    ],
                    [
                        121.171312354,
                        13.3016279130001
                    ],
                    [
                        121.145855519,
                        13.3366868020001
                    ],
                    [
                        121.130916936,
                        13.4070629750001
                    ]
                ]
            },
            "properties": {
                "OBJECTID_1": 160,
                "OBJECTID": 160,
                "Id": 0,
                "NAME": "Aglubang River Fault",
                "DESC_": "Active Fault",
                "Shape_Leng": 45780.3917001,
                "Shape__Length": null,
                "Shape__Length_2": null
            }
        },
        {
            "type": "Feature",
            "id": 161,
            "geometry": {
                "type": "LineString",
                "coordinates": [
                    [
                        122.027726739,
                        8.61589513500007
                    ],
                    [
                        121.985090071,
                        8.56897191900009
                    ],
                    [
                        121.793265517,
                        8.38586009700009
                    ],
                    [
                        121.59727747,
                        8.22351428500008
                    ],
                    [
                        121.482296923,
                        8.13374134200006
                    ],
                    [
                        121.393183428,
                        7.99298830400005
                    ],
                    [
                        121.350857399,
                        7.90347086600008
                    ],
                    [
                        121.236361698,
                        7.73196936400007
                    ],
                    [
                        121.126043822,
                        7.59961444100009
                    ],
                    [
                        120.947636861,
                        7.45842775200009
                    ],
                    [
                        120.811724047,
                        7.36419685900006
                    ],
                    [
                        120.637630432,
                        7.25273100100009
                    ],
                    [
                        120.544256096,
                        7.19269608500008
                    ],
                    [
                        120.259822981,
                        7.05076912900006
                    ],
                    [
                        119.920538387,
                        6.87437628700008
                    ],
                    [
                        119.564671947,
                        6.68498718400008
                    ],
                    [
                        119.41646228,
                        6.61170318400008
                    ]
                ]
            },
            "properties": {
                "OBJECTID_1": 161,
                "OBJECTID": 161,
                "Id": 0,
                "NAME": "Sulu Trench",
                "DESC_": "Trench",
                "Shape_Leng": 370504.519511,
                "Shape__Length": null,
                "Shape__Length_2": null
            }
        },
        {
            "type": "Feature",
            "id": 162,
            "geometry": {
                "type": "LineString",
                "coordinates": [
                    [
                        121.834168939,
                        10.478289965
                    ],
                    [
                        121.874357827,
                        10.2709490930001
                    ],
                    [
                        121.891869009,
                        10.092524154
                    ],
                    [
                        121.903837916,
                        9.95603226900005
                    ],
                    [
                        121.878845656,
                        9.73041848200006
                    ],
                    [
                        121.896911175,
                        9.44962192700007
                    ],
                    [
                        121.918736095,
                        9.32202592600004
                    ],
                    [
                        122.00080769,
                        9.08395164300009
                    ],
                    [
                        122.031220283,
                        8.91806167300007
                    ],
                    [
                        122.040230833,
                        8.74359973900005
                    ],
                    [
                        122.027726739,
                        8.61589513500007
                    ]
                ]
            },
            "properties": {
                "OBJECTID_1": 162,
                "OBJECTID": 162,
                "Id": 0,
                "NAME": "Negros Trench",
                "DESC_": "Trench",
                "Shape_Leng": 208824.673152,
                "Shape__Length": null,
                "Shape__Length_2": null
            }
        },
        {
            "type": "Feature",
            "id": 163,
            "geometry": null,
            "properties": {
                "OBJECTID_1": 163,
                "OBJECTID": 163,
                "Id": 0,
                "NAME": "Sulu Trench",
                "DESC_": "Trench",
                "Shape_Leng": 0,
                "Shape__Length": null,
                "Shape__Length_2": null
            }
        },
        {
            "type": "Feature",
            "id": 164,
            "geometry": {
                "type": "LineString",
                "coordinates": [
                    [
                        122.243434115,
                        11.7498606340001
                    ],
                    [
                        122.216753546,
                        11.8995350800001
                    ]
                ]
            },
            "properties": {
                "OBJECTID_1": 164,
                "OBJECTID": 164,
                "Id": 0,
                "NAME": " ",
                "DESC_": "approximate offshore projection",
                "Shape_Leng": 16805.3509799,
                "Shape__Length": null,
                "Shape__Length_2": null
            }
        },
        {
            "type": "Feature",
            "id": 165,
            "geometry": {
                "type": "LineString",
                "coordinates": [
                    [
                        122.149981855,
                        12.6616071750001
                    ],
                    [
                        122.018072664,
                        12.1216797370001
                    ]
                ]
            },
            "properties": {
                "OBJECTID_1": 165,
                "OBJECTID": 165,
                "Id": 0,
                "NAME": "Tablas Fault",
                "DESC_": "Active Fault",
                "Shape_Leng": 61411.4537441,
                "Shape__Length": null,
                "Shape__Length_2": null
            }
        },
        {
            "type": "Feature",
            "id": 166,
            "geometry": {
                "type": "LineString",
                "coordinates": [
                    [
                        122.191453434,
                        12.830945279
                    ],
                    [
                        122.149981855,
                        12.6616071750001
                    ]
                ]
            },
            "properties": {
                "OBJECTID_1": 166,
                "OBJECTID": 166,
                "Id": 0,
                "NAME": " ",
                "DESC_": "approximate offshore projection",
                "Shape_Leng": 19261.7100219,
                "Shape__Length": null,
                "Shape__Length_2": null
            }
        },
        {
            "type": "Feature",
            "id": 167,
            "geometry": {
                "type": "LineString",
                "coordinates": [
                    [
                        124.77914552,
                        6.13455379700008
                    ],
                    [
                        124.751453933,
                        6.19200593400006
                    ],
                    [
                        124.701617723,
                        6.30268266600007
                    ],
                    [
                        124.624972482,
                        6.41009648700009
                    ],
                    [
                        124.545021194,
                        6.54096059600005
                    ],
                    [
                        124.448412652,
                        6.71541075000005
                    ],
                    [
                        124.391825288,
                        6.84284972600005
                    ],
                    [
                        124.361827517,
                        6.89987488500009
                    ]
                ]
            },
            "properties": {
                "OBJECTID_1": 167,
                "OBJECTID": 167,
                "Id": 0,
                "NAME": "Mindanao Fault (MF): Daguma Extension",
                "DESC_": "Active Fault",
                "Shape_Leng": 96629.379123,
                "Shape__Length": null,
                "Shape__Length_2": null
            }
        },
        {
            "type": "Feature",
            "id": 168,
            "geometry": {
                "type": "LineString",
                "coordinates": [
                    [
                        124.361827517,
                        6.89987488500009
                    ],
                    [
                        124.294933387,
                        6.95030291900008
                    ],
                    [
                        124.171066192,
                        7.01426766800006
                    ]
                ]
            },
            "properties": {
                "OBJECTID_1": 168,
                "OBJECTID": 168,
                "Id": 0,
                "NAME": " ",
                "DESC_": "Trace approximate",
                "Shape_Leng": 24663.8492021,
                "Shape__Length": null,
                "Shape__Length_2": null
            }
        },
        {
            "type": "Feature",
            "id": 169,
            "geometry": {
                "type": "LineString",
                "coordinates": [
                    [
                        125.085149119,
                        5.95977250700008
                    ],
                    [
                        124.961448981,
                        5.97027233500006
                    ],
                    [
                        124.881261569,
                        5.99399294300008
                    ],
                    [
                        124.811265904,
                        6.06790151400008
                    ],
                    [
                        124.77914552,
                        6.13455379700008
                    ]
                ]
            },
            "properties": {
                "OBJECTID_1": 169,
                "OBJECTID": 169,
                "Id": 0,
                "NAME": " ",
                "DESC_": "Trace approximate",
                "Shape_Leng": 42456.2693349,
                "Shape__Length": null,
                "Shape__Length_2": null
            }
        },
        {
            "type": "Feature",
            "id": 170,
            "geometry": {
                "type": "LineString",
                "coordinates": [
                    [
                        125.731027794,
                        5.63347100800007
                    ],
                    [
                        125.793272895,
                        5.84414440200004
                    ],
                    [
                        125.815988576,
                        5.97649653200006
                    ],
                    [
                        125.814313143,
                        6.12614184700004
                    ],
                    [
                        125.773601347,
                        6.30788597800006
                    ],
                    [
                        125.722814201,
                        6.44062816500008
                    ],
                    [
                        125.661953084,
                        6.52681615700004
                    ],
                    [
                        125.598582153,
                        6.60565766500008
                    ]
                ]
            },
            "properties": {
                "OBJECTID_1": 170,
                "OBJECTID": 170,
                "Id": 0,
                "NAME": " ",
                "DESC_": "approximate offshore projection",
                "Shape_Leng": 114956.178211,
                "Shape__Length": null,
                "Shape__Length_2": null
            }
        },
        {
            "type": "Feature",
            "id": 171,
            "geometry": {
                "type": "LineString",
                "coordinates": [
                    [
                        126.381110925,
                        6.52568582000009
                    ],
                    [
                        126.314377952,
                        6.60783643000008
                    ],
                    [
                        126.27479182,
                        6.67859346200004
                    ],
                    [
                        126.239987699,
                        6.75032584600007
                    ]
                ]
            },
            "properties": {
                "OBJECTID_1": 171,
                "OBJECTID": 171,
                "Id": 0,
                "NAME": " ",
                "DESC_": "approximate offshore projection",
                "Shape_Leng": 29525.1345928,
                "Shape__Length": null,
                "Shape__Length_2": null
            }
        },
        {
            "type": "Feature",
            "id": 172,
            "geometry": {
                "type": "LineString",
                "coordinates": [
                    [
                        126.504189827,
                        6.48960483200005
                    ],
                    [
                        126.443817142,
                        6.56050225400008
                    ],
                    [
                        126.373958492,
                        6.65229167000007
                    ],
                    [
                        126.316821381,
                        6.73278287600004
                    ],
                    [
                        126.259657776,
                        6.81167430200009
                    ],
                    [
                        126.197803979,
                        6.94797120900006
                    ]
                ]
            },
            "properties": {
                "OBJECTID_1": 172,
                "OBJECTID": 172,
                "Id": 0,
                "NAME": " ",
                "DESC_": "approximate offshore projection",
                "Shape_Leng": 61373.5240935,
                "Shape__Length": null,
                "Shape__Length_2": null
            }
        },
        {
            "type": "Feature",
            "id": 173,
            "geometry": {
                "type": "LineString",
                "coordinates": [
                    [
                        122.480786705,
                        8.69561684700005
                    ],
                    [
                        122.412194074,
                        8.84515258000005
                    ],
                    [
                        122.3161427,
                        9.01366506600004
                    ],
                    [
                        122.277656954,
                        9.10064855700006
                    ]
                ]
            },
            "properties": {
                "OBJECTID_1": 173,
                "OBJECTID": 173,
                "Id": 0,
                "NAME": " ",
                "DESC_": "approximate offshore projection",
                "Shape_Leng": 50095.652978,
                "Shape__Length": null,
                "Shape__Length_2": null
            }
        },
        {
            "type": "Feature",
            "id": 174,
            "geometry": {
                "type": "LineString",
                "coordinates": [
                    [
                        126.380545439,
                        8.46444195100008
                    ],
                    [
                        126.606284065,
                        8.36827656300005
                    ],
                    [
                        126.734648833,
                        8.30832612200004
                    ]
                ]
            },
            "properties": {
                "OBJECTID_1": 174,
                "OBJECTID": 174,
                "Id": 0,
                "NAME": " ",
                "DESC_": "approximate offshore projection",
                "Shape_Leng": 42721.2212998,
                "Shape__Length": null,
                "Shape__Length_2": null
            }
        },
        {
            "type": "Feature",
            "id": 175,
            "geometry": {
                "type": "LineString",
                "coordinates": [
                    [
                        125.443624756,
                        9.77933602900009
                    ],
                    [
                        125.366467235,
                        9.85937495800005
                    ],
                    [
                        125.313371452,
                        9.93418727900007
                    ]
                ]
            },
            "properties": {
                "OBJECTID_1": 175,
                "OBJECTID": 175,
                "Id": 0,
                "NAME": " ",
                "DESC_": "approximate offshore projection",
                "Shape_Leng": 22376.4758759,
                "Shape__Length": null,
                "Shape__Length_2": null
            }
        }
    ]
}